wavelength_nm,intensity
200,0
200.0600060006,0
200.1200120012,0
200.1800180018,0
200.2400240024,0
200.300030003,0
200.3600360036,0
200.4200420042,0
200.4800480048,0
200.540054005401,0
200.600060006001,0
200.660066006601,0
200.720072007201,0
200.780078007801,0
200.840084008401,0
200.900090009001,0
200.960096009601,0
201.020102010201,0
201.080108010801,0
201.140114011401,0
201.200120012001,0
201.260126012601,0
201.320132013201,0
201.380138013801,0
201.440144014401,0
201.500150015002,0
201.560156015602,0
201.620162016202,0
201.680168016802,0
201.740174017402,0
201.800180018002,0
201.860186018602,0
201.920192019202,0
201.980198019802,0
202.040204020402,0
202.100210021002,0
202.160216021602,0
202.220222022202,0
202.280228022802,0
202.340234023402,0
202.400240024002,0
202.460246024602,0
202.520252025203,0
202.580258025803,0
202.640264026403,0
202.700270027003,0
202.760276027603,0
202.820282028203,0
202.880288028803,0
202.940294029403,0
203.000300030003,0
203.060306030603,0
203.120312031203,0
203.180318031803,0
203.240324032403,0
203.300330033003,0
203.360336033603,0
203.420342034203,0
203.480348034803,0
203.540354035404,0
203.600360036004,0
203.660366036604,0
203.720372037204,0
203.780378037804,0
203.840384038404,0
203.900390039004,0
203.960396039604,0
204.020402040204,0
204.080408040804,0
204.140414041404,0
204.200420042004,0
204.260426042604,0
204.320432043204,0
204.380438043804,0
204.440444044404,0
204.500450045004,0
204.560456045605,0
204.620462046205,0
204.680468046805,0
204.740474047405,0
204.800480048005,0
204.860486048605,0
204.920492049205,0
204.980498049805,0
205.040504050405,0
205.100510051005,0
205.160516051605,0
205.220522052205,0
205.280528052805,0
205.340534053405,0
205.400540054005,0
205.460546054605,0
205.520552055206,0
205.580558055806,0
205.640564056406,0
205.700570057006,0
205.760576057606,0
205.820582058206,0
205.880588058806,0
205.940594059406,0
206.000600060006,0
206.060606060606,0
206.120612061206,0
206.180618061806,0
206.240624062406,0
206.300630063006,0
206.360636063606,0
206.420642064206,0
206.480648064806,0
206.540654065407,0
206.600660066007,0
206.660666066607,0
206.720672067207,0
206.780678067807,0
206.840684068407,0
206.900690069007,0
206.960696069607,0
207.020702070207,0
207.080708070807,0
207.140714071407,0
207.200720072007,0
207.260726072607,0
207.320732073207,0
207.380738073807,0
207.440744074407,0
207.500750075007,0
207.560756075608,0
207.620762076208,0
207.680768076808,0
207.740774077408,0
207.800780078008,0
207.860786078608,0
207.920792079208,0
207.980798079808,0
208.040804080408,0
208.100810081008,0
208.160816081608,0
208.220822082208,0
208.280828082808,0
208.340834083408,0
208.400840084008,0
208.460846084608,0
208.520852085209,0
208.580858085809,0
208.640864086409,0
208.700870087009,0
208.760876087609,0
208.820882088209,0
208.880888088809,0
208.940894089409,0
209.000900090009,0
209.060906090609,0
209.120912091209,0
209.180918091809,0
209.240924092409,0
209.300930093009,0
209.360936093609,0
209.420942094209,0
209.480948094809,0
209.54095409541,0
209.60096009601,0
209.66096609661,0
209.72097209721,0
209.78097809781,0
209.84098409841,0
209.90099009901,0
209.96099609961,0
210.02100210021,0
210.08100810081,0
210.14101410141,0
210.20102010201,0
210.26102610261,0
210.32103210321,0
210.38103810381,0
210.44104410441,0
210.501050105011,0
210.561056105611,0
210.621062106211,0
210.681068106811,0
210.741074107411,0
210.801080108011,0
210.861086108611,0
210.921092109211,0
210.981098109811,0
211.041104110411,0
211.101110111011,0
211.161116111611,0
211.221122112211,0
211.281128112811,0
211.341134113411,0
211.401140114011,0
211.461146114611,0
211.521152115212,0
211.581158115812,0
211.641164116412,0
211.701170117012,0
211.761176117612,0
211.821182118212,0
211.881188118812,0
211.941194119412,0
212.001200120012,0
212.061206120612,0
212.121212121212,0
212.181218121812,0
212.241224122412,0
212.301230123012,0
212.361236123612,0
212.421242124212,0
212.481248124812,0
212.541254125413,0
212.601260126013,0
212.661266126613,0
212.721272127213,0
212.781278127813,0
212.841284128413,0
212.901290129013,0
212.961296129613,0
213.021302130213,0
213.081308130813,0
213.141314131413,0
213.201320132013,0
213.261326132613,0
213.321332133213,0
213.381338133813,0
213.441344134413,0
213.501350135013,0
213.561356135614,0
213.621362136214,0
213.681368136814,0
213.741374137414,0
213.801380138014,0
213.861386138614,0
213.921392139214,0
213.981398139814,0
214.041404140414,0
214.101410141014,0
214.161416141614,0
214.221422142214,0
214.281428142814,0
214.341434143414,0
214.401440144014,0
214.461446144614,0
214.521452145215,0
214.581458145815,0
214.641464146415,0
214.701470147015,0
214.761476147615,0
214.821482148215,0
214.881488148815,0
214.941494149415,0
215.001500150015,0
215.061506150615,0
215.121512151215,0
215.181518151815,0
215.241524152415,0
215.301530153015,0
215.361536153615,0
215.421542154215,0
215.481548154815,0
215.541554155416,0
215.601560156016,0
215.661566156616,0
215.721572157216,0
215.781578157816,0
215.841584158416,0
215.901590159016,0
215.961596159616,0
216.021602160216,0
216.081608160816,0
216.141614161416,0
216.201620162016,0
216.261626162616,0
216.321632163216,0
216.381638163816,0
216.441644164416,0
216.501650165016,0
216.561656165617,0
216.621662166217,0
216.681668166817,0
216.741674167417,0
216.801680168017,0
216.861686168617,0
216.921692169217,0
216.981698169817,0
217.041704170417,0
217.101710171017,0
217.161716171617,0
217.221722172217,0
217.281728172817,0
217.341734173417,0
217.401740174017,0
217.461746174617,0
217.521752175218,0
217.581758175818,0
217.641764176418,0
217.701770177018,0
217.761776177618,0
217.821782178218,0
217.881788178818,0
217.941794179418,0
218.001800180018,0
218.061806180618,0
218.121812181218,0
218.181818181818,0
218.241824182418,0
218.301830183018,0
218.361836183618,0
218.421842184218,0
218.481848184818,0
218.541854185419,0
218.601860186019,0
218.661866186619,0
218.721872187219,0
218.781878187819,0
218.841884188419,0
218.901890189019,0
218.961896189619,0
219.021902190219,0
219.081908190819,0
219.141914191419,0
219.201920192019,0
219.261926192619,0
219.321932193219,0
219.381938193819,0
219.441944194419,0
219.50195019502,0
219.56195619562,0
219.62196219622,0
219.68196819682,0
219.74197419742,0
219.80198019802,0
219.86198619862,0
219.92199219922,0
219.98199819982,0
220.04200420042,0
220.10201020102,0
220.16201620162,0
220.22202220222,0
220.28202820282,0
220.34203420342,0
220.40204020402,0
220.46204620462,0
220.522052205221,0
220.582058205821,0
220.642064206421,0
220.702070207021,0
220.762076207621,0
220.822082208221,0
220.882088208821,0
220.942094209421,0
221.002100210021,0
221.062106210621,0
221.122112211221,0
221.182118211821,0
221.242124212421,0
221.302130213021,0
221.362136213621,0
221.422142214221,0
221.482148214821,0
221.542154215422,0
221.602160216022,0
221.662166216622,0
221.722172217222,0
221.782178217822,0
221.842184218422,0
221.902190219022,0
221.962196219622,0
222.022202220222,0
222.082208220822,0
222.142214221422,0
222.202220222022,0
222.262226222622,0
222.322232223222,0
222.382238223822,0
222.442244224422,0
222.502250225022,0
222.562256225623,0
222.622262226223,0
222.682268226823,0
222.742274227423,0
222.802280228023,0
222.862286228623,0
222.922292229223,0
222.982298229823,0
223.042304230423,0
223.102310231023,0
223.162316231623,0
223.222322232223,0
223.282328232823,0
223.342334233423,0
223.402340234023,0
223.462346234623,0
223.522352235224,0
223.582358235824,0
223.642364236424,0
223.702370237024,0
223.762376237624,0
223.822382238224,0
223.882388238824,0
223.942394239424,0
224.002400240024,0
224.062406240624,0
224.122412241224,0
224.182418241824,0
224.242424242424,0
224.302430243024,0
224.362436243624,0
224.422442244224,0
224.482448244824,0
224.542454245425,0
224.602460246025,0
224.662466246625,0
224.722472247225,0
224.782478247825,0
224.842484248425,0
224.902490249025,0
224.962496249625,0
225.022502250225,0
225.082508250825,0
225.142514251425,0
225.202520252025,0
225.262526252625,0
225.322532253225,0
225.382538253825,0
225.442544254425,0
225.502550255026,0
225.562556255626,0
225.622562256226,0
225.682568256826,0
225.742574257426,0
225.802580258026,0
225.862586258626,0
225.922592259226,0
225.982598259826,0
226.042604260426,0
226.102610261026,0
226.162616261626,0
226.222622262226,0
226.282628262826,0
226.342634263426,0
226.402640264026,0
226.462646264626,0
226.522652265227,0
226.582658265827,0
226.642664266427,0
226.702670267027,0
226.762676267627,0
226.822682268227,0
226.882688268827,0
226.942694269427,0
227.002700270027,0
227.062706270627,0
227.122712271227,0
227.182718271827,0
227.242724272427,0
227.302730273027,0
227.362736273627,0
227.422742274227,0
227.482748274827,0
227.542754275428,0
227.602760276028,0
227.662766276628,0
227.722772277228,0
227.782778277828,0
227.842784278428,0
227.902790279028,0
227.962796279628,0
228.022802280228,0
228.082808280828,0
228.142814281428,0
228.202820282028,0
228.262826282628,0
228.322832283228,0
228.382838283828,0
228.442844284428,0
228.502850285029,0
228.562856285629,0
228.622862286229,0
228.682868286829,0
228.742874287429,0
228.802880288029,0
228.862886288629,0
228.922892289229,0
228.982898289829,0
229.042904290429,0
229.102910291029,0
229.162916291629,0
229.222922292229,0
229.282928292829,0
229.342934293429,0
229.402940294029,0
229.462946294629,0
229.52295229523,0
229.58295829583,0
229.64296429643,0
229.70297029703,0
229.76297629763,0
229.82298229823,0
229.88298829883,0
229.94299429943,0
230.00300030003,0
230.06300630063,0
230.12301230123,0
230.18301830183,0
230.24302430243,0
230.30303030303,0
230.36303630363,0
230.42304230423,0
230.48304830483,0
230.543054305431,0
230.603060306031,0
230.663066306631,0
230.723072307231,0
230.783078307831,0
230.843084308431,0
230.903090309031,0
230.963096309631,0
231.023102310231,0
231.083108310831,0
231.143114311431,0
231.203120312031,0
231.263126312631,0
231.323132313231,0
231.383138313831,0
231.443144314431,0
231.503150315032,0
231.563156315632,0
231.623162316232,0
231.683168316832,0
231.743174317432,0
231.803180318032,0
231.863186318632,0
231.923192319232,0
231.983198319832,0
232.043204320432,0
232.103210321032,0
232.163216321632,0
232.223222322232,0
232.283228322832,0
232.343234323432,0
232.403240324032,0
232.463246324632,0
232.523252325233,0
232.583258325833,0
232.643264326433,0
232.703270327033,0
232.763276327633,0
232.823282328233,0
232.883288328833,0
232.943294329433,0
233.003300330033,0
233.063306330633,0
233.123312331233,0
233.183318331833,0
233.243324332433,0
233.303330333033,0
233.363336333633,0
233.423342334233,0
233.483348334833,0
233.543354335434,0
233.603360336034,0
233.663366336634,0
233.723372337234,0
233.783378337834,0
233.843384338434,0
233.903390339034,0
233.963396339634,0
234.023402340234,0
234.083408340834,0
234.143414341434,0
234.203420342034,0
234.263426342634,0
234.323432343234,0
234.383438343834,0
234.443444344434,0
234.503450345035,0
234.563456345635,0
234.623462346235,0
234.683468346835,0
234.743474347435,0
234.803480348035,0
234.863486348635,0
234.923492349235,0
234.983498349835,0
235.043504350435,0
235.103510351035,0
235.163516351635,0
235.223522352235,0
235.283528352835,0
235.343534353435,0
235.403540354035,0
235.463546354635,0
235.523552355236,0
235.583558355836,0
235.643564356436,0
235.703570357036,0
235.763576357636,0
235.823582358236,0
235.883588358836,0
235.943594359436,0
236.003600360036,0
236.063606360636,0
236.123612361236,0
236.183618361836,0
236.243624362436,0
236.303630363036,0
236.363636363636,0
236.423642364236,0
236.483648364836,0
236.543654365437,0
236.603660366037,0
236.663666366637,0
236.723672367237,0
236.783678367837,0
236.843684368437,0
236.903690369037,0
236.963696369637,0
237.023702370237,0
237.083708370837,0
237.143714371437,0
237.203720372037,0
237.263726372637,0
237.323732373237,0
237.383738373837,0
237.443744374437,0
237.503750375037,0
237.563756375638,0
237.623762376238,0
237.683768376838,0
237.743774377438,0
237.803780378038,0
237.863786378638,0
237.923792379238,0
237.983798379838,0
238.043804380438,0
238.103810381038,0
238.163816381638,0
238.223822382238,0
238.283828382838,0
238.343834383438,0
238.403840384038,0
238.463846384638,0
238.523852385239,0
238.583858385839,0
238.643864386439,0
238.703870387039,0
238.763876387639,0
238.823882388239,0
238.883888388839,0
238.943894389439,0
239.003900390039,0
239.063906390639,0
239.123912391239,0
239.183918391839,0
239.243924392439,0
239.303930393039,0
239.363936393639,0
239.423942394239,0
239.48394839484,0
239.54395439544,0
239.60396039604,0
239.66396639664,0
239.72397239724,0
239.78397839784,0
239.84398439844,0
239.90399039904,0
239.96399639964,0
240.02400240024,0
240.08400840084,0
240.14401440144,0
240.20402040204,0
240.26402640264,0
240.32403240324,0
240.38403840384,0
240.44404440444,0
240.504050405041,0
240.564056405641,0
240.624062406241,0
240.684068406841,0
240.744074407441,0
240.804080408041,0
240.864086408641,0
240.924092409241,0
240.984098409841,0
241.044104410441,0
241.104110411041,0
241.164116411641,0
241.224122412241,0
241.284128412841,0
241.344134413441,0
241.404140414041,0
241.464146414641,0
241.524152415242,0
241.584158415842,0
241.644164416442,0
241.704170417042,0
241.764176417642,0
241.824182418242,0
241.884188418842,0
241.944194419442,0
242.004200420042,0
242.064206420642,0
242.124212421242,0
242.184218421842,0
242.244224422442,0
242.304230423042,0
242.364236423642,0
242.424242424242,0
242.484248424842,0
242.544254425443,0
242.604260426043,0
242.664266426643,0
242.724272427243,0
242.784278427843,0
242.844284428443,0
242.904290429043,0
242.964296429643,0
243.024302430243,0
243.084308430843,0
243.144314431443,0
243.204320432043,0
243.264326432643,0
243.324332433243,0
243.384338433843,0
243.444344434443,0
243.504350435044,0
243.564356435644,0
243.624362436244,0
243.684368436844,0
243.744374437444,0
243.804380438044,0
243.864386438644,0
243.924392439244,0
243.984398439844,0
244.044404440444,0
244.104410441044,0
244.164416441644,0
244.224422442244,0
244.284428442844,0
244.344434443444,0
244.404440444044,0
244.464446444644,0
244.524452445245,0
244.584458445845,0
244.644464446445,0
244.704470447045,0
244.764476447645,0
244.824482448245,0
244.884488448845,0
244.944494449445,0
245.004500450045,0
245.064506450645,0
245.124512451245,0
245.184518451845,0
245.244524452445,0
245.304530453045,0
245.364536453645,0
245.424542454245,0
245.484548454845,0
245.544554455446,0
245.604560456046,0
245.664566456646,0
245.724572457246,0
245.784578457846,0
245.844584458446,0
245.904590459046,0
245.964596459646,0
246.024602460246,0
246.084608460846,0
246.144614461446,0
246.204620462046,0
246.264626462646,0
246.324632463246,0
246.384638463846,0
246.444644464446,0
246.504650465046,0
246.564656465647,0
246.624662466247,0
246.684668466847,0
246.744674467447,0
246.804680468047,0
246.864686468647,0
246.924692469247,0
246.984698469847,0
247.044704470447,0
247.104710471047,0
247.164716471647,0
247.224722472247,0
247.284728472847,0
247.344734473447,0
247.404740474047,0
247.464746474647,0
247.524752475248,0
247.584758475848,0
247.644764476448,0
247.704770477048,0
247.764776477648,0
247.824782478248,0
247.884788478848,0
247.944794479448,0
248.004800480048,0
248.064806480648,0
248.124812481248,0
248.184818481848,0
248.244824482448,0
248.304830483048,0
248.364836483648,0
248.424842484248,0
248.484848484848,0
248.544854485449,0
248.604860486049,0
248.664866486649,0
248.724872487249,0
248.784878487849,0
248.844884488449,0
248.904890489049,0
248.964896489649,0
249.024902490249,0
249.084908490849,0
249.144914491449,0
249.204920492049,0
249.264926492649,0
249.324932493249,0
249.384938493849,0
249.444944494449,0
249.50495049505,0
249.56495649565,0
249.62496249625,0
249.68496849685,0
249.74497449745,0
249.80498049805,0
249.86498649865,0
249.92499249925,0
249.98499849985,0
250.04500450045,0
250.10501050105,0
250.16501650165,0
250.22502250225,0
250.28502850285,0
250.34503450345,0
250.40504050405,0
250.46504650465,0
250.525052505251,0
250.585058505851,0
250.645064506451,0
250.705070507051,0
250.765076507651,0
250.825082508251,0
250.885088508851,0
250.945094509451,0
251.005100510051,0
251.065106510651,0
251.125112511251,0
251.185118511851,0
251.245124512451,0
251.305130513051,0
251.365136513651,0
251.425142514251,0
251.485148514851,0
251.545154515452,0
251.605160516052,0
251.665166516652,0
251.725172517252,0
251.785178517852,0
251.845184518452,0
251.905190519052,0
251.965196519652,0
252.025202520252,0
252.085208520852,0
252.145214521452,0
252.205220522052,0
252.265226522652,0
252.325232523252,0
252.385238523852,0
252.445244524452,0
252.505250525053,0
252.565256525653,0
252.625262526253,0
252.685268526853,0
252.745274527453,0
252.805280528053,0
252.865286528653,0
252.925292529253,0
252.985298529853,0
253.045304530453,0
253.105310531053,0
253.165316531653,0
253.225322532253,0
253.285328532853,0
253.345334533453,0
253.405340534053,0
253.465346534653,0
253.525352535254,0
253.585358535854,0
253.645364536454,0
253.705370537054,0
253.765376537654,0
253.825382538254,0
253.885388538854,0
253.945394539454,0
254.005400540054,0
254.065406540654,0
254.125412541254,0
254.185418541854,0
254.245424542454,0
254.305430543054,0
254.365436543654,0
254.425442544254,0
254.485448544854,0
254.545454545455,0
254.605460546055,0
254.665466546655,0
254.725472547255,0
254.785478547855,0
254.845484548455,0
254.905490549055,0
254.965496549655,0
255.025502550255,0
255.085508550855,0
255.145514551455,0
255.205520552055,0
255.265526552655,0
255.325532553255,0
255.385538553855,0
255.445544554455,0
255.505550555055,0
255.565556555656,0
255.625562556256,0
255.685568556856,0
255.745574557456,0
255.805580558056,0
255.865586558656,0
255.925592559256,0
255.985598559856,0
256.045604560456,0
256.105610561056,0
256.165616561656,0
256.225622562256,0
256.285628562856,0
256.345634563456,0
256.405640564056,0
256.465646564656,0
256.525652565257,0
256.585658565857,0
256.645664566457,0
256.705670567057,0
256.765676567657,0
256.825682568257,0
256.885688568857,0
256.945694569457,0
257.005700570057,0
257.065706570657,0
257.125712571257,0
257.185718571857,0
257.245724572457,0
257.305730573057,0
257.365736573657,0
257.425742574257,0
257.485748574857,0
257.545754575458,0
257.605760576058,0
257.665766576658,0
257.725772577258,0
257.785778577858,0
257.845784578458,0
257.905790579058,0
257.965796579658,0
258.025802580258,0
258.085808580858,0
258.145814581458,0
258.205820582058,0
258.265826582658,0
258.325832583258,0
258.385838583858,0
258.445844584458,0
258.505850585059,0
258.565856585659,0
258.625862586259,0
258.685868586859,0
258.745874587459,0
258.805880588059,0
258.865886588659,0
258.925892589259,0
258.985898589859,0
259.045904590459,0
259.105910591059,0
259.165916591659,0
259.225922592259,0
259.285928592859,0
259.345934593459,0
259.405940594059,0
259.465946594659,0
259.52595259526,0
259.58595859586,0
259.64596459646,0
259.70597059706,0
259.76597659766,0
259.82598259826,0
259.88598859886,0
259.94599459946,0
260.00600060006,0
260.06600660066,0
260.12601260126,0
260.18601860186,0
260.24602460246,0
260.30603060306,0
260.36603660366,0
260.42604260426,0
260.48604860486,0
260.546054605461,0
260.606060606061,0
260.666066606661,0
260.726072607261,0
260.786078607861,0
260.846084608461,0
260.906090609061,0
260.966096609661,0
261.026102610261,0
261.086108610861,0
261.146114611461,0
261.206120612061,0
261.266126612661,0
261.326132613261,0
261.386138613861,0
261.446144614461,0
261.506150615062,0
261.566156615662,0
261.626162616262,0
261.686168616862,0
261.746174617462,0
261.806180618062,0
261.866186618662,0
261.926192619262,0
261.986198619862,0
262.046204620462,0
262.106210621062,0
262.166216621662,0
262.226222622262,0
262.286228622862,0
262.346234623462,0
262.406240624062,0
262.466246624662,0
262.526252625263,0
262.586258625863,0
262.646264626463,0
262.706270627063,0
262.766276627663,0
262.826282628263,0
262.886288628863,0
262.946294629463,0
263.006300630063,0
263.066306630663,0
263.126312631263,0
263.186318631863,0
263.246324632463,0
263.306330633063,0
263.366336633663,0
263.426342634263,0
263.486348634863,0
263.546354635464,0
263.606360636064,0
263.666366636664,0
263.726372637264,0
263.786378637864,0
263.846384638464,0
263.906390639064,0
263.966396639664,0
264.026402640264,0
264.086408640864,0
264.146414641464,0
264.206420642064,0
264.266426642664,0
264.326432643264,0
264.386438643864,0
264.446444644464,0
264.506450645064,0
264.566456645665,0
264.626462646265,0
264.686468646865,0
264.746474647465,0
264.806480648065,0
264.866486648665,0
264.926492649265,0
264.986498649865,0
265.046504650465,0
265.106510651065,0
265.166516651665,0
265.226522652265,0
265.286528652865,0
265.346534653465,0
265.406540654065,0
265.466546654665,0
265.526552655266,0
265.586558655866,0
265.646564656466,0
265.706570657066,0
265.766576657666,0
265.826582658266,0
265.886588658866,0
265.946594659466,0
266.006600660066,0
266.066606660666,0
266.126612661266,0
266.186618661866,0
266.246624662466,0
266.306630663066,0
266.366636663666,0
266.426642664266,0
266.486648664866,0
266.546654665467,0
266.606660666067,0
266.666666666667,0
266.726672667267,0
266.786678667867,0
266.846684668467,0
266.906690669067,0
266.966696669667,0
267.026702670267,0
267.086708670867,0
267.146714671467,0
267.206720672067,0
267.266726672667,0
267.326732673267,0
267.386738673867,0
267.446744674467,0
267.506750675068,0
267.566756675668,0
267.626762676268,0
267.686768676868,0
267.746774677468,0
267.806780678068,0
267.866786678668,0
267.926792679268,0
267.986798679868,0
268.046804680468,0
268.106810681068,0
268.166816681668,0
268.226822682268,0
268.286828682868,0
268.346834683468,0
268.406840684068,0
268.466846684668,0
268.526852685269,0
268.586858685869,0
268.646864686469,0
268.706870687069,0
268.766876687669,0
268.826882688269,0
268.886888688869,0
268.946894689469,0
269.006900690069,0
269.066906690669,0
269.126912691269,0
269.186918691869,0
269.246924692469,0
269.306930693069,0
269.366936693669,0
269.426942694269,0
269.48694869487,0
269.54695469547,0
269.60696069607,0
269.66696669667,0
269.72697269727,0
269.78697869787,0
269.84698469847,0
269.90699069907,0
269.96699669967,0
270.02700270027,0
270.08700870087,0
270.14701470147,0
270.20702070207,0
270.26702670267,0
270.32703270327,0
270.38703870387,0
270.44704470447,0
270.507050705071,0
270.567056705671,0
270.627062706271,0
270.687068706871,0
270.747074707471,0
270.807080708071,0
270.867086708671,0
270.927092709271,0
270.987098709871,0
271.047104710471,0
271.107110711071,0
271.167116711671,0
271.227122712271,0
271.287128712871,0
271.347134713471,0
271.407140714071,0
271.467146714671,0
271.527152715272,0
271.587158715872,0
271.647164716472,0
271.707170717072,0
271.767176717672,0
271.827182718272,0
271.887188718872,0
271.947194719472,0
272.007200720072,0
272.067206720672,0
272.127212721272,0
272.187218721872,0
272.247224722472,0
272.307230723072,0
272.367236723672,0
272.427242724272,0
272.487248724872,0
272.547254725473,0
272.607260726073,0
272.667266726673,0
272.727272727273,0
272.787278727873,0
272.847284728473,0
272.907290729073,0
272.967296729673,0
273.027302730273,0
273.087308730873,0
273.147314731473,0
273.207320732073,0
273.267326732673,0
273.327332733273,0
273.387338733873,0
273.447344734473,0
273.507350735073,0
273.567356735674,0
273.627362736274,0
273.687368736874,0
273.747374737474,0
273.807380738074,0
273.867386738674,0
273.927392739274,0
273.987398739874,0
274.047404740474,0
274.107410741074,0
274.167416741674,0
274.227422742274,0
274.287428742874,0
274.347434743474,0
274.407440744074,0
274.467446744674,0
274.527452745275,0
274.587458745875,0
274.647464746475,0
274.707470747075,0
274.767476747675,0
274.827482748275,0
274.887488748875,0
274.947494749475,0
275.007500750075,0
275.067506750675,0
275.127512751275,0
275.187518751875,0
275.247524752475,0
275.307530753075,0
275.367536753675,0
275.427542754275,0
275.487548754875,0
275.547554755476,0
275.607560756076,0
275.667566756676,0
275.727572757276,0
275.787578757876,0
275.847584758476,0
275.907590759076,0
275.967596759676,0
276.027602760276,0
276.087608760876,0
276.147614761476,0
276.207620762076,0
276.267626762676,0
276.327632763276,0
276.387638763876,0
276.447644764476,0
276.507650765077,0
276.567656765677,0
276.627662766277,0
276.687668766877,0
276.747674767477,0
276.807680768077,0
276.867686768677,0
276.927692769277,0
276.987698769877,0
277.047704770477,0
277.107710771077,0
277.167716771677,0
277.227722772277,0
277.287728772877,0
277.347734773477,0
277.407740774077,0
277.467746774677,0
277.527752775278,0
277.587758775878,0
277.647764776478,0
277.707770777078,0
277.767776777678,0
277.827782778278,0
277.887788778878,0
277.947794779478,0
278.007800780078,0
278.067806780678,0
278.127812781278,0
278.187818781878,0
278.247824782478,0
278.307830783078,0
278.367836783678,0
278.427842784278,0
278.487848784878,0
278.547854785479,0
278.607860786079,0
278.667866786679,0
278.727872787279,0
278.787878787879,0
278.847884788479,0
278.907890789079,0
278.967896789679,0
279.027902790279,0
279.087908790879,0
279.147914791479,0
279.207920792079,0
279.267926792679,0
279.327932793279,0
279.387938793879,0
279.447944794479,0
279.50795079508,0
279.56795679568,0
279.62796279628,0
279.68796879688,0
279.74797479748,0
279.80798079808,0
279.86798679868,0
279.92799279928,0
279.98799879988,0
280.04800480048,0
280.10801080108,0
280.16801680168,0
280.22802280228,0
280.28802880288,0
280.34803480348,0
280.40804080408,0
280.46804680468,0
280.528052805281,0
280.588058805881,0
280.648064806481,0
280.708070807081,0
280.768076807681,0
280.828082808281,0
280.888088808881,0
280.948094809481,0
281.008100810081,0
281.068106810681,0
281.128112811281,0
281.188118811881,0
281.248124812481,0
281.308130813081,0
281.368136813681,0
281.428142814281,0
281.488148814881,0
281.548154815482,0
281.608160816082,0
281.668166816682,0
281.728172817282,0
281.788178817882,0
281.848184818482,0
281.908190819082,0
281.968196819682,0
282.028202820282,0
282.088208820882,0
282.148214821482,0
282.208220822082,0
282.268226822682,0
282.328232823282,0
282.388238823882,0
282.448244824482,0
282.508250825083,0
282.568256825683,0
282.628262826283,0
282.688268826883,0
282.748274827483,0
282.808280828083,0
282.868286828683,0
282.928292829283,0
282.988298829883,0
283.048304830483,0
283.108310831083,0
283.168316831683,0
283.228322832283,0
283.288328832883,0
283.348334833483,0
283.408340834083,0
283.468346834683,0
283.528352835283,0
283.588358835884,0
283.648364836484,0
283.708370837084,0
283.768376837684,0
283.828382838284,0
283.888388838884,0
283.948394839484,0
284.008400840084,0
284.068406840684,0
284.128412841284,0
284.188418841884,0
284.248424842484,0
284.308430843084,0
284.368436843684,0
284.428442844284,0
284.488448844884,0
284.548454845485,0
284.608460846085,0
284.668466846685,0
284.728472847285,0
284.788478847885,0
284.848484848485,0
284.908490849085,0
284.968496849685,0
285.028502850285,0
285.088508850885,0
285.148514851485,0
285.208520852085,0
285.268526852685,0
285.328532853285,0
285.388538853885,0
285.448544854485,0
285.508550855086,0
285.568556855686,0
285.628562856286,0
285.688568856886,0
285.748574857486,0
285.808580858086,0
285.868586858686,0
285.928592859286,0
285.988598859886,0
286.048604860486,0
286.108610861086,0
286.168616861686,0
286.228622862286,0
286.288628862886,0
286.348634863486,0
286.408640864086,0
286.468646864686,0
286.528652865287,0
286.588658865887,0
286.648664866487,0
286.708670867087,0
286.768676867687,0
286.828682868287,0
286.888688868887,0
286.948694869487,0
287.008700870087,0
287.068706870687,0
287.128712871287,0
287.188718871887,0
287.248724872487,0
287.308730873087,0
287.368736873687,0
287.428742874287,0
287.488748874888,0
287.548754875488,0
287.608760876088,0
287.668766876688,0
287.728772877288,0
287.788778877888,0
287.848784878488,0
287.908790879088,0
287.968796879688,0
288.028802880288,0
288.088808880888,0
288.148814881488,0
288.208820882088,0
288.268826882688,0
288.328832883288,0
288.388838883888,0
288.448844884488,0
288.508850885089,0
288.568856885689,0
288.628862886289,0
288.688868886889,0
288.748874887489,0
288.808880888089,0
288.868886888689,0
288.928892889289,0
288.988898889889,0
289.048904890489,0
289.108910891089,0
289.168916891689,0
289.228922892289,0
289.288928892889,0
289.348934893489,0
289.408940894089,0
289.468946894689,0
289.52895289529,0
289.58895889589,0
289.64896489649,0
289.70897089709,0
289.76897689769,0
289.82898289829,0
289.88898889889,0
289.94899489949,0
290.00900090009,0
290.06900690069,0
290.12901290129,0
290.18901890189,0
290.24902490249,0
290.30903090309,0
290.36903690369,0
290.42904290429,0
290.489048904891,0
290.549054905491,0
290.609060906091,0
290.669066906691,0
290.729072907291,0
290.789078907891,0
290.849084908491,0
290.909090909091,0
290.969096909691,0
291.029102910291,0
291.089108910891,0
291.149114911491,0
291.209120912091,0
291.269126912691,0
291.329132913291,0
291.389138913891,0
291.449144914491,0
291.509150915091,0
291.569156915692,0
291.629162916292,0
291.689168916892,0
291.749174917492,0
291.809180918092,0
291.869186918692,0
291.929192919292,0
291.989198919892,0
292.049204920492,0
292.109210921092,0
292.169216921692,0
292.229222922292,0
292.289228922892,0
292.349234923492,0
292.409240924092,0
292.469246924692,0
292.529252925293,0
292.589258925893,0
292.649264926493,0
292.709270927093,0
292.769276927693,0
292.829282928293,0
292.889288928893,0
292.949294929493,0
293.009300930093,0
293.069306930693,0
293.129312931293,0
293.189318931893,0
293.249324932493,0
293.309330933093,0
293.369336933693,0
293.429342934293,0
293.489348934893,0
293.549354935494,0
293.609360936094,0
293.669366936694,0
293.729372937294,0
293.789378937894,0
293.849384938494,0
293.909390939094,0
293.969396939694,0
294.029402940294,0
294.089408940894,0
294.149414941494,0
294.209420942094,0
294.269426942694,0
294.329432943294,0
294.389438943894,0
294.449444944494,0
294.509450945094,0
294.569456945695,0
294.629462946295,0
294.689468946895,0
294.749474947495,0
294.809480948095,0
294.869486948695,0
294.929492949295,0
294.989498949895,0
295.049504950495,0
295.109510951095,0
295.169516951695,0
295.229522952295,0
295.289528952895,0
295.349534953495,0
295.409540954095,0
295.469546954695,0
295.529552955296,0
295.589558955896,0
295.649564956496,0
295.709570957096,0
295.769576957696,0
295.829582958296,0
295.889588958896,0
295.949594959496,0
296.009600960096,0
296.069606960696,0
296.129612961296,0
296.189618961896,0
296.249624962496,0
296.309630963096,0
296.369636963696,0
296.429642964296,0
296.489648964897,0
296.549654965497,0
296.609660966097,0
296.669666966697,0
296.729672967297,0
296.789678967897,0
296.849684968497,0
296.909690969097,0
296.969696969697,0
297.029702970297,0
297.089708970897,0
297.149714971497,0
297.209720972097,0
297.269726972697,0
297.329732973297,0
297.389738973897,0
297.449744974497,0
297.509750975098,0
297.569756975698,0
297.629762976298,0
297.689768976898,0
297.749774977498,0
297.809780978098,0
297.869786978698,0
297.929792979298,0
297.989798979898,0
298.049804980498,0
298.109810981098,0
298.169816981698,0
298.229822982298,0
298.289828982898,0
298.349834983498,0
298.409840984098,0
298.469846984698,0
298.529852985299,0
298.589858985899,0
298.649864986499,0
298.709870987099,0
298.769876987699,0
298.829882988299,0
298.889888988899,0
298.949894989499,0
299.009900990099,0
299.069906990699,0
299.129912991299,0
299.189918991899,0
299.249924992499,0
299.309930993099,0
299.369936993699,0
299.429942994299,0
299.489948994899,0
299.5499549955,0
299.6099609961,0
299.6699669967,0
299.7299729973,0
299.7899789979,0
299.8499849985,0
299.9099909991,0
299.9699969997,0
300.0300030003,0
300.0900090009,0
300.1500150015,0
300.2100210021,0
300.2700270027,0
300.3300330033,0
300.3900390039,0
300.4500450045,0
300.510051005101,0
300.570057005701,0
300.630063006301,0
300.690069006901,0
300.750075007501,0
300.810081008101,0
300.870087008701,0
300.930093009301,0
300.990099009901,0
301.050105010501,0
301.110111011101,0
301.170117011701,0
301.230123012301,0
301.290129012901,0
301.350135013501,0
301.410141014101,0
301.470147014701,0
301.530153015301,0
301.590159015902,0
301.650165016502,0
301.710171017102,0
301.770177017702,0
301.830183018302,0
301.890189018902,0
301.950195019502,0
302.010201020102,0
302.070207020702,0
302.130213021302,0
302.190219021902,0
302.250225022502,0
302.310231023102,0
302.370237023702,0
302.430243024302,0
302.490249024902,0
302.550255025503,0
302.610261026103,0
302.670267026703,0
302.730273027303,0
302.790279027903,0
302.850285028503,0
302.910291029103,0
302.970297029703,0
303.030303030303,0
303.090309030903,0
303.150315031503,0
303.210321032103,0
303.270327032703,0
303.330333033303,0
303.390339033903,0
303.450345034503,0
303.510351035103,0
303.570357035704,0
303.630363036304,0
303.690369036904,0
303.750375037504,0
303.810381038104,0
303.870387038704,0
303.930393039304,0
303.990399039904,0
304.050405040504,0
304.110411041104,0
304.170417041704,0
304.230423042304,0
304.290429042904,0
304.350435043504,0
304.410441044104,0
304.470447044704,0
304.530453045305,0
304.590459045905,0
304.650465046505,0
304.710471047105,0
304.770477047705,0
304.830483048305,0
304.890489048905,0
304.950495049505,0
305.010501050105,0
305.070507050705,0
305.130513051305,0
305.190519051905,0
305.250525052505,0
305.310531053105,0
305.370537053705,0
305.430543054305,0
305.490549054906,0
305.550555055506,0
305.610561056106,0
305.670567056706,0
305.730573057306,0
305.790579057906,0
305.850585058506,0
305.910591059106,0
305.970597059706,0
306.030603060306,0
306.090609060906,0
306.150615061506,0
306.210621062106,0
306.270627062706,0
306.330633063306,0
306.390639063906,0
306.450645064506,0
306.510651065107,0
306.570657065707,0
306.630663066307,0
306.690669066907,0
306.750675067507,0
306.810681068107,0
306.870687068707,0
306.930693069307,0
306.990699069907,0
307.050705070507,0
307.110711071107,0
307.170717071707,0
307.230723072307,0
307.290729072907,0
307.350735073507,0
307.410741074107,0
307.470747074707,0
307.530753075308,0
307.590759075908,0
307.650765076508,0
307.710771077108,0
307.770777077708,0
307.830783078308,0
307.890789078908,0
307.950795079508,0
308.010801080108,0
308.070807080708,0
308.130813081308,0
308.190819081908,0
308.250825082508,0
308.310831083108,0
308.370837083708,0
308.430843084308,0
308.490849084909,0
308.550855085509,0
308.610861086109,0
308.670867086709,0
308.730873087309,0
308.790879087909,0
308.850885088509,0
308.910891089109,0
308.970897089709,0
309.030903090309,0
309.090909090909,0
309.150915091509,0
309.210921092109,0
309.270927092709,0
309.330933093309,0
309.390939093909,0
309.450945094509,0
309.510951095109,0
309.57095709571,0
309.63096309631,0
309.69096909691,0
309.75097509751,0
309.81098109811,0
309.87098709871,0
309.93099309931,0
309.99099909991,0
310.05100510051,0
310.11101110111,0
310.17101710171,0
310.23102310231,0
310.29102910291,0
310.35103510351,0
310.41104110411,0
310.47104710471,0
310.531053105311,0
310.591059105911,0
310.651065106511,0
310.711071107111,0
310.771077107711,0
310.831083108311,0
310.891089108911,0
310.951095109511,0
311.011101110111,0
311.071107110711,0
311.131113111311,0
311.191119111911,0
311.251125112511,0
311.311131113111,0
311.371137113711,0
311.431143114311,0
311.491149114911,0
311.551155115512,0
311.611161116112,0
311.671167116712,0
311.731173117312,0
311.791179117912,0
311.851185118512,0
311.911191119112,0
311.971197119712,0
312.031203120312,0
312.091209120912,0
312.151215121512,0
312.211221122112,0
312.271227122712,0
312.331233123312,0
312.391239123912,0
312.451245124512,0
312.511251125112,0
312.571257125713,0
312.631263126313,0
312.691269126913,0
312.751275127513,0
312.811281128113,0
312.871287128713,0
312.931293129313,0
312.991299129913,0
313.051305130513,0
313.111311131113,0
313.171317131713,0
313.231323132313,0
313.291329132913,0
313.351335133513,0
313.411341134113,0
313.471347134713,0
313.531353135314,0
313.591359135914,0
313.651365136514,0
313.711371137114,0
313.771377137714,0
313.831383138314,0
313.891389138914,0
313.951395139514,0
314.011401140114,0
314.071407140714,0
314.131413141314,0
314.191419141914,0
314.251425142514,0
314.311431143114,0
314.371437143714,0
314.431443144314,0
314.491449144914,0
314.551455145515,0
314.611461146115,0
314.671467146715,0
314.731473147315,0
314.791479147915,0
314.851485148515,0
314.911491149115,0
314.971497149715,0
315.031503150315,0
315.091509150915,0
315.151515151515,0
315.211521152115,0
315.271527152715,0
315.331533153315,0
315.391539153915,0
315.451545154515,0
315.511551155116,0
315.571557155716,0
315.631563156316,0
315.691569156916,0
315.751575157516,0
315.811581158116,0
315.871587158716,0
315.931593159316,0
315.991599159916,0
316.051605160516,0
316.111611161116,0
316.171617161716,0
316.231623162316,0
316.291629162916,0
316.351635163516,0
316.411641164116,0
316.471647164717,0
316.531653165317,0
316.591659165917,0
316.651665166517,0
316.711671167117,0
316.771677167717,0
316.831683168317,0
316.891689168917,0
316.951695169517,0
317.011701170117,0
317.071707170717,0
317.131713171317,0
317.191719171917,0
317.251725172517,0
317.311731173117,0
317.371737173717,0
317.431743174317,0
317.491749174917,0
317.551755175518,0
317.611761176118,0
317.671767176718,0
317.731773177318,0
317.791779177918,0
317.851785178518,0
317.911791179118,0
317.971797179718,0
318.031803180318,0
318.091809180918,0
318.151815181518,0
318.211821182118,0
318.271827182718,0
318.331833183318,0
318.391839183918,0
318.451845184518,0
318.511851185119,0
318.571857185719,0
318.631863186319,0
318.691869186919,0
318.751875187519,0
318.811881188119,0
318.871887188719,0
318.931893189319,0
318.991899189919,0
319.051905190519,0
319.111911191119,0
319.171917191719,0
319.231923192319,0
319.291929192919,0
319.351935193519,0
319.411941194119,0
319.471947194719,0
319.53195319532,0
319.59195919592,0
319.65196519652,0
319.71197119712,0
319.77197719772,0
319.83198319832,0
319.89198919892,0
319.95199519952,0
320.01200120012,0
320.07200720072,0
320.13201320132,0
320.19201920192,0
320.25202520252,0
320.31203120312,0
320.37203720372,0
320.43204320432,0
320.49204920492,0
320.552055205521,0
320.612061206121,0
320.672067206721,0
320.732073207321,0
320.792079207921,0
320.852085208521,0
320.912091209121,0
320.972097209721,0
321.032103210321,0
321.092109210921,0
321.152115211521,0
321.212121212121,0
321.272127212721,0
321.332133213321,0
321.392139213921,0
321.452145214521,0
321.512151215121,0
321.572157215722,0
321.632163216322,0
321.692169216922,0
321.752175217522,0
321.812181218122,0
321.872187218722,0
321.932193219322,0
321.992199219922,0
322.052205220522,0
322.112211221122,0
322.172217221722,0
322.232223222322,0
322.292229222922,0
322.352235223522,0
322.412241224122,0
322.472247224722,0
322.532253225323,0
322.592259225923,0
322.652265226523,0
322.712271227123,0
322.772277227723,0
322.832283228323,0
322.892289228923,0
322.952295229523,0
323.012301230123,0
323.072307230723,0
323.132313231323,0
323.192319231923,0
323.252325232523,0
323.312331233123,0
323.372337233723,0
323.432343234323,0
323.492349234923,0
323.552355235524,0
323.612361236124,0
323.672367236724,0
323.732373237324,0
323.792379237924,0
323.852385238524,0
323.912391239124,0
323.972397239724,0
324.032403240324,0
324.092409240924,0
324.152415241524,0
324.212421242124,0
324.272427242724,0
324.332433243324,0
324.392439243924,0
324.452445244524,0
324.512451245125,0
324.572457245725,0
324.632463246325,0
324.692469246925,0
324.752475247525,0
324.812481248125,0
324.872487248725,0
324.932493249325,0
324.992499249925,0
325.052505250525,0
325.112511251125,0
325.172517251725,0
325.232523252325,0
325.292529252925,0
325.352535253525,0
325.412541254125,0
325.472547254725,0
325.532553255326,0
325.592559255926,0
325.652565256526,0
325.712571257126,0
325.772577257726,0
325.832583258326,0
325.892589258926,0
325.952595259526,0
326.012601260126,0
326.072607260726,0
326.132613261326,0
326.192619261926,0
326.252625262526,0
326.312631263126,0
326.372637263726,0
326.432643264326,0
326.492649264927,0
326.552655265527,0
326.612661266127,0
326.672667266727,0
326.732673267327,0
326.792679267927,0
326.852685268527,0
326.912691269127,0
326.972697269727,0
327.032703270327,0
327.092709270927,0
327.152715271527,0
327.212721272127,0
327.272727272727,0
327.332733273327,0
327.392739273927,0
327.452745274527,0
327.512751275128,0
327.572757275728,0
327.632763276328,0
327.692769276928,0
327.752775277528,0
327.812781278128,0
327.872787278728,0
327.932793279328,0
327.992799279928,0
328.052805280528,0
328.112811281128,0
328.172817281728,0
328.232823282328,0
328.292829282928,0
328.352835283528,0
328.412841284128,0
328.472847284728,0
328.532853285329,0
328.592859285929,0
328.652865286529,0
328.712871287129,0
328.772877287729,0
328.832883288329,0
328.892889288929,0
328.952895289529,0
329.012901290129,0
329.072907290729,0
329.132913291329,0
329.192919291929,0
329.252925292529,0
329.312931293129,0
329.372937293729,0
329.432943294329,0
329.49294929493,0
329.55295529553,0
329.61296129613,0
329.67296729673,0
329.73297329733,0
329.79297929793,0
329.85298529853,0
329.91299129913,0
329.97299729973,0
330.03300330033,0
330.09300930093,0
330.15301530153,0
330.21302130213,0
330.27302730273,0
330.33303330333,0
330.39303930393,0
330.45304530453,0
330.51305130513,0
330.573057305731,0
330.633063306331,0
330.693069306931,0
330.753075307531,0
330.813081308131,0
330.873087308731,0
330.933093309331,0
330.993099309931,0
331.053105310531,0
331.113111311131,0
331.173117311731,0
331.233123312331,0
331.293129312931,0
331.353135313531,0
331.413141314131,0
331.473147314731,0
331.533153315332,0
331.593159315932,0
331.653165316532,0
331.713171317132,0
331.773177317732,0
331.833183318332,0
331.893189318932,0
331.953195319532,0
332.013201320132,0
332.073207320732,0
332.133213321332,0
332.193219321932,0
332.253225322532,0
332.313231323132,0
332.373237323732,0
332.433243324332,0
332.493249324932,0
332.553255325533,0
332.613261326133,0
332.673267326733,0
332.733273327333,0
332.793279327933,0
332.853285328533,0
332.913291329133,0
332.973297329733,0
333.033303330333,0
333.093309330933,0
333.153315331533,0
333.213321332133,0
333.273327332733,0
333.333333333333,0
333.393339333933,0
333.453345334533,0
333.513351335134,0
333.573357335734,0
333.633363336334,0
333.693369336934,0
333.753375337534,0
333.813381338134,0
333.873387338734,0
333.933393339334,0
333.993399339934,0
334.053405340534,0
334.113411341134,0
334.173417341734,0
334.233423342334,0
334.293429342934,0
334.353435343534,0
334.413441344134,0
334.473447344734,0
334.533453345335,0
334.593459345935,0
334.653465346535,0
334.713471347135,0
334.773477347735,0
334.833483348335,0
334.893489348935,0
334.953495349535,0
335.013501350135,0
335.073507350735,0
335.133513351335,0
335.193519351935,0
335.253525352535,0
335.313531353135,0
335.373537353735,0
335.433543354335,0
335.493549354935,0
335.553555355536,0
335.613561356136,0
335.673567356736,0
335.733573357336,0
335.793579357936,0
335.853585358536,0
335.913591359136,0
335.973597359736,0
336.033603360336,0
336.093609360936,0
336.153615361536,0
336.213621362136,0
336.273627362736,0
336.333633363336,0
336.393639363936,0
336.453645364536,0
336.513651365137,0
336.573657365737,0
336.633663366337,0
336.693669366937,0
336.753675367537,0
336.813681368137,0
336.873687368737,0
336.933693369337,0
336.993699369937,0
337.053705370537,0
337.113711371137,0
337.173717371737,0
337.233723372337,0
337.293729372937,0
337.353735373537,0
337.413741374137,0
337.473747374738,0
337.533753375338,0
337.593759375938,0
337.653765376538,0
337.713771377138,0
337.773777377738,0
337.833783378338,0
337.893789378938,0
337.953795379538,0
338.013801380138,0
338.073807380738,0
338.133813381338,0
338.193819381938,0
338.253825382538,0
338.313831383138,0
338.373837383738,0
338.433843384338,0
338.493849384938,0
338.553855385539,0
338.613861386139,0
338.673867386739,0
338.733873387339,0
338.793879387939,0
338.853885388539,0
338.913891389139,0
338.973897389739,0
339.033903390339,0
339.093909390939,0
339.153915391539,0
339.213921392139,0
339.273927392739,0
339.333933393339,0
339.393939393939,0
339.453945394539,0
339.51395139514,0
339.57395739574,0
339.63396339634,0
339.69396939694,0
339.75397539754,0
339.81398139814,0
339.87398739874,0
339.93399339934,0
339.99399939994,0
340.05400540054,0
340.11401140114,0
340.17401740174,0
340.23402340234,0
340.29402940294,0
340.35403540354,0
340.41404140414,0
340.47404740474,0
340.534053405341,0
340.594059405941,0
340.654065406541,0
340.714071407141,0
340.774077407741,0
340.834083408341,0
340.894089408941,0
340.954095409541,0
341.014101410141,0
341.074107410741,0
341.134113411341,0
341.194119411941,0
341.254125412541,0
341.314131413141,0
341.374137413741,0
341.434143414341,0
341.494149414941,0
341.554155415542,0
341.614161416142,0
341.674167416742,0
341.734173417342,0
341.794179417942,0
341.854185418542,0
341.914191419142,0
341.974197419742,0
342.034203420342,0
342.094209420942,0
342.154215421542,0
342.214221422142,0
342.274227422742,0
342.334233423342,0
342.394239423942,0
342.454245424542,0
342.514251425143,0
342.574257425743,0
342.634263426343,0
342.694269426943,0
342.754275427543,0
342.814281428143,0
342.874287428743,0
342.934293429343,0
342.994299429943,0
343.054305430543,0
343.114311431143,0
343.174317431743,0
343.234323432343,0
343.294329432943,0
343.354335433543,0
343.414341434143,0
343.474347434743,0
343.534353435344,0
343.594359435944,0
343.654365436544,0
343.714371437144,0
343.774377437744,0
343.834383438344,0
343.894389438944,0
343.954395439544,0
344.014401440144,0
344.074407440744,0
344.134413441344,0
344.194419441944,0
344.254425442544,0
344.314431443144,0
344.374437443744,0
344.434443444344,0
344.494449444945,0
344.554455445545,0
344.614461446145,0
344.674467446745,0
344.734473447345,0
344.794479447945,0
344.854485448545,0
344.914491449145,0
344.974497449745,0
345.034503450345,0
345.094509450945,0
345.154515451545,0
345.214521452145,0
345.274527452745,0
345.334533453345,0
345.394539453945,0
345.454545454545,0
345.514551455146,0
345.574557455746,0
345.634563456346,0
345.694569456946,0
345.754575457546,0
345.814581458146,0
345.874587458746,0
345.934593459346,0
345.994599459946,0
346.054605460546,0
346.114611461146,0
346.174617461746,0
346.234623462346,0
346.294629462946,0
346.354635463546,0
346.414641464146,0
346.474647464746,0
346.534653465347,0
346.594659465947,0
346.654665466547,0
346.714671467147,0
346.774677467747,0
346.834683468347,0
346.894689468947,0
346.954695469547,0
347.014701470147,0
347.074707470747,0
347.134713471347,0
347.194719471947,0
347.254725472547,0
347.314731473147,0
347.374737473747,0
347.434743474347,0
347.494749474948,0
347.554755475548,0
347.614761476148,0
347.674767476748,0
347.734773477348,0
347.794779477948,0
347.854785478548,0
347.914791479148,0
347.974797479748,0
348.034803480348,0
348.094809480948,0
348.154815481548,0
348.214821482148,0
348.274827482748,0
348.334833483348,0
348.394839483948,0
348.454845484548,0
348.514851485148,0
348.574857485749,0
348.634863486349,0
348.694869486949,0
348.754875487549,0
348.814881488149,0
348.874887488749,0
348.934893489349,0
348.994899489949,0
349.054905490549,0
349.114911491149,0
349.174917491749,0
349.234923492349,0
349.294929492949,0
349.354935493549,0
349.414941494149,0
349.474947494749,0
349.53495349535,0
349.59495949595,0
349.65496549655,0
349.71497149715,0
349.77497749775,0
349.83498349835,0
349.89498949895,0
349.95499549955,0
350.01500150015,0
350.07500750075,0
350.13501350135,0
350.19501950195,0
350.25502550255,0
350.31503150315,0
350.37503750375,0
350.43504350435,0
350.49504950495,0
350.555055505551,0
350.615061506151,0
350.675067506751,0
350.735073507351,0
350.795079507951,0
350.855085508551,0
350.915091509151,0
350.975097509751,0
351.035103510351,0
351.095109510951,0
351.155115511551,0
351.215121512151,0
351.275127512751,0
351.335133513351,0
351.395139513951,0
351.455145514551,0
351.515151515152,0
351.575157515752,0
351.635163516352,0
351.695169516952,0
351.755175517552,0
351.815181518152,0
351.875187518752,0
351.935193519352,0
351.995199519952,0
352.055205520552,0
352.115211521152,0
352.175217521752,0
352.235223522352,0
352.295229522952,0
352.355235523552,0
352.415241524152,0
352.475247524752,0
352.535253525353,0
352.595259525953,0
352.655265526553,0
352.715271527153,0
352.775277527753,0
352.835283528353,0
352.895289528953,0
352.955295529553,0
353.015301530153,0
353.075307530753,0
353.135313531353,0
353.195319531953,0
353.255325532553,0
353.315331533153,0
353.375337533753,0
353.435343534353,0
353.495349534954,0
353.555355535554,0
353.615361536154,0
353.675367536754,0
353.735373537354,0
353.795379537954,0
353.855385538554,0
353.915391539154,0
353.975397539754,0
354.035403540354,0
354.095409540954,0
354.155415541554,0
354.215421542154,0
354.275427542754,0
354.335433543354,0
354.395439543954,0
354.455445544554,0
354.515451545155,0
354.575457545755,0
354.635463546355,0
354.695469546955,0
354.755475547555,0
354.815481548155,0
354.875487548755,0
354.935493549355,0
354.995499549955,0
355.055505550555,0
355.115511551155,0
355.175517551755,0
355.235523552355,0
355.295529552955,0
355.355535553555,0
355.415541554155,0
355.475547554756,0
355.535553555356,0
355.595559555956,0
355.655565556556,0
355.715571557156,0
355.775577557756,0
355.835583558356,0
355.895589558956,0
355.955595559556,0
356.015601560156,0
356.075607560756,0
356.135613561356,0
356.195619561956,0
356.255625562556,0
356.315631563156,0
356.375637563756,0
356.435643564356,0
356.495649564956,0
356.555655565557,0
356.615661566157,0
356.675667566757,0
356.735673567357,0
356.795679567957,0
356.855685568557,0
356.915691569157,0
356.975697569757,0
357.035703570357,0
357.095709570957,0
357.155715571557,0
357.215721572157,0
357.275727572757,0
357.335733573357,0
357.395739573957,0
357.455745574557,0
357.515751575158,0
357.575757575758,0
357.635763576358,0
357.695769576958,0
357.755775577558,0
357.815781578158,0
357.875787578758,0
357.935793579358,0
357.995799579958,0
358.055805580558,0
358.115811581158,0
358.175817581758,0
358.235823582358,0
358.295829582958,0
358.355835583558,0
358.415841584158,0
358.475847584758,0
358.535853585358,0
358.595859585959,0
358.655865586559,0
358.715871587159,0
358.775877587759,0
358.835883588359,0
358.895889588959,0
358.955895589559,0
359.015901590159,0
359.075907590759,0
359.135913591359,0
359.195919591959,0
359.255925592559,0
359.315931593159,0
359.375937593759,0
359.435943594359,0
359.495949594959,0
359.55595559556,0
359.61596159616,0
359.67596759676,0
359.73597359736,0
359.79597959796,0
359.85598559856,0
359.91599159916,0
359.97599759976,0
360.03600360036,0
360.09600960096,0
360.15601560156,0
360.21602160216,0
360.27602760276,0
360.33603360336,0
360.39603960396,0
360.45604560456,0
360.516051605161,0
360.576057605761,0
360.636063606361,0
360.696069606961,0
360.756075607561,0
360.816081608161,0
360.876087608761,0
360.936093609361,0
360.996099609961,0
361.056105610561,0
361.116111611161,0
361.176117611761,0
361.236123612361,0
361.296129612961,0
361.356135613561,0
361.416141614161,0
361.476147614761,0
361.536153615362,0
361.596159615962,0
361.656165616562,0
361.716171617162,0
361.776177617762,0
361.836183618362,0
361.896189618962,0
361.956195619562,0
362.016201620162,0
362.076207620762,0
362.136213621362,0
362.196219621962,0
362.256225622562,0
362.316231623162,0
362.376237623762,0
362.436243624362,0
362.496249624963,0
362.556255625563,0
362.616261626163,0
362.676267626763,0
362.736273627363,0
362.796279627963,0
362.856285628563,0
362.916291629163,0
362.976297629763,0
363.036303630363,0
363.096309630963,0
363.156315631563,0
363.216321632163,0
363.276327632763,0
363.336333633363,0
363.396339633963,0
363.456345634563,0
363.516351635164,0
363.576357635764,0
363.636363636364,0
363.696369636964,0
363.756375637564,0
363.816381638164,0
363.876387638764,0
363.936393639364,0
363.996399639964,0
364.056405640564,0
364.116411641164,0
364.176417641764,0
364.236423642364,0
364.296429642964,0
364.356435643564,0
364.416441644164,0
364.476447644764,0
364.536453645365,0
364.596459645965,0
364.656465646565,0
364.716471647165,0
364.776477647765,0
364.836483648365,0
364.896489648965,0
364.956495649565,0
365.016501650165,0
365.076507650765,0
365.136513651365,0
365.196519651965,0
365.256525652565,0
365.316531653165,0
365.376537653765,0
365.436543654365,0
365.496549654966,0
365.556555655566,0
365.616561656166,0
365.676567656766,0
365.736573657366,0
365.796579657966,0
365.856585658566,0
365.916591659166,0
365.976597659766,0
366.036603660366,0
366.096609660966,0
366.156615661566,0
366.216621662166,0
366.276627662766,0
366.336633663366,0
366.396639663966,0
366.456645664566,0
366.516651665166,0
366.576657665767,0
366.636663666367,0
366.696669666967,0
366.756675667567,0
366.816681668167,0
366.876687668767,0
366.936693669367,0
366.996699669967,0
367.056705670567,0
367.116711671167,0
367.176717671767,0
367.236723672367,0
367.296729672967,0
367.356735673567,0
367.416741674167,0
367.476747674767,0
367.536753675368,0
367.596759675968,0
367.656765676568,0
367.716771677168,0
367.776777677768,0
367.836783678368,0
367.896789678968,0
367.956795679568,0
368.016801680168,0
368.076807680768,0
368.136813681368,0
368.196819681968,0
368.256825682568,0
368.316831683168,0
368.376837683768,0
368.436843684368,0
368.496849684968,0
368.556855685569,0
368.616861686169,0
368.676867686769,0
368.736873687369,0
368.796879687969,0
368.856885688569,0
368.916891689169,0
368.976897689769,0
369.036903690369,0
369.096909690969,0
369.156915691569,0
369.216921692169,0
369.276927692769,0
369.336933693369,0
369.396939693969,0
369.456945694569,0
369.516951695169,0
369.57695769577,0
369.63696369637,0
369.69696969697,0
369.75697569757,0
369.81698169817,0
369.87698769877,0
369.93699369937,0
369.99699969997,0
370.05700570057,0
370.11701170117,0
370.17701770177,0
370.23702370237,0
370.29702970297,0
370.35703570357,0
370.41704170417,0
370.47704770477,0
370.537053705371,0
370.597059705971,0
370.657065706571,0
370.717071707171,0
370.777077707771,0
370.837083708371,0
370.897089708971,0
370.957095709571,0
371.017101710171,0
371.077107710771,0
371.137113711371,0
371.197119711971,0
371.257125712571,0
371.317131713171,0
371.377137713771,0
371.437143714371,0
371.497149714971,0
371.557155715572,0
371.617161716172,0
371.677167716772,0
371.737173717372,0
371.797179717972,0
371.857185718572,0
371.917191719172,0
371.977197719772,0
372.037203720372,0
372.097209720972,0
372.157215721572,0
372.217221722172,0
372.277227722772,0
372.337233723372,0
372.397239723972,0
372.457245724572,0
372.517251725173,0
372.577257725773,0
372.637263726373,0
372.697269726973,0
372.757275727573,0
372.817281728173,0
372.877287728773,0
372.937293729373,0
372.997299729973,0
373.057305730573,0
373.117311731173,0
373.177317731773,0
373.237323732373,0
373.297329732973,0
373.357335733573,0
373.417341734173,0
373.477347734774,0
373.537353735374,0
373.597359735974,0
373.657365736574,0
373.717371737174,0
373.777377737774,0
373.837383738374,0
373.897389738974,0
373.957395739574,0
374.017401740174,0
374.077407740774,0
374.137413741374,0
374.197419741974,0
374.257425742574,0
374.317431743174,0
374.377437743774,0
374.437443744374,0
374.497449744974,0
374.557455745575,0
374.617461746175,0
374.677467746775,0
374.737473747375,0
374.797479747975,0
374.857485748575,0
374.917491749175,0
374.977497749775,0
375.037503750375,0
375.097509750975,0
375.157515751575,0
375.217521752175,0
375.277527752775,0
375.337533753375,0
375.397539753975,0
375.457545754575,0
375.517551755176,0
375.577557755776,0
375.637563756376,0
375.697569756976,0
375.757575757576,0
375.817581758176,0
375.877587758776,0
375.937593759376,0
375.997599759976,0
376.057605760576,0
376.117611761176,0
376.177617761776,0
376.237623762376,0
376.297629762976,0
376.357635763576,0
376.417641764176,0
376.477647764776,0
376.537653765377,0
376.597659765977,0
376.657665766577,0
376.717671767177,0
376.777677767777,0
376.837683768377,0
376.897689768977,0
376.957695769577,0
377.017701770177,0
377.077707770777,0
377.137713771377,0
377.197719771977,0
377.257725772577,0
377.317731773177,0
377.377737773777,0
377.437743774377,0
377.497749774977,0
377.557755775578,0
377.617761776178,0
377.677767776778,0
377.737773777378,0
377.797779777978,0
377.857785778578,0
377.917791779178,0
377.977797779778,0
378.037803780378,0
378.097809780978,0
378.157815781578,0
378.217821782178,0
378.277827782778,0
378.337833783378,0
378.397839783978,0
378.457845784578,0
378.517851785179,0
378.577857785779,0
378.637863786379,0
378.697869786979,0
378.757875787579,0
378.817881788179,0
378.877887788779,0
378.937893789379,0
378.997899789979,0
379.057905790579,0
379.117911791179,0
379.177917791779,0
379.237923792379,0
379.297929792979,0
379.357935793579,0
379.417941794179,0
379.477947794779,0
379.53795379538,0
379.59795979598,0
379.65796579658,0
379.71797179718,0
379.77797779778,0
379.83798379838,0
379.89798979898,0
379.95799579958,0
380.01800180018,1.10888388838884
380.07800780078,1.10516351635163
380.13801380138,1.10144314431443
380.19801980198,1.09772277227723
380.25802580258,1.09400240024002
380.31803180318,1.09028202820282
380.37803780378,1.08656165616562
380.43804380438,1.08284128412841
380.49804980498,1.07912091209121
380.558055805581,1.075400540054
380.618061806181,1.0716801680168
380.678067806781,1.0679597959796
380.738073807381,1.0642394239424
380.798079807981,1.06051905190519
380.858085808581,1.05679867986799
380.918091809181,1.05307830783078
380.978097809781,1.04935793579358
381.038103810381,1.04557151715172
381.098109810981,1.04174713471347
381.158115811581,1.03792275227523
381.218121812181,1.03409836983698
381.278127812781,1.03027398739874
381.338133813381,1.0264496049605
381.398139813981,1.02262522252225
381.458145814581,1.01880084008401
381.518151815182,1.01497645764577
381.578157815782,1.01115207520752
381.638163816382,1.00732769276928
381.698169816982,1.00350331033103
381.758175817582,0.999678927892788
381.818181818182,0.995854545454546
381.878187818782,0.992030163016304
381.938193819382,0.988205780578059
381.998199819982,0.984381398139814
382.058205820582,0.980557015701569
382.118211821182,0.976732633263327
382.178217821782,0.972908250825085
382.238223822382,0.96908386838684
382.298229822982,0.965259485948594
382.358235823582,0.961435103510349
382.418241824182,0.957610721072107
382.478247824782,0.953786338633866
382.538253825383,0.94996195619562
382.598259825983,0.946137573757375
382.658265826583,0.94231319131913
382.718271827183,0.938488808880888
382.778277827783,0.934664426442646
382.838283828383,0.930840044004401
382.898289828983,0.927015661566156
382.958295829583,0.92319127912791
383.018301830183,0.919398619861986
383.078307830783,0.915678247824784
383.138313831383,0.911957875787579
383.198319831983,0.908237503750374
383.258325832583,0.904517131713169
383.318331833183,0.900796759675967
383.378337833783,0.897076387638765
383.438343834383,0.89335601560156
383.498349834984,0.889635643564355
383.558355835584,0.88591527152715
383.618361836184,0.882194899489948
383.678367836784,0.878474527452747
383.738373837384,0.874754155415542
383.798379837984,0.871033783378336
383.858385838584,0.867313411341135
383.918391839184,0.86359303930393
383.978397839784,0.859872667266728
384.038403840384,0.856285428542854
384.098409840984,0.852773077307729
384.158415841584,0.849260726072608
384.218421842184,0.845748374837483
384.278427842784,0.842236023602361
384.338433843384,0.838723672367237
384.398439843984,0.835211321132112
384.458445844584,0.83169896989699
384.518451845185,0.828186618661865
384.578457845785,0.824674267426744
384.638463846385,0.821161916191619
384.698469846985,0.817649564956494
384.758475847585,0.814137213721373
384.818481848185,0.810624862486248
384.878487848785,0.807112511251126
384.938493849385,0.803600160016002
384.998499849985,0.800087808780877
385.058505850585,0.797285328532854
385.118511851185,0.794501050105012
385.178517851785,0.791716771677169
385.238523852385,0.788932493249325
385.298529852985,0.786148214821481
385.358535853585,0.78336393639364
385.418541854185,0.780579657965799
385.478547854785,0.777795379537955
385.538553855386,0.775011101110111
385.598559855986,0.772226822682267
385.658565856586,0.769442544254426
385.718571857186,0.766658265826584
385.778577857786,0.763873987398741
385.838583858386,0.761089708970897
385.898589858986,0.758305430543053
385.958595859586,0.755521152115212
386.018601860186,0.752833603360338
386.078607860786,0.750361356135614
386.138613861386,0.747889108910891
386.198619861986,0.745416861686167
386.258625862586,0.742944614461446
386.318631863186,0.740472367236725
386.378637863786,0.738000120012002
386.438643864386,0.735527872787278
386.498649864987,0.733055625562555
386.558655865587,0.730583378337834
386.618661866187,0.728111131113113
386.678667866787,0.725638883888389
386.738673867387,0.723166636663666
386.798679867987,0.720694389438942
386.858685868587,0.718222142214221
386.918691869187,0.7157498949895
386.978697869787,0.713277647764777
387.038703870387,0.711006660666066
387.098709870987,0.708846444644463
387.158715871587,0.706686228622862
387.218721872187,0.704526012601261
387.278727872787,0.702365796579658
387.338733873387,0.700205580558055
387.398739873987,0.698045364536452
387.458745874587,0.695885148514851
387.518751875187,0.69372493249325
387.578757875788,0.691564716471647
387.638763876388,0.689404500450044
387.698769876988,0.687244284428443
387.758775877588,0.68508406840684
387.818781878188,0.682923852385239
387.878787878788,0.680763636363636
387.938793879388,0.678603420342033
387.998799879988,0.676443204320433
388.058805880588,0.674588778877887
388.118811881188,0.672740594059407
388.178817881788,0.670892409240924
388.238823882388,0.669044224422442
388.298829882988,0.667196039603961
388.358835883588,0.665347854785478
388.418841884188,0.663499669966997
388.478847884788,0.661651485148515
388.538853885389,0.659803300330032
388.598859885989,0.657955115511552
388.658865886589,0.656106930693069
388.718871887189,0.654258745874588
388.778877887789,0.652410561056106
388.838883888389,0.650562376237623
388.898889888989,0.648714191419142
388.958895889589,0.646866006600661
389.018901890189,0.645116111611162
389.078907890789,0.643579957995799
389.138913891389,0.642043804380437
389.198919891989,0.640507650765077
389.258925892589,0.638971497149716
389.318931893189,0.637435343534354
389.378937893789,0.635899189918992
389.438943894389,0.63436303630363
389.498949894989,0.632826882688269
389.55895589559,0.631290729072908
389.61896189619,0.629754575457546
389.67896789679,0.628218421842184
389.73897389739,0.626682268226822
389.79897989799,0.625146114611461
389.85898589859,0.623609960996101
389.91899189919,0.622073807380738
389.97899789979,0.620537653765376
390.03900390039,0.619000651454033
390.09900990099,0.617463192152549
390.15901590159,0.615925732851064
390.21902190219,0.614388273549578
390.27902790279,0.612850814248091
390.33903390339,0.611313354946605
390.39903990399,0.60977589564512
390.45904590459,0.608238436343635
390.519051905191,0.606700977042149
390.579057905791,0.605163517740663
390.639063906391,0.603626058439176
390.699069906991,0.602088599137692
390.759075907591,0.600551139836207
390.819081908191,0.599013680534721
390.879087908791,0.597476221233234
390.939093909391,0.595938761931748
390.999099909991,0.594401302630263
391.059105910591,0.593248353272828
391.119111911191,0.592101259396773
391.179117911791,0.590954165520719
391.239123912391,0.589807071644664
391.299129912991,0.58865997776861
391.359135913591,0.587512883892557
391.419141914191,0.586365790016502
391.479147914791,0.585218696140447
391.539153915392,0.584071602264393
391.599159915992,0.582924508388339
391.659165916592,0.581777414512285
391.719171917192,0.58063032063623
391.779177917792,0.579483226760175
391.839183918392,0.578336132884122
391.899189918992,0.577189039008067
391.959195919592,0.576041945132013
392.019201920192,0.575044835143236
392.079207920792,0.574366440914924
392.139213921392,0.573688046686613
392.199219921992,0.573009652458301
392.259225922592,0.57233125822999
392.319231923192,0.571652864001678
392.379237923792,0.570974469773366
392.439243924392,0.570296075545054
392.499249924993,0.569617681316742
392.559255925593,0.568939287088431
392.619261926193,0.568260892860119
392.679267926793,0.567582498631807
392.739273927393,0.566904104403496
392.799279927993,0.566225710175184
392.859285928593,0.565547315946872
392.919291929193,0.56486892171856
392.979297929793,0.564190527490248
393.039303930393,0.563870440446822
393.099309930993,0.563739080088564
393.159315931593,0.563607719730306
393.219321932193,0.563476359372048
393.279327932793,0.56334499901379
393.339333933393,0.563213638655532
393.399339933993,0.563082278297274
393.459345934593,0.562950917939016
393.519351935194,0.562819557580758
393.579357935794,0.5626881972225
393.639363936394,0.562556836864242
393.699369936994,0.562425476505984
393.759375937594,0.562294116147726
393.819381938194,0.562162755789468
393.879387938794,0.56203139543121
393.939393939394,0.561900035072952
393.999399939994,0.561768674714694
394.059405940594,0.562256428767877
394.119411941194,0.562750436501984
394.179417941794,0.56324444423609
394.239423942394,0.563738451970197
394.299429942994,0.564232459704303
394.359435943594,0.56472646743841
394.419441944194,0.565220475172517
394.479447944795,0.565714482906624
394.539453945395,0.566208490640731
394.599459945995,0.566702498374837
394.659465946595,0.567196506108944
394.719471947195,0.567690513843051
394.779477947795,0.568184521577158
394.839483948395,0.568678529311264
394.899489948995,0.569172537045371
394.959495949595,0.569666544779478
395.019501950195,0.570556690842696
395.079507950795,0.572269585743298
395.139513951395,0.573982480643898
395.199519951995,0.575695375544498
395.259525952595,0.5774082704451
395.319531953195,0.579121165345702
395.379537953795,0.580834060246302
395.439543954395,0.582546955146904
395.499549954995,0.584259850047504
395.559555955596,0.585972744948106
395.619561956196,0.587685639848708
395.679567956796,0.589398534749308
395.739573957396,0.59111142964991
395.799579957996,0.59282432455051
395.859585958596,0.594537219451112
395.919591959196,0.596250114351714
395.979597959796,0.597963009252314
396.039603960396,0.600107042766778
396.099609960996,0.60247317799141
396.159615961596,0.604839313216044
396.219621962196,0.607205448440679
396.279627962796,0.609571583665311
396.339633963396,0.611937718889945
396.399639963996,0.614303854114578
396.459645964596,0.616669989339212
396.519651965197,0.619036124563846
396.579657965797,0.621402259788479
396.639663966397,0.623768395013111
396.699669966997,0.626134530237745
396.759675967597,0.62850066546238
396.819681968197,0.630866800687014
396.879687968797,0.633232935911646
396.939693969397,0.635599071136279
396.999699969997,0.637965206360913
397.059705970597,0.64093110602727
397.119711971197,0.643900019585293
397.179717971797,0.646868933143314
397.239723972397,0.649837846701335
397.299729972997,0.652806760259358
397.359735973597,0.655775673817382
397.419741974197,0.658744587375405
397.479747974797,0.661713500933426
397.539753975398,0.664682414491447
397.599759975998,0.667651328049471
397.659765976598,0.670620241607494
397.719771977198,0.673589155165518
397.779777977798,0.676558068723539
397.839783978398,0.679526982281559
397.899789978998,0.682495895839583
397.959795979598,0.685464809397606
398.019801980198,0.688615987348736
398.079807980798,0.692137217249502
398.139813981398,0.695658447150268
398.199819981998,0.699179677051037
398.259825982598,0.702700906951807
398.319831983198,0.706222136852576
398.379837983798,0.709743366753342
398.439843984398,0.713264596654108
398.499849984998,0.716785826554877
398.559855985599,0.720307056455646
398.619861986199,0.723828286356415
398.679867986799,0.727349516257181
398.739873987399,0.730870746157947
398.799879987999,0.734391976058717
398.859885988599,0.737913205959486
398.919891989199,0.741434435860255
398.979897989799,0.744955665761021
399.039903990399,0.748810628805934
399.099909990999,0.752833713058806
399.159915991599,0.756856797311677
399.219921992199,0.760879881564544
399.279927992799,0.764902965817416
399.339933993399,0.768926050070283
399.399939993999,0.772949134323154
399.459945994599,0.776972218576026
399.5199519952,0.780995302828893
399.5799579958,0.785018387081765
399.6399639964,0.789041471334632
399.699969997,0.793064555587503
399.7599759976,0.797087639840374
399.8199819982,0.801110724093242
399.8799879988,0.805133808346113
399.9399939994,0.809156892598981
400,0.813179976851852
400.0600060006,0.817438726384758
400.1200120012,0.821697475917659
400.1800180018,0.825956225450565
400.2400240024,0.830214974983466
400.300030003,0.834473724516372
400.3600360036,0.838732474049277
400.4200420042,0.842991223582179
400.4800480048,0.84724997311508
400.540054005401,0.851508722647986
400.600060006001,0.855767472180892
400.660066006601,0.860026221713797
400.720072007201,0.864284971246699
400.780078007801,0.8685437207796
400.840084008401,0.872802470312506
400.900090009001,0.877061219845411
400.960096009601,0.881319969378317
401.020102010201,0.885734257658769
401.080108010801,0.890457301960476
401.140114011401,0.895180346262189
401.200120012001,0.899903390563901
401.260126012601,0.904626434865614
401.320132013201,0.909349479167321
401.380138013801,0.914072523469029
401.440144014401,0.918795567770742
401.500150015002,0.923518612072454
401.560156015602,0.928241656374166
401.620162016202,0.932964700675874
401.680168016802,0.937687744977582
401.740174017402,0.942410789279294
401.800180018002,0.947133833581007
401.860186018602,0.951856877882719
401.920192019202,0.956579922184427
401.980198019802,0.961302966486135
402.040204020402,0.980646984152444
402.100210021002,1.00719237675954
402.160216021602,1.03373776936663
402.220222022202,1.0602831619737
402.280228022802,1.08682855458077
402.340234023402,1.11337394718787
402.400240024002,1.13991933979496
402.460246024602,1.16646473240206
402.520252025203,1.19301012500913
402.580258025803,1.2195555176162
402.640264026403,1.24610091022329
402.700270027003,1.27264630283039
402.760276027603,1.29919169543748
402.820282028203,1.32573708804455
402.880288028803,1.35228248065162
402.940294029403,1.37882787325872
403.000300030003,1.40994928648728
403.060306030603,2.35169880333215
403.120312031203,3.29344832017792
403.180318031803,4.2351978370228
403.240324032403,5.17694735386857
403.300330033003,6.11869687071434
403.360336033603,7.06044638755922
403.420342034203,8.00219590440499
403.480348034803,8.94394542124987
403.540354035404,9.88569493809564
403.600360036004,10.8274444549414
403.660366036604,11.7691939717863
403.720372037204,12.7109434886321
403.780378037804,13.6526930054769
403.840384038404,14.5944425223227
403.900390039004,15.5361920391685
403.960396039604,16.4779415560134
404.020402040204,17.5238330312657
404.080408040804,18.7718824257765
404.140414041404,20.0199318202885
404.200420042004,21.2679812148006
404.260426042604,22.5160306093114
404.320432043204,23.7640800038222
404.380438043804,25.0121293983343
404.440444044404,26.2601787928463
404.500450045005,27.5082281873583
404.560456045605,28.7562775818691
404.620462046205,30.00432697638
404.680468046805,31.252376370892
404.740474047405,32.500425765404
404.800480048005,33.748475159916
404.860486048605,34.9965245544269
404.920492049205,36.2445739489377
404.980498049805,37.4926233434497
405.040504050405,36.6671473246587
405.100510051005,34.8433072179804
405.160516051605,33.0194671113038
405.220522052205,31.1956270046272
405.280528052805,29.3717868979489
405.340534053405,27.5479467912705
405.400540054005,25.7241066845922
405.460546054605,23.9002665779156
405.520552055205,22.076426471239
405.580558055806,20.2525863645607
405.640564056406,18.4287462578824
405.700570057006,16.6049061512041
405.760576057606,14.7810660445275
405.820582058206,12.9572259378509
405.880588058806,11.1333858311726
405.940594059406,9.30954572449426
406.000600060006,7.50034677987857
406.060606060606,7.14062287937716
406.120612061206,6.78089897887576
406.180618061806,6.42117507837401
406.240624062406,6.06145117787226
406.300630063006,5.70172727737051
406.360636063606,5.3420033768691
406.420642064206,4.9822794763677
406.480648064806,4.62255557586595
406.540654065407,4.2628316753642
406.600660066007,3.90310777486245
406.660666066607,3.54338387436104
406.720672067207,3.18365997385964
406.780678067807,2.82393607335789
406.840684068407,2.46421217285614
406.900690069007,2.10448827235473
406.960696069607,1.74476437185298
407.020702070207,1.51095252302644
407.080708070807,1.5161910911481
407.140714071407,1.52142965926976
407.200720072007,1.52666822739142
407.260726072607,1.53190679551308
407.320732073207,1.53714536363474
407.380738073807,1.5423839317564
407.440744074407,1.54762249987806
407.500750075007,1.55286106799971
407.560756075608,1.55809963612138
407.620762076208,1.56333820424303
407.680768076808,1.56857677236469
407.740774077408,1.57381534048635
407.800780078008,1.57905390860801
407.860786078608,1.58429247672967
407.920792079208,1.58953104485133
407.980798079808,1.59476961297299
408.040804080408,1.60188227367148
408.100810081008,1.60987686028847
408.160816081608,1.61787144690547
408.220822082208,1.62586603352247
408.280828082808,1.63386062013947
408.340834083408,1.64185520675646
408.400840084008,1.64984979337346
408.460846084608,1.65784437999045
408.520852085209,1.66583896660745
408.580858085809,1.67383355322445
408.640864086409,1.68182813984145
408.700870087009,1.68982272645844
408.760876087609,1.69781731307543
408.820882088209,1.70581189969243
408.880888088809,1.71380648630943
408.940894089409,1.72180107292643
409.000900090009,1.72980290206447
409.060906090609,1.7382803234175
409.120912091209,1.74675774477054
409.180918091809,1.75523516612359
409.240924092409,1.76371258747663
409.300930093009,1.77219000882967
409.360936093609,1.7806674301827
409.420942094209,1.78914485153575
409.480948094809,1.79762227288879
409.54095409541,1.80609969424184
409.60096009601,1.81457711559487
409.66096609661,1.82305453694791
409.72097209721,1.83153195830095
409.78097809781,1.84000937965399
409.84098409841,1.84848680100704
409.90099009901,1.85696422236007
409.96099609961,1.86544164371311
410.02100210021,1.87408838574829
410.08100810081,1.88304958047888
410.14101410141,1.89201077520947
410.20102010201,1.90097196994005
410.26102610261,1.90993316467063
410.32103210321,1.91889435940122
410.38103810381,1.9278555541318
410.44104410441,1.93681674886239
410.501050105011,1.94577794359297
410.561056105611,1.95473913832355
410.621062106211,1.96370033305414
410.681068106811,1.97266152778473
410.741074107411,1.98162272251531
410.801080108011,1.99058391724589
410.861086108611,1.99954511197647
410.921092109211,2.00850630670706
410.981098109811,2.01746750143765
411.041104110411,2.02676444158305
411.101110111011,2.03621577560534
411.161116111611,2.04566710962763
411.221122112211,2.05511844364992
411.281128112811,2.06456977767222
411.341134113411,2.0740211116945
411.401140114011,2.0834724457168
411.461146114611,2.09292377973908
411.521152115212,2.10237511376138
411.581158115812,2.11182644778367
411.641164116412,2.12127778180596
411.701170117012,2.13072911582825
411.761176117612,2.14018044985054
411.821182118212,2.14963178387283
411.881188118812,2.15908311789513
411.941194119412,2.16853445191741
412.001200120012,2.17799566970585
412.061206120612,2.18794119203587
412.121212121212,2.19788671436588
412.181218121812,2.2078322366959
412.241224122412,2.2177777590259
412.301230123012,2.22772328135591
412.361236123612,2.23766880368592
412.421242124212,2.24761432601594
412.481248124813,2.25755984834595
412.541254125413,2.26750537067596
412.601260126013,2.27745089300596
412.661266126613,2.28739641533598
412.721272127213,2.29734193766599
412.781278127813,2.30728745999601
412.841284128413,2.31723298232601
412.901290129013,2.32717850465602
412.961296129613,2.33712402698603
413.021302130213,2.34724642356597
413.081308130813,2.35769018321972
413.141314131413,2.36813394287346
413.201320132013,2.37857770252719
413.261326132613,2.38902146218094
413.321332133213,2.39946522183469
413.381338133813,2.40990898148843
413.441344134413,2.42035274114217
413.501350135013,2.43079650079591
413.561356135614,2.44124026044966
413.621362136214,2.4516840201034
413.681368136814,2.46212777975715
413.741374137414,2.47257153941089
413.801380138014,2.48301529906462
413.861386138614,2.49345905871837
413.921392139214,2.50390281837212
413.981398139814,2.51434657802587
414.041404140414,2.52513691525403
414.101410141014,2.53608296124751
414.161416141614,2.547029007241
414.221422142214,2.55797505323449
414.281428142814,2.56892109922799
414.341434143414,2.57986714522147
414.401440144014,2.59081319121495
414.461446144614,2.60175923720844
414.521452145215,2.61270528320194
414.581458145815,2.62365132919542
414.641464146415,2.63459737518891
414.701470147015,2.64554342118239
414.761476147615,2.65648946717588
414.821482148215,2.66743551316938
414.881488148815,2.67838155916286
414.941494149415,2.68932760515635
415.001500150015,2.70027955941427
415.061506150615,2.71146193598527
415.121512151215,2.72264431255626
415.181518151815,2.73382668912724
415.241524152415,2.74500906569824
415.301530153015,2.75619144226922
415.361536153615,2.76737381884022
415.421542154215,2.77855619541121
415.481548154815,2.7897385719822
415.541554155416,2.80092094855319
415.601560156016,2.81210332512418
415.661566156616,2.82328570169517
415.721572157216,2.83446807826617
415.781578157816,2.84565045483715
415.841584158416,2.85683283140814
415.901590159016,2.86801520797913
415.961596159616,2.87919758455013
416.021602160216,2.890587999925
416.081608160816,2.90234826206232
416.141614161416,2.91410852419964
416.201620162016,2.92586878633697
416.261626162616,2.9376290484743
416.321632163216,2.94938931061162
416.381638163816,2.96114957274894
416.441644164416,2.97290983488626
416.501650165016,2.98467009702359
416.561656165617,2.99643035916092
416.621662166217,3.00819062129825
416.681668166817,3.01995088343556
416.741674167417,3.03171114557288
416.801680168017,3.04347140771021
416.861686168617,3.05523166984754
416.921692169217,3.06699193198487
416.981698169817,3.07875219412219
417.041704170417,3.09096381412446
417.101710171017,3.1033735120387
417.161716171617,3.11578320995294
417.221722172217,3.12819290786718
417.281728172817,3.14060260578141
417.341734173417,3.15301230369564
417.401740174017,3.16542200160988
417.461746174617,3.17783169952412
417.521752175218,3.19024139743836
417.581758175818,3.20265109535259
417.641764176418,3.21506079326682
417.701770177018,3.22747049118106
417.761776177618,3.2398801890953
417.821782178218,3.25228988700955
417.881788178818,3.26469958492377
417.941794179418,3.277109282838
418.001800180018,3.28954061033187
418.061806180618,3.3026712942336
418.121812181218,3.31580197813533
418.181818181818,3.32893266203704
418.241824182418,3.34206334593876
418.301830183018,3.35519402984049
418.361836183618,3.36832471374222
418.421842184218,3.38145539764393
418.481848184818,3.39458608154566
418.541854185419,3.40771676544738
418.601860186019,3.4208474493491
418.661866186619,3.43397813325083
418.721872187219,3.44710881715255
418.781878187819,3.46023950105428
418.841884188419,3.47337018495599
418.901890189019,3.48650086885772
418.961896189619,3.49963155275945
419.021902190219,3.51305151237346
419.081908190819,3.52697473247325
419.141914191419,3.54089795257303
419.201920192019,3.55482117267282
419.261926192619,3.56874439277262
419.321932193219,3.5826676128724
419.381938193819,3.59659083297219
419.441944194419,3.61051405307197
419.50195019502,3.62443727317176
419.56195619562,3.63836049327156
419.62196219622,3.65228371337134
419.68196819682,3.66620693347112
419.74197419742,3.68013015357091
419.80198019802,3.6940533736707
419.86198619862,3.70797659377049
419.92199219922,3.72189981387027
419.98199819982,3.73582303397005
420.04200420042,3.75075307530753
420.10201020102,3.76611461146115
420.16201620162,3.78147614761477
420.22202220222,3.79683768376838
420.28202820282,3.81219921992198
420.34203420342,3.8275607560756
420.40204020402,3.84292229222922
420.46204620462,3.85828382838285
420.522052205221,3.87364536453645
420.582058205821,3.88900690069006
420.642064206421,3.90436843684368
420.702070207021,3.9197299729973
420.762076207621,3.93509150915092
420.822082208221,3.95045304530453
420.882088208821,3.96581458145814
420.942094209421,3.98117611761176
421.002100210021,3.99656537653766
421.062106210621,4.0127189918992
421.122112211221,4.02887260726073
421.182118211821,4.04502622262225
421.242124212421,4.0611798379838
421.302130213021,4.07733345334534
421.362136213621,4.09348706870688
421.422142214221,4.10964068406841
421.482148214821,4.12579429942993
421.542154215422,4.14194791479148
421.602160216022,4.15810153015302
421.662166216622,4.17425514551456
421.722172217222,4.19040876087609
421.782178217822,4.20656237623762
421.842184218422,4.22271599159916
421.902190219022,4.2388696069607
421.962196219622,4.25502322232224
422.022202220222,4.27144326432643
422.082208220822,4.28831695169516
422.142214221422,4.3051906390639
422.202220222022,4.32206432643265
422.262226222622,4.33893801380138
422.322232223222,4.35581170117012
422.382238223822,4.37268538853885
422.442244224422,4.38955907590759
422.502250225023,4.40643276327633
422.562256225623,4.42330645064506
422.622262226223,4.4401801380138
422.682268226823,4.45705382538253
422.742274227423,4.47392751275127
422.802280228023,4.49080120012002
422.862286228623,4.50767488748875
422.922292229223,4.52454857485749
422.982298229823,4.54142226222622
423.042304230423,4.55875283528353
423.102310231023,4.57627458745875
423.162316231623,4.59379633963396
423.222322232223,4.61131809180918
423.282328232823,4.62883984398439
423.342334233423,4.64636159615962
423.402340234023,4.66388334833484
423.462346234623,4.68140510051005
423.522352235223,4.69892685268526
423.582358235824,4.71644860486048
423.642364236424,4.7339703570357
423.702370237024,4.75149210921093
423.762376237624,4.76901386138614
423.822382238224,4.78653561356134
423.882388238824,4.80405736573657
423.942394239424,4.82157911791179
424.002400240024,4.83912391239125
424.062406240624,4.85722172217222
424.122412241224,4.87531953195318
424.182418241824,4.89341734173417
424.242424242424,4.91151515151515
424.302430243024,4.92961296129614
424.362436243624,4.94771077107711
424.422442244224,4.96580858085807
424.482448244824,4.98390639063906
424.542454245425,5.00200420042004
424.602460246025,5.02010201020103
424.662466246625,5.038199819982
424.722472247225,5.05629762976297
424.782478247825,5.07439543954395
424.842484248425,5.09249324932494
424.902490249025,5.11059105910592
424.962496249625,5.12868886888689
425.022502250225,5.1471442477581
425.082508250825,5.16619557511306
425.142514251425,5.18524690246803
425.202520252025,5.20429822982299
425.262526252625,5.22334955717794
425.322532253225,5.24240088453289
425.382538253825,5.26145221188785
425.442544254425,5.28050353924282
425.502550255026,5.29955486659778
425.562556255626,5.31860619395273
425.622562256226,5.33765752130768
425.682568256826,5.35670884866264
425.742574257426,5.37576017601761
425.802580258026,5.39481150337257
425.862586258626,5.41386283072752
425.922592259226,5.43291415808247
425.982598259826,5.45196548543743
426.042604260426,5.47124378304498
426.102610261026,5.49061478681201
426.162616261626,5.50998579057906
426.222622262226,5.52935679434609
426.282628262826,5.54872779811314
426.342634263426,5.5680988018802
426.402640264026,5.58746980564723
426.462646264626,5.60684080941428
426.522652265226,5.62621181318131
426.582658265827,5.64558281694836
426.642664266427,5.66495382071541
426.702670267027,5.68432482448245
426.762676267627,5.7036958282495
426.822682268227,5.72306683201653
426.882688268827,5.74243783578358
426.942694269427,5.76180883955063
427.002700270027,5.78118593192653
427.062706270627,5.80069223811271
427.122712271227,5.82019854429887
427.182718271827,5.83970485048505
427.242724272427,5.85921115667123
427.302730273027,5.8787174628574
427.362736273627,5.89822376904356
427.422742274227,5.91773007522974
427.482748274827,5.93723638141592
427.542754275428,5.9567426876021
427.602760276028,5.97624899378827
427.662766276628,5.99575529997443
427.722772277228,6.01526160616061
427.782778277828,6.03476791234679
427.842784278428,6.05427421853297
427.902790279028,6.07378052471914
427.962796279628,6.0932868309053
428.022802280228,6.11277448989343
428.082808280828,6.13223172450579
428.142814281428,6.15168895911814
428.202820282028,6.17114619373048
428.262826282628,6.19060342834282
428.322832283228,6.21006066295518
428.382838283828,6.22951789756753
428.442844284428,6.24897513217989
428.502850285029,6.26843236679223
428.562856285629,6.28788960140457
428.622862286229,6.30734683601693
428.682868286829,6.32680407062928
428.742874287429,6.34626130524164
428.802880288029,6.36571853985398
428.862886288629,6.38517577446632
428.922892289229,6.40463300907868
428.982898289829,6.42409024369103
429.042904290429,6.44338056472315
429.102910291029,6.46260435376871
429.162916291629,6.48182814281427
429.222922292229,6.50105193185985
429.282928292829,6.52027572090542
429.342934293429,6.539499509951
429.402940294029,6.55872329899656
429.462946294629,6.57794708804212
429.52295229523,6.5971708770877
429.58295829583,6.61639466613328
429.64296429643,6.63561845517886
429.70297029703,6.65484224422442
429.76297629763,6.67406603326998
429.82298229823,6.69328982231556
429.88298829883,6.71251361136114
429.94299429943,6.7317374004067
430.00300030003,6.75090356591215
430.06300630063,6.76897488415507
430.12301230123,6.78704620239802
430.18301830183,6.80511752064096
430.24302430243,6.82318883888388
430.30303030303,6.84126015712683
430.36303630363,6.85933147536975
430.42304230423,6.87740279361269
430.483048304831,6.89547411185564
430.543054305431,6.91354543009856
430.603060306031,6.9316167483415
430.663066306631,6.94968806658443
430.723072307231,6.96775938482737
430.783078307831,6.98583070307031
430.843084308431,7.00390202131324
430.903090309031,7.02197333955618
430.963096309631,7.04004465779911
431.023102310231,7.05795484170639
431.083108310831,7.07560762920737
431.143114311431,7.09326041670834
431.203120312031,7.1109132042093
431.263126312631,7.12856599171028
431.323132313231,7.14621877921126
431.383138313831,7.16387156671223
431.443144314431,7.1815243542132
431.503150315031,7.19917714171416
431.563156315632,7.21682992921514
431.623162316232,7.23448271671612
431.683168316832,7.2521355042171
431.743174317432,7.26978829171806
431.803180318032,7.28744107921902
431.863186318632,7.30509386672
431.923192319232,7.32274665422098
431.983198319832,7.34039944172196
432.043204320432,7.3577503750375
432.103210321032,7.37498392061427
432.163216321632,7.39221746619106
432.223222322232,7.40945101176784
432.283228322832,7.42668455734463
432.343234323432,7.4439181029214
432.403240324032,7.46115164849817
432.463246324632,7.47838519407496
432.523252325233,7.49561873965174
432.583258325833,7.51285228522853
432.643264326433,7.5300858308053
432.703270327033,7.54731937638207
432.763276327633,7.56455292195886
432.823282328233,7.58178646753565
432.883288328833,7.59902001311243
432.943294329433,7.6162535586892
433.003300330033,7.63346400684512
433.063306330633,7.65027759931549
433.123312331233,7.66709119178585
433.183318331833,7.68390478425621
433.243324332433,7.70071837672656
433.303330333033,7.71753196919691
433.363336333633,7.73434556166728
433.423342334233,7.75115915413764
433.483348334834,7.76797274660801
433.543354335434,7.78478633907836
433.603360336034,7.8015999315487
433.663366336634,7.81841352401907
433.723372337234,7.83522711648943
433.783378337834,7.85204070895978
433.843384338434,7.86885430143015
433.903390339034,7.8856678939005
433.963396339634,7.90248148637086
434.023402340234,8.45109374966482
434.083408340834,9.83149367757841
434.143414341434,11.2118936054933
434.203420342034,12.5922935334069
434.263426342634,13.9726934613218
434.323432343234,15.3530933892367
434.383438343834,16.7334933171502
434.443444344434,18.1138932450651
434.503450345034,19.4942931729787
434.563456345635,20.8746931008936
434.623462346235,22.2550930288085
434.683468346835,23.6354929567221
434.743474347435,25.015892884637
434.803480348035,26.3962928125506
434.863486348635,27.7766927404655
434.923492349235,29.1570926683804
434.983498349835,30.5374925962939
435.043504350435,35.8172453113853
435.103510351035,42.5760628767943
435.163516351635,49.3348804422032
435.223522352235,56.0936980076121
435.283528352835,62.8525155730146
435.343534353435,69.6113331384172
435.403540354035,76.3701507038261
435.463546354635,83.128968269235
435.523552355236,89.8877858346439
435.583558355836,96.6466034000465
435.643564356436,103.405420965449
435.703570357036,110.164238530858
435.763576357636,116.923056096267
435.823582358236,123.681873661676
435.883588358836,130.440691227078
435.943594359436,137.199508792481
436.003600360036,143.067416022713
436.063606360636,134.977728001777
436.123612361236,126.888039980842
436.183618361836,118.798351959914
436.243624362436,110.708663938986
436.303630363036,102.618975918051
436.363636363636,94.5292878971152
436.423642364236,86.4395998761796
436.483648364836,78.3499118552517
436.543654365437,70.2602238343239
436.603660366037,62.1705358133884
436.663666366637,54.0808477924528
436.723672367237,45.9911597715173
436.783678367837,37.9014717505894
436.843684368437,29.8117837296615
436.903690369037,21.722095708726
436.963696369637,13.6324076877905
437.023702370237,8.74367997841449
437.083708370837,8.75768894875938
437.143714371437,8.77169791910427
437.203720372037,8.78570688944917
437.263726372637,8.79971585979407
437.323732373237,8.81372483013897
437.383738373837,8.82773380048386
437.443744374437,8.84174277082874
437.503750375037,8.85575174117364
437.563756375638,8.86976071151854
437.623762376238,8.88376968186343
437.683768376838,8.89777865220833
437.743774377438,8.91178762255322
437.803780378038,8.92579659289812
437.863786378638,8.93980556324302
437.923792379238,8.95381453358791
437.983798379838,8.96782350393281
438.043804380438,8.98224837861564
438.103810381038,8.99682708093032
438.163816381638,9.011405783245
438.223822382238,9.02598448555967
438.283828382838,9.04056318787435
438.343834383438,9.05514189018902
438.403840384038,9.0697205925037
438.463846384638,9.08429929481838
438.523852385239,9.09887799713305
438.583858385839,9.11345669944773
438.643864386439,9.12803540176239
438.703870387039,9.14261410407708
438.763876387639,9.15719280639176
438.823882388239,9.17177150870642
438.883888388839,9.18635021102109
438.943894389439,9.20092891333577
439.003900390039,9.21546386194175
439.063906390639,9.22936943027637
439.123912391239,9.24327499861097
439.183918391839,9.25718056694557
439.243924392439,9.27108613528019
439.303930393039,9.28499170361481
439.363936393639,9.29889727194942
439.423942394239,9.31280284028403
439.483948394839,9.32670840861863
439.54395439544,9.34061397695325
439.60396039604,9.35451954528787
439.66396639664,9.36842511362248
439.72397239724,9.38233068195709
439.78397839784,9.39623625029169
439.84398439844,9.41014181862631
439.90399039904,9.42404738696092
439.96399639964,9.43795295529554
440.02400240024,9.45168385727462
440.08400840084,9.46515275972041
440.14401440144,9.47862166216622
440.20402040204,9.49209056461202
440.26402640264,9.50555946705783
440.32403240324,9.51902836950362
440.38403840384,9.53249727194941
440.44404440444,9.54596617439522
440.504050405041,9.55943507684102
440.564056405641,9.57290397928683
440.624062406241,9.58637288173262
440.684068406841,9.59984178417841
440.744074407441,9.61331068662422
440.804080408041,9.62677958907003
440.864086408641,9.64024849151583
440.924092409241,9.65371739396162
440.984098409841,9.66718629640742
441.044104410441,9.68001290795747
441.104110411041,9.69260794523898
441.164116411641,9.70520298252049
441.224122412241,9.71779801980198
441.284128412841,9.73039305708348
441.344134413441,9.74298809436499
441.404140414041,9.7555831316465
441.464146414641,9.768178168928
441.524152415242,9.78077320620951
441.584158415842,9.79336824349101
441.644164416442,9.80596328077252
441.704170417042,9.81855831805403
441.764176417642,9.83115335533553
441.824182418242,9.84374839261704
441.884188418842,9.85634342989854
441.944194419442,9.86893846718005
442.004200420042,9.88146268849107
442.064206420642,9.89304606905135
442.124212421242,9.90462944961163
442.184218421842,9.9162128301719
442.244224422442,9.92779621073218
442.304230423042,9.93937959129247
442.364236423642,9.95096297185274
442.424242424242,9.96254635241302
442.484248424842,9.9741297329733
442.544254425443,9.98571311353358
442.604260426043,9.99729649409386
442.664266426643,10.0088798746541
442.724272427243,10.0204632552144
442.784278427843,10.0320466357747
442.844284428443,10.043630016335
442.904290429043,10.0552133968953
442.964296429643,10.0667967774555
443.024302430243,10.0779146314632
443.084308430843,10.0883485637453
443.144314431443,10.0987824960274
443.204320432043,10.1092164283095
443.264326432643,10.1196503605916
443.324332433243,10.1300842928737
443.384338433843,10.1405182251559
443.444344434443,10.150952157438
443.504350435044,10.1613860897201
443.564356435644,10.1718200220022
443.624362436244,10.1822539542843
443.684368436844,10.1926878865665
443.744374437444,10.2031218188486
443.804380438044,10.2135557511307
443.864386438644,10.2239896834128
443.924392439244,10.2344236156949
443.984398439844,10.244857547977
444.044404440444,10.2543389227812
444.104410441044,10.2634856152282
444.164416441644,10.2726323076752
444.224422442244,10.2817790001223
444.284428442844,10.2909256925693
444.344434443444,10.3000723850163
444.404440444044,10.3092190774633
444.464446444644,10.3183657699103
444.524452445244,10.3275124623574
444.584458445845,10.3366591548044
444.644464446445,10.3458058472514
444.704470447045,10.3549525396984
444.764476447645,10.3640992321454
444.824482448245,10.3732459245925
444.884488448845,10.3823926170395
444.944494449445,10.3915393094865
445.004500450045,10.4005170917092
445.064506450645,10.4074116478315
445.124512451245,10.4143062039537
445.184518451845,10.421200760076
445.244524452445,10.4280953161983
445.304530453045,10.4349898723206
445.364536453645,10.4418844284429
445.424542454245,10.4487789845651
445.484548454845,10.4556735406874
445.544554455446,10.4625680968097
445.604560456046,10.469462652932
445.664566456646,10.4763572090543
445.724572457246,10.4832517651765
445.784578457846,10.4901463212988
445.844584458446,10.4970408774211
445.904590459046,10.5039354335434
445.964596459646,10.5108299896657
446.024602460246,10.5171685666345
446.084608460846,10.522707076041
446.144614461446,10.5282455854475
446.204620462046,10.5337840948539
446.264626462646,10.5393226042604
446.324632463246,10.5448611136669
446.384638463846,10.5503996230734
446.444644464446,10.5559381324799
446.504650465046,10.5614766418864
446.564656465647,10.5670151512929
446.624662466247,10.5725536606994
446.684668466847,10.5780921701059
446.744674467447,10.5836306795124
446.804680468047,10.5891691889189
446.864686468647,10.5947076983254
446.924692469247,10.6002462077318
446.984698469847,10.6057847171383
447.044704470447,10.6103643653254
447.104710471047,10.6146158126923
447.164716471647,10.6188672600593
447.224722472247,10.6231187074263
447.284728472847,10.6273701547932
447.344734473447,10.6316216021602
447.404740474047,10.6358730495272
447.464746474647,10.6401244968941
447.524752475248,10.6443759442611
447.584758475848,10.648627391628
447.644764476448,10.652878838995
447.704770477048,10.657130286362
447.764776477648,10.6613817337289
447.824782478248,10.6656331810959
447.884788478848,10.6698846284628
447.944794479448,10.6741360758298
448.004800480048,10.6782900770077
448.064806480648,10.6813234470114
448.124812481248,10.684356817015
448.184818481848,10.6873901870187
448.244824482448,10.6904235570224
448.304830483048,10.693456927026
448.364836483648,10.6964902970297
448.424842484248,10.6995236670334
448.484848484848,10.702557037037
448.544854485449,10.7055904070407
448.604860486049,10.7086237770444
448.664866486649,10.711657147048
448.724872487249,10.7146905170517
448.784878487849,10.7177238870554
448.844884488449,10.720757257059
448.904890489049,10.7237906270627
448.964896489649,10.7268239970664
449.024902490249,10.7293804936049
449.084908490849,10.7312647709215
449.144914491449,10.7331490482381
449.204920492049,10.7350333255548
449.264926492649,10.7369176028714
449.324932493249,10.738801880188
449.384938493849,10.7406861575046
449.444944494449,10.7425704348212
449.50495049505,10.7444547121379
449.56495649565,10.7463389894545
449.62496249625,10.7482232667711
449.68496849685,10.7501075440877
449.74497449745,10.7519918214044
449.80498049805,10.753876098721
449.86498649865,10.7557603760376
449.92499249925,10.7576446533542
449.98499849985,10.7595289306708
450.04500450045,10.7608388838884
450.10501050105,10.7619573957396
450.16501650165,10.7630759075908
450.22502250225,10.7641944194419
450.28502850285,10.7653129312931
450.34503450345,10.7664314431443
450.40504050405,10.7675499549955
450.46504650465,10.7686684668467
450.525052505251,10.7697869786979
450.585058505851,10.7709054905491
450.645064506451,10.7720240024002
450.705070507051,10.7731425142514
450.765076507651,10.7742610261026
450.825082508251,10.7753795379538
450.885088508851,10.776498049805
450.945094509451,10.7776165616562
451.005100510051,10.7786424482448
451.065106510651,10.7786712511251
451.125112511251,10.7787000540054
451.185118511851,10.7787288568857
451.245124512451,10.778757659766
451.305130513051,10.7787864626463
451.365136513651,10.7788152655266
451.425142514251,10.7788440684068
451.485148514852,10.7788728712871
451.545154515452,10.7789016741674
451.605160516052,10.7789304770477
451.665166516652,10.778959279928
451.725172517252,10.7789880828083
451.785178517852,10.7790168856886
451.845184518452,10.7790456885689
451.905190519052,10.7790744914491
451.965196519652,10.7791032943294
452.025202520252,10.7786703870387
452.085208520852,10.777599879988
452.145214521452,10.7765293729373
452.205220522052,10.7754588658866
452.265226522652,10.7743883588359
452.325232523252,10.7733178517852
452.385238523852,10.7722473447345
452.445244524452,10.7711768376838
452.505250525052,10.7701063306331
452.565256525653,10.7690358235824
452.625262526253,10.7679653165317
452.685268526853,10.7668948094809
452.745274527453,10.7658243024302
452.805280528053,10.7647537953795
452.865286528653,10.7636832883288
452.925292529253,10.7626127812781
452.985298529853,10.7615422742274
453.045304530453,10.7596345394539
453.105310531053,10.7574551215122
453.165316531653,10.7552757035704
453.225322532253,10.7530962856286
453.285328532853,10.7509168676868
453.345334533453,10.748737449745
453.405340534053,10.7465580318032
453.465346534653,10.7443786138614
453.525352535254,10.7421991959196
453.585358535854,10.7400197779778
453.645364536454,10.737840360036
453.705370537054,10.7356609420942
453.765376537654,10.7334815241524
453.825382538254,10.7313021062106
453.885388538854,10.7291226882688
453.945394539454,10.726943270327
454.005400540054,10.7246631863186
454.065406540654,10.7213652565257
454.125412541254,10.7180673267327
454.185418541854,10.7147693969397
454.245424542454,10.7114714671467
454.305430543054,10.7081735373537
454.365436543654,10.7048756075608
454.425442544254,10.7015776777678
454.485448544854,10.6982797479748
454.545454545455,10.6949818181818
454.605460546055,10.6916838883888
454.665466546655,10.6883859585959
454.725472547255,10.6850880288029
454.785478547855,10.6817900990099
454.845484548455,10.6784921692169
454.905490549055,10.6751942394239
454.965496549655,10.671896309631
455.025502550255,10.6679475547555
455.085508550855,10.6631182718272
455.145514551455,10.6582889888989
455.205520552055,10.6534597059706
455.265526552655,10.6486304230423
455.325532553255,10.643801140114
455.385538553855,10.6389718571857
455.445544554455,10.6341425742574
455.505550555055,10.6293132913291
455.565556555656,10.6244840084008
455.625562556256,10.6196547254725
455.685568556856,10.6148254425443
455.745574557456,10.609996159616
455.805580558056,10.6051668766877
455.865586558656,10.6003375937594
455.925592559256,10.5955083108311
455.985598559856,10.5906790279028
456.045604560456,10.5850616981698
456.105610561056,10.5791955115512
456.165616561656,10.5733293249325
456.225622562256,10.5674631383138
456.285628562856,10.5615969516952
456.345634563456,10.5557307650765
456.405640564056,10.5498645784578
456.465646564656,10.5439983918392
456.525652565257,10.5381322052205
456.585658565857,10.5322660186019
456.645664566457,10.5263998319832
456.705670567057,10.5205336453645
456.765676567657,10.5146674587459
456.825682568257,10.5088012721272
456.885688568857,10.5029350855086
456.945694569457,10.4970688988899
457.005700570057,10.4911128712871
457.065706570657,10.484300990099
457.125712571257,10.4774891089109
457.185718571857,10.4706772277228
457.245724572457,10.4638653465347
457.305730573057,10.4570534653465
457.365736573657,10.4502415841584
457.425742574257,10.4434297029703
457.485748574857,10.4366178217822
457.545754575458,10.4298059405941
457.605760576058,10.4229940594059
457.665766576658,10.4161821782178
457.725772577258,10.4093702970297
457.785778577858,10.4025584158416
457.845784578458,10.3957465346535
457.905790579058,10.3889346534653
457.965796579658,10.3821227722772
458.025802580258,10.3749434623462
458.085808580858,10.3672770957096
458.145814581458,10.3596107290729
458.205820582058,10.3519443624362
458.265826582658,10.3442779957996
458.325832583258,10.3366116291629
458.385838583858,10.3289452625263
458.445844584458,10.3212788958896
458.505850585059,10.3136125292529
458.565856585659,10.3059461626163
458.625862586259,10.2982797959796
458.685868586859,10.2906134293429
458.745874587459,10.2829470627063
458.805880588059,10.2752806960696
458.865886588659,10.2676143294329
458.925892589259,10.2599479627963
458.985898589859,10.2522815961596
459.045904590459,10.2440313231323
459.105910591059,10.235601680168
459.165916591659,10.2271720372037
459.225922592259,10.2187423942394
459.285928592859,10.2103127512751
459.345934593459,10.2018831083108
459.405940594059,10.1934534653465
459.465946594659,10.1850238223822
459.52595259526,10.1765941794179
459.58595859586,10.1681645364536
459.64596459646,10.1597348934894
459.70597059706,10.1513052505251
459.76597659766,10.1428756075608
459.82598259826,10.1344459645965
459.88598859886,10.1260163216322
459.94599459946,10.1175866786679
460.00600060006,10.109099429943
460.06600660066,10.1000937293729
460.12601260126,10.0910880288029
460.18601860186,10.0820823282328
460.24602460246,10.0730766276628
460.30603060306,10.0640709270927
460.36603660366,10.0550652265227
460.42604260426,10.0460595259526
460.48604860486,10.0370538253825
460.546054605461,10.0280481248125
460.606060606061,10.0190424242424
460.666066606661,10.0100367236724
460.726072607261,10.0010310231023
460.786078607861,9.99202532253226
460.846084608461,9.9830196219622
460.906090609061,9.97401392139214
460.966096609661,9.96500822082209
461.026102610261,9.95573940594059
461.086108610861,9.94612884488449
461.146114611461,9.93651828382838
461.206120612061,9.92690772277227
461.266126612661,9.91729716171617
461.326132613261,9.90768660066006
461.386138613861,9.89807603960396
461.446144614461,9.88846547854785
461.506150615062,9.87885491749175
461.566156615662,9.86924435643565
461.626162616262,9.85963379537954
461.686168616862,9.85002323432344
461.746174617462,9.84041267326733
461.806180618062,9.83080211221122
461.866186618662,9.82119155115512
461.926192619262,9.81158099009901
461.986198619862,9.80197042904291
462.046204620462,9.79194587458746
462.106210621062,9.78179765976597
462.166216621662,9.7716494449445
462.226222622262,9.76150123012301
462.286228622862,9.75135301530153
462.346234623462,9.74120480048005
462.406240624062,9.73105658565857
462.466246624662,9.72090837083708
462.526252625263,9.7107601560156
462.586258625863,9.70061194119412
462.646264626463,9.69046372637264
462.706270627063,9.68031551155116
462.766276627663,9.67016729672967
462.826282628263,9.66001908190819
462.886288628863,9.64987086708671
462.946294629463,9.63972265226522
463.006300630063,9.62952504050405
463.066306630663,9.61890637863786
463.126312631263,9.60828771677167
463.186318631863,9.59766905490549
463.246324632463,9.5870503930393
463.306330633063,9.57643173117312
463.366336633663,9.56581306930693
463.426342634263,9.55519440744074
463.486348634863,9.54457574557456
463.546354635464,9.53395708370837
463.606360636064,9.52333842184219
463.666366636664,9.512719759976
463.726372637264,9.50210109810981
463.786378637864,9.49148243624363
463.846384638464,9.48086377437744
463.906390639064,9.47024511251126
463.966396639664,9.45962645064506
464.026402640264,9.44883036303631
464.086408640864,9.43780846084609
464.146414641464,9.42678655865586
464.206420642064,9.41576465646565
464.266426642664,9.40474275427543
464.326432643264,9.39372085208521
464.386438643864,9.38269894989499
464.446444644464,9.37167704770477
464.506450645064,9.36065514551455
464.566456645665,9.34963324332433
464.626462646265,9.33861134113412
464.686468646865,9.32758943894389
464.746474647465,9.31656753675367
464.806480648065,9.30554563456346
464.866486648665,9.29452373237324
464.926492649265,9.28350183018302
464.986498649865,9.2724799279928
465.046504650465,9.26122736273627
465.106510651065,9.24990783078308
465.166516651665,9.23858829882988
465.226522652265,9.22726876687669
465.286528652865,9.21594923492349
465.346534653465,9.20462970297029
465.406540654065,9.1933101710171
465.466546654665,9.1819906390639
465.526552655266,9.17067110711072
465.586558655866,9.15935157515752
465.646564656466,9.14803204320432
465.706570657066,9.13671251125113
465.766576657666,9.12539297929793
465.826582658266,9.11407344734474
465.886588658866,9.10275391539154
465.946594659466,9.09143438343834
466.006600660066,9.08008422442244
466.066606660666,9.06848626462646
466.126612661266,9.05688830483049
466.186618661866,9.0452903450345
466.246624662466,9.03369238523853
466.306630663066,9.02209442544255
466.366636663666,9.01049646564656
466.426642664266,8.99889850585059
466.486648664866,8.9873005460546
466.546654665467,8.97570258625863
466.606660666067,8.96410462646265
466.666666666667,8.95250666666666
466.726672667267,8.94090870687069
466.786678667867,8.92931074707471
466.846684668467,8.91771278727873
466.906690669067,8.90611482748275
466.966696669667,8.89451686768676
467.026702670267,8.88282064206421
467.086708670867,8.87100186018602
467.146714671467,8.85918307830784
467.206720672067,8.84736429642964
467.266726672667,8.83554551455145
467.326732673267,8.82372673267327
467.386738673867,8.81190795079508
467.446744674467,8.8000891689169
467.506750675068,8.7882703870387
467.566756675668,8.77645160516051
467.626762676268,8.76463282328233
467.686768676868,8.75281404140414
467.746774677468,8.74099525952596
467.806780678068,8.72917647764776
467.866786678668,8.71735769576958
467.926792679268,8.70553891389139
467.986798679868,8.6937201320132
468.046804680468,8.68177404140414
468.106810681068,8.66979204320432
468.166816681668,8.65781004500451
468.226822682268,8.64582804680468
468.286828682868,8.63384604860486
468.346834683468,8.62186405040504
468.406840684068,8.60988205220522
468.466846684668,8.59790005400541
468.526852685269,8.58591805580558
468.586858685869,8.57393605760576
468.646864686469,8.56195405940594
468.706870687069,8.54997206120612
468.766876687669,8.53799006300631
468.826882688269,8.52600806480648
468.886888688869,8.51402606660666
468.946894689469,8.50204406840684
469.006900690069,8.4900499249925
469.066906690669,8.47796231623163
469.126912691269,8.46587470747075
469.186918691869,8.45378709870987
469.246924692469,8.441699489949
469.306930693069,8.42961188118812
469.366936693669,8.41752427242725
469.426942694269,8.40543666366637
469.48694869487,8.39334905490549
469.54695469547,8.38126144614462
469.60696069607,8.36917383738374
469.66696669667,8.35708622862287
469.72697269727,8.34499861986198
469.78697869787,8.33291101110111
469.84698469847,8.32082340234023
469.90699069907,8.30873579357935
469.96699669967,8.29664818481849
470.02700270027,8.28322556255625
470.08700870087,8.26817125712572
470.14701470147,8.25311695169517
470.20702070207,8.23806264626462
470.26702670267,8.22300834083409
470.32703270327,8.20795403540354
470.38703870387,8.192899729973
470.44704470447,8.17784542454246
470.507050705071,8.16279111911191
470.567056705671,8.14773681368137
470.627062706271,8.13268250825082
470.687068706871,8.11762820282029
470.747074707471,8.10257389738974
470.807080708071,8.08751959195919
470.867086708671,8.07246528652866
470.927092709271,8.05741098109811
470.987098709871,8.04235667566757
471.047104710471,8.02788270027003
471.107110711071,8.01356766876687
471.167116711671,7.99925263726373
471.227122712271,7.98493760576057
471.287128712871,7.97062257425743
471.347134713471,7.95630754275428
471.407140714071,7.94199251125112
471.467146714671,7.92767747974798
471.527152715272,7.91336244824482
471.587158715872,7.89904741674168
471.647164716472,7.88473238523852
471.707170717072,7.87041735373538
471.767176717672,7.85610232223222
471.827182718272,7.84178729072907
471.887188718872,7.82747225922593
471.947194719472,7.81315722772277
472.007200720072,7.79902538253826
472.067206720672,7.78623690369037
472.127212721272,7.77344842484248
472.187218721872,7.7606599459946
472.247224722472,7.74787146714671
472.307230723072,7.73508298829884
472.367236723672,7.72229450945095
472.427242724272,7.70950603060306
472.487248724872,7.69671755175518
472.547254725473,7.68392907290729
472.607260726073,7.67114059405941
472.667266726673,7.65835211521152
472.727272727273,7.64556363636363
472.787278727873,7.63277515751575
472.847284728473,7.61998667866786
472.907290729073,7.60719819981999
472.967296729673,7.5944097209721
473.027302730273,7.58267403540354
473.087308730873,7.5721993879388
473.147314731473,7.56172474047405
473.207320732073,7.5512500930093
473.267326732673,7.54077544554455
473.327332733273,7.5303007980798
473.387338733873,7.51982615061506
473.447344734473,7.50935150315031
473.507350735073,7.49887685568557
473.567356735674,7.48840220822082
473.627362736274,7.47792756075607
473.687368736874,7.46745291329133
473.747374737474,7.45697826582658
473.807380738074,7.44650361836184
473.867386738674,7.43602897089709
473.927392739274,7.42555432343235
473.987398739874,7.4150796759676
474.047404740474,7.40705490549055
474.107410741074,7.39968136813682
474.167416741674,7.39230783078308
474.227422742274,7.38493429342935
474.287428742874,7.37756075607561
474.347434743474,7.37018721872187
474.407440744074,7.36281368136814
474.467446744674,7.3554401440144
474.527452745275,7.34806660666067
474.587458745875,7.34069306930693
474.647464746475,7.33331953195319
474.707470747075,7.32594599459946
474.767476747675,7.31857245724572
474.827482748275,7.31119891989199
474.887488748875,7.30382538253825
474.947494749475,7.29645184518452
475.007500750075,7.288400240024
475.067506750675,7.27560216021602
475.127512751275,7.26280408040805
475.187518751875,7.25000600060006
475.247524752475,7.23720792079207
475.307530753075,7.2244098409841
475.367536753675,7.21161176117611
475.427542754275,7.19881368136814
475.487548754875,7.18601560156016
475.547554755476,7.17321752175218
475.607560756076,7.1604194419442
475.667566756676,7.14762136213621
475.727572757276,7.13482328232824
475.787578757876,7.12202520252025
475.847584758476,7.10922712271228
475.907590759076,7.09642904290429
475.967596759676,7.08363096309631
476.027602760276,7.07405467746775
476.087608760876,7.0682604980498
476.147614761476,7.06246631863187
476.207620762076,7.05667213921392
476.267626762676,7.05087795979598
476.327632763276,7.04508378037804
476.387638763876,7.0392896009601
476.447644764476,7.03349542154216
476.507650765077,7.02770124212421
476.567656765677,7.02190706270627
476.627662766277,7.01611288328833
476.687668766877,7.01031870387039
476.747674767477,7.00452452445245
476.807680768077,6.9987303450345
476.867686768677,6.99293616561656
476.927692769277,6.98714198619862
476.987698769877,6.98134780678068
477.047704770477,6.98359855985598
477.107710771077,6.98792379237924
477.167716771677,6.99224902490249
477.227722772277,6.99657425742574
477.287728772877,7.000899489949
477.347734773477,7.00522472247225
477.407740774077,7.0095499549955
477.467746774677,7.01387518751875
477.527752775278,7.018200420042
477.587758775878,7.02252565256526
477.647764776478,7.02685088508851
477.707770777078,7.03117611761176
477.767776777678,7.03550135013501
477.827782778278,7.03982658265827
477.887788778878,7.04415181518152
477.947794779478,7.04847704770477
478.007800780078,7.05452282028203
478.067806780678,7.07208297629762
478.127812781278,7.08964313231323
478.187818781878,7.10720328832884
478.247824782478,7.12476344434443
478.307830783078,7.14232360036004
478.367836783678,7.15988375637563
478.427842784278,7.17744391239124
478.487848784879,7.19500406840685
478.547854785479,7.21256422442244
478.607860786079,7.23012438043805
478.667866786679,7.24768453645364
478.727872787279,7.26524469246925
478.787878787879,7.28280484848486
478.847884788479,7.30036500450045
478.907890789079,7.31792516051605
478.967896789679,7.33548531653165
479.027902790279,7.36064842484249
479.087908790879,7.3945590159016
479.147914791479,7.42846960696069
479.207920792079,7.46238019801981
479.267926792679,7.4962907890789
479.327932793279,7.53020138013802
479.387938793879,7.5641119711971
479.447944794479,7.59802256225622
479.50795079508,7.63193315331534
479.56795679568,7.66584374437443
479.62796279628,7.69975433543355
479.68796879688,7.73366492649263
479.74797479748,7.76757551755175
479.80798079808,7.80148610861087
479.86798679868,7.83539669966996
479.92799279928,7.86930729072908
479.98799879988,7.90321788178816
480.04800480048,7.98840144014401
480.10801080108,8.08640324032406
480.16801680168,8.18440504050403
480.22802280228,8.28240684068408
480.28802880288,8.38040864086405
480.34803480348,8.4784104410441
480.40804080408,8.57641224122416
480.46804680468,8.67441404140412
480.528052805281,8.77241584158418
480.588058805881,8.87041764176414
480.648064806481,8.96841944194419
480.708070807081,9.06642124212425
480.768076807681,9.16442304230421
480.828082808281,9.26242484248427
480.888088808881,9.36042664266423
480.948094809481,9.45842844284429
481.008100810081,9.55797263726377
481.068106810681,9.66739957995798
481.128112811281,9.77682652265229
481.188118811881,9.8862534653465
481.248124812481,9.99568040804081
481.308130813081,10.1051073507351
481.368136813681,10.2145342934293
481.428142814281,10.3239612361236
481.488148814881,10.4333881788178
481.548154815482,10.5428151215122
481.608160816082,10.6522420642064
481.668166816682,10.7616690069007
481.728172817282,10.871095949595
481.788178817882,10.9805228922892
481.848184818482,11.0899498349835
481.908190819082,11.1993767776777
481.968196819682,11.308803720372
482.028202820282,11.4198213021302
482.088208820882,11.5326325832583
482.148214821482,11.6454438643865
482.208220822082,11.7582551455145
482.268226822682,11.8710664266427
482.328232823282,11.9838777077708
482.388238823882,12.0966889888989
482.448244824482,12.209500270027
482.508250825082,12.3223115511551
482.568256825683,12.4351228322832
482.628262826283,12.5479341134114
482.688268826883,12.6607453945394
482.748274827483,12.7735566756676
482.808280828083,12.8863679567956
482.868286828683,12.9991792379238
482.928292829283,13.111990519052
482.988298829883,13.22480180018
483.048304830483,13.3338646264627
483.108310831083,13.4420194419442
483.168316831683,13.5501742574257
483.228322832283,13.6583290729072
483.288328832883,13.7664838883888
483.348334833483,13.8746387038704
483.408340834083,13.9827935193519
483.468346834683,14.0909483348335
483.528352835283,14.199103150315
483.588358835884,14.3072579657966
483.648364836484,14.4154127812782
483.708370837084,14.5235675967596
483.768376837684,14.6317224122412
483.828382838284,14.7398772277227
483.888388838884,14.8480320432043
483.948394839484,14.9561868586859
484.008400840084,15.0625640564056
484.068406840684,15.1580216021602
484.128412841284,15.2534791479148
484.188418841884,15.3489366936694
484.248424842484,15.444394239424
484.308430843084,15.5398517851785
484.368436843684,15.6353093309331
484.428442844284,15.7307668766876
484.488448844884,15.8262244224422
484.548454845485,15.9216819681969
484.608460846085,16.0171395139514
484.668466846685,16.112597059706
484.728472847285,16.2080546054605
484.788478847885,16.3035121512151
484.848484848485,16.3989696969697
484.908490849085,16.4944272427243
484.968496849685,16.5898847884789
485.028502850285,16.6581528952895
485.088508850885,16.6963695169517
485.148514851485,16.7345861386139
485.208520852085,16.772802760276
485.268526852685,16.8110193819382
485.328532853285,16.8492360036003
485.388538853885,16.8874526252625
485.448544854485,16.9256692469247
485.508550855086,16.9638858685869
485.568556855686,17.002102490249
485.628562856286,17.0403191119112
485.688568856886,17.0785357335734
485.748574857486,17.1167523552355
485.808580858086,17.1549689768977
485.868586858686,17.1931855985599
485.928592859286,17.231402220222
485.988598859886,17.2696188418842
486.048604860486,17.29191639964
486.108610861086,17.3104798559856
486.168616861686,17.3290433123312
486.228622862286,17.3476067686769
486.288628862886,17.3661702250225
486.348634863486,17.3847336813681
486.408640864086,17.4032971377138
486.468646864686,17.4218605940594
486.528652865287,17.440424050405
486.588658865887,17.4589875067507
486.648664866487,17.4775509630963
486.708670867087,17.4961144194419
486.768676867687,17.5146778757876
486.828682868287,17.5332413321332
486.888688868887,17.5518047884789
486.948694869487,17.5703682448245
487.008700870087,17.5862393039304
487.068706870687,17.5862345034503
487.128712871287,17.5862297029703
487.188718871887,17.5862249024902
487.248724872487,17.5862201020102
487.308730873087,17.5862153015302
487.368736873687,17.5862105010501
487.428742874287,17.5862057005701
487.488748874888,17.58620090009
487.548754875488,17.58619609961
487.608760876088,17.5861912991299
487.668766876688,17.5861864986499
487.728772877288,17.5861816981698
487.788778877888,17.5861768976898
487.848784878488,17.5861720972097
487.908790879088,17.5861672967297
487.968796879688,17.5861624962496
488.028802880288,17.5777656885689
488.088808880888,17.560277539754
488.148814881488,17.5427893909391
488.208820882088,17.5253012421242
488.268826882688,17.5078130933093
488.328832883288,17.4903249444944
488.388838883888,17.4728367956796
488.448844884488,17.4553486468647
488.508850885089,17.4378604980498
488.568856885689,17.4203723492349
488.628862886289,17.40288420042
488.688868886889,17.3853960516052
488.748874887489,17.3679079027903
488.808880888089,17.3504197539754
488.868886888689,17.3329316051605
488.928892889289,17.3154434563456
488.988898889889,17.2979553075307
489.048904890489,17.267102430243
489.108910891089,17.2332158415842
489.168916891689,17.1993292529253
489.228922892289,17.1654426642664
489.288928892889,17.1315560756076
489.348934893489,17.0976694869487
489.408940894089,17.0637828982898
489.468946894689,17.029896309631
489.52895289529,16.9960097209721
489.58895889589,16.9621231323132
489.64896489649,16.9282365436544
489.70897089709,16.8943499549955
489.76897689769,16.8604633663366
489.82898289829,16.8265767776778
489.88898889889,16.7926901890189
489.94899489949,16.75880360036
490.00900090009,16.7209177317732
490.06900690069,16.6603692769277
490.12901290129,16.5998208220822
490.18901890189,16.5392723672367
490.24902490249,16.4787239123912
490.30903090309,16.4181754575457
490.36903690369,16.3576270027003
490.42904290429,16.2970785478548
490.48904890489,16.2365300930093
490.549054905491,16.1759816381638
490.609060906091,16.1154331833183
490.669066906691,16.0548847284729
490.729072907291,15.9943362736273
490.789078907891,15.9337878187819
490.849084908491,15.8732393639364
490.909090909091,15.8126909090909
490.969096909691,15.7521424542454
491.029102910291,15.6860691029103
491.089108910891,15.6141291089109
491.149114911491,15.5421891149115
491.209120912091,15.4702491209121
491.269126912691,15.3983091269127
491.329132913291,15.3263691329133
491.389138913891,15.2544291389139
491.449144914491,15.1824891449145
491.509150915091,15.1105491509151
491.569156915692,15.0386091569157
491.629162916292,14.9666691629163
491.689168916892,14.8947291689169
491.749174917492,14.8227891749175
491.809180918092,14.7508491809181
491.869186918692,14.6789091869187
491.929192919292,14.6069691929193
491.989198919892,14.5350291989199
492.049204920492,14.4569641764176
492.109210921092,14.3775546354636
492.169216921692,14.2981450945095
492.229222922292,14.2187355535553
492.289228922892,14.1393260126013
492.349234923492,14.0599164716471
492.409240924092,13.9805069306931
492.469246924692,13.901097389739
492.529252925293,13.8216878487848
492.589258925893,13.7422783078308
492.649264926493,13.6628687668767
492.709270927093,13.5834592259226
492.769276927693,13.5040496849685
492.829282928293,13.4246401440144
492.889288928893,13.3452306030603
492.949294929493,13.2658210621062
493.009300930093,13.185861650165
493.069306930693,13.1029045544554
493.129312931293,13.0199474587459
493.189318931893,12.9369903630363
493.249324932493,12.8540332673267
493.309330933093,12.7710761716172
493.369336933693,12.6881190759076
493.429342934293,12.6051619801981
493.489348934893,12.5222048844885
493.549354935494,12.4392477887789
493.609360936094,12.3562906930693
493.669366936694,12.2733335973597
493.729372937294,12.1903765016502
493.789378937894,12.1074194059406
493.849384938494,12.024462310231
493.909390939094,11.9415052145215
493.969396939694,11.8585481188119
494.029402940294,11.7757744974498
494.089408940894,11.6931918391839
494.149414941494,11.6106091809181
494.209420942094,11.5280265226523
494.269426942694,11.4454438643864
494.329432943294,11.3628612061206
494.389438943894,11.2802785478548
494.449444944494,11.1976958895889
494.509450945094,11.1151132313231
494.569456945695,11.0325305730573
494.629462946295,10.9499479147915
494.689468946895,10.8673652565256
494.749474947495,10.7847825982599
494.809480948095,10.702199939994
494.869486948695,10.6196172817282
494.929492949295,10.5370346234624
494.989498949895,10.4544519651965
495.049504950495,10.3881821782179
495.109510951095,10.3253726972697
495.169516951695,10.2625632163216
495.229522952295,10.1997537353736
495.289528952895,10.1369442544254
495.349534953495,10.0741347734774
495.409540954095,10.0113252925293
495.469546954695,9.94851581158114
495.529552955296,9.88570633063308
495.589558955896,9.82289684968496
495.649564956496,9.7600873687369
495.709570957096,9.69727788778878
495.769576957696,9.63446840684066
495.829582958296,9.5716589258926
495.889588958896,9.50884944494448
495.949594959496,9.44603996399642
496.009600960096,9.38392636063607
496.069606960696,9.32546611461144
496.129612961296,9.26700586858687
496.189618961896,9.20854562256225
496.249624962496,9.15008537653768
496.309630963096,9.09162513051305
496.369636963696,9.03316488448843
496.429642964296,8.97470463846386
496.489648964897,8.91624439243923
496.549654965497,8.85778414641466
496.609660966097,8.79932390039004
496.669666966697,8.74086365436541
496.729672967297,8.68240340834084
496.789678967897,8.62394316231622
496.849684968497,8.56548291629165
496.909690969097,8.50702267026702
496.969696969697,8.44856242424245
497.029702970297,8.39228118811882
497.089708970897,8.33822298229822
497.149714971497,8.28416477647766
497.209720972097,8.23010657065706
497.269726972697,8.17604836483651
497.329732973297,8.12199015901591
497.389738973897,8.0679319531953
497.449744974497,8.01387374737475
497.509750975098,7.95981554155415
497.569756975698,7.9057573357336
497.629762976298,7.85169912991299
497.689768976898,7.79764092409239
497.749774977498,7.74358271827184
497.809780978098,7.68952451245124
497.869786978698,7.63546630663068
497.929792979298,7.58140810081008
497.989798979898,7.52734989498948
498.049804980498,7.4769892109211
498.109810981098,7.42738585058505
498.169816981698,7.37778249024904
498.229822982298,7.32817912991299
498.289828982898,7.27857576957694
498.349834983498,7.22897240924093
498.409840984098,7.17936904890488
498.469846984698,7.12976568856887
498.529852985299,7.08016232823282
498.589858985899,7.03055896789682
498.649864986499,6.98095560756076
498.709870987099,6.93135224722471
498.769876987699,6.8817488868887
498.829882988299,6.83214552655265
498.889888988899,6.78254216621665
498.949894989499,6.73293880588059
499.009900990099,6.68407920792078
499.069906990699,6.63898349834985
499.129912991299,6.59388778877887
499.189918991899,6.54879207920794
499.249924992499,6.50369636963697
499.309930993099,6.45860066006599
499.369936993699,6.41350495049506
499.429942994299,6.36840924092409
499.489948994899,6.32331353135315
499.5499549955,6.27821782178218
499.6099609961,6.23312211221121
499.6699669967,6.18802640264027
499.7299729973,6.1429306930693
499.7899789979,6.09783498349837
499.8499849985,6.05273927392739
499.9099909991,6.00764356435642
499.9699969997,5.96254785478549
500.0300030003,5.92011641164116
500.0900090009,5.88034923492351
500.1500150015,5.84058205820582
500.2100210021,5.80081488148813
500.2700270027,5.76104770477048
500.3300330033,5.7212805280528
500.3900390039,5.68151335133515
500.4500450045,5.64174617461746
500.510051005101,5.60197899789977
500.570057005701,5.56221182118212
500.630063006301,5.52244464446444
500.690069006901,5.48267746774679
500.750075007501,5.4429102910291
500.810081008101,5.40314311431145
500.870087008701,5.36337593759376
500.930093009301,5.32360876087608
500.990099009901,5.28384158415843
501.050105010501,5.24776614461446
501.110111011101,5.21242021002102
501.170117011701,5.17707427542755
501.230123012301,5.14172834083407
501.290129012901,5.10638240624063
501.350135013501,5.07103647164716
501.410141014101,5.03569053705372
501.470147014701,5.00034460246025
501.530153015302,4.96499866786677
501.590159015902,4.92965273327334
501.650165016502,4.89430679867986
501.710171017102,4.85896086408642
501.770177017702,4.82361492949295
501.830183018302,4.78826899489948
501.890189018902,4.75292306030604
501.950195019502,4.71757712571257
502.010201020102,4.6829591359136
502.070207020702,4.65189522952295
502.130213021302,4.6208313231323
502.190219021902,4.58976741674168
502.250225022502,4.55870351035103
502.310231023102,4.52763960396041
502.370237023702,4.49657569756976
502.430243024302,4.46551179117913
502.490249024902,4.43444788478848
502.550255025503,4.40338397839783
502.610261026103,4.37232007200721
502.670267026703,4.34125616561656
502.730273027303,4.31019225922594
502.790279027903,4.27912835283529
502.850285028503,4.24806444644464
502.910291029103,4.21700054005401
502.970297029703,4.18593663366336
503.030303030303,4.15696484848486
503.090309030903,4.13004375637564
503.150315031503,4.10312266426642
503.210321032103,4.07620157215722
503.270327032703,4.049280480048
503.330333033303,4.02235938793881
503.390339033903,3.99543829582958
503.450345034503,3.96851720372036
503.510351035103,3.94159611161117
503.570357035704,3.91467501950195
503.630363036304,3.88775392739275
503.690369036904,3.86083283528353
503.750375037504,3.83391174317431
503.810381038104,3.80699065106511
503.870387038704,3.78006955895589
503.930393039304,3.75314846684669
503.990399039904,3.72622737473747
504.050405040504,3.70266930693068
504.110411041104,3.67975181518152
504.170417041704,3.65683432343234
504.230423042304,3.63391683168318
504.290429042904,3.61099933993399
504.350435043504,3.58808184818481
504.410441044104,3.56516435643565
504.470447044704,3.54224686468646
504.530453045305,3.5193293729373
504.590459045905,3.49641188118812
504.650465046505,3.47349438943895
504.710471047105,3.45057689768977
504.770477047705,3.42765940594059
504.830483048305,3.40474191419143
504.890489048905,3.38182442244224
504.950495049505,3.35890693069308
505.010501050105,3.33693453345335
505.070507050705,3.31941758175817
505.130513051305,3.30190063006301
505.190519051905,3.28438367836783
505.250525052505,3.26686672667267
505.310531053105,3.2493497749775
505.370537053705,3.23183282328232
505.430543054305,3.21431587158716
505.490549054906,3.19679891989199
505.550555055506,3.17928196819683
505.610561056106,3.16176501650165
505.670567056706,3.14424806480647
505.730573057306,3.12673111311131
505.790579057906,3.10921416141614
505.850585058506,3.09169720972098
505.910591059106,3.0741802580258
505.970597059706,3.05666330633063
506.030603060306,3.04085033303331
506.090609060906,3.02667451545154
506.150615061506,3.01249869786979
506.210621062106,2.99832288028803
506.270627062706,2.98414706270628
506.330633063306,2.96997124512451
506.390639063906,2.95579542754275
506.450645064506,2.941619609961
506.510651065107,2.92744379237924
506.570657065707,2.91326797479749
506.630663066307,2.89909215721572
506.690669066907,2.88491633963396
506.750675067507,2.87074052205221
506.810681068107,2.85656470447045
506.870687068707,2.8423888868887
506.930693069307,2.82821306930693
506.990699069907,2.81403725172517
507.050705070507,2.80224254425443
507.110711071107,2.79088460846084
507.170717071707,2.77952667266727
507.230723072307,2.76816873687369
507.290729072907,2.7568108010801
507.350735073507,2.74545286528653
507.410741074107,2.73409492949295
507.470747074707,2.72273699369937
507.530753075308,2.71137905790579
507.590759075908,2.70002112211221
507.650765076508,2.68866318631863
507.710771077108,2.67730525052505
507.770777077708,2.66594731473148
507.830783078308,2.65458937893789
507.890789078908,2.64323144314431
507.950795079508,2.63187350735074
508.010801080108,2.62092860486048
508.070807080708,2.61186529852986
508.130813081308,2.60280199219922
508.190819081908,2.59373868586858
508.250825082508,2.58467537953796
508.310831083108,2.57561207320732
508.370837083708,2.56654876687669
508.430843084308,2.55748546054605
508.490849084908,2.54842215421543
508.550855085509,2.53935884788479
508.610861086109,2.53029554155415
508.670867086709,2.52123223522353
508.730873087309,2.51216892889289
508.790879087909,2.50310562256226
508.850885088509,2.49404231623162
508.910891089109,2.48497900990099
508.970897089709,2.47591570357036
509.030903090309,2.46776465646565
509.090909090909,2.46047272727273
509.150915091509,2.45318079807981
509.210921092109,2.44588886888689
509.270927092709,2.43859693969397
509.330933093309,2.43130501050105
509.390939093909,2.42401308130813
509.450945094509,2.41672115211521
509.51095109511,2.40942922292229
509.57095709571,2.40213729372937
509.63096309631,2.39484536453645
509.69096909691,2.38755343534354
509.75097509751,2.38026150615062
509.81098109811,2.37296957695769
509.87098709871,2.36567764776478
509.93099309931,2.35838571857186
509.99099909991,2.35109378937894
510.05100510051,2.34363864386439
510.11101110111,2.33615469546955
510.17101710171,2.32867074707471
510.23102310231,2.32118679867987
510.29102910291,2.31370285028503
510.35103510351,2.30621890189019
510.41104110411,2.29873495349535
510.47104710471,2.29125100510051
510.531053105311,2.28376705670567
510.591059105911,2.27628310831083
510.651065106511,2.26879915991599
510.711071107111,2.26131521152116
510.771077107711,2.25383126312631
510.831083108311,2.24634731473147
510.891089108911,2.23886336633664
510.951095109511,2.23137941794179
511.011101110111,2.22409617761776
511.071107110711,2.21769713771377
511.131113111311,2.21129809780978
511.191119111911,2.20489905790579
511.251125112511,2.1985000180018
511.311131113111,2.19210097809781
511.371137113711,2.18570193819382
511.431143114311,2.17930289828983
511.491149114911,2.17290385838584
511.551155115512,2.16650481848185
511.611161116112,2.16010577857786
511.671167116712,2.15370673867387
511.731173117312,2.14730769876987
511.791179117912,2.14090865886589
511.851185118512,2.1345096189619
511.911191119112,2.12811057905791
511.971197119712,2.12171153915392
512.031203120312,2.11579177917792
512.091209120912,2.11031443144315
512.151215121512,2.10483708370836
512.211221122112,2.0993597359736
512.271227122712,2.09388238823882
512.331233123312,2.08840504050405
512.391239123912,2.08292769276928
512.451245124513,2.0774503450345
512.511251125112,2.07197299729973
512.571257125713,2.06649564956496
512.631263126313,2.06101830183018
512.691269126913,2.05554095409542
512.751275127513,2.05006360636063
512.811281128113,2.04458625862586
512.871287128713,2.03910891089109
512.931293129313,2.03363156315631
512.991299129913,2.02815421542155
513.051305130513,2.02332536453645
513.111311131113,2.01860649264927
513.171317131713,2.01388762076208
513.231323132313,2.00916874887488
513.291329132913,2.0044498769877
513.351335133513,1.9997310051005
513.411341134113,1.99501213321332
513.471347134713,1.99029326132613
513.531353135314,1.98557438943894
513.591359135914,1.98085551755176
513.651365136514,1.97613664566456
513.711371137114,1.97141777377738
513.771377137714,1.96669890189019
513.831383138314,1.961980030003
513.891389138914,1.95726115811582
513.951395139514,1.95254228622863
514.011401140114,1.94793651365137
514.071407140714,1.94381290129013
514.131413141314,1.93968928892889
514.191419141914,1.93556567656766
514.251425142514,1.93144206420642
514.311431143114,1.92731845184518
514.371437143714,1.92319483948395
514.431443144314,1.91907122712271
514.491449144914,1.91494761476148
514.551455145515,1.91082400240024
514.611461146115,1.906700390039
514.671467146715,1.90257677767777
514.731473147315,1.89845316531653
514.791479147915,1.8943295529553
514.851485148515,1.89020594059406
514.911491149115,1.88608232823282
514.971497149715,1.88195871587159
515.031503150315,1.87772925292529
515.091509150915,1.87340402040204
515.151515151515,1.86907878787879
515.211521152115,1.86475355535554
515.271527152715,1.86042832283228
515.331533153315,1.85610309030903
515.391539153915,1.85177785778578
515.451545154515,1.84745262526253
515.511551155116,1.84312739273927
515.571557155716,1.83880216021602
515.631563156316,1.83447692769277
515.691569156916,1.83015169516952
515.751575157516,1.82582646264627
515.811581158116,1.82150123012301
515.871587158716,1.81717599759976
515.931593159316,1.8128507650765
515.991599159916,1.80852553255326
516.051605160516,1.80456772877288
516.111611161116,1.8006697389739
516.171617161716,1.79677174917492
516.231623162316,1.79287375937593
516.291629162916,1.78897576957696
516.351635163516,1.78507777977798
516.411641164116,1.781179789979
516.471647164716,1.77728180018002
516.531653165317,1.77338381038103
516.591659165917,1.76948582058206
516.651665166517,1.76558783078308
516.711671167117,1.7616898409841
516.771677167717,1.75779185118512
516.831683168317,1.75389386138614
516.891689168917,1.74999587158716
516.951695169517,1.74609788178818
517.011701170117,1.74228226822682
517.071707170717,1.73880672067207
517.131713171317,1.73533117311731
517.191719171917,1.73185562556256
517.251725172517,1.7283800780078
517.311731173117,1.72490453045304
517.371737173717,1.72142898289829
517.431743174317,1.71795343534353
517.491749174917,1.71447788778878
517.551755175518,1.71100234023402
517.611761176118,1.70752679267927
517.671767176718,1.70405124512452
517.731773177318,1.70057569756975
517.791779177918,1.697100150015
517.851785178518,1.69362460246025
517.911791179118,1.69014905490549
517.971797179718,1.68667350735074
518.031803180318,1.68341930993099
518.091809180918,1.68036140414042
518.151815181518,1.67730349834984
518.211821182118,1.67424559255926
518.271827182718,1.67118768676868
518.331833183318,1.66812978097809
518.391839183918,1.66507187518752
518.451845184518,1.66201396939694
518.511851185119,1.65895606360636
518.571857185718,1.65589815781579
518.631863186319,1.6528402520252
518.691869186919,1.64978234623462
518.751875187519,1.64672444044404
518.811881188119,1.64366653465346
518.871887188719,1.64060862886289
518.931893189319,1.6375507230723
518.991899189919,1.63449281728173
519.051905190519,1.63179201920192
519.111911191119,1.62914695469547
519.171917191719,1.62650189018903
519.231923192319,1.62385682568257
519.291929192919,1.62121176117613
519.351935193519,1.61856669666968
519.411941194119,1.61592163216323
519.471947194719,1.61327656765678
519.53195319532,1.61063150315033
519.59195919592,1.60798643864388
519.65196519652,1.60534137413743
519.71197119712,1.60269630963098
519.77197719772,1.60005124512454
519.83198319832,1.59740618061808
519.89198919892,1.59476111611164
519.95199519952,1.59211605160519
520.01200120012,1.58944122412245
520.07200720072,1.58664734473454
520.13201320132,1.58385346534663
520.19201920192,1.58105958595873
520.25202520252,1.57826570657082
520.31203120312,1.57547182718291
520.37203720372,1.57267794779501
520.432043204321,1.5698840684071
520.49204920492,1.56709018901919
520.552055205521,1.56429630963129
520.612061206121,1.56150243024338
520.672067206721,1.55870855085547
520.732073207321,1.55591467146756
520.792079207921,1.55312079207966
520.852085208521,1.55032691269175
520.912091209121,1.54753303330384
520.972097209721,1.54473915391594
521.032103210321,1.54223548754959
521.092109210921,1.53998406240761
521.152115211521,1.53773263726562
521.212121212121,1.53548121212363
521.272127212721,1.53322978698164
521.332133213321,1.53097836183965
521.392139213921,1.52872693669766
521.452145214521,1.52647551155568
521.512151215122,1.52422408641369
521.572157215722,1.5219726612717
521.632163216322,1.51972123612971
521.692169216922,1.51746981098772
521.752175217522,1.51521838584573
521.812181218122,1.51296696070374
521.872187218722,1.51071553556176
521.932193219322,1.50846411041977
521.992199219922,1.50621268527778
522.052205220522,1.50455013502952
522.112211221122,1.50297557758148
522.172217221722,1.50140102013344
522.232223222322,1.4998264626854
522.292229222922,1.49825190523736
522.352235223522,1.49667734778932
522.412241224122,1.49510279034127
522.472247224722,1.49352823289324
522.532253225323,1.49195367544519
522.592259225923,1.49037911799715
522.652265226523,1.48880456054911
522.712271227123,1.48723000310107
522.772277227723,1.48565544565303
522.832283228323,1.48408088820499
522.892289228923,1.48250633075694
522.952295229523,1.4809317733089
523.012301230123,1.47952352851087
523.072307230723,1.47876025228237
523.132313231323,1.47799697605388
523.192319231923,1.47723369982538
523.252325232523,1.47647042359688
523.312331233123,1.47570714736839
523.372337233723,1.47494387113989
523.432343234323,1.47418059491139
523.492349234923,1.4734173186829
523.552355235524,1.4726540424544
523.612361236124,1.47189076622591
523.672367236724,1.47112748999741
523.732373237324,1.47036421376891
523.792379237924,1.46960093754042
523.852385238524,1.46883766131192
523.912391239124,1.46807438508342
523.972397239724,1.46731110885493
524.032403240324,1.46705850824558
524.092409240924,1.46724092760811
524.152415241524,1.46742334697063
524.212421242124,1.46760576633316
524.272427242724,1.46778818569568
524.332433243324,1.46797060505821
524.392439243924,1.46815302442073
524.452445244524,1.46833544378325
524.512451245125,1.46851786314578
524.572457245725,1.4687002825083
524.632463246325,1.46888270187083
524.692469246925,1.46906512123335
524.752475247525,1.46924754059588
524.812481248125,1.4694299599584
524.872487248725,1.46961237932093
524.932493249325,1.46979479868345
524.992499249925,1.46997721804597
525.052505250525,1.47086313041344
525.112511251125,1.47184954178163
525.172517251725,1.4728359531498
525.232523252325,1.47382236451798
525.292529252925,1.47480877588616
525.352535253525,1.47579518725434
525.412541254125,1.47678159862252
525.472547254725,1.47776800999069
525.532553255326,1.47875442135887
525.592559255926,1.47974083272705
525.652565256526,1.48072724409523
525.712571257126,1.48171365546341
525.772577257726,1.48270006683158
525.832583258326,1.48368647819976
525.892589258926,1.48467288956794
525.952595259526,1.48565930093612
526.012601260126,1.48691527646559
526.072607260726,1.48918532669708
526.132613261326,1.49145537692856
526.192619261926,1.49372542716005
526.252625262526,1.49599547739153
526.312631263126,1.49826552762302
526.372637263726,1.50053557785451
526.432643264326,1.50280562808599
526.492649264927,1.50507567831748
526.552655265526,1.50734572854896
526.612661266127,1.50961577878045
526.672667266727,1.51188582901193
526.732673267327,1.51415587924342
526.792679267927,1.51642592947491
526.852685268527,1.51869597970639
526.912691269127,1.52096602993788
526.972697269727,1.52323608016936
527.032703270327,1.52631689621982
527.092709270927,1.53007459015584
527.152715271527,1.53383228409185
527.212721272127,1.53758997802787
527.272727272727,1.54134767196389
527.332733273327,1.5451053658999
527.392739273927,1.54886305983592
527.452745274527,1.55262075377193
527.512751275128,1.55637844770796
527.572757275728,1.56013614164397
527.632763276328,1.56389383557999
527.692769276928,1.56765152951601
527.752775277528,1.57140922345202
527.812781278128,1.57516691738804
527.872787278728,1.57892461132405
527.932793279328,1.58268230526007
527.992799279928,1.58643999919609
528.052805280528,1.59168902086587
528.112811281128,1.59714140540846
528.172817281728,1.60259378995103
528.232823282328,1.60804617449361
528.292829282928,1.61349855903619
528.352835283528,1.61895094357876
528.412841284128,1.62440332812134
528.472847284728,1.62985571266391
528.532853285329,1.63530809720649
528.592859285929,1.64076048174907
528.652865286529,1.64621286629164
528.712871287129,1.65166525083423
528.772877287729,1.6571176353768
528.832883288329,1.66257001991937
528.892889288929,1.66802240446195
528.952895289529,1.67347478900452
529.012901290129,1.67933960978803
529.072907290729,1.68671030242789
529.132913291329,1.69408099506776
529.192919291929,1.70145168770762
529.252925292529,1.70882238034748
529.312931293129,1.71619307298735
529.372937293729,1.72356376562722
529.432943294329,1.73093445826709
529.49294929493,1.73830515090696
529.55295529553,1.74567584354681
529.61296129613,1.75304653618668
529.67296729673,1.76041722882655
529.73297329733,1.76778792146642
529.79297929793,1.77515861410629
529.85298529853,1.78252930674614
529.91299129913,1.78989999938601
529.97299729973,1.79727069202588
530.03300330033,1.80704193674562
530.09300930093,1.8187772695307
530.15301530153,1.83051260231576
530.21302130213,1.84224793510084
530.27302730273,1.85398326788592
530.33303330333,1.865718600671
530.39303930393,1.87745393345608
530.45304530453,1.88918926624114
530.51305130513,1.90092459902622
530.573057305731,1.9126599318113
530.633063306331,1.92439526459638
530.693069306931,1.93613059738146
530.753075307531,1.94786593016652
530.813081308131,1.9596012629516
530.873087308731,1.97133659573668
530.933093309331,1.98307192852176
530.993099309931,1.99480726130685
531.053105310531,2.00857846071359
531.113111311131,2.02261420776047
531.173117311731,2.03664995480734
531.233123312331,2.05068570185422
531.293129312931,2.0647214489011
531.353135313531,2.07875719594795
531.413141314131,2.09279294299482
531.473147314731,2.1068286900417
531.533153315331,2.12086443708855
531.593159315932,2.13490018413545
531.653165316532,2.1489359311823
531.713171317132,2.16297167822918
531.773177317732,2.17700742527606
531.833183318332,2.19104317232291
531.893189318932,2.20507891936981
531.953195319532,2.21911466641666
532.013201320132,2.23391353114975
532.073207320732,2.25141799495215
532.133213321332,2.26892245875451
532.193219321932,2.28642692255694
532.253225322532,2.3039313863593
532.313231323132,2.3214358501617
532.373237323732,2.33894031396409
532.433243324332,2.35644477776645
532.493249324933,2.37394924156888
532.553255325533,2.39145370537124
532.613261326133,2.40895816917364
532.673267326733,2.42646263297604
532.733273327333,2.4439670967784
532.793279327933,2.46147156058083
532.853285328533,2.47897602438319
532.913291329133,2.49648048818559
532.973297329733,2.51398495198798
533.033303330333,2.53582390030889
533.093309330933,2.56113824612675
533.153315331533,2.58645259194452
533.213321332133,2.61176693776234
533.273327332733,2.63708128358015
533.333333333333,2.66239562939792
533.393339333933,2.68770997521578
533.453345334533,2.71302432103355
533.513351335134,2.73833866685136
533.573357335734,2.76365301266918
533.633363336334,2.78896735848695
533.693369336934,2.81428170430481
533.753375337534,2.83959605012258
533.813381338134,2.86491039594039
533.873387338734,2.89022474175821
533.933393339334,2.91553908757598
533.993399339934,2.94085343339384
534.053405340534,2.98383155911759
534.113411341134,3.02899284865
534.173417341734,3.07415413818242
534.233423342334,3.11931542771475
534.293429342934,3.16447671724726
534.353435343534,3.20963800677959
534.413441344134,3.25479929631201
534.473447344734,3.29996058584442
534.533453345334,3.34512187537676
534.593459345935,3.39028316490926
534.653465346535,3.43544445444159
534.713471347135,3.48060574397401
534.773477347735,3.52576703350643
534.833483348335,3.57092832303876
534.893489348935,3.61608961257126
534.953495349535,3.66125090210359
535.013501350135,3.71703511497543
535.073507350735,3.80940939712747
535.133513351335,3.90178367927934
535.193519351935,3.99415796143156
535.253525352535,4.08653224358343
535.313531353135,4.17890652573547
535.373537353735,4.27128080788751
535.433543354335,4.36365509003938
535.493549354936,4.4560293721916
535.553555355536,4.54840365434347
535.613561356136,4.64077793649551
535.673567356736,4.73315221864756
535.733573357336,4.82552650079943
535.793579357936,4.91790078295165
535.853585358536,5.01027506510352
535.913591359136,5.10264934725556
535.973597359736,5.1950236294076
536.033603360336,5.34139362687035
536.093609360936,5.53018882922095
536.153615361536,5.71898403157084
536.213621362136,5.90777923392109
536.273627362736,6.09657443627133
536.333633363336,6.28536963862122
536.393639363936,6.47416484097183
536.453645364536,6.66296004332171
536.513651365137,6.85175524567196
536.573657365737,7.04055044802221
536.633663366337,7.22934565037209
536.693669366937,7.4181408527227
536.753675367537,7.60693605507259
536.813681368137,7.79573125742283
536.873687368737,7.98452645977308
536.933693369337,8.17332166212297
536.993699369937,8.36211686447321
537.053705370537,8.69998455565035
537.113711371137,9.05534119803072
537.173717371737,9.4106978404111
537.233723372337,9.76605448279081
537.293729372937,10.1214111251712
537.353735373537,10.4767677675516
537.413741374137,10.8321244099319
537.473747374738,11.1874810523123
537.533753375337,11.542837694692
537.593759375938,11.8981943370724
537.653765376538,12.2535509794528
537.713771377138,12.6089076218332
537.773777377738,12.9642642642135
537.833783378338,13.3196209065932
537.893789378938,13.6749775489736
537.953795379538,14.030334191354
538.013801380138,14.4394568115597
538.073807380738,15.0285785749193
538.133813381338,15.6177003382778
538.193819381938,16.2068221016375
538.253825382538,16.7959438649971
538.313831383138,17.3850656283568
538.373837383738,17.9741873917164
538.433843384338,18.5633091550749
538.493849384938,19.1524309184346
538.553855385539,19.7415526817942
538.613861386139,20.3306744451539
538.673867386739,20.9197962085135
538.733873387339,21.5089179718721
538.793879387939,22.0980397352317
538.853885388539,22.6871614985913
538.913891389139,23.276283261951
538.973897389739,23.8654050253106
539.033903390339,24.5947505546114
539.093909390939,25.4320559745064
539.153915391539,26.2693613944015
539.213921392139,27.1066668142949
539.273927392739,27.9439722341915
539.333933393339,28.7812776540849
539.393939393939,29.6185830739799
539.453945394539,30.455888493875
539.513951395139,31.2931939137684
539.57395739574,32.130499333665
539.63396339634,32.9678047535584
539.69396939694,33.8051101734534
539.75397539754,34.6424155933485
539.81398139814,35.4797210132419
539.87398739874,36.3170264331385
539.93399339934,37.1543318530319
539.99399939994,37.9916372729269
540.05400540054,38.9671852820876
540.11401140114,39.9580935789427
540.17401740174,40.9490018758015
540.23402340234,41.9399101726565
540.29402940294,42.9308184695134
540.35403540354,43.9217267663703
540.41404140414,44.9126350632254
540.474047404741,45.9035433600842
540.534053405341,46.8944516569392
540.594059405941,47.8853599537961
540.654065406541,48.876268250653
540.714071407141,49.867176547508
540.774077407741,50.8580848443668
540.834083408341,51.8489931412219
540.894089408941,52.8399014380788
540.954095409541,53.8308097349357
541.014101410141,54.8076723058448
541.074107410741,55.7388115561248
541.134113411341,56.6699508064013
541.194119411941,57.6010900566796
541.254125412541,58.5322293069578
541.314131413141,59.4633685572343
541.374137413741,60.3945078075143
541.434143414341,61.3256470577908
541.494149414941,62.2567863080691
541.554155415542,63.1879255583473
541.614161416142,64.1190648086238
541.674167416742,65.0502040589038
541.734173417342,65.9813433091803
541.794179417942,66.9124825594586
541.854185418542,67.8436218097368
541.914191419142,68.7747610600133
541.974197419742,69.7059003102933
542.034203420342,70.4495427693543
542.094209420942,71.0517402806577
542.154215421542,71.653937791961
542.214221422142,72.2561353032632
542.274227422742,72.8583328145677
542.334233423342,73.4605303258699
542.394239423942,74.0627278371732
542.454245424542,74.6649253484766
542.514251425142,75.2671228597788
542.574257425743,75.8693203710832
542.634263426343,76.4715178823854
542.694269426943,77.0737153936888
542.754275427543,77.6759129049921
542.814281428143,78.2781104162943
542.874287428743,78.8803079275988
542.934293429343,79.482505438901
542.994299429943,80.0847029502043
543.054305430543,80.2153929034853
543.114311431143,80.2965875882446
543.174317431743,80.3777822730041
543.234323432343,80.4589769577633
543.294329432943,80.5401716425227
543.354335433543,80.621366327282
543.414341434143,80.7025610120413
543.474347434744,80.7837556968008
543.534353435344,80.86495038156
543.594359435944,80.9461450663194
543.654365436544,81.0273397510787
543.714371437144,81.108534435838
543.774377437744,81.1897291205975
543.834383438344,81.2709238053567
543.894389438944,81.3521184901161
543.954395439544,81.4333131748755
544.014401440144,81.3903124728972
544.074407440744,80.9540263795808
544.134413441344,80.517740286266
544.194419441944,80.0814541929504
544.254425442544,79.6451680996348
544.314431443144,79.20888200632
544.374437443744,78.7725959130036
544.434443444344,78.3363098196888
544.494449444945,77.9000237263732
544.554455445545,77.4637376330576
544.614461446145,77.0274515397429
544.674467446745,76.5911654464273
544.734473447345,76.1548793531117
544.794479447945,75.7185932597961
544.854485448545,75.2823071664805
544.914491449145,74.8460210731657
544.974497449745,74.4097349798501
545.034503450345,75.3570333116833
545.094509450945,77.3269810012365
545.154515451545,79.2969286907898
545.214521452145,81.2668763803393
545.274527452745,83.2368240698925
545.334533453345,85.2067717594458
545.394539453945,87.176719448999
545.454545454545,89.1466671385522
545.514551455145,91.1166148281018
545.574557455746,93.086562517655
545.634563456346,95.0565102072082
545.694569456946,97.0264578967615
545.754575457546,98.9964055863148
545.814581458146,100.966353275864
545.874587458746,102.936300965418
545.934593459346,104.906248654971
545.994599459946,106.876196344524
546.054605460546,104.123525913765
546.114611461146,100.903783361226
546.174617461746,97.6840408086799
546.234623462346,94.4642982561342
546.294629462946,91.2445557035886
546.354635463546,88.0248131510429
546.414641464146,84.8050705985033
546.474647464746,81.5853280459576
546.534653465347,78.365585493412
546.594659465947,75.1458429408663
546.654665466547,71.9261003883206
546.714671467147,68.706357835781
546.774677467747,65.4866152832354
546.834683468347,62.2668727306897
546.894689468947,59.0471301781501
546.954695469547,55.8273876255984
547.014701470147,53.2159528030782
547.074707470747,52.4790989444971
547.134713471347,51.7422450859159
547.194719471947,51.0053912273362
547.254725472547,50.2685373687537
547.314731473147,49.531683510174
547.374737473747,48.7948296515928
547.434743474347,48.0579757930117
547.494749474947,47.321121934432
547.554755475548,46.5842680758495
547.614761476148,45.8474142172697
547.674767476748,45.1105603586886
547.734773477348,44.3737065001075
547.794779477948,43.6368526415278
547.854785478548,42.8999987829453
547.914791479148,42.1631449243655
547.974797479748,41.4262910657844
548.034803480348,40.9458039879616
548.094809480948,40.6509618203438
548.154815481548,40.3561196527249
548.214821482148,40.061277485107
548.274827482748,39.7664353174886
548.334833483348,39.4715931498702
548.394839483948,39.1767509822524
548.454845484549,38.8819088146335
548.514851485148,38.5870666470156
548.574857485749,38.2922244793972
548.634863486349,37.9973823117788
548.694869486949,37.702540144161
548.754875487549,37.4076979765421
548.814881488149,37.1128558089242
548.874887488749,36.8180136413058
548.934893489349,36.5231714736875
548.994899489949,36.2283293060696
549.054905490549,35.9777763613385
549.114911491149,35.7313377160023
549.174917491749,35.4848990706656
549.234923492349,35.2384604253289
549.294929492949,34.9920217799927
549.354935493549,34.7455831346555
549.414941494149,34.4991444893193
549.474947494749,34.2527058439826
549.53495349535,34.006267198646
549.59495949595,33.7598285533097
549.65496549655,33.5133899079726
549.71497149715,33.2669512626364
549.77497749775,33.0205126172997
549.83498349835,32.774073971963
549.89498949895,32.5276353266268
549.95499549955,32.2811966812897
550.01500150015,32.0107123354837
550.07500750075,31.668090888268
550.13501350135,31.3254694410523
550.19501950195,30.9828479938373
550.25502550255,30.6402265466209
550.31503150315,30.2976050994059
550.37503750375,29.9549836521902
550.43504350435,29.6123622049745
550.49504950495,29.2697407577594
550.555055505551,28.9271193105431
550.615061506151,28.584497863328
550.675067506751,28.2418764161123
550.735073507351,27.8992549688966
550.795079507951,27.5566335216815
550.855085508551,27.2140120744652
550.915091509151,26.8713906272501
550.975097509751,26.5287691800344
551.035103510351,26.1359142696317
551.095109510951,25.7074236545757
551.155115511551,25.2789330395181
551.215121512151,24.8504424244622
551.275127512751,24.4219518094054
551.335133513351,23.9934611943487
551.395139513951,23.5649705792927
551.455145514552,23.1364799642351
551.515151515152,22.7079893491792
551.575157515752,22.2794987341224
551.635163516352,21.8510081190656
551.695169516952,21.4225175040097
551.755175517552,20.9940268889521
551.815181518152,20.5655362738961
551.875187518752,20.1370456588394
551.935193519352,19.7085550437826
551.995199519952,19.2800644287266
552.055205520552,18.8808651277362
552.115211521152,18.4842128975357
552.175217521752,18.0875606673345
552.235223522352,17.6909084371333
552.295229522952,17.2942562069328
552.355235523552,16.8976039767315
552.415241524152,16.5009517465303
552.475247524752,16.1042995163291
552.535253525353,15.7076472861279
552.595259525953,15.3109950559274
552.655265526553,14.9143428257262
552.715271527153,14.5176905955249
552.775277527753,14.1210383653237
552.835283528353,13.7243861351225
552.895289528953,13.327733904922
552.955295529553,12.9310816747208
553.015301530153,12.5657943103001
553.075307530753,12.2921415537481
553.135313531353,12.018488797196
553.195319531953,11.7448360406445
553.255325532553,11.4711832840925
553.315331533153,11.1975305275405
553.375337533753,10.9238777709885
553.435343534353,10.6502250144365
553.495349534953,10.376572257885
553.555355535554,10.102919501333
553.615361536154,9.82926674478093
553.675367536754,9.55561398822891
553.735373537354,9.2819612316769
553.795379537954,9.00830847512539
553.855385538554,8.73465571857338
553.915391539154,8.46100296202136
553.975397539754,8.18735020546934
554.035403540354,7.98906326276096
554.095409540954,7.8431491737407
554.155415541554,7.69723508472017
554.215421542154,7.55132099569963
554.275427542754,7.40540690667909
554.335433543354,7.25949281765856
554.395439543954,7.1135787286383
554.455445544554,6.96766463961776
554.515451545155,6.82175055059722
554.575457545754,6.67583646157696
554.635463546355,6.52992237255615
554.695469546955,6.38400828353589
554.755475547555,6.23809419451535
554.815481548155,6.09218010549481
554.875487548755,5.94626601647455
554.935493549355,5.80035192745374
554.995499549955,5.65443783843348
555.055505550555,5.58332892359085
555.115511551155,5.51828529314108
555.175517551755,5.45324166269143
555.235523552355,5.38819803224153
555.295529552955,5.32315440179188
555.355535553555,5.25811077134211
555.415541554155,5.19306714089234
555.475547554755,5.12802351044269
555.535553555356,5.06297987999279
555.595559555956,4.99793624954315
555.655565556556,4.93289261909337
555.715571557156,4.8678489886436
555.775577557756,4.80280535819395
555.835583558356,4.73776172774406
555.895589558956,4.67271809729441
555.955595559556,4.60767446684463
556.015601560156,4.55215876346053
556.075607560756,4.52376100634027
556.135613561356,4.4953632492199
556.195619561956,4.46696549209964
556.255625562556,4.43856773497932
556.315631563156,4.41016997785901
556.375637563756,4.38177222073875
556.435643564356,4.35337446361838
556.495649564956,4.32497670649812
556.555655565557,4.29657894937781
556.615661566157,4.26818119225749
556.675667566757,4.23978343513723
556.735673567357,4.21138567801686
556.795679567957,4.1829879208966
556.855685568557,4.15459016377629
556.915691569157,4.12619240665598
556.975697569757,4.09779464953572
557.035703570357,4.07658344754325
557.095709570957,4.0602639343354
557.155715571557,4.04394442112751
557.215721572157,4.02762490791962
557.275727572757,4.01130539471177
557.335733573357,3.99498588150385
557.395739573957,3.97866636829599
557.455745574557,3.96234685508811
557.515751575158,3.94602734188022
557.575757575758,3.92970782867236
557.635763576358,3.91338831546445
557.695769576958,3.89706880225659
557.755775577558,3.8807492890487
557.815781578158,3.86442977584082
557.875787578758,3.84811026263296
557.935793579358,3.83179074942504
557.995799579958,3.81547123621719
558.055805580558,3.80191924131854
558.115811581158,3.78857555424963
558.175817581758,3.77523186718074
558.235823582358,3.7618881801118
558.295829582958,3.74854449304292
558.355835583558,3.735200805974
558.415841584158,3.72185711890509
558.475847584758,3.7085134318362
558.535853585359,3.69516974476726
558.595859585959,3.68182605769837
558.655865586559,3.66848237062946
558.715871587159,3.65513868356055
558.775877587759,3.64179499649166
558.835883588359,3.62845130942272
558.895889588959,3.61510762235383
558.955895589559,3.60176393528492
559.015901590159,3.58858960812721
559.075907590759,3.57588501506288
559.135913591359,3.56318042199849
559.195919591959,3.55047582893416
559.255925592559,3.5377712358698
559.315931593159,3.52506664280545
559.375937593759,3.51236204974111
559.43594359436,3.49965745667673
559.495949594959,3.4869528636124
559.55595559556,3.47424827054804
559.61596159616,3.46154367748368
559.67596759676,3.44883908441935
559.73597359736,3.43613449135497
559.79597959796,3.42342989829063
559.85598559856,3.41072530522627
559.91599159916,3.39802071216192
559.97599759976,3.38531611909758
560.03600360036,3.37283028778489
560.09600960096,3.36049029763997
560.15601560156,3.34815030749505
560.21602160216,3.33581031735014
560.27602760276,3.32347032720524
560.33603360336,3.31113033706032
560.39603960396,3.29879034691541
560.45604560456,3.28645035677049
560.516051605161,3.27411036662557
560.576057605761,3.26177037648068
560.636063606361,3.24943038633576
560.696069606961,3.23709039619084
560.756075607561,3.22475040604593
560.816081608161,3.21241041590101
560.876087608761,3.20007042575612
560.936093609361,3.1877304356112
560.996099609961,3.17539044546628
561.056105610561,3.16350389944481
561.116111611161,3.15164887627684
561.176117611761,3.13979385310889
561.236123612361,3.12793882994092
561.296129612961,3.11608380677295
561.356135613561,3.10422878360499
561.416141614161,3.09237376043702
561.476147614761,3.08051873726907
561.536153615362,3.0686637141011
561.596159615962,3.05680869093313
561.656165616562,3.04495366776516
561.716171617162,3.03309864459719
561.776177617762,3.02124362142925
561.836183618362,3.00938859826128
561.896189618962,2.99753357509331
561.956195619562,2.98567855192534
562.016201620162,2.97401364931978
562.076207620762,2.962862776383
562.136213621362,2.9517119034462
562.196219621962,2.94056103050939
562.256225622562,2.92941015757261
562.316231623162,2.91825928463578
562.376237623762,2.90710841169899
562.436243624362,2.89595753876219
562.496249624963,2.88480666582538
562.556255625562,2.8736557928886
562.616261626163,2.86250491995177
562.676267626763,2.85135404701499
562.736273627363,2.84020317407818
562.796279627963,2.82905230114138
562.856285628563,2.81790142820459
562.916291629163,2.80675055526777
562.976297629763,2.79559968233098
563.036303630363,2.78501317264804
563.096309630963,2.77479513153579
563.156315631563,2.76457709042357
563.216321632163,2.7543590493113
563.276327632763,2.74414100819908
563.336333633363,2.73392296708683
563.396339633963,2.72370492597458
563.456345634563,2.71348688486236
563.516351635164,2.70326884375009
563.576357635764,2.69305080263787
563.636363636364,2.68283276152562
563.696369636964,2.67261472041338
563.756375637564,2.66239667930115
563.816381638164,2.65217863818889
563.876387638764,2.64196059707666
563.936393639364,2.63174255596442
563.996399639964,2.62152451485217
564.056405640564,2.61239917638196
564.116411641164,2.60334358488887
564.176417641764,2.59428799339581
564.236423642364,2.58523240190273
564.296429642964,2.57617681040965
564.356435643564,2.56712121891659
564.416441644164,2.5580656274235
564.476447644764,2.54901003593044
564.536453645365,2.53995444443736
564.596459645965,2.53089885294428
564.656465646565,2.52184326145122
564.716471647165,2.51278766995813
564.776477647765,2.50373207846506
564.836483648365,2.49467648697199
564.896489648965,2.48562089547891
564.956495649565,2.47656530398585
565.016501650165,2.46789374241575
565.076507650765,2.46023462336995
565.136513651365,2.45257550432413
565.196519651965,2.44491638527832
565.256525652565,2.43725726623252
565.316531653165,2.42959814718669
565.376537653765,2.42193902814088
565.436543654365,2.41427990909507
565.496549654966,2.40662079004925
565.556555655565,2.39896167100345
565.616561656166,2.39130255195762
565.676567656766,2.38364343291182
565.736573657366,2.375984313866
565.796579657966,2.36832519482018
565.856585658566,2.36066607577438
565.916591659166,2.35300695672855
565.976597659766,2.34534783768275
566.036603660366,2.33867737635953
566.096609660966,2.33263900767862
566.156615661566,2.32660063899773
566.216621662166,2.32056227031681
566.276627662766,2.31452390163592
566.336633663366,2.30848553295502
566.396639663966,2.30244716427411
566.456645664566,2.29640879559322
566.516651665167,2.2903704269123
566.576657665767,2.28433205823141
566.636663666367,2.2782936895505
566.696669666967,2.2722553208696
566.756675667567,2.26621695218871
566.816681668167,2.26017858350779
566.876687668767,2.2541402148269
566.936693669367,2.24810184614599
566.996699669967,2.24206347746509
567.056705670567,2.23777275540068
567.116711671167,2.23358374821869
567.176717671767,2.22939474103672
567.236723672367,2.22520573385474
567.296729672967,2.22101672667276
567.356735673567,2.21682771949079
567.416741674167,2.21263871230881
567.476747674767,2.20844970512684
567.536753675368,2.20426069794486
567.596759675968,2.20007169076288
567.656765676568,2.19588268358091
567.716771677168,2.19169367639893
567.776777677768,2.18750466921695
567.836783678368,2.18331566203498
567.896789678968,2.179126654853
567.956795679568,2.17493764767103
568.016801680168,2.17133047282853
568.076807680768,2.16921943828758
568.136813681368,2.16710840374662
568.196819681968,2.16499736920567
568.256825682568,2.16288633466472
568.316831683168,2.16077530012376
568.376837683768,2.15866426558281
568.436843684368,2.15655323104185
568.496849684969,2.1544421965009
568.556855685569,2.15233116195995
568.616861686169,2.15022012741899
568.676867686769,2.14810909287804
568.736873687369,2.14599805833708
568.796879687969,2.14388702379613
568.856885688569,2.14177598925518
568.916891689169,2.13966495471422
568.976897689769,2.13755392017327
569.036903690369,2.13686143465909
569.096909690969,2.13705698390152
569.156915691569,2.13725253314394
569.216921692169,2.13744808238636
569.276927692769,2.13764363162879
569.336933693369,2.13783918087121
569.396939693969,2.13803473011364
569.456945694569,2.13823027935606
569.516951695169,2.13842582859848
569.57695769577,2.13862137784091
569.63696369637,2.13881692708333
569.69696969697,2.13901247632576
569.75697569757,2.13920802556818
569.81698169817,2.13940357481061
569.87698769877,2.13959912405303
569.93699369937,2.13979467329545
569.99699969997,2.13999022253788
570.05700570057,2.14219962062612
570.11701170117,2.14451501075889
570.17701770177,2.14683040089165
570.23702370237,2.14914579102441
570.29702970297,2.15146118115718
570.35703570357,2.15377657128994
570.41704170417,2.1560919614227
570.47704770477,2.15840735155547
570.53705370537,2.16072274168823
570.597059705971,2.163038131821
570.657065706571,2.16535352195376
570.717071707171,2.16766891208652
570.777077707771,2.16998430221929
570.837083708371,2.17229969235204
570.897089708971,2.17461508248481
570.957095709571,2.17693047261757
571.017101710171,2.18006314145477
571.077107710771,2.18524617616449
571.137113711371,2.19042921087421
571.197119711971,2.19561224558394
571.257125712571,2.20079528029365
571.317131713171,2.20597831500337
571.377137713771,2.2111613497131
571.437143714371,2.21634438442281
571.497149714972,2.22152741913254
571.557155715572,2.22671045384226
571.617161716172,2.23189348855198
571.677167716772,2.2370765232617
571.737173717372,2.24225955797142
571.797179717972,2.24744259268115
571.857185718572,2.25262562739086
571.917191719172,2.25780866210058
571.977197719772,2.26299169681031
572.037203720372,2.27015878994148
572.097209720972,2.2785419188794
572.157215721572,2.28692504781728
572.217221722172,2.29530817675517
572.277227722772,2.30369130569307
572.337233723372,2.31207443463095
572.397239723972,2.32045756356887
572.457245724572,2.32884069250675
572.517251725173,2.33722382144464
572.577257725773,2.34560695038254
572.637263726373,2.35399007932042
572.697269726973,2.36237320825833
572.757275727573,2.37075633719622
572.817281728173,2.37913946613411
572.877287728773,2.38752259507201
572.937293729373,2.39590572400989
572.997299729973,2.4042888529478
573.057305730573,2.4160455612905
573.117311731173,2.42796123410779
573.177317731773,2.43987690692507
573.237323732373,2.45179257974234
573.297329732973,2.46370825255964
573.357335733573,2.47562392537691
573.417341734173,2.48753959819419
573.477347734774,2.49945527101148
573.537353735373,2.51137094382874
573.597359735974,2.52328661664605
573.657365736574,2.53520228946332
573.717371737174,2.5471179622806
573.777377737774,2.55903363509789
573.837383738374,2.57094930791515
573.897389738974,2.58286498073246
573.957395739574,2.59478065354973
574.017401740174,2.60781717449089
574.077407740774,2.62359784083878
574.137413741374,2.63937850718664
574.197419741974,2.65515917353456
574.257425742574,2.67093983988242
574.317431743174,2.68672050623031
574.377437743774,2.7025011725782
574.437443744374,2.71828183892606
574.497449744975,2.73406250527399
574.557455745575,2.74984317162185
574.617461746175,2.76562383796974
574.677467746775,2.78140450431763
574.737473747375,2.79718517066549
574.797479747975,2.81296583701341
574.857485748575,2.82874650336127
574.917491749175,2.84452716970916
574.977497749775,2.86030783605705
575.037503750375,2.95676833990688
575.097509750975,3.10163674625843
575.157515751575,3.24650515260943
575.217521752175,3.3913735589607
575.277527752775,3.53624196531198
575.337533753375,3.68111037166298
575.397539753975,3.82597877801426
575.457545754575,3.97084718436553
575.517551755176,4.11571559071681
575.577557755776,4.26058399706808
575.637563756376,4.40545240341908
575.697569756976,4.55032080977036
575.757575757576,4.69518921612164
575.817581758176,4.84005762247291
575.877587758776,4.98492602882419
575.937593759376,5.12979443517519
575.997599759976,5.27466284152646
576.057605760576,5.57908068770914
576.117611761176,5.89014642721821
576.177617761776,6.20121216672728
576.237623762376,6.51227790623576
576.297629762976,6.82334364574483
576.357635763576,7.13440938525389
576.417641764176,7.44547512476296
576.477647764777,7.75654086427203
576.537653765376,8.06760660378051
576.597659765977,8.37867234328958
576.657665766577,8.68973808279864
576.717671767177,9.00080382230771
576.777677767777,9.31186956181678
576.837683768377,9.62293530132526
576.897689768977,9.93400104083432
576.957695769577,10.2450667803434
577.017701770177,10.3533963823438
577.077707770777,9.97722097775642
577.137713771377,9.60104557316975
577.197719771977,9.22487016858235
577.257725772577,8.84869476399496
577.317731773177,8.47251935940757
577.377737773777,8.09634395482018
577.437743774377,7.7201685502335
577.497749774977,7.3439931456461
577.557755775578,6.96781774105871
577.617761776178,6.59164233647203
577.677767776778,6.21546693188393
577.737773777378,5.83929152729725
577.797779777978,5.46311612270986
577.857785778578,5.08694071812246
577.917791779178,4.71076531353578
577.977797779778,4.33458990894768
578.037803780378,5.02728167683456
578.097809780978,6.3477208317314
578.157815781578,7.66815998662825
578.217821782178,8.9885991415226
578.277827782778,10.3090382964219
578.337833783378,11.6294774513163
578.397839783978,12.9499166062131
578.457845784578,14.27035576111
578.517851785178,15.5907949160043
578.577857785779,16.9112340709037
578.637863786379,18.231673225798
578.697869786979,19.5521123806949
578.757875787579,20.8725515355917
578.817881788179,22.1929906904861
578.877887788779,23.5134298453854
578.937893789379,24.8338690002798
578.997899789979,26.1543081551766
579.057905790579,25.2468912275953
579.117911791179,24.2586712296666
579.177917791779,23.2704512317342
579.237923792379,22.2822312338055
579.297929792979,21.2940112358749
579.357935793579,20.3057912379443
579.417941794179,19.3175712400156
579.47794779478,18.3293512420831
579.53795379538,17.3411312441544
579.59795979598,16.3529112462239
579.65796579658,15.3646912482933
579.71797179718,14.3764712503646
579.77797779778,13.3882512524321
579.83798379838,12.4000312545034
579.89798979898,11.4118112565728
579.95799579958,10.4235912586422
580.01800180018,9.66414901337233
580.07800780078,9.43852152430742
580.13801380138,9.21289403524336
580.19801980198,8.98726654617887
580.25802580258,8.76163905711438
580.31803180318,8.53601156805032
580.37803780378,8.3103840789854
580.43804380438,8.08475658992134
580.49804980498,7.85912910085685
580.558055805581,7.63350161179237
580.618061806181,7.40787412272831
580.678067806781,7.18224663366339
580.738073807381,6.95661914459933
580.798079807981,6.73099165553484
580.858085808581,6.50536416647035
580.918091809181,6.27973667740629
580.978097809781,6.05410918834138
581.038103810381,5.99719870445179
581.098109810981,6.03726728652846
581.158115811581,6.07733586860514
581.218121812181,6.11740445068173
581.278127812781,6.15747303275848
581.338133813381,6.19754161483507
581.398139813981,6.23761019691174
581.458145814581,6.27767877898842
581.518151815181,6.31774736106501
581.578157815782,6.35781594314176
581.638163816382,6.39788452521835
581.698169816982,6.43795310729502
581.758175817582,6.4780216893717
581.818181818182,6.51809027144829
581.878187818782,6.55815885352504
581.938193819382,6.59822743560163
581.998199819982,6.63829601767831
582.058205820582,6.85684236956408
582.118211821182,7.08090865247443
582.178217821782,7.30497493538563
582.238223822382,7.52904121829598
582.298229822982,7.75310750120675
582.358235823582,7.97717378411752
582.418241824182,8.20124006702787
582.478247824783,8.42530634993907
582.538253825383,8.64937263284942
582.598259825983,8.87343891576019
582.658265826583,9.09750519867096
582.718271827183,9.32157148158131
582.778277827783,9.54563776449251
582.838283828383,9.76970404740286
582.898289828983,9.99377033031363
582.958295829583,10.2178366132244
583.018301830183,10.7558875317189
583.078307830783,12.0094116362206
583.138313831383,13.2629357407223
583.198319831983,14.516459845224
583.258325832583,15.7699839497257
583.318331833183,17.023508054225
583.378337833783,18.2770321587267
583.438343834383,19.5305562632284
583.498349834984,20.7840803677301
583.558355835584,22.0376044722317
583.618361836184,23.2911285767311
583.678367836784,24.5446526812327
583.738373837384,25.7981767857344
583.798379837984,27.0517008902361
583.858385838584,28.3052249947378
583.918391839184,29.5587490992371
583.978397839784,30.8122732037388
584.038403840384,30.7744351684983
584.098409840984,30.0102059296518
584.158415841584,29.2459766908053
584.218421842184,28.4817474519602
584.278427842784,27.7175182131138
584.338433843384,26.9532889742673
584.398439843984,26.1890597354208
584.458445844585,25.4248304965743
584.518451845184,24.6606012577292
584.578457845785,23.8963720188827
584.638463846385,23.1321427800362
584.698469846985,22.3679135411898
584.758475847585,21.6036843023433
584.818481848185,20.8394550634982
584.878487848785,20.0752258246517
584.938493849385,19.3109965858052
584.998499849985,18.5467673469587
585.058505850585,18.014430585741
585.118511851185,17.4880397854889
585.178517851785,16.9616489852359
585.238523852385,16.4352581849828
585.298529852985,15.9088673847307
585.358535853585,15.3824765844767
585.418541854185,14.8560857842247
585.478547854785,14.3296949839716
585.538553855386,13.8033041837186
585.598559855986,13.2769133834665
585.658565856586,12.7505225832125
585.718571857186,12.2241317829604
585.778577857786,11.6977409827074
585.838583858386,11.1713501824543
585.898589858986,10.6449593822023
585.958595859586,10.1185685819482
586.018601860186,9.76853680135748
586.078607860786,9.81104606452944
586.138613861386,9.85355532770139
586.198619861986,9.89606459087326
586.258625862586,9.93857385404529
586.318631863186,9.98108311721716
586.378637863786,10.0235923803891
586.438643864386,10.0661016435611
586.498649864986,10.1086109067329
586.558655865587,10.151120169905
586.618661866187,10.1936294330768
586.678667866787,10.2361386962488
586.738673867387,10.2786479594207
586.798679867987,10.3211572225926
586.858685868587,10.3636664857646
586.918691869187,10.4061757489365
586.978697869787,10.4486850121085
587.038703870387,10.4924701175483
587.098709870987,10.536957430748
587.158715871587,10.5814447439478
587.218721872187,10.6259320571475
587.278727872787,10.6704193703472
587.338733873387,10.714906683547
587.398739873987,10.7593939967467
587.458745874588,10.8038813099465
587.518751875187,10.8483686231461
587.578757875788,10.8928559363459
587.638763876388,10.9373432495456
587.698769876988,10.9818305627453
587.758775877588,11.0263178759451
587.818781878188,11.0708051891448
587.878787878788,11.1152925023445
587.938793879388,11.1597798155443
587.998799879988,11.204267128744
588.058805880588,11.2394555220129
588.118811881188,11.2744541414056
588.178817881788,11.3094527607983
588.238823882388,11.344451380191
588.298829882988,11.3794499995837
588.358835883588,11.4144486189764
588.418841884188,11.4494472383691
588.478847884788,11.4844458577618
588.538853885389,11.5194444771545
588.598859885989,11.5544430965472
588.658865886589,11.58944171594
588.718871887189,11.6244403353326
588.778877887789,11.6594389547254
588.838883888389,11.6944375741181
588.898889888989,11.7294361935107
588.958895889589,11.7644348129035
589.018901890189,11.7954326419751
589.078907890789,11.8177303397137
589.138913891389,11.8400280374522
589.198919891989,11.8623257351907
589.258925892589,11.8846234329293
589.318931893189,11.9069211306677
589.378937893789,11.9292188284063
589.438943894389,11.9515165261448
589.498949894989,11.9738142238833
589.55895589559,11.9961119216219
589.61896189619,12.0184096193604
589.67896789679,12.0407073170989
589.73897389739,12.0630050148374
589.79897989799,12.0853027125759
589.85898589859,12.1076004103145
589.91899189919,12.129898108053
589.97899789979,12.1521958057915
590.03900390039,12.1466033943355
590.09900990099,12.1259932317747
590.15901590159,12.1053830692139
590.21902190219,12.0847729066532
590.27902790279,12.0641627440924
590.33903390339,12.0435525815316
590.39903990399,12.0229424189709
590.459045904591,12.0023322564101
590.519051905191,11.9817220938493
590.579057905791,11.9611119312885
590.639063906391,11.9405017687277
590.699069906991,11.919891606167
590.759075907591,11.8992814436062
590.819081908191,11.8786712810454
590.879087908791,11.8580611184847
590.939093909391,11.8374509559239
590.999099909991,11.8168407933631
591.059105910591,11.7840417506836
591.119111911191,11.7510570905403
591.179117911791,11.718072430397
591.239123912391,11.6850877702537
591.299129912991,11.6521031101105
591.359135913591,11.6191184499672
591.419141914191,11.586133789824
591.479147914791,11.5531491296807
591.539153915392,11.5201644695374
591.599159915992,11.4871798093942
591.659165916592,11.4541951492509
591.719171917192,11.4212104891076
591.779177917792,11.3882258289643
591.839183918392,11.355241168821
591.899189918992,11.3222565086778
591.959195919592,11.2892718485345
592.019201920192,11.2534594112205
592.079207920792,11.2116379474185
592.139213921392,11.1698164836166
592.199219921992,11.1279950198147
592.259225922592,11.0861735560127
592.319231923192,11.0443520922108
592.379237923792,11.0025306284088
592.439243924392,10.9607091646069
592.499249924992,10.918887700805
592.559255925593,10.8770662370031
592.619261926193,10.8352447732011
592.679267926793,10.7934233093991
592.739273927393,10.7516018455972
592.799279927993,10.7097803817953
592.859285928593,10.6679589179934
592.919291929193,10.6261374541914
592.979297929793,10.5843159903895
593.039303930393,10.5390235374638
593.099309930993,10.4919028536258
593.159315931593,10.4447821697876
593.219321932193,10.3976614859495
593.279327932793,10.3505408021115
593.339333933393,10.3034201182733
593.399339933993,10.2562994344352
593.459345934593,10.2091787505971
593.519351935194,10.162058066759
593.579357935793,10.1149373829209
593.639363936394,10.0678166990827
593.699369936994,10.0206960152447
593.759375937594,9.97357533140655
593.819381938194,9.92645464756843
593.879387938794,9.87933396373039
593.939393939394,9.83221327989217
593.999399939994,9.78509259605414
594.059405940594,9.73622803966205
594.119411941194,9.68734586839568
594.179417941794,9.6384636971294
594.239423942394,9.58958152586294
594.299429942994,9.54069935459666
594.359435943594,9.4918171833303
594.419441944194,9.44293501206393
594.479447944794,9.39405284079765
594.539453945395,9.34517066953119
594.599459945995,9.29628849826491
594.659465946595,9.24740632699854
594.719471947195,9.19852415573217
594.779477947795,9.14964198446589
594.839483948395,9.10075981319943
594.899489948995,9.05187764193315
594.959495949595,9.00299547066678
595.019501950195,8.95732875908869
595.079507950795,8.91834030994018
595.139513951395,8.87935186079151
595.199519951995,8.840363411643
595.259525952595,8.80137496249441
595.319531953195,8.76238651334582
595.379537953795,8.7233980641973
595.439543954396,8.68440961504864
595.499549954995,8.64542116590012
595.559555955596,8.60643271675153
595.619561956196,8.56744426760294
595.679567956796,8.52845581845443
595.739573957396,8.48946736930576
595.799579957996,8.45047892015725
595.859585958596,8.41149047100866
595.919591959196,8.37250202186007
595.979597959796,8.33351357271155
596.039603960396,8.29669287128804
596.099609960996,8.26098888838974
596.159615961596,8.22528490549138
596.219621962196,8.18958092259302
596.279627962796,8.15387693969472
596.339633963396,8.11817295679629
596.399639963996,8.082468973898
596.459645964596,8.04676499099963
596.519651965197,8.01106100810127
596.579657965797,7.97535702520298
596.639663966397,7.93965304230454
596.699669966997,7.90394905940625
596.759675967597,7.86824507650789
596.819681968197,7.83254109360952
596.879687968797,7.79683711071123
596.939693969397,7.7611331278128
596.999699969997,7.7254291449145
597.059705970597,7.69449395252025
597.119711971197,7.66358272389737
597.179717971797,7.63267149527456
597.239723972397,7.60176026665163
597.299729972997,7.57084903802881
597.359735973597,7.53993780940594
597.419741974197,7.50902658078306
597.479747974797,7.47811535216025
597.539753975398,7.44720412353731
597.599759975998,7.4162928949145
597.659765976598,7.38538166629162
597.719771977198,7.35447043766875
597.779777977798,7.32355920904593
597.839783978398,7.292647980423
597.899789978998,7.26173675180019
597.959795979598,7.23082552317731
598.019801980198,7.20199363861385
598.079807980798,7.17738345259528
598.139813981398,7.15277326657662
598.199819981998,7.12816308055806
598.259825982598,7.10355289453945
598.319831983198,7.07894270852084
598.379837983798,7.05433252250227
598.439843984398,7.02972233648366
598.499849984998,7.00511215046505
598.559855985599,6.98050196444644
598.619861986199,6.95589177842783
598.679867986799,6.93128159240926
598.739873987399,6.90667140639065
598.799879987999,6.88206122037204
598.859885988599,6.85745103435343
598.919891989199,6.83284084833482
598.979897989799,6.80823066231625
599.039903990399,6.78881368136814
599.099909990999,6.77201282628263
599.159915991599,6.75521197119711
599.219921992199,6.7384111161116
599.279927992799,6.72161026102612
599.339933993399,6.7048094059406
599.399939993999,6.68800855085509
599.459945994599,6.67120769576957
599.5199519952,6.65440684068406
599.5799579958,6.63760598559857
599.6399639964,6.62080513051306
599.699969997,6.60400427542754
599.7599759976,6.58720342034203
599.8199819982,6.57040256525651
599.8799879988,6.55360171017103
599.9399939994,6.53680085508551
600,6.52
600.0600060006,6.52553026552655
600.1200120012,6.53106053105311
600.1800180018,6.53659079657965
600.2400240024,6.54212106210621
600.300030003,6.54765132763276
600.3600360036,6.55318159315932
600.4200420042,6.55871185868587
600.4800480048,6.56424212421242
600.540054005401,6.56977238973897
600.600060006001,6.57530265526553
600.660066006601,6.58083292079207
600.720072007201,6.58636318631864
600.780078007801,6.59189345184518
600.840084008401,6.59742371737174
600.900090009001,6.60295398289829
600.960096009601,6.60848424842483
601.020102010201,6.61655131225624
601.080108010801,6.62965411003599
601.140114011401,6.64275690781578
601.200120012001,6.65585970559556
601.260126012601,6.66896250337532
601.320132013201,6.68206530115513
601.380138013801,6.69516809893488
601.440144014401,6.70827089671467
601.500150015002,6.72137369449445
601.560156015601,6.73447649227421
601.620162016202,6.74757929005402
601.680168016802,6.76068208783378
601.740174017402,6.77378488561356
601.800180018002,6.78688768339334
601.860186018602,6.7999904811731
601.920192019202,6.81309327895291
601.980198019802,6.82619607673267
602.040204020402,6.84320326282628
602.100210021002,6.86213350585059
602.160216021602,6.88106374887486
602.220222022202,6.89999399189921
602.280228022802,6.91892423492348
602.340234023402,6.93785447794779
602.400240024002,6.9567847209721
602.460246024602,6.97571496399638
602.520252025203,6.99464520702072
602.580258025803,7.013575450045
602.640264026403,7.0325056930693
602.700270027003,7.05143593609361
602.760276027603,7.07036617911789
602.820282028203,7.08929642214223
602.880288028803,7.10822666516651
602.940294029403,7.12715690819082
603.000300030003,7.14610756300631
603.060306030603,7.1691201642664
603.120312031203,7.19213276552658
603.180318031803,7.21514536678667
603.240324032403,7.2381579680468
603.300330033003,7.26117056930694
603.360336033603,7.28418317056703
603.420342034203,7.30719577182721
603.480348034803,7.3302083730873
603.540354035404,7.35322097434743
603.600360036004,7.37623357560757
603.660366036604,7.39924617686766
603.720372037204,7.42225877812784
603.780378037804,7.44527137938793
603.840384038404,7.46828398064806
603.900390039004,7.4912965819082
603.960396039604,7.51430918316829
604.020402040204,7.53811645664569
604.080408040804,7.5634663291329
604.140414041404,7.58881620162016
604.200420042004,7.61416607410742
604.260426042604,7.63951594659463
604.320432043204,7.66486581908194
604.380438043804,7.69021569156915
604.440444044404,7.71556556405641
604.500450045005,7.74091543654367
604.560456045604,7.76626530903088
604.620462046205,7.79161518151818
604.680468046805,7.81696505400539
604.740474047405,7.84231492649265
604.800480048005,7.86766479897991
604.860486048605,7.89301467146712
604.920492049205,7.91836454395443
604.980498049805,7.94371441644164
605.040504050405,7.9652830839334
605.100510051005,7.98503117124213
605.160516051605,8.00477925855084
605.220522052205,8.02452734585961
605.280528052805,8.04427543316831
605.340534053405,8.06402352047705
605.400540054005,8.08377160778579
605.460546054605,8.10351969509449
605.520552055206,8.12326778240327
605.580558055806,8.14301586971197
605.640564056406,8.16276395702071
605.700570057006,8.18251204432944
605.760576057606,8.20226013163814
605.820582058206,8.22200821894692
605.880588058806,8.24175630625562
605.940594059406,8.26150439356436
606.000600060006,8.28125643676869
606.060606060606,8.30140011363635
606.120612061206,8.32154379050404
606.180618061806,8.34168746737173
606.240624062406,8.36183114423943
606.300630063006,8.38197482110712
606.360636063606,8.40211849797478
606.420642064206,8.42226217484247
606.480648064806,8.44240585171017
606.540654065407,8.46254952857786
606.600660066007,8.48269320544556
606.660666066607,8.50283688231321
606.720672067207,8.52298055918091
606.780678067807,8.5431242360486
606.840684068407,8.5632679129163
606.900690069007,8.58341158978399
606.960696069607,8.60355526665165
607.020702070207,8.62376759675982
607.080708070807,8.64411026852746
607.140714071407,8.6644529402951
607.200720072007,8.68479561206274
607.260726072607,8.70513828383035
607.320732073207,8.72548095559799
607.380738073807,8.74582362736563
607.440744074407,8.76616629913327
607.500750075008,8.78650897090091
607.560756075608,8.80685164266851
607.620762076208,8.82719431443615
607.680768076808,8.84753698620379
607.740774077408,8.86787965797143
607.800780078008,8.88822232973907
607.860786078608,8.90856500150667
607.920792079208,8.92890767327431
607.980798079808,8.94925034504195
608.040804080408,9.33531784572766
608.100810081008,9.89349114825705
608.160816081608,10.4516644507854
608.220822082208,11.0098377533148
608.280828082808,11.5680110558442
608.340834083408,12.1261843583725
608.400840084008,12.6843576609029
608.460846084608,13.2425309634313
608.520852085209,13.8007042659607
608.580858085809,14.3588775684901
608.640864086409,14.9170508710184
608.700870087009,15.4752241735488
608.760876087609,16.0333974760772
608.820882088209,16.5915707786066
608.880888088809,17.149744081136
608.940894089409,17.7079173836643
609.000900090009,18.3647964551387
609.060906090609,25.5033543535315
609.120912091209,32.6419122519378
609.180918091809,39.7804701503442
609.240924092409,46.919028048737
609.300930093009,54.0575859471568
609.360936093609,61.1961438455496
609.420942094209,68.3347017439559
609.480948094809,75.4732596423623
609.540954095409,82.6118175407551
609.60096009601,89.7503754391749
609.66096609661,96.8889333375677
609.72097209721,104.027491235974
609.78097809781,111.16604913438
609.84098409841,118.304607032773
609.90099009901,125.443164931193
609.96099609961,132.581722829586
610.02100210021,134.705870616351
610.08100810081,127.517542481487
610.14101410141,120.329214346636
610.20102010201,113.140886211758
610.26102610261,105.952558076907
610.32103210321,98.7642299420426
610.38103810381,91.5759018071781
610.44104410441,84.3875736723272
610.501050105011,77.1992455374491
610.561056105611,70.0109174025982
610.621062106211,62.8225892677337
610.681068106811,55.6342611328692
610.741074107411,48.4459329980183
610.801080108011,41.2576048631402
610.861086108611,34.0692767282893
610.921092109211,26.8809485934248
610.981098109811,19.6926204585603
611.041104110411,17.1344496846918
611.101110111011,16.7054753614938
611.161116111611,16.2765010382975
611.221122112211,15.8475267151003
611.281128112811,15.4185523919031
611.341134113411,14.9895780687068
611.401140114011,14.5606037455088
611.461146114611,14.1316294223125
611.521152115212,13.7026550991153
611.581158115812,13.2736807759182
611.641164116412,12.8447064527218
611.701170117012,12.4157321295238
611.761176117612,11.9867578063275
611.821182118212,11.5577834831303
611.881188118812,11.1288091599332
611.941194119412,10.6998348367368
612.001200120012,10.2977488787353
612.061206120612,11.213192815278
612.121212121212,12.1286367518224
612.181218121812,13.0440806883668
612.241224122412,13.9595246249095
612.301230123012,14.8749685614557
612.361236123612,15.7904124979984
612.421242124212,16.7058564345428
612.481248124813,17.6213003710872
612.541254125412,18.5367443076299
612.601260126013,19.4521882441761
612.661266126613,20.3676321807188
612.721272127213,21.2830761172632
612.781278127813,22.1985200538076
612.841284128413,23.1139639903503
612.901290129013,24.0294079268965
612.961296129613,24.9448518634392
613.021302130213,27.9877830185101
613.081308130813,34.8961486973827
613.141314131413,41.8045143762423
613.201320132013,48.712880055128
613.261326132613,55.6212457339875
613.321332133213,62.5296114128601
613.381338133813,69.4379770917327
613.441344134413,76.3463427705922
613.501350135014,83.2547084494779
613.561356135614,90.1630741283374
613.621362136214,97.07143980721
613.681368136814,103.979805486083
613.741374137414,110.888171164942
613.801380138014,117.796536843815
613.861386138614,124.704902522687
613.921392139214,131.61326820156
613.981398139814,138.521633880433
614.041404140414,135.41981596264
614.101410141014,127.820669182573
614.161416141614,120.221522402505
614.221422142214,112.622375622437
614.281428142814,105.02322884237
614.341434143414,97.4240820623165
614.401440144014,89.8249352822489
614.461446144614,82.2257885021813
614.521452145215,74.6266417221137
614.581458145815,67.0274949420461
614.641464146415,59.4283481619929
614.701470147015,51.8292013819253
614.761476147615,44.2300546018577
614.821482148215,36.6309078217901
614.881488148815,29.0317610417225
614.941494149415,21.4326142616693
615.001500150015,14.019496985707
615.061506150615,13.8615303699793
615.121512151215,13.7035637542517
615.181518151815,13.5455971385241
615.241524152415,13.3876305227967
615.301530153015,13.2296639070691
615.361536153615,13.0716972913414
615.421542154215,12.9137306756138
615.481548154816,12.7557640598862
615.541554155415,12.5977974441588
615.601560156016,12.4398308284312
615.661566156616,12.2818642127035
615.721572157216,12.1238975969759
615.781578157816,11.9659309812483
615.841584158416,11.8079643655209
615.901590159016,11.6499977497933
615.961596159616,11.4920311340656
616.021602160216,11.3956647772277
616.081608160816,11.4088099917492
616.141614161416,11.4219552062706
616.201620162016,11.4351004207921
616.261626162616,11.4482456353135
616.321632163216,11.461390849835
616.381638163816,11.4745360643564
616.441644164416,11.4876812788779
616.501650165016,11.5008264933993
616.561656165617,11.5139717079208
616.621662166217,11.5271169224422
616.681668166817,11.5402621369637
616.741674167417,11.5534073514851
616.801680168017,11.5665525660066
616.861686168617,11.5796977805281
616.921692169217,11.5928429950495
616.981698169817,11.605988209571
617.041704170417,11.6179710246025
617.101710171017,11.6294437218722
617.161716171617,11.6409164191419
617.221722172217,11.6523891164116
617.281728172817,11.6638618136814
617.341734173417,11.6753345109511
617.401740174017,11.6868072082208
617.461746174617,11.6982799054906
617.521752175217,11.7097526027603
617.581758175818,11.72122530003
617.641764176418,11.7326979972997
617.701770177018,11.7441706945695
617.761776177618,11.7556433918392
617.821782178218,11.7671160891089
617.881788178818,11.7785887863787
617.941794179418,11.7900614836484
618.001800180018,11.8014795240774
618.061806180618,11.8111303266577
618.121812181218,11.8207811292379
618.181818181818,11.8304319318182
618.241824182418,11.8400827343984
618.301830183018,11.8497335369787
618.361836183618,11.859384339559
618.421842184218,11.8690351421392
618.481848184819,11.8786859447195
618.541854185419,11.8883367472997
618.601860186019,11.89798754988
618.661866186619,11.9076383524602
618.721872187219,11.9172891550405
618.781878187819,11.9269399576208
618.841884188419,11.936590760201
618.901890189019,11.9462415627813
618.961896189619,11.9558923653615
619.021902190219,11.9648236536154
619.081908190819,11.9725031840684
619.141914191419,11.9801827145214
619.201920192019,11.9878622449745
619.261926192619,11.9955417754275
619.321932193219,12.0032213058806
619.381938193819,12.0109008363336
619.441944194419,12.0185803667867
619.50195019502,12.0262598972397
619.56195619562,12.0339394276928
619.62196219622,12.0416189581458
619.68196819682,12.0492984885989
619.74197419742,12.0569780190519
619.80198019802,12.064657549505
619.86198619862,12.072337079958
619.92199219922,12.080016610411
619.98199819982,12.0876961408641
620.04200420042,12.0972819203795
620.10201020102,12.1076846637789
620.16201620162,12.1180874071782
620.22202220222,12.1284901505775
620.28202820282,12.1388928939769
620.34203420342,12.1492956373762
620.40204020402,12.1596983807756
620.46204620462,12.1701011241749
620.52205220522,12.1805038675742
620.582058205821,12.1909066109736
620.642064206421,12.2013093543729
620.702070207021,12.2117120977723
620.762076207621,12.2221148411716
620.822082208221,12.2325175845709
620.882088208821,12.2429203279703
620.942094209421,12.2533230713696
621.002100210021,12.2636039800269
621.062106210621,12.2705257307957
621.122112211221,12.2774474815646
621.182118211821,12.2843692323334
621.242124212421,12.2912909831022
621.302130213021,12.298212733871
621.362136213621,12.3051344846399
621.422142214221,12.3120562354087
621.482148214821,12.3189779861775
621.542154215422,12.3258997369463
621.602160216022,12.3328214877152
621.662166216622,12.339743238484
621.722172217222,12.3466649892528
621.782178217822,12.3535867400217
621.842184218422,12.3605084907905
621.902190219022,12.3674302415593
621.962196219622,12.3743519923281
622.022202220222,12.3794824488894
622.082208220822,12.3815628639622
622.142214221422,12.3836432790349
622.202220222022,12.3857236941077
622.262226222622,12.3878041091805
622.322232223222,12.3898845242532
622.382238223822,12.391964939326
622.442244224422,12.3940453543987
622.502250225023,12.3961257694715
622.562256225623,12.3982061845442
622.622262226223,12.400286599617
622.682268226823,12.4023670146897
622.742274227423,12.4044474297625
622.802280228023,12.4065278448353
622.862286228623,12.408608259908
622.922292229223,12.4106886749808
622.982298229823,12.4127690900535
623.042304230423,12.4104773215993
623.102310231023,12.4063560579105
623.162316231623,12.4022347942216
623.222322232223,12.3981135305327
623.282328232823,12.3939922668439
623.342334233423,12.389871003155
623.402340234023,12.3857497394661
623.462346234624,12.3816284757773
623.522352235223,12.3775072120884
623.582358235824,12.3733859483995
623.642364236424,12.3692646847107
623.702370237024,12.3651434210218
623.762376237624,12.3610221573329
623.822382238224,12.3569008936441
623.882388238824,12.3527796299552
623.942394239424,12.3486583662663
624.002400240024,12.3442346217044
624.062406240624,12.3325513361883
624.122412241224,12.3208680506723
624.182418241824,12.3091847651562
624.242424242424,12.2975014796402
624.302430243024,12.2858181941241
624.362436243624,12.274134908608
624.422442244224,12.262451623092
624.482448244824,12.2507683375759
624.542454245425,12.2390850520599
624.602460246025,12.2274017665439
624.662466246625,12.2157184810278
624.722472247225,12.2040351955117
624.782478247825,12.1923519099957
624.842484248425,12.1806686244796
624.902490249025,12.1689853389636
624.962496249625,12.1573020534475
625.022502250225,12.1378476026314
625.082508250825,12.1054412096483
625.142514251425,12.0730348166653
625.202520252025,12.0406284236823
625.262526252625,12.0082220306991
625.322532253225,11.9758156377161
625.382538253825,11.9434092447331
625.442544254425,11.91100285175
625.502550255025,11.878596458767
625.562556255626,11.8461900657839
625.622562256226,11.8137836728009
625.682568256826,11.7813772798178
625.742574257426,11.7489708868348
625.802580258026,11.7165644938518
625.862586258626,11.6841581008686
625.922592259226,11.6517517078856
625.982598259826,11.6193453149026
626.042604260426,11.5817328310761
626.102610261026,11.5419939157783
626.162616261626,11.5022550004805
626.222622262226,11.4625160851828
626.282628262826,11.422777169885
626.342634263426,11.3830382545872
626.402640264026,11.3432993392894
626.462646264627,11.3035604239916
626.522652265226,11.2638215086939
626.582658265827,11.2240825933961
626.642664266427,11.1843436780983
626.702670267027,11.1446047628005
626.762676267627,11.1048658475027
626.822682268227,11.065126932205
626.882688268827,11.0253880169072
626.942694269427,10.9856491016094
627.002700270027,10.9456517657235
627.062706270627,10.9001701706889
627.122712271227,10.8546885756545
627.182718271827,10.8092069806199
627.242724272427,10.7637253855854
627.302730273027,10.718243790551
627.362736273627,10.6727621955164
627.422742274227,10.6272806004819
627.482748274827,10.5817990054474
627.542754275428,10.5363174104129
627.602760276028,10.4908358153785
627.662766276628,10.4453542203439
627.722772277228,10.3998726253094
627.782778277828,10.3543910302749
627.842784278428,10.3089094352404
627.902790279028,10.2634278402059
627.962796279628,10.2179462451713
628.022802280228,10.176065808488
628.082808280828,10.1400609459564
628.142814281428,10.1040560834247
628.202820282028,10.0680512208932
628.262826282628,10.0320463583615
628.322832283228,9.99604149582993
628.382838283828,9.96003663329831
628.442844284428,9.92403177076668
628.502850285028,9.88802690823512
628.562856285629,9.85202204570342
628.622862286229,9.81601718317187
628.682868286829,9.78001232064024
628.742874287429,9.74400745810861
628.802880288029,9.70800259557705
628.862886288629,9.67199773304536
628.922892289229,9.6359928705138
628.982898289829,9.59998800798217
629.042904290429,9.96207082866697
629.102910291029,10.4828319566466
629.162916291629,11.0035930846272
629.222922292229,11.5243542126078
629.282928292829,12.0451153405885
629.342934293429,12.5658764685691
629.402940294029,13.0866375965487
629.462946294629,13.6073987245293
629.52295229523,14.1281598525099
629.58295829583,14.6489209804905
629.64296429643,15.1696821084712
629.70297029703,15.6904432364508
629.76297629763,16.2112043644314
629.82298229823,16.731965492412
629.88298829883,17.2527266203926
629.94299429943,17.7734877483733
630.00300030003,18.2370322050306
630.06300630063,17.613459906546
630.12301230123,16.9898876080613
630.18301830183,16.3663153095767
630.24302430243,15.7427430110921
630.30303030303,15.1191707126086
630.36303630363,14.495598414124
630.42304230423,13.8720261156394
630.483048304831,13.2484538171548
630.543054305431,12.6248815186701
630.603060306031,12.0013092201867
630.663066306631,11.3777369217021
630.723072307231,10.7541646232174
630.783078307831,10.1305923247328
630.843084308431,9.50702002624818
630.903090309031,8.88344772776473
630.963096309631,8.2598754292801
631.023102310231,7.85162593876071
631.083108310831,7.78733366096519
631.143114311431,7.72304138316967
631.203120312031,7.65874910537426
631.263126312631,7.59445682757874
631.323132313231,7.53016454978322
631.383138313831,7.46587227198782
631.443144314431,7.40157999419217
631.503150315031,7.33728771639677
631.563156315632,7.27299543860125
631.623162316232,7.20870316080572
631.683168316832,7.14441088301032
631.743174317432,7.08011860521468
631.803180318032,7.01582632741928
631.863186318632,6.95153404962375
631.923192319232,6.88724177182823
631.983198319832,6.82294949403283
632.043204320432,6.76915507074141
632.103210321032,6.71944314642405
632.163216321632,6.6697312221066
632.223222322232,6.62001929778915
632.283228322832,6.57030737347179
632.343234323432,6.52059544915425
632.403240324032,6.47088352483689
632.463246324632,6.42117160051944
632.523252325233,6.37145967620199
632.583258325833,6.32174775188463
632.643264326433,6.27203582756708
632.703270327033,6.22232390324973
632.763276327633,6.17261197893228
632.823282328233,6.12290005461483
632.883288328833,6.07318813029747
632.943294329433,6.02347620597993
633.003300330033,5.97386823625725
633.063306330633,5.9260463954794
633.123312331233,5.87822455470155
633.183318331833,5.8304027139238
633.243324332433,5.78258087314586
633.303330333033,5.73475903236811
633.363336333633,5.68693719159026
633.423342334233,5.63911535081241
633.483348334833,5.59129351003466
633.543354335434,5.54347166925672
633.603360336034,5.49564982847896
633.663366336634,5.44782798770112
633.723372337234,5.40000614692327
633.783378337834,5.35218430614552
633.843384338434,5.30436246536758
633.903390339034,5.25654062458982
633.963396339634,5.20871878381198
634.023402340234,5.16200629623508
634.083408340834,5.11702895084436
634.143414341434,5.07205160545347
634.203420342034,5.02707426006274
634.263426342634,4.98209691467194
634.323432343234,4.93711956928113
634.383438343834,4.89214222389041
634.443444344435,4.84716487849952
634.503450345034,4.8021875331088
634.563456345635,4.75721018771799
634.623462346235,4.71223284232718
634.683468346835,4.66725549693646
634.743474347435,4.62227815154557
634.803480348035,4.57730080615485
634.863486348635,4.53232346076404
634.923492349235,4.48734611537324
634.983498349835,4.44236876998252
635.043504350435,4.40133017422831
635.103510351035,4.36178558695715
635.163516351635,4.3222409996859
635.223522352235,4.28269641241466
635.283528352835,4.24315182514349
635.343534353435,4.20360723787218
635.403540354035,4.16406265060101
635.463546354635,4.12451806332977
635.523552355236,4.08497347605852
635.583558355836,4.04542888878736
635.643564356436,4.00588430151604
635.703570357036,3.96633971424487
635.763576357636,3.92679512697363
635.823582358236,3.88725053970239
635.883588358836,3.84770595243122
635.943594359436,3.8081613651599
636.003600360036,3.76887746927037
636.063606360636,3.73367773835977
636.123612361236,3.69847800744916
636.183618361836,3.66327827653863
636.243624362436,3.62807854562795
636.303630363036,3.59287881471742
636.363636363636,3.55767908380681
636.423642364236,3.52247935289621
636.483648364836,3.48727962198567
636.543654365437,3.452079891075
636.603660366037,3.41688016016446
636.663666366637,3.38168042925386
636.723672367237,3.34648069834325
636.783678367837,3.31128096743271
636.843684368437,3.27608123652211
636.903690369037,3.2408815056115
636.963696369637,3.2056817747009
637.023702370237,3.17241391195758
637.083708370837,3.14210498653384
637.143714371437,3.11179606111003
637.203720372037,3.08148713568623
637.263726372637,3.05117821026242
637.323732373237,3.02086928483862
637.383738373837,2.99056035941487
637.443744374437,2.96025143399107
637.503750375037,2.92994250856727
637.563756375638,2.89963358314346
637.623762376238,2.86932465771966
637.683768376838,2.83901573229591
637.743774377438,2.80870680687211
637.803780378038,2.7783978814483
637.863786378638,2.7480889560245
637.923792379238,2.71778003060069
637.983798379838,2.68747110517695
638.043804380438,2.6611310106206
638.103810381038,2.63625883980976
638.163816381638,2.61138666899892
638.223822382238,2.58651449818808
638.283828382838,2.56164232737729
638.343834383438,2.53677015656645
638.403840384038,2.51189798575561
638.463846384638,2.48702581494477
638.523852385239,2.46215364413393
638.583858385839,2.43728147332313
638.643864386439,2.41240930251229
638.703870387039,2.38753713170145
638.763876387639,2.36266496089061
638.823882388239,2.33779279007977
638.883888388839,2.31292061926898
638.943894389439,2.28804844845814
639.003900390039,2.26356515339034
639.063906390639,2.24467568631866
639.123912391239,2.22578621924691
639.183918391839,2.20689675217523
639.243924392439,2.18800728510352
639.303930393039,2.1691178180318
639.363936393639,2.15022835096012
639.423942394239,2.13133888388837
639.483948394839,2.11244941681669
639.54395439544,2.09355994974498
639.60396039604,2.07467048267327
639.66396639664,2.05578101560159
639.72397239724,2.03689154852984
639.78397839784,2.01800208145816
639.84398439844,1.99911261438644
639.90399039904,1.98022314731473
639.96399639964,1.96133368024305
640.02400240024,1.94743462346234
640.08400840084,1.94102118211822
640.14401440144,1.93460774077408
640.20402040204,1.92819429942994
640.26402640264,1.92178085808582
640.32403240324,1.91536741674167
640.38403840384,1.90895397539754
640.44404440444,1.90254053405341
640.504050405041,1.89612709270927
640.56405640564,1.88971365136514
640.624062406241,1.883300210021
640.684068406841,1.87688676867687
640.744074407441,1.87047332733273
640.804080408041,1.8640598859886
640.864086408641,1.85764644464447
640.924092409241,1.85123300330032
640.984098409841,1.8448195619562
641.044104410441,1.84251312331233
641.104110411041,1.84168744074407
641.164116411641,1.84086175817582
641.224122412241,1.84003607560756
641.284128412841,1.8392103930393
641.344134413441,1.83838471047105
641.404140414041,1.83755902790279
641.464146414641,1.83673334533453
641.524152415242,1.83590766276628
641.584158415842,1.83508198019802
641.644164416442,1.83425629762976
641.704170417042,1.83343061506151
641.764176417642,1.83260493249325
641.824182418242,1.83177924992499
641.884188418842,1.83095356735674
641.944194419442,1.83012788478848
642.004200420042,1.82962748274828
642.064206420642,1.83344866486648
642.124212421242,1.8372698469847
642.184218421842,1.84109102910291
642.244224422442,1.84491221122112
642.304230423042,1.84873339333934
642.364236423642,1.85255457545754
642.424242424242,1.85637575757576
642.484248424842,1.86019693969397
642.544254425443,1.86401812181218
642.604260426043,1.86783930393039
642.664266426643,1.8716604860486
642.724272427243,1.87548166816682
642.784278427843,1.87930285028503
642.844284428443,1.88312403240324
642.904290429043,1.88694521452145
642.964296429643,1.89076639663966
643.024302430243,1.89608849684969
643.084308430843,1.90361564956495
643.144314431443,1.91114280228023
643.204320432043,1.9186699549955
643.264326432643,1.92619710771076
643.324332433243,1.93372426042605
643.384338433843,1.94125141314131
643.444344434443,1.94877856585659
643.504350435044,1.95630571857186
643.564356435644,1.96383287128712
643.624362436244,1.97136002400241
643.684368436844,1.97888717671767
643.744374437444,1.98641432943294
643.804380438044,1.99394148214822
643.864386438644,2.00146863486348
643.924392439244,2.00899578757877
643.984398439844,2.01652294029403
644.044404440444,2.02609624962496
644.104410441044,2.03638847884789
644.164416441644,2.0466807080708
644.224422442244,2.05697293729374
644.284428442844,2.06726516651665
644.344434443444,2.07755739573958
644.404440444044,2.0878496249625
644.464446444644,2.09814185418541
644.524452445244,2.10843408340834
644.584458445845,2.11872631263126
644.644464446445,2.12901854185419
644.704470447045,2.13931077107711
644.764476447645,2.14960300030002
644.824482448245,2.15989522952295
644.884488448845,2.17018745874587
644.944494449445,2.1804796879688
645.004500450045,2.19094041404141
645.064506450645,2.20347926792678
645.124512451245,2.21601812181218
645.184518451845,2.22855697569757
645.244524452445,2.24109582958296
645.304530453045,2.25363468346836
645.364536453645,2.26617353735372
645.424542454245,2.27871239123912
645.484548454845,2.29125124512451
645.544554455446,2.3037900990099
645.604560456046,2.3163289528953
645.664566456646,2.32886780678067
645.724572457246,2.34140666066606
645.784578457846,2.35394551455145
645.844584458446,2.36648436843685
645.904590459046,2.37902322232224
645.964596459646,2.39156207620761
646.024602460246,2.40441977797779
646.084608460846,2.41773630963096
646.144614461446,2.43105284128413
646.204620462046,2.4443693729373
646.264626462646,2.45768590459045
646.324632463246,2.47100243624362
646.384638463846,2.48431896789679
646.444644464446,2.49763549954996
646.504650465047,2.51095203120313
646.564656465647,2.52426856285628
646.624662466247,2.53758509450945
646.684668466847,2.55090162616262
646.744674467447,2.56421815781576
646.804680468047,2.57753468946896
646.864686468647,2.5908512211221
646.924692469247,2.60416775277527
646.984698469847,2.61748428442844
647.044704470447,2.63060054005399
647.104710471047,2.64364824482449
647.164716471647,2.65669594959495
647.224722472247,2.66974365436543
647.284728472847,2.68279135913592
647.344734473447,2.69583906390637
647.404740474047,2.70888676867688
647.464746474647,2.72193447344734
647.524752475248,2.73498217821782
647.584758475848,2.7480298829883
647.644764476448,2.76107758775876
647.704770477048,2.77412529252926
647.764776477648,2.78717299729972
647.824782478248,2.8002207020702
647.884788478848,2.81326840684069
647.944794479448,2.82631611161114
648.004800480048,2.839258589859
648.064806480648,2.8509909630963
648.124812481248,2.86272333633363
648.184818481848,2.87445570957096
648.244824482448,2.88618808280827
648.304830483048,2.89792045604562
648.364836483648,2.90965282928292
648.424842484248,2.92138520252025
648.484848484848,2.93311757575758
648.544854485448,2.94484994899488
648.604860486049,2.95658232223224
648.664866486649,2.96831469546954
648.724872487249,2.98004706870687
648.784878487849,2.9917794419442
648.844884488449,3.0035118151815
648.904890489049,3.01524418841885
648.964896489649,3.02697656165616
649.024902490249,3.03772877287729
649.084908490849,3.047099309931
649.144914491449,3.05646984698469
649.204920492049,3.06584038403841
649.264926492649,3.07521092109211
649.324932493249,3.08458145814581
649.384938493849,3.09395199519952
649.444944494449,3.10332253225321
649.50495049505,3.11269306930694
649.56495649565,3.12206360636063
649.62496249625,3.13143414341434
649.68496849685,3.14080468046805
649.74497449745,3.15017521752174
649.80498049805,3.15954575457547
649.86498649865,3.16891629162916
649.92499249925,3.17828682868287
649.98499849985,3.18765736573658
650.04500450045,3.18937353735374
650.10501050105,3.18853825382538
650.16501650165,3.18770297029703
650.22502250225,3.18686768676868
650.28502850285,3.18603240324032
650.34503450345,3.18519711971197
650.40504050405,3.18436183618362
650.46504650465,3.18352655265527
650.525052505251,3.18269126912691
650.585058505851,3.18185598559856
650.645064506451,3.18102070207021
650.705070507051,3.18018541854185
650.765076507651,3.1793501350135
650.825082508251,3.17851485148515
650.885088508851,3.1776795679568
650.945094509451,3.17684428442844
651.005100510051,3.17577478547854
651.065106510651,3.17218402640264
651.125112511251,3.16859326732673
651.185118511851,3.16500250825082
651.245124512451,3.16141174917492
651.305130513051,3.15782099009901
651.365136513651,3.1542302310231
651.425142514251,3.15063947194719
651.485148514852,3.14704871287128
651.545154515451,3.14345795379538
651.605160516052,3.13986719471947
651.665166516652,3.13627643564356
651.725172517252,3.13268567656766
651.785178517852,3.12909491749175
651.845184518452,3.12550415841584
651.905190519052,3.12191339933993
651.965196519652,3.11832264026403
652.025202520252,3.11384878487849
652.085208520852,3.10815541554155
652.145214521452,3.10246204620463
652.205220522052,3.09676867686769
652.265226522652,3.09107530753075
652.325232523252,3.08538193819382
652.385238523852,3.07968856885688
652.445244524452,3.07399519951996
652.505250525052,3.06830183018302
652.565256525653,3.06260846084609
652.625262526253,3.05691509150915
652.685268526853,3.05122172217221
652.745274527453,3.04552835283529
652.805280528053,3.03983498349835
652.865286528653,3.03414161416142
652.925292529253,3.02844824482448
652.985298529853,3.02275487548755
653.045304530453,3.01596694869488
653.105310531053,3.00882383438344
653.165316531653,3.00168072007201
653.225322532253,2.99453760576057
653.285328532853,2.98739449144914
653.345334533453,2.98025137713772
653.405340534053,2.97310826282629
653.465346534653,2.96596514851485
653.525352535254,2.95882203420342
653.585358535854,2.95167891989198
653.645364536454,2.94453580558056
653.705370537054,2.93739269126913
653.765376537654,2.9302495769577
653.825382538254,2.92310646264626
653.885388538854,2.91596334833483
653.945394539454,2.90882023402341
654.005400540054,2.90160540054006
654.065406540654,2.89366540654065
654.125412541254,2.88572541254125
654.185418541854,2.87778541854185
654.245424542454,2.86984542454246
654.305430543054,2.86190543054306
654.365436543654,2.85396543654365
654.425442544254,2.84602544254427
654.485448544855,2.83808544854485
654.545454545455,2.83014545454546
654.605460546055,2.82220546054606
654.665466546655,2.81426546654665
654.725472547255,2.80632547254727
654.785478547855,2.79838547854785
654.845484548455,2.79044548454846
654.905490549055,2.78250549054906
654.965496549655,2.77456549654965
655.025502550255,2.76747014701471
655.085508550855,2.76151755175517
655.145514551455,2.75556495649565
655.205520552055,2.74961236123612
655.265526552655,2.7436597659766
655.325532553255,2.73770717071708
655.385538553855,2.73175457545754
655.445544554455,2.72580198019802
655.505550555055,2.7198493849385
655.565556555656,2.71389678967897
655.625562556256,2.70794419441945
655.685568556856,2.70199159915991
655.745574557456,2.69603900390039
655.805580558056,2.69008640864087
655.865586558656,2.68413381338134
655.925592559256,2.67818121812182
655.985598559856,2.67222862286228
656.045604560456,2.66625778577858
656.105610561056,2.66028118811881
656.165616561656,2.65430459045904
656.225622562256,2.64832799279929
656.285628562856,2.64235139513951
656.345634563456,2.63637479747975
656.405640564056,2.63039819981998
656.465646564656,2.62442160216021
656.525652565256,2.61844500450046
656.585658565857,2.61246840684068
656.645664566457,2.60649180918092
656.705670567057,2.60051521152115
656.765676567657,2.59453861386138
656.825682568257,2.58856201620163
656.885688568857,2.58258541854185
656.945694569457,2.57660882088209
657.005700570057,2.57064134413441
657.065706570657,2.56476075607561
657.125712571257,2.55888016801681
657.185718571857,2.55299957995799
657.245724572457,2.54711899189919
657.305730573057,2.54123840384038
657.365736573657,2.53535781578158
657.425742574257,2.52947722772278
657.485748574858,2.52359663966396
657.545754575458,2.51771605160516
657.605760576058,2.51183546354635
657.665766576658,2.50595487548755
657.725772577258,2.50007428742875
657.785778577858,2.49419369936993
657.845784578458,2.48831311131113
657.905790579058,2.48243252325232
657.965796579658,2.47655193519352
658.025802580258,2.47076423642365
658.085808580858,2.46509966996699
658.145814581458,2.45943510351035
658.205820582058,2.45377053705371
658.265826582658,2.44810597059706
658.325832583258,2.44244140414042
658.385838583858,2.43677683768376
658.445844584458,2.43111227122712
658.505850585059,2.42544770477048
658.565856585659,2.41978313831383
658.625862586259,2.41411857185719
658.685868586859,2.40845400540053
658.745874587459,2.4027894389439
658.805880588059,2.39712487248725
658.865886588659,2.3914603060306
658.925892589259,2.38579573957396
658.985898589859,2.3801311731173
659.045904590459,2.37472367236724
659.105910591059,2.36939513951395
659.165916591659,2.36406660666066
659.225922592259,2.35873807380739
659.285928592859,2.35340954095409
659.345934593459,2.34808100810081
659.405940594059,2.34275247524752
659.465946594659,2.33742394239424
659.525952595259,2.33209540954096
659.58595859586,2.32676687668766
659.64596459646,2.32143834383438
659.70597059706,2.3161098109811
659.76597659766,2.31078127812781
659.82598259826,2.30545274527453
659.88598859886,2.30012421242124
659.94599459946,2.29479567956796
660.00600060006,2.28963372337234
660.06600660066,2.28597095709571
660.12601260126,2.28230819081909
660.18601860186,2.27864542454246
660.24602460246,2.27498265826583
660.30603060306,2.2713198919892
660.36603660366,2.26765712571257
660.42604260426,2.26399435943595
660.48604860486,2.26033159315932
660.546054605461,2.25666882688269
660.606060606061,2.25300606060606
660.666066606661,2.24934329432943
660.726072607261,2.24568052805281
660.786078607861,2.24201776177618
660.846084608461,2.23835499549955
660.906090609061,2.23469222922292
660.966096609661,2.23102946294629
661.026102610261,2.22748572457246
661.086108610861,2.22409658565857
661.146114611461,2.22070744674467
661.206120612061,2.21731830783078
661.266126612661,2.21392916891689
661.326132613261,2.210540030003
661.386138613861,2.20715089108911
661.446144614461,2.20376175217522
661.506150615062,2.20037261326133
661.566156615662,2.19698347434743
661.626162616262,2.19359433543355
661.686168616862,2.19020519651965
661.746174617462,2.18681605760576
661.806180618062,2.18342691869187
661.866186618662,2.18003777977798
661.926192619262,2.17664864086409
661.986198619862,2.1732595019502
662.046204620462,2.16994059405941
662.106210621062,2.16664266426643
662.166216621662,2.16334473447344
662.226222622262,2.16004680468047
662.286228622862,2.15674887488749
662.346234623462,2.15345094509451
662.406240624062,2.15015301530154
662.466246624663,2.14685508550855
662.526252625262,2.14355715571557
662.586258625863,2.14025922592259
662.646264626463,2.13696129612961
662.706270627063,2.13366336633664
662.766276627663,2.13036543654365
662.826282628263,2.12706750675068
662.886288628863,2.1237695769577
662.946294629463,2.12047164716472
663.006300630063,2.11716414041405
663.066306630663,2.11377500150015
663.126312631263,2.11038586258626
663.186318631863,2.10699672367237
663.246324632463,2.10360758475848
663.306330633063,2.10021844584459
663.366336633663,2.09682930693069
663.426342634263,2.0934401680168
663.486348634863,2.09005102910291
663.546354635464,2.08666189018902
663.606360636064,2.08327275127513
663.666366636664,2.07988361236123
663.726372637264,2.07649447344735
663.786378637864,2.07310533453345
663.846384638464,2.06971619561956
663.906390639064,2.06632705670568
663.966396639664,2.06293791779178
664.026402640264,2.05942838283829
664.086408640864,2.05576561656166
664.146414641464,2.05210285028503
664.206420642064,2.04844008400841
664.266426642664,2.04477731773177
664.326432643264,2.04111455145515
664.386438643864,2.03745178517852
664.446444644464,2.03378901890189
664.506450645064,2.03012625262527
664.566456645665,2.02646348634863
664.626462646265,2.02280072007201
664.686468646865,2.01913795379538
664.746474647465,2.01547518751875
664.806480648065,2.01181242124213
664.866486648665,2.00814965496549
664.926492649265,2.00448688868887
664.986498649865,2.00082412241224
665.046504650465,1.99549834983498
665.106510651065,1.9896897689769
665.166516651665,1.98388118811881
665.226522652265,1.97807260726073
665.286528652865,1.97226402640264
665.346534653465,1.96645544554455
665.406540654065,1.96064686468648
665.466546654666,1.95483828382838
665.526552655266,1.9490297029703
665.586558655866,1.94322112211221
665.646564656466,1.93741254125412
665.706570657066,1.93160396039605
665.766576657666,1.92579537953795
665.826582658266,1.91998679867987
665.886588658866,1.91417821782178
665.946594659466,1.90836963696369
666.006600660066,1.90253729372938
666.066606660666,1.89651269126912
666.126612661266,1.89048808880888
666.186618661866,1.88446348634863
666.246624662466,1.87843888388839
666.306630663066,1.87241428142815
666.366636663666,1.86638967896789
666.426642664266,1.86036507650765
666.486648664866,1.8543404740474
666.546654665467,1.84831587158716
666.606660666067,1.84229126912692
666.666666666667,1.83626666666666
666.726672667267,1.83024206420642
666.786678667867,1.82421746174617
666.846684668467,1.81819285928593
666.906690669067,1.81216825682569
666.966696669667,1.80614365436543
667.026702670267,1.8001297329733
667.086708670867,1.79412913291329
667.146714671467,1.78812853285328
667.206720672067,1.78212793279329
667.266726672667,1.77612733273327
667.326732673267,1.77012673267327
667.386738673867,1.76412613261326
667.446744674467,1.75812553255325
667.506750675067,1.75212493249325
667.566756675668,1.74612433243325
667.626762676268,1.74012373237324
667.686768676868,1.73412313231323
667.746774677468,1.72812253225322
667.806780678068,1.72212193219322
667.866786678668,1.71612133213322
667.926792679268,1.71012073207321
667.986798679868,1.7041201320132
668.046804680468,1.69832547254725
668.106810681068,1.69258889888989
668.166816681668,1.68685232523253
668.226822682268,1.68111575157516
668.286828682868,1.67537917791779
668.346834683468,1.66964260426042
668.406840684068,1.66390603060307
668.466846684668,1.6581694569457
668.526852685269,1.65243288328833
668.586858685869,1.64669630963096
668.646864686469,1.64095973597359
668.706870687069,1.63522316231624
668.766876687669,1.62948658865887
668.826882688269,1.6237500150015
668.886888688869,1.61801344134413
668.946894689469,1.61227686768676
669.006900690069,1.60659825982599
669.066906690669,1.60136573657366
669.126912691269,1.59613321332133
669.186918691869,1.590900690069
669.246924692469,1.58566816681668
669.306930693069,1.58043564356436
669.366936693669,1.57520312031203
669.426942694269,1.56997059705971
669.48694869487,1.56473807380738
669.54695469547,1.55950555055505
669.60696069607,1.55427302730273
669.66696669667,1.54904050405041
669.72697269727,1.54380798079808
669.78697869787,1.53857545754576
669.84698469847,1.53334293429343
669.90699069907,1.52811041104111
669.96699669967,1.52287788778878
670.02700270027,1.5184295229523
670.08700870087,1.5149395739574
670.14701470147,1.51144962496249
670.20702070207,1.5079596759676
670.26702670267,1.5044697269727
670.32703270327,1.5009797779778
670.38703870387,1.4974898289829
670.44704470447,1.493999879988
670.50705070507,1.4905099309931
670.567056705671,1.4870199819982
670.627062706271,1.4835300330033
670.687068706871,1.48004008400841
670.747074707471,1.4765501350135
670.807080708071,1.4730601860186
670.867086708671,1.4695702370237
670.927092709271,1.4660802880288
670.987098709871,1.46259033903391
671.047104710471,1.45967695169517
671.107110711071,1.45692147614762
671.167116711671,1.45416600060006
671.227122712271,1.4514105250525
671.287128712871,1.44865504950495
671.347134713471,1.44589957395739
671.407140714071,1.44314409840984
671.467146714671,1.44038862286229
671.527152715272,1.43763314731473
671.587158715872,1.43487767176718
671.647164716472,1.43212219621962
671.707170717072,1.42936672067207
671.767176717672,1.42661124512451
671.827182718272,1.42385576957696
671.887188718872,1.42110029402941
671.947194719472,1.41834481848185
672.007200720072,1.41567632763276
672.067206720672,1.41364572457246
672.127212721272,1.41161512151215
672.187218721872,1.40958451845185
672.247224722472,1.40755391539154
672.307230723072,1.40552331233123
672.367236723672,1.40349270927093
672.427242724272,1.40146210621062
672.487248724872,1.39943150315032
672.547254725473,1.39740090009001
672.607260726073,1.3953702970297
672.667266726673,1.3933396939694
672.727272727273,1.39130909090909
672.787278727873,1.38927848784879
672.847284728473,1.38724788478848
672.907290729073,1.38521728172817
672.967296729673,1.38318667866787
673.027302730273,1.38148152415241
673.087308730873,1.38016619261926
673.147314731473,1.37885086108611
673.207320732073,1.37753552955296
673.267326732673,1.3762201980198
673.327332733273,1.37490486648665
673.387338733873,1.3735895349535
673.447344734474,1.37227420342034
673.507350735073,1.37095887188719
673.567356735674,1.36964354035404
673.627362736274,1.36832820882088
673.687368736874,1.36701287728773
673.747374737474,1.36569754575457
673.807380738074,1.36438221422142
673.867386738674,1.36306688268827
673.927392739274,1.36175155115512
673.987398739874,1.36043621962196
674.047404740474,1.35967836783678
674.107410741074,1.35906870687069
674.167416741674,1.35845904590459
674.227422742274,1.35784938493849
674.287428742874,1.3572397239724
674.347434743474,1.3566300630063
674.407440744074,1.3560204020402
674.467446744674,1.35541074107411
674.527452745275,1.35480108010801
674.587458745875,1.35419141914191
674.647464746475,1.35358175817582
674.707470747075,1.35297209720972
674.767476747675,1.35236243624362
674.827482748275,1.35175277527753
674.887488748875,1.35114311431143
674.947494749475,1.35053345334533
675.007500750075,1.35002760276028
675.067506750675,1.35024842484248
675.127512751275,1.35046924692469
675.187518751875,1.3506900690069
675.247524752475,1.35091089108911
675.307530753075,1.35113171317132
675.367536753675,1.35135253525353
675.427542754275,1.35157335733573
675.487548754875,1.35179417941794
675.547554755476,1.35201500150015
675.607560756076,1.35223582358236
675.667566756676,1.35245664566457
675.727572757276,1.35267746774677
675.787578757876,1.35289828982898
675.847584758476,1.35311911191119
675.907590759076,1.3533399339934
675.967596759676,1.35356075607561
676.027602760276,1.35408189618962
676.087608760876,1.35495558355836
676.147614761476,1.35582927092709
676.207620762076,1.35670295829583
676.267626762676,1.35757664566457
676.327632763276,1.3584503330333
676.387638763876,1.35932402040204
676.447644764476,1.36019770777078
676.507650765077,1.36107139513951
676.567656765677,1.36194508250825
676.627662766277,1.36281876987699
676.687668766877,1.36369245724572
676.747674767477,1.36456614461446
676.807680768077,1.3654398319832
676.867686768677,1.36631351935194
676.927692769277,1.36718720672067
676.987698769877,1.36806089408941
677.047704770477,1.36941926192619
677.107710771077,1.37090261026103
677.167716771677,1.37238595859586
677.227722772277,1.37386930693069
677.287728772877,1.37535265526553
677.347734773477,1.37683600360036
677.407740774077,1.37831935193519
677.467746774677,1.37980270027002
677.527752775278,1.38128604860486
677.587758775878,1.38276939693969
677.647764776478,1.38425274527453
677.707770777078,1.38573609360936
677.767776777678,1.38721944194419
677.827782778278,1.38870279027903
677.887788778878,1.39018613861386
677.947794779478,1.39166948694869
678.007800780078,1.39322647464746
678.067806780678,1.39527627962796
678.127812781278,1.39732608460846
678.187818781878,1.39937588958896
678.247824782478,1.40142569456946
678.307830783078,1.40347549954996
678.367836783678,1.40552530453045
678.427842784278,1.40757510951095
678.487848784878,1.40962491449145
678.547854785479,1.41167471947195
678.607860786079,1.41372452445245
678.667866786679,1.41577432943294
678.727872787279,1.41782413441344
678.787878787879,1.41987393939394
678.847884788479,1.42192374437444
678.907890789079,1.42397354935494
678.967896789679,1.42602335433543
679.027902790279,1.42831647164717
679.087908790879,1.43088952895289
679.147914791479,1.43346258625863
679.207920792079,1.43603564356436
679.267926792679,1.43860870087008
679.327932793279,1.44118175817582
679.387938793879,1.44375481548155
679.447944794479,1.44632787278728
679.50795079508,1.44890093009301
679.567956795679,1.45147398739874
679.62796279628,1.45404704470447
679.68796879688,1.4566201020102
679.74797479748,1.45919315931593
679.80798079808,1.46176621662166
679.86798679868,1.46433927392739
679.92799279928,1.46691233123313
679.98799879988,1.46948538853885
680.04800480048,1.4731798379838
680.10801080108,1.47715463546355
680.16801680168,1.48112943294329
680.22802280228,1.48510423042305
680.28802880288,1.48907902790279
680.34803480348,1.49305382538254
680.40804080408,1.49702862286229
680.46804680468,1.50100342034203
680.528052805281,1.50497821782179
680.588058805881,1.50895301530153
680.648064806481,1.51292781278128
680.708070807081,1.51690261026103
680.768076807681,1.52087740774077
680.828082808281,1.52485220522053
680.888088808881,1.52882700270027
680.948094809481,1.53280180018002
681.008100810081,1.53680446444645
681.068106810681,1.54098568256825
681.128112811281,1.54516690069007
681.188118811881,1.54934811881188
681.248124812481,1.55352933693369
681.308130813081,1.55771055505551
681.368136813681,1.56189177317731
681.428142814282,1.56607299129913
681.488148814881,1.57025420942094
681.548154815482,1.57443542754275
681.608160816082,1.57861664566457
681.668166816682,1.58279786378637
681.728172817282,1.5869790819082
681.788178817882,1.59116030003
681.848184818482,1.59534151815182
681.908190819082,1.59952273627363
681.968196819682,1.60370395439544
682.028202820282,1.60785358535854
682.088208820882,1.61196759675967
682.148214821482,1.61608160816082
682.208220822082,1.62019561956196
682.268226822682,1.62430963096309
682.328232823282,1.62842364236424
682.388238823882,1.63253765376538
682.448244824482,1.63665166516652
682.508250825083,1.64076567656766
682.568256825683,1.64487968796879
682.628262826283,1.64899369936994
682.688268826883,1.65310771077108
682.748274827483,1.65722172217222
682.808280828083,1.66133573357336
682.868286828683,1.66544974497449
682.928292829283,1.66956375637564
682.988298829883,1.67367776777678
683.048304830483,1.67751740774077
683.108310831083,1.68129058505851
683.168316831683,1.68506376237623
683.228322832283,1.68883693969397
683.288328832883,1.6926101170117
683.348334833483,1.69638329432943
683.408340834083,1.70015647164717
683.468346834683,1.70392964896489
683.528352835283,1.70770282628263
683.588358835884,1.71147600360036
683.648364836484,1.71524918091809
683.708370837084,1.71902235823583
683.768376837684,1.72279553555355
683.828382838284,1.72656871287129
683.888388838884,1.73034189018902
683.948394839484,1.73411506750675
684.008400840084,1.73780222022202
684.068406840684,1.74096093609361
684.128412841284,1.7441196519652
684.188418841884,1.74727836783678
684.248424842484,1.75043708370837
684.308430843084,1.75359579957996
684.368436843684,1.75675451545154
684.428442844284,1.75991323132313
684.488448844884,1.76307194719472
684.548454845485,1.76623066306631
684.608460846085,1.7693893789379
684.668466846685,1.77254809480948
684.728472847285,1.77570681068107
684.788478847885,1.77886552655266
684.848484848485,1.78202424242424
684.908490849085,1.78518295829583
684.968496849685,1.78834167416741
685.028502850285,1.79083228322832
685.088508850885,1.79258445844584
685.148514851485,1.79433663366336
685.208520852085,1.79608880888089
685.268526852685,1.79784098409841
685.328532853285,1.79959315931593
685.388538853885,1.80134533453345
685.448544854485,1.80309750975097
685.508550855086,1.8048496849685
685.568556855686,1.80660186018602
685.628562856286,1.80835403540354
685.688568856886,1.81010621062106
685.748574857486,1.81185838583858
685.808580858086,1.81361056105611
685.868586858686,1.81536273627363
685.928592859286,1.81711491149115
685.988598859886,1.81886708670867
686.048604860486,1.81978325832583
686.108610861086,1.82050333033303
686.168616861686,1.82122340234023
686.228622862286,1.82194347434743
686.288628862886,1.82266354635464
686.348634863486,1.82338361836184
686.408640864086,1.82410369036904
686.468646864686,1.82482376237624
686.528652865287,1.82554383438344
686.588658865887,1.82626390639064
686.648664866487,1.82698397839784
686.708670867087,1.82770405040504
686.768676867687,1.82842412241224
686.828682868287,1.82914419441944
686.888688868887,1.82986426642664
686.948694869487,1.83058433843384
687.008700870087,1.83113387338734
687.068706870687,1.83067782778278
687.128712871287,1.83022178217822
687.188718871887,1.82976573657366
687.248724872487,1.8293096909691
687.308730873087,1.82885364536454
687.368736873687,1.82839759975998
687.428742874287,1.82794155415542
687.488748874888,1.82748550855086
687.548754875487,1.8270294629463
687.608760876088,1.82657341734173
687.668766876688,1.82611737173717
687.728772877288,1.82566132613261
687.788778877888,1.82520528052805
687.848784878488,1.82474923492349
687.908790879088,1.82429318931893
687.968796879688,1.82383714371437
688.028802880288,1.82274743474347
688.088808880888,1.82097125712571
688.148814881488,1.81919507950795
688.208820882088,1.81741890189019
688.268826882688,1.81564272427243
688.328832883288,1.81386654665467
688.388838883888,1.8120903690369
688.448844884488,1.81031419141914
688.508850885089,1.80853801380138
688.568856885689,1.80676183618362
688.628862886289,1.80498565856586
688.688868886889,1.80320948094809
688.748874887489,1.80143330333034
688.808880888089,1.79965712571257
688.868886888689,1.79788094809481
688.928892889289,1.79610477047705
688.988898889889,1.79432859285929
689.048904890489,1.79135913591359
689.108910891089,1.78811881188118
689.168916891689,1.78487848784879
689.228922892289,1.78163816381638
689.288928892889,1.77839783978398
689.348934893489,1.77515751575158
689.408940894089,1.77191719171917
689.468946894689,1.76867686768677
689.52895289529,1.76543654365437
689.58895889589,1.76219621962196
689.64896489649,1.75895589558956
689.70897089709,1.75571557155715
689.76897689769,1.75247524752475
689.82898289829,1.74923492349235
689.88898889889,1.74599459945994
689.94899489949,1.74275427542755
690.00900090009,1.7387513951395
690.06900690069,1.73042736273628
690.12901290129,1.72210333033303
690.18901890189,1.71377929792979
690.24902490249,1.70545526552656
690.30903090309,1.6971312331233
690.36903690369,1.68880720072007
690.42904290429,1.68048316831683
690.489048904891,1.67215913591359
690.54905490549,1.66383510351036
690.609060906091,1.65551107110712
690.669066906691,1.64718703870387
690.729072907291,1.63886300630063
690.789078907891,1.63053897389738
690.849084908491,1.62221494149416
690.909090909091,1.61389090909091
690.969096909691,1.60556687668767
691.029102910291,1.59681444944494
691.089108910891,1.58760712871287
691.149114911491,1.57839980798081
691.209120912091,1.56919248724873
691.269126912691,1.55998516651665
691.329132913291,1.55077784578458
691.389138913891,1.5415705250525
691.449144914491,1.53236320432044
691.509150915091,1.52315588358836
691.569156915692,1.51394856285629
691.629162916292,1.50474124212421
691.689168916892,1.49553392139213
691.749174917492,1.48632660066007
691.809180918092,1.477119279928
691.869186918692,1.46791195919592
691.929192919292,1.45870463846384
691.989198919892,1.44949731773177
692.049204920492,1.44016009600961
692.109210921092,1.43079435943595
692.169216921692,1.42142862286229
692.229222922292,1.41206288628863
692.289228922892,1.40269714971496
692.349234923492,1.39333141314132
692.409240924092,1.38396567656766
692.469246924692,1.374599939994
692.529252925293,1.36523420342034
692.589258925893,1.35586846684668
692.649264926493,1.34650273027303
692.709270927093,1.33713699369937
692.769276927693,1.32777125712571
692.829282928293,1.31840552055207
692.889288928893,1.30903978397839
692.949294929493,1.29967404740475
693.009300930093,1.29039611161116
693.069306930693,1.28159683168317
693.129312931293,1.27279755175519
693.189318931893,1.26399827182718
693.249324932493,1.2551989918992
693.309330933093,1.2463997119712
693.369336933693,1.2376004320432
693.429342934293,1.22880115211522
693.489348934894,1.22000187218721
693.549354935494,1.21120259225923
693.609360936094,1.20240331233124
693.669366936694,1.19360403240324
693.729372937294,1.18480475247526
693.789378937894,1.17600547254725
693.849384938494,1.16720619261927
693.909390939094,1.15840691269127
693.969396939694,1.14960763276327
694.029402940294,1.14144110411042
694.089408940894,1.13393315331532
694.149414941494,1.12642520252026
694.209420942094,1.11891725172517
694.269426942694,1.11140930093009
694.329432943294,1.10390135013502
694.389438943894,1.09639339933993
694.449444944494,1.08888544854486
694.509450945094,1.08137749774978
694.569456945695,1.07386954695469
694.629462946295,1.06636159615963
694.689468946895,1.05885364536453
694.749474947495,1.05134569456946
694.809480948095,1.04383774377438
694.869486948695,1.0363297929793
694.929492949295,1.02882184218423
694.989498949895,1.02131389138913
695.049504950495,1.01592871287129
695.109510951095,1.01099381938194
695.169516951695,1.00605892589259
695.229522952295,1.00112403240325
695.289528952895,0.996189138913886
695.349534953495,0.991254245424545
695.409540954095,0.986319351935194
695.469546954695,0.981384458445843
695.529552955295,0.976449564956502
695.589558955896,0.971514671467141
695.649564956496,0.9665797779778
695.709570957096,0.961644884488449
695.769576957696,0.956709990999098
695.829582958296,0.951775097509757
695.889588958896,0.946840204020397
695.949594959496,0.941905310531055
696.009600960096,0.937386714671467
696.069606960696,0.935053681368136
696.129612961296,0.932720648064809
696.189618961896,0.930387614761473
696.249624962496,0.928054581458147
696.309630963096,0.925721548154815
696.369636963696,0.923388514851484
696.429642964296,0.921055481548157
696.489648964897,0.918722448244822
696.549654965497,0.916389414941495
696.609660966097,0.914056381638164
696.669666966697,0.911723348334832
696.729672967297,0.909390315031506
696.789678967897,0.90705728172817
696.849684968497,0.904724248424843
696.909690969097,0.902391215121512
696.969696969697,0.900058181818181
697.029702970297,0.899302970297029
697.089708970897,0.900157455745576
697.149714971497,0.901011941194119
697.209720972097,0.901866426642664
697.269726972697,0.90272091209121
697.329732973297,0.903575397539753
697.389738973897,0.9044298829883
697.449744974497,0.905284368436843
697.509750975098,0.906138853885389
697.569756975698,0.906993339333934
697.629762976298,0.907847824782477
697.689768976898,0.908702310231024
697.749774977498,0.909556795679568
697.809780978098,0.910411281128113
697.869786978698,0.911265766576658
697.929792979298,0.912120252025202
697.989798979898,0.912974737473749
698.049804980498,0.916960960096009
698.109810981098,0.921588622862287
698.169816981698,0.926216285628566
698.229822982298,0.930843948394835
698.289828982898,0.935471611161114
698.349834983498,0.940099273927392
698.409840984098,0.94472693669367
698.469846984699,0.949354599459949
698.529852985298,0.953982262226219
698.589858985899,0.958609924992497
698.649864986499,0.963237587758775
698.709870987099,0.967865250525054
698.769876987699,0.972492913291332
698.829882988299,0.977120576057602
698.889888988899,0.98174823882388
698.949894989499,0.986375901590159
699.009900990099,0.99172277227723
699.069906990699,1.0007092709271
699.129912991299,1.00969576957695
699.189918991899,1.01868226822682
699.249924992499,1.02766876687669
699.309930993099,1.03665526552656
699.369936993699,1.04564176417642
699.429942994299,1.05462826282628
699.489948994899,1.06361476147614
699.5499549955,1.07260126012601
699.6099609961,1.08158775877588
699.6699669967,1.09057425742575
699.7299729973,1.0995607560756
699.7899789979,1.10854725472547
699.8499849985,1.11753375337534
699.9099909991,1.12652025202521
699.9699969997,1.13550675067507
700.0300030003,1.15108430843083
700.0900090009,1.17325292529252
700.1500150015,1.19542154215422
700.2100210021,1.21759015901591
700.2700270027,1.2397587758776
700.3300330033,1.26192739273926
700.3900390039,1.28409600960095
700.4500450045,1.30626462646265
700.5100510051,1.3284332433243
700.570057005701,1.35060186018604
700.630063006301,1.37277047704769
700.690069006901,1.39493909390938
700.750075007501,1.41710771077108
700.810081008101,1.43927632763273
700.870087008701,1.46144494449447
700.930093009301,1.48361356135612
700.990099009901,1.50578217821782
701.050105010501,1.53084886888689
701.110111011101,1.55648823282325
701.170117011701,1.5821275967597
701.230123012301,1.60776696069605
701.290129012901,1.63340632463246
701.350135013501,1.65904568856886
701.410141014101,1.68468505250522
701.470147014702,1.71032441644167
701.530153015301,1.73596378037802
701.590159015902,1.76160314431443
701.650165016502,1.78724250825083
701.710171017102,1.81288187218718
701.770177017702,1.83852123612364
701.830183018302,1.86416060005999
701.890189018902,1.88979996399639
701.950195019502,1.9154393279328
702.010201020102,1.94141818181815
702.070207020702,1.96905454545457
702.130213021302,1.99669090909089
702.190219021902,2.02432727272727
702.250225022502,2.05196363636364
702.310231023102,2.07959999999996
702.370237023702,2.10723636363639
702.430243024302,2.13487272727271
702.490249024902,2.16250909090909
702.550255025503,2.19014545454546
702.610261026103,2.21778181818178
702.670267026703,2.24541818181821
702.730273027303,2.27305454545453
702.790279027903,2.30069090909091
702.850285028503,2.32832727272728
702.910291029103,2.3559636363636
702.970297029703,2.38360000000003
703.030303030303,2.41150060606059
703.090309030903,2.4396602220222
703.150315031503,2.46781983798381
703.210321032103,2.49597945394536
703.270327032703,2.52413906990702
703.330333033303,2.55229868586857
703.390339033903,2.58045830183018
703.450345034503,2.60861791779179
703.510351035103,2.63677753375334
703.570357035704,2.664937149715
703.630363036304,2.69309676567656
703.690369036904,2.72125638163816
703.750375037504,2.74941599759977
703.810381038104,2.77757561356132
703.870387038704,2.80573522952298
703.930393039304,2.83389484548454
703.990399039904,2.86205446144615
704.050405040504,2.88941566156617
704.110411041104,2.91662478247822
704.170417041704,2.94383390339037
704.230423042304,2.97104302430242
704.290429042904,2.99825214521452
704.350435043504,3.02546126612662
704.410441044104,3.05267038703867
704.470447044705,3.07987950795083
704.530453045305,3.10708862886288
704.590459045905,3.13429774977498
704.650465046505,3.16150687068708
704.710471047105,3.18871599159913
704.770477047705,3.21592511251128
704.830483048305,3.24313423342333
704.890489048905,3.27034335433544
704.950495049505,3.29755247524754
705.010501050105,3.32417941794177
705.070507050705,3.34806180618065
705.130513051305,3.37194419441944
705.190519051905,3.39582658265827
705.250525052505,3.4197089708971
705.310531053105,3.44359135913589
705.370537053705,3.46747374737477
705.430543054305,3.49135613561356
705.490549054906,3.51523852385239
705.550555055506,3.53912091209122
705.610561056106,3.56300330033001
705.670567056706,3.58688568856889
705.730573057306,3.61076807680768
705.790579057906,3.63465046504651
705.850585058506,3.65853285328534
705.910591059106,3.68241524152413
705.970597059706,3.70629762976296
706.030603060306,3.72830711071107
706.090609060906,3.74851713171318
706.150615061506,3.76872715271528
706.210621062106,3.78893717371735
706.270627062706,3.80914719471946
706.330633063306,3.82935721572157
706.390639063906,3.84956723672368
706.450645064506,3.86977725772579
706.510651065106,3.88998727872786
706.570657065707,3.91019729972996
706.630663066307,3.93040732073207
706.690669066907,3.95061734173418
706.750675067507,3.97082736273629
706.810681068107,3.99103738373836
706.870687068707,4.01124740474047
706.930693069307,4.03145742574257
706.990699069907,4.05166744674468
707.050705070507,4.06771965196521
707.110711071107,4.08300918091808
707.170717071707,4.09829870987098
707.230723072307,4.11358823882388
707.290729072907,4.12887776777678
707.350735073507,4.14416729672968
707.410741074107,4.15945682568256
707.470747074707,4.17474635463546
707.530753075308,4.19003588358836
707.590759075908,4.20532541254126
707.650765076508,4.22061494149416
707.710771077108,4.23590447044703
707.770777077708,4.25119399939993
707.830783078308,4.26648352835284
707.890789078908,4.28177305730574
707.950795079508,4.29706258625864
708.010801080108,4.31124176417641
708.070807080708,4.32036267626762
708.130813081308,4.32948358835884
708.190819081908,4.33860450045003
708.250825082508,4.34772541254126
708.310831083108,4.35684632463246
708.370837083708,4.36596723672367
708.430843084308,4.37508814881488
708.490849084908,4.38420906090608
708.550855085509,4.39332997299731
708.610861086109,4.4024508850885
708.670867086709,4.41157179717972
708.730873087309,4.42069270927093
708.790879087909,4.42981362136212
708.850885088509,4.43893453345335
708.910891089109,4.44805544554455
708.970897089709,4.45717635763576
709.030903090309,4.46247764776478
709.090909090909,4.46418181818182
709.150915091509,4.46588598859886
709.210921092109,4.4675901590159
709.270927092709,4.46929432943294
709.330933093309,4.47099849984999
709.390939093909,4.47270267026702
709.45094509451,4.47440684068407
709.510951095109,4.47611101110111
709.57095709571,4.47781518151815
709.63096309631,4.47951935193519
709.69096909691,4.48122352235223
709.75097509751,4.48292769276928
709.81098109811,4.48463186318632
709.87098709871,4.48633603360336
709.93099309931,4.4880402040204
709.99099909991,4.48974437443744
710.05100510051,4.47251137113709
710.11101110111,4.45193651365138
710.17101710171,4.43136165616562
710.23102310231,4.41078679867986
710.29102910291,4.39021194119415
710.35103510351,4.36963708370835
710.41104110411,4.34906222622263
710.47104710471,4.32848736873688
710.531053105311,4.30791251125112
710.591059105911,4.2873376537654
710.651065106511,4.26676279627961
710.711071107111,4.24618793879389
710.771077107711,4.22561308130813
710.831083108311,4.20503822382238
710.891089108911,4.18446336633666
710.951095109511,4.16388850885086
711.011101110111,4.14210940294031
711.071107110711,4.11502509450945
711.131113111311,4.0879407860786
711.191119111911,4.0608564776478
711.251125112511,4.03377216921689
711.311131113111,4.00668786078609
711.371137113711,3.97960355235524
711.431143114311,3.95251924392438
711.491149114911,3.92543493549358
711.551155115512,3.89835062706268
711.611161116112,3.87126631863187
711.671167116712,3.84418201020102
711.731173117312,3.81709770177017
711.791179117912,3.79001339333936
711.851185118512,3.76292908490846
711.911191119112,3.73584477647766
711.971197119712,3.7087604680468
712.031203120312,3.67941206120611
712.091209120912,3.64797371737171
712.151215121512,3.61653537353738
712.211221122112,3.58509702970298
712.271227122712,3.55365868586858
712.331233123312,3.52222034203419
712.391239123912,3.49078199819979
712.451245124512,3.45934365436546
712.511251125112,3.42790531053106
712.571257125713,3.39646696669667
712.631263126313,3.36502862286227
712.691269126913,3.33359027902794
712.751275127513,3.30215193519354
712.811281128113,3.27071359135914
712.871287128713,3.23927524752475
712.931293129313,3.20783690369035
712.991299129913,3.17639855985602
713.051305130513,3.14308039603962
713.111311131113,3.10944343234324
713.171317131713,3.07580646864686
713.231323132313,3.04216950495048
713.291329132913,3.00853254125416
713.351335133513,2.97489557755778
713.411341134113,2.94125861386139
713.471347134713,2.90762165016501
713.531353135314,2.87398468646863
713.591359135914,2.84034772277231
713.651365136514,2.80671075907593
713.711371137114,2.77307379537954
713.771377137714,2.73943683168316
713.831383138314,2.70579986798678
713.891389138914,2.67216290429046
713.951395139514,2.63852594059408
714.011401140114,2.60488076807681
714.071407140714,2.57120060006
714.131413141314,2.53752043204318
714.191419141914,2.50384026402643
714.251425142514,2.47016009600962
714.311431143114,2.4364799279928
714.371437143714,2.40279975997599
714.431443144314,2.36911959195917
714.491449144914,2.33543942394242
714.551455145515,2.30175925592561
714.611461146115,2.26807908790879
714.671467146715,2.23439891989198
714.731473147315,2.20071875187516
714.791479147915,2.16703858385841
714.851485148515,2.1333584158416
714.911491149115,2.09967824782478
714.971497149715,2.06599807980797
715.031503150315,2.03751971197118
715.091509150915,2.0137477347735
715.151515151515,1.98997575757577
715.211521152115,1.96620378037804
715.271527152715,1.94243180318031
715.331533153315,1.91865982598258
715.391539153915,1.8948878487849
715.451545154515,1.87111587158717
715.511551155116,1.84734389438944
715.571557155716,1.82357191719171
715.631563156316,1.79979993999398
715.691569156916,1.7760279627963
715.751575157516,1.75225598559857
715.811581158116,1.72848400840084
715.871587158716,1.70471203120311
715.931593159316,1.68094005400538
715.991599159916,1.6571680768077
716.051605160516,1.63539012301231
716.111611161116,1.61393677767777
716.171617161716,1.59248343234322
716.231623162316,1.57103008700868
716.291629162916,1.54957674167418
716.351635163516,1.52812339633964
716.411641164116,1.5066700510051
716.471647164717,1.48521670567056
716.531653165317,1.46376336033601
716.591659165917,1.44231001500151
716.651665166517,1.42085666966697
716.711671167117,1.39940332433243
716.771677167717,1.37794997899789
716.831683168317,1.35649663366339
716.891689168917,1.33504328832885
716.951695169517,1.3135899429943
717.011701170117,1.29262898289829
717.071707170717,1.273700690069
717.131713171317,1.25477239723974
717.191719171917,1.23584410441045
717.251725172517,1.21691581158116
717.311731173117,1.19798751875187
717.371737173717,1.17905922592258
717.431743174317,1.16013093309333
717.491749174917,1.14120264026404
717.551755175518,1.12227434743475
717.611761176118,1.10334605460546
717.671767176718,1.08441776177617
717.731773177318,1.06548946894691
717.791779177918,1.04656117611762
717.851785178518,1.02763288328833
717.911791179118,1.00870459045904
717.971797179718,0.989776297629751
718.031803180318,0.972295685568571
718.091809180918,0.956098865886597
718.151815181518,0.939902046204622
718.211821182118,0.923705226522648
718.271827182718,0.907508406840673
718.331833183318,0.89131158715873
718.391839183918,0.875114767476755
718.451845184518,0.858917947794781
718.511851185119,0.842721128112806
718.571857185719,0.826524308430832
718.631863186319,0.810327488748888
718.691869186919,0.794130669066914
718.751875187519,0.777933849384939
718.811881188119,0.761737029702965
718.871887188719,0.74554021002099
718.931893189319,0.729343390339047
718.991899189919,0.713146570657072
719.051905190519,0.699491029102911
719.111911191119,0.686232103210316
719.171917191719,0.672973177317722
719.231923192319,0.659714251425153
719.291929192919,0.646455325532558
719.351935193519,0.633196399639964
719.411941194119,0.61993747374737
719.47194719472,0.606678547854775
719.531953195319,0.593419621962206
719.59195919592,0.580160696069612
719.65196519652,0.566901770177017
719.71197119712,0.553642844284423
719.77197719772,0.540383918391828
719.83198319832,0.527124992499259
719.89198919892,0.513866066606665
719.95199519952,0.50060714071407
720.01200120012,0.488560816081605
720.07200720072,0.481364896489643
720.13201320132,0.474168976897695
720.19201920192,0.466973057305733
720.25202520252,0.459777137713771
720.31203120312,0.452581218121809
720.37203720372,0.44538529852986
720.43204320432,0.438189378937898
720.49204920492,0.430993459345936
720.552055205521,0.423797539753974
720.612061206121,0.416601620162013
720.672067206721,0.409405700570064
720.732073207321,0.402209780978102
720.792079207921,0.39501386138614
720.852085208521,0.387817941794178
720.912091209121,0.380622022202216
720.972097209721,0.373426102610268
721.032103210321,0.367632451245127
721.092109210921,0.363057593759377
721.152115211521,0.358482736273627
721.212121212121,0.353907878787876
721.272127212721,0.349333021302135
721.332133213321,0.344758163816384
721.392139213921,0.340183306330634
721.452145214521,0.335608448844884
721.512151215122,0.331033591359133
721.572157215722,0.326458733873391
721.632163216322,0.321883876387641
721.692169216922,0.317309018901891
721.752175217522,0.31273416141614
721.812181218122,0.30815930393039
721.872187218722,0.303584446444648
721.932193219322,0.299009588958898
721.992199219922,0.294434731473148
722.052205220522,0.291684968496849
722.112211221122,0.289207920792078
722.172217221722,0.286730873087311
722.232223222322,0.284253825382539
722.292229222922,0.281776777677768
722.352235223522,0.279299729972997
722.412241224122,0.276822682268225
722.472247224722,0.274345634563458
722.532253225323,0.271868586858687
722.592259225923,0.269391539153916
722.652265226523,0.266914491449144
722.712271227123,0.264437443744373
722.772277227723,0.261960396039606
722.832283228323,0.259483348334834
722.892289228923,0.257006300630063
722.952295229523,0.254529252925292
723.012301230123,0.252374989498949
723.072307230723,0.251472499249926
723.132313231323,0.2505700090009
723.192319231923,0.249667518751875
723.252325232523,0.24876502850285
723.312331233123,0.247862538253825
723.372337233723,0.246960048004801
723.432343234323,0.246057557755776
723.492349234923,0.245155067506751
723.552355235524,0.244252577257725
723.612361236124,0.2433500870087
723.672367236724,0.242447596759677
723.732373237324,0.241545106510651
723.792379237924,0.240642616261626
723.852385238524,0.239740126012601
723.912391239124,0.238837635763576
723.972397239724,0.237935145514552
724.032403240324,0.237600360036004
724.092409240924,0.237749174917492
724.152415241524,0.23789798979898
724.212421242124,0.238046804680468
724.272427242724,0.238195619561956
724.332433243324,0.238344434443444
724.392439243924,0.238493249324933
724.452445244524,0.238642064206421
724.512451245124,0.238790879087909
724.572457245725,0.238939693969397
724.632463246325,0.239088508850885
724.692469246925,0.239237323732373
724.752475247525,0.239386138613861
724.812481248125,0.239534953495349
724.872487248725,0.239683768376838
724.932493249325,0.239832583258326
724.992499249925,0.239981398139814
725.052505250525,0.2390801080108
725.112511251125,0.238028802880289
725.172517251725,0.236977497749776
725.232523252325,0.235926192619262
725.292529252925,0.234874887488749
725.352535253525,0.233823582358235
725.412541254125,0.232772277227724
725.472547254725,0.23172097209721
725.532553255326,0.230669666966697
725.592559255926,0.229618361836183
725.652565256526,0.22856705670567
725.712571257126,0.227515751575158
725.772577257726,0.226464446444645
725.832583258326,0.225413141314132
725.892589258926,0.224361836183618
725.952595259526,0.223310531053105
726.012601260126,0.22235096309631
726.072607260726,0.221736501650165
726.132613261326,0.22112204020402
726.192619261926,0.220507578757876
726.252625262526,0.219893117311731
726.312631263126,0.219278655865587
726.372637263726,0.218664194419442
726.432643264326,0.218049732973297
726.492649264927,0.217435271527153
726.552655265527,0.216820810081008
726.612661266127,0.216206348634864
726.672667266727,0.215591887188719
726.732673267327,0.214977425742574
726.792679267927,0.214362964296429
726.852685268527,0.213748502850285
726.912691269127,0.213134041404141
726.972697269727,0.212519579957996
727.032703270327,0.212093489348935
727.092709270927,0.211824662466247
727.152715271527,0.211555835583558
727.212721272127,0.21128700870087
727.272727272727,0.211018181818182
727.332733273327,0.210749354935494
727.392739273927,0.210480528052805
727.452745274528,0.210211701170117
727.512751275127,0.209942874287429
727.572757275728,0.209674047404741
727.632763276328,0.209405220522052
727.692769276928,0.209136393639364
727.752775277528,0.208867566756675
727.812781278128,0.208598739873988
727.872787278728,0.208329912991299
727.932793279328,0.208061086108611
727.992799279928,0.207792259225922
728.052805280528,0.207747326732673
728.112811281128,0.207732925292529
728.172817281728,0.207718523852385
728.232823282328,0.207704122412241
728.292829282928,0.207689720972097
728.352835283528,0.207675319531953
728.412841284128,0.207660918091809
728.472847284728,0.207646516651665
728.532853285329,0.207632115211521
728.592859285929,0.207617713771377
728.652865286529,0.207603312331233
728.712871287129,0.207588910891089
728.772877287729,0.207574509450945
728.832883288329,0.207560108010801
728.892889288929,0.207545706570657
728.952895289529,0.207531305130513
729.012901290129,0.20755199519952
729.072907290729,0.207700810081008
729.132913291329,0.207849624962496
729.192919291929,0.207998439843985
729.252925292529,0.208147254725472
729.312931293129,0.208296069606961
729.372937293729,0.208444884488449
729.432943294329,0.208593699369937
729.49294929493,0.208742514251425
729.55295529553,0.208891329132913
729.61296129613,0.209040144014401
729.67296729673,0.20918895889589
729.73297329733,0.209337773777378
729.79297929793,0.209486588658866
729.85298529853,0.209635403540354
729.91299129913,0.209784218421842
729.97299729973,0.20993303330333
730.03300330033,0.209920792079208
730.09300930093,0.209776777677768
730.15301530153,0.209632763276328
730.21302130213,0.209488748874888
730.27302730273,0.209344734473447
730.33303330333,0.209200720072007
730.39303930393,0.209056705670567
730.45304530453,0.208912691269127
730.51305130513,0.208768676867687
730.573057305731,0.208624662466247
730.633063306331,0.208480648064806
730.693069306931,0.208336633663366
730.753075307531,0.208192619261926
730.813081308131,0.208048604860486
730.873087308731,0.207904590459046
730.933093309331,0.207760576057606
730.993099309931,0.207616561656166
731.053105310531,0.207536273627363
731.113111311131,0.207464266426643
731.173117311731,0.207392259225923
731.233123312331,0.207320252025202
731.293129312931,0.207248244824482
731.353135313531,0.207176237623762
731.413141314131,0.207104230423042
731.473147314731,0.207032223222322
731.533153315332,0.206960216021602
731.593159315932,0.206888208820882
731.653165316532,0.206816201620162
731.713171317132,0.206744194419442
731.773177317732,0.206672187218722
731.833183318332,0.206600180018002
731.893189318932,0.206528172817282
731.953195319532,0.206456165616562
732.013201320132,0.2064
732.073207320732,0.2064
732.133213321332,0.2064
732.193219321932,0.2064
732.253225322532,0.2064
732.313231323132,0.2064
732.373237323732,0.2064
732.433243324332,0.2064
732.493249324932,0.2064
732.553255325533,0.2064
732.613261326133,0.2064
732.673267326733,0.2064
732.733273327333,0.2064
732.793279327933,0.2064
732.853285328533,0.2064
732.913291329133,0.2064
732.973297329733,0.2064
733.033303330333,0.2064399639964
733.093309330933,0.20651197119712
733.153315331533,0.20658397839784
733.213321332133,0.20665598559856
733.273327332733,0.20672799279928
733.333333333333,0.2068
733.393339333933,0.20687200720072
733.453345334533,0.20694401440144
733.513351335134,0.20701602160216
733.573357335734,0.20708802880288
733.633363336334,0.2071600360036
733.693369336934,0.20723204320432
733.753375337534,0.20730405040504
733.813381338134,0.207376057605761
733.873387338734,0.207448064806481
733.933393339334,0.207520072007201
733.993399339934,0.207592079207921
734.053405340534,0.207728172817282
734.113411341134,0.207872187218722
734.173417341734,0.208016201620162
734.233423342334,0.208160216021602
734.293429342934,0.208304230423042
734.353435343534,0.208448244824482
734.413441344134,0.208592259225923
734.473447344734,0.208736273627363
734.533453345335,0.208880288028803
734.593459345935,0.209024302430243
734.653465346535,0.209168316831683
734.713471347135,0.209312331233123
734.773477347735,0.209456345634564
734.833483348335,0.209600360036004
734.893489348935,0.209744374437444
734.953495349535,0.209888388838884
735.013501350135,0.210074527452745
735.073507350735,0.210405760576058
735.133513351335,0.21073699369937
735.193519351935,0.211068226822682
735.253525352535,0.211399459945994
735.313531353135,0.211730693069307
735.373537353735,0.212061926192619
735.433543354335,0.212393159315932
735.493549354935,0.212724392439244
735.553555355536,0.213055625562556
735.613561356136,0.213386858685869
735.673567356736,0.213718091809181
735.733573357336,0.214049324932493
735.793579357936,0.214380558055805
735.853585358536,0.214711791179118
735.913591359136,0.21504302430243
735.973597359736,0.215374257425743
736.033603360336,0.215729684968496
736.093609360936,0.216104122412241
736.153615361536,0.216478559855986
736.213621362136,0.21685299729973
736.273627362736,0.217227434743475
736.333633363336,0.217601872187218
736.393639363936,0.217976309630963
736.453645364536,0.218350747074707
736.513651365137,0.218725184518452
736.573657365737,0.219099621962196
736.633663366337,0.21947405940594
736.693669366937,0.219848496849685
736.753675367537,0.220222934293429
736.813681368137,0.220597371737174
736.873687368737,0.220971809180918
736.933693369337,0.221346246624662
736.993699369937,0.221720684068407
737.053705370537,0.22210801080108
737.113711371137,0.222496849684969
737.173717371737,0.222885688568857
737.233723372337,0.223274527452745
737.293729372937,0.223663366336633
737.353735373537,0.224052205220522
737.413741374137,0.224441044104411
737.473747374738,0.224829882988299
737.533753375337,0.225218721872187
737.593759375938,0.225607560756075
737.653765376538,0.225996399639964
737.713771377138,0.226385238523853
737.773777377738,0.226774077407741
737.833783378338,0.227162916291629
737.893789378938,0.227551755175517
737.953795379538,0.227940594059406
738.013801380138,0.228326120612061
738.073807380738,0.228700558055806
738.133813381338,0.22907499549955
738.193819381938,0.229449432943294
738.253825382538,0.229823870387039
738.313831383138,0.230198307830783
738.373837383738,0.230572745274528
738.433843384338,0.230947182718272
738.493849384938,0.231321620162016
738.553855385539,0.231696057605761
738.613861386139,0.232070495049505
738.673867386739,0.23244493249325
738.733873387339,0.232819369936993
738.793879387939,0.233193807380738
738.853885388539,0.233568244824482
738.913891389139,0.233942682268227
738.973897389739,0.234317119711971
739.033903390339,0.234667146714671
739.093909390939,0.234998379837984
739.153915391539,0.235329612961296
739.213921392139,0.235660846084609
739.273927392739,0.235992079207921
739.333933393339,0.236323312331233
739.393939393939,0.236654545454545
739.453945394539,0.236985778577858
739.51395139514,0.23731701170117
739.57395739574,0.237648244824483
739.63396339634,0.237979477947795
739.69396939694,0.238310711071107
739.75397539754,0.238641944194419
739.81398139814,0.238973177317732
739.87398739874,0.239304410441044
739.93399339934,0.239635643564356
739.99399939994,0.239966876687669
740.05400540054,0.240129612961296
740.11401140114,0.240273627362736
740.17401740174,0.240417641764176
740.23402340234,0.240561656165616
740.29402940294,0.240705670567057
740.35403540354,0.240849684968497
740.41404140414,0.240993699369937
740.47404740474,0.241137713771377
740.534053405341,0.241281728172817
740.594059405941,0.241425742574257
740.654065406541,0.241569756975698
740.714071407141,0.241713771377138
740.774077407741,0.241857785778578
740.834083408341,0.242001800180018
740.894089408941,0.242145814581458
740.954095409541,0.242289828982898
741.014101410141,0.242416921692169
741.074107410741,0.242488928892889
741.134113411341,0.242560936093609
741.194119411941,0.242632943294329
741.254125412541,0.24270495049505
741.314131413141,0.24277695769577
741.374137413741,0.24284896489649
741.434143414341,0.24292097209721
741.494149414941,0.24299297929793
741.554155415542,0.24306498649865
741.614161416142,0.24313699369937
741.674167416742,0.24320900090009
741.734173417342,0.24328100810081
741.794179417942,0.24335301530153
741.854185418542,0.24342502250225
741.914191419142,0.24349702970297
741.974197419742,0.24356903690369
742.034203420342,0.2436
742.094209420942,0.2436
742.154215421542,0.2436
742.214221422142,0.2436
742.274227422742,0.2436
742.334233423342,0.2436
742.394239423942,0.2436
742.454245424542,0.2436
742.514251425143,0.2436
742.574257425743,0.2436
742.634263426343,0.2436
742.694269426943,0.2436
742.754275427543,0.2436
742.814281428143,0.2436
742.874287428743,0.2436
742.934293429343,0.2436
742.994299429943,0.2436
743.054305430543,0.243534833483348
743.114311431143,0.243462826282628
743.174317431743,0.243390819081908
743.234323432343,0.243318811881188
743.294329432943,0.243246804680468
743.354335433543,0.243174797479748
743.414341434143,0.243102790279028
743.474347434743,0.243030783078308
743.534353435344,0.242958775877588
743.594359435944,0.242886768676868
743.654365436544,0.242814761476148
743.714371437144,0.242742754275428
743.774377437744,0.242670747074708
743.834383438344,0.242598739873987
743.894389438944,0.242526732673267
743.954395439544,0.242454725472547
744.014401440144,0.242365436543654
744.074407440744,0.242221422142214
744.134413441344,0.242077407740774
744.194419441944,0.241933393339334
744.254425442544,0.241789378937894
744.314431443144,0.241645364536454
744.374437443744,0.241501350135014
744.434443444344,0.241357335733573
744.494449444945,0.241213321332133
744.554455445545,0.241069306930693
744.614461446145,0.240925292529253
744.674467446745,0.240781278127813
744.734473447345,0.240637263726373
744.794479447945,0.240493249324932
744.854485448545,0.240349234923492
744.914491449145,0.240205220522052
744.974497449745,0.240061206120612
745.034503450345,0.239853705370537
745.094509450945,0.239599279927993
745.154515451545,0.239344854485448
745.214521452145,0.239090429042905
745.274527452745,0.23883600360036
745.334533453345,0.238581578157816
745.394539453945,0.238327152715271
745.454545454545,0.238072727272727
745.514551455145,0.237818301830183
745.574557455746,0.237563876387639
745.634563456346,0.237309450945095
745.694569456946,0.23705502550255
745.754575457546,0.236800600060006
745.814581458146,0.236546174617462
745.874587458746,0.236291749174918
745.934593459346,0.236037323732373
745.994599459946,0.235782898289829
746.054605460546,0.235471683168317
746.114611461146,0.235154851485149
746.174617461746,0.23483801980198
746.234623462346,0.234521188118812
746.294629462946,0.234204356435643
746.354635463546,0.233887524752475
746.414641464146,0.233570693069307
746.474647464746,0.233253861386139
746.534653465347,0.23293702970297
746.594659465947,0.232620198019802
746.654665466547,0.232303366336633
746.714671467147,0.231986534653466
746.774677467747,0.231669702970297
746.834683468347,0.231352871287129
746.894689468947,0.23103603960396
746.954695469547,0.230719207920792
747.014701470147,0.230389438943895
747.074707470747,0.230019801980198
747.134713471347,0.229650165016502
747.194719471947,0.229280528052805
747.254725472547,0.228910891089109
747.314731473147,0.228541254125413
747.374737473747,0.228171617161716
747.434743474347,0.22780198019802
747.494749474948,0.227432343234323
747.554755475547,0.227062706270627
747.614761476148,0.226693069306931
747.674767476748,0.226323432343234
747.734773477348,0.225953795379538
747.794779477948,0.225584158415841
747.854785478548,0.225214521452146
747.914791479148,0.224844884488449
747.974797479748,0.224475247524753
748.034803480348,0.224080552055205
748.094809480948,0.223667710771077
748.154815481548,0.223254869486949
748.214821482148,0.222842028202821
748.274827482748,0.222429186918692
748.334833483348,0.222016345634563
748.394839483948,0.221603504350435
748.454845484548,0.221190663066307
748.514851485148,0.220777821782178
748.574857485749,0.22036498049805
748.634863486349,0.219952139213921
748.694869486949,0.219539297929793
748.754875487549,0.219126456645665
748.814881488149,0.218713615361536
748.874887488749,0.218300774077408
748.934893489349,0.217887932793279
748.994899489949,0.217475091509151
749.054905490549,0.217031503150315
749.114911491149,0.216585058505851
749.174917491749,0.216138613861386
749.234923492349,0.215692169216922
749.294929492949,0.215245724572457
749.354935493549,0.214799279927993
749.414941494149,0.214352835283529
749.474947494749,0.213906390639064
749.53495349535,0.213459945994599
749.59495949595,0.213013501350135
749.65496549655,0.212567056705671
749.71497149715,0.212120612061206
749.77497749775,0.211674167416742
749.83498349835,0.211227722772277
749.89498949895,0.210781278127812
749.95499549955,0.210334833483349
750.01500150015,0.209848784878488
750.07500750075,0.209243924392439
750.13501350135,0.20863906390639
750.19501950195,0.208034203420342
750.25502550255,0.207429342934294
750.31503150315,0.206824482448245
750.37503750375,0.206219621962196
750.43504350435,0.205614761476147
750.495049504951,0.205009900990098
750.555055505551,0.204405040504051
750.615061506151,0.203800180018002
750.675067506751,0.203195319531953
750.735073507351,0.202590459045904
750.795079507951,0.201985598559855
750.855085508551,0.201380738073808
750.915091509151,0.200775877587759
750.975097509751,0.20017101710171
751.035103510351,0.199577389738974
751.095109510951,0.198991731173118
751.155115511551,0.198406072607261
751.215121512151,0.197820414041404
751.275127512751,0.197234755475547
751.335133513351,0.196649096909691
751.395139513951,0.196063438343835
751.455145514551,0.195477779777978
751.515151515152,0.194892121212121
751.575157515752,0.194306462646265
751.635163516352,0.193720804080408
751.695169516952,0.193135145514552
751.755175517552,0.192549486948695
751.815181518152,0.191963828382838
751.875187518752,0.191378169816982
751.935193519352,0.190792511251125
751.995199519952,0.190206852685269
752.055205520552,0.189678607860786
752.115211521152,0.189155355535554
752.175217521752,0.188632103210321
752.235223522352,0.188108850885088
752.295229522952,0.187585598559856
752.355235523552,0.187062346234624
752.415241524152,0.186539093909391
752.475247524752,0.186015841584158
752.535253525353,0.185492589258926
752.595259525953,0.184969336933694
752.655265526553,0.184446084608461
752.715271527153,0.183922832283228
752.775277527753,0.183399579957996
752.835283528353,0.182876327632763
752.895289528953,0.182353075307531
752.955295529553,0.181829822982298
753.015301530153,0.181333501350135
753.075307530753,0.180915859585958
753.135313531353,0.180498217821782
753.195319531953,0.180080576057606
753.255325532553,0.17966293429343
753.315331533153,0.179245292529253
753.375337533753,0.178827650765076
753.435343534353,0.1784100090009
753.495349534953,0.177992367236724
753.555355535554,0.177574725472547
753.615361536154,0.177157083708371
753.675367536754,0.176739441944194
753.735373537354,0.176321800180018
753.795379537954,0.175904158415842
753.855385538554,0.175486516651665
753.915391539154,0.175068874887489
753.975397539754,0.174651233123312
754.035403540354,0.174321392139214
754.095409540954,0.174052565256526
754.155415541554,0.173783738373837
754.215421542154,0.173514911491149
754.275427542754,0.173246084608461
754.335433543354,0.172977257725772
754.395439543954,0.172708430843084
754.455445544554,0.172439603960396
754.515451545155,0.172170777077708
754.575457545755,0.171901950195019
754.635463546355,0.171633123312331
754.695469546955,0.171364296429643
754.755475547555,0.171095469546955
754.815481548155,0.170826642664266
754.875487548755,0.170557815781578
754.935493549355,0.17028898889889
754.995499549955,0.170020162016202
755.055505550555,0.170284188418842
755.115511551155,0.170591419141914
755.175517551755,0.170898649864987
755.235523552355,0.171205880588058
755.295529552955,0.171513111311131
755.355535553555,0.171820342034203
755.415541554155,0.172127572757276
755.475547554756,0.172434803480348
755.535553555355,0.17274203420342
755.595559555956,0.173049264926492
755.655565556556,0.173356495649565
755.715571557156,0.173663726372637
755.775577557756,0.17397095709571
755.835583558356,0.174278187818782
755.895589558956,0.174585418541854
755.955595559556,0.174892649264926
756.015601560156,0.175236075607561
756.075607560756,0.175682520252025
756.135613561356,0.176128964896489
756.195619561956,0.176575409540954
756.255625562556,0.177021854185418
756.315631563156,0.177468298829883
756.375637563756,0.177914743474348
756.435643564356,0.178361188118811
756.495649564956,0.178807632763276
756.555655565557,0.179254077407741
756.615661566157,0.179700522052205
756.675667566757,0.18014696669667
756.735673567357,0.180593411341134
756.795679567957,0.181039855985598
756.855685568557,0.181486300630063
756.915691569157,0.181932745274528
756.975697569757,0.182379189918992
757.035703570357,0.18287704770477
757.095709570957,0.183409900990099
757.155715571557,0.183942754275428
757.215721572157,0.184475607560756
757.275727572757,0.185008460846085
757.335733573357,0.185541314131413
757.395739573957,0.186074167416741
757.455745574557,0.18660702070207
757.515751575158,0.187139873987399
757.575757575758,0.187672727272728
757.635763576358,0.188205580558055
757.695769576958,0.188738433843384
757.755775577558,0.189271287128713
757.815781578158,0.189804140414042
757.875787578758,0.19033699369937
757.935793579358,0.190869846984698
757.995799579958,0.191402700270027
758.055805580558,0.191966804680468
758.115811581158,0.192533261326133
758.175817581758,0.193099717971798
758.235823582358,0.193666174617461
758.295829582958,0.194232631263126
758.355835583558,0.194799087908791
758.415841584158,0.195365544554456
758.475847584759,0.19593200120012
758.535853585358,0.196498457845784
758.595859585959,0.197064914491449
758.655865586559,0.197631371137114
758.715871587159,0.198197827782779
758.775877587759,0.198764284428442
758.835883588359,0.199330741074107
758.895889588959,0.199897197719772
758.955895589559,0.200463654365437
759.015901590159,0.201025022502251
759.075907590759,0.201572277227722
759.135913591359,0.202119531953195
759.195919591959,0.202666786678668
759.255925592559,0.203214041404141
759.315931593159,0.203761296129613
759.375937593759,0.204308550855085
759.435943594359,0.204855805580558
759.495949594959,0.20540306030603
759.55595559556,0.205950315031503
759.61596159616,0.206497569756976
759.67596759676,0.207044824482448
759.73597359736,0.20759207920792
759.79597959796,0.208139333933393
759.85598559856,0.208686588658866
759.91599159916,0.209233843384339
759.97599759976,0.20978109810981
760.03600360036,0.21019297929793
760.09600960096,0.210514611461146
760.15601560156,0.210836243624363
760.21602160216,0.211157875787579
760.27602760276,0.211479507950795
760.33603360336,0.211801140114011
760.39603960396,0.212122772277228
760.45604560456,0.212444404440444
760.516051605161,0.212766036603661
760.576057605761,0.213087668766876
760.636063606361,0.213409300930093
760.696069606961,0.213730933093309
760.756075607561,0.214052565256526
760.816081608161,0.214374197419742
760.876087608761,0.214695829582958
760.936093609361,0.215017461746174
760.996099609961,0.215339093909391
761.056105610561,0.215579933993399
761.116111611161,0.215815157515752
761.176117611761,0.216050381038104
761.236123612361,0.216285604560456
761.296129612961,0.216520828082808
761.356135613561,0.216756051605161
761.416141614161,0.216991275127513
761.476147614761,0.217226498649865
761.536153615362,0.217461722172217
761.596159615962,0.217696945694569
761.656165616562,0.217932169216922
761.716171617162,0.218167392739274
761.776177617762,0.218402616261626
761.836183618362,0.218637839783978
761.896189618962,0.218873063306331
761.956195619562,0.219108286828683
762.016201620162,0.219316291629163
762.076207620762,0.219450705070507
762.136213621362,0.219585118511851
762.196219621962,0.219719531953195
762.256225622562,0.21985394539454
762.316231623162,0.219988358835884
762.376237623762,0.220122772277228
762.436243624362,0.220257185718572
762.496249624963,0.220391599159916
762.556255625563,0.22052601260126
762.616261626163,0.220660426042604
762.676267626763,0.220794839483948
762.736273627363,0.220929252925293
762.796279627963,0.221063666366637
762.856285628563,0.221198079807981
762.916291629163,0.221332493249325
762.976297629763,0.221466906690669
763.036303630363,0.221531617161716
763.096309630963,0.221550819081908
763.156315631563,0.2215700210021
763.216321632163,0.221589222922292
763.276327632763,0.221608424842484
763.336333633363,0.221627626762676
763.396339633963,0.221646828682868
763.456345634563,0.22166603060306
763.516351635163,0.221685232523252
763.576357635764,0.221704434443444
763.636363636364,0.221723636363636
763.696369636964,0.221742838283828
763.756375637564,0.22176204020402
763.816381638164,0.221781242124212
763.876387638764,0.221800444044404
763.936393639364,0.221819645964596
763.996399639964,0.221838847884788
764.056405640564,0.221736213621362
764.116411641164,0.221625802580258
764.176417641764,0.221515391539154
764.236423642364,0.22140498049805
764.296429642964,0.221294569456946
764.356435643564,0.221184158415842
764.416441644164,0.221073747374738
764.476447644764,0.220963336333633
764.536453645365,0.220852925292529
764.596459645965,0.220742514251425
764.656465646565,0.220632103210321
764.716471647165,0.220521692169217
764.776477647765,0.220411281128113
764.836483648365,0.220300870087009
764.896489648965,0.220190459045905
764.956495649565,0.2200800480048
765.016501650165,0.219882508250825
765.076507650765,0.219455265526553
765.136513651365,0.21902802280228
765.196519651965,0.218600780078008
765.256525652565,0.218173537353735
765.316531653165,0.217746294629463
765.376537653765,0.217319051905191
765.436543654365,0.216891809180918
765.496549654966,0.216464566456645
765.556555655566,0.216037323732373
765.616561656166,0.215610081008101
765.676567656766,0.215182838283829
765.736573657366,0.214755595559556
765.796579657966,0.214328352835283
765.856585658566,0.213901110111011
765.916591659166,0.213473867386739
765.976597659766,0.213046624662466
766.036603660366,0.212549102910291
766.096609660966,0.212006648664866
766.156615661566,0.211464194419442
766.216621662166,0.210921740174018
766.276627662766,0.210379285928593
766.336633663366,0.209836831683168
766.396639663966,0.209294377437744
766.456645664566,0.20875192319232
766.516651665166,0.208209468946895
766.576657665767,0.20766701470147
766.636663666367,0.207124560456046
766.696669666967,0.206582106210621
766.756675667567,0.206039651965197
766.816681668167,0.205497197719772
766.876687668767,0.204954743474348
766.936693669367,0.204412289228923
766.996699669967,0.203869834983498
767.056705670567,0.203245724572458
767.116711671167,0.202616861686169
767.176717671767,0.20198799879988
767.236723672367,0.201359135913591
767.296729672967,0.200730273027302
767.356735673567,0.200101410141015
767.416741674167,0.199472547254726
767.476747674767,0.198843684368437
767.536753675368,0.198214821482148
767.596759675968,0.197585958595859
767.656765676568,0.196957095709572
767.716771677168,0.196328232823283
767.776777677768,0.195699369936994
767.836783678368,0.195070507050705
767.896789678968,0.194441644164416
767.956795679568,0.193812781278128
768.016801680168,0.193167788778878
768.076807680768,0.192481320132013
768.136813681368,0.191794851485148
768.196819681968,0.191108382838283
768.256825682568,0.19042191419142
768.316831683168,0.189735445544555
768.376837683768,0.18904897689769
768.436843684368,0.188362508250825
768.496849684969,0.18767603960396
768.556855685569,0.186989570957096
768.616861686169,0.186303102310231
768.676867686769,0.185616633663366
768.736873687369,0.184930165016501
768.796879687969,0.184243696369636
768.856885688569,0.183557227722773
768.916891689169,0.182870759075908
768.976897689769,0.182184290429043
769.036903690369,0.181480108010801
769.096909690969,0.180764836483648
769.156915691569,0.180049564956496
769.216921692169,0.179334293429343
769.276927692769,0.17861902190219
769.336933693369,0.177903750375037
769.396939693969,0.177188478847884
769.456945694569,0.176473207320733
769.516951695169,0.17575793579358
769.57695769577,0.175042664266427
769.63696369637,0.174327392739274
769.69696969697,0.173612121212121
769.75697569757,0.172896849684969
769.81698169817,0.172181578157816
769.87698769877,0.171466306630663
769.93699369937,0.17075103510351
769.99699969997,0.170035763576357
770.05700570057,0.169393459345935
770.11701170117,0.16875499549955
770.17701770177,0.168116531653165
770.23702370237,0.16747806780678
770.29702970297,0.166839603960395
770.35703570357,0.166201140114012
770.41704170417,0.165562676267627
770.47704770477,0.164924212421242
770.537053705371,0.164285748574857
770.597059705971,0.163647284728473
770.657065706571,0.163008820882089
770.717071707171,0.162370357035704
770.777077707771,0.161731893189319
770.837083708371,0.161093429342934
770.897089708971,0.16045496549655
770.957095709571,0.159816501650165
771.017101710171,0.159180774077408
771.077107710771,0.158551911191119
771.137113711371,0.15792304830483
771.197119711971,0.157294185418542
771.257125712571,0.156665322532254
771.317131713171,0.156036459645965
771.377137713771,0.155407596759676
771.437143714371,0.154778733873387
771.497149714971,0.154149870987099
771.557155715572,0.15352100810081
771.617161716172,0.152892145214522
771.677167716772,0.152263282328233
771.737173717372,0.151634419441944
771.797179717972,0.151005556555656
771.857185718572,0.150376693669367
771.917191719172,0.149747830783078
771.977197719772,0.14911896789679
772.037203720372,0.14850201020102
772.097209720972,0.147892349234924
772.157215721572,0.147282688268827
772.217221722172,0.14667302730273
772.277227722772,0.146063366336633
772.337233723372,0.145453705370537
772.397239723972,0.144844044404441
772.457245724572,0.144234383438344
772.517251725173,0.143624722472247
772.577257725773,0.14301506150615
772.637263726373,0.142405400540054
772.697269726973,0.141795739573958
772.757275727573,0.141186078607861
772.817281728173,0.140576417641764
772.877287728773,0.139966756675667
772.937293729373,0.13935709570957
772.997299729973,0.138747434743475
773.057305730573,0.138165280528053
773.117311731173,0.137584422442244
773.177317731773,0.137003564356435
773.237323732373,0.136422706270627
773.297329732973,0.135841848184819
773.357335733573,0.13526099009901
773.417341734173,0.134680132013201
773.477347734774,0.134099273927392
773.537353735374,0.133518415841584
773.597359735974,0.132937557755776
773.657365736574,0.132356699669967
773.717371737174,0.131775841584158
773.777377737774,0.13119498349835
773.837383738374,0.130614125412541
773.897389738974,0.130033267326733
773.957395739574,0.129452409240924
774.017401740174,0.128882688268827
774.077407740774,0.128340234023402
774.137413741374,0.127797779777978
774.197419741974,0.127255325532554
774.257425742574,0.126712871287129
774.317431743174,0.126170417041704
774.377437743774,0.125627962796279
774.437443744374,0.125085508550856
774.497449744974,0.124543054305431
774.557455745575,0.124000600060006
774.617461746175,0.123458145814581
774.677467746775,0.122915691569157
774.737473747375,0.122373237323733
774.797479747975,0.121830783078308
774.857485748575,0.121288328832883
774.917491749175,0.120745874587459
774.977497749775,0.120203420342034
775.037503750375,0.11975497549755
775.097509750975,0.11936293629363
775.157515751575,0.118970897089709
775.217521752175,0.118578857885789
775.277527752775,0.118186818681868
775.337533753375,0.117794779477948
775.397539753975,0.117402740274028
775.457545754575,0.117010701070107
775.517551755176,0.116618661866187
775.577557755776,0.116226622662266
775.637563756376,0.115834583458346
775.697569756976,0.115442544254426
775.757575757576,0.115050505050505
775.817581758176,0.114658465846585
775.877587758776,0.114266426642664
775.937593759376,0.113874387438745
775.997599759976,0.113482348234824
776.057605760576,0.113121032103211
776.117611761176,0.11276099609961
776.177617761776,0.11240096009601
776.237623762376,0.11204092409241
776.297629762976,0.111680888088809
776.357635763576,0.111320852085209
776.417641764176,0.110960816081608
776.477647764777,0.110600780078008
776.537653765376,0.110240744074408
776.597659765977,0.109880708070808
776.657665766577,0.109520672067207
776.717671767177,0.109160636063607
776.777677767777,0.108800600060006
776.837683768377,0.108440564056406
776.897689768977,0.108080528052806
776.957695769577,0.107720492049205
777.017701770177,0.107365176517652
777.077707770777,0.107021142114211
777.137713771377,0.106677107710772
777.197719771977,0.106333073307331
777.257725772577,0.105989038903891
777.317731773177,0.10564500450045
777.377737773777,0.10530097009701
777.437743774377,0.10495693569357
777.497749774977,0.104612901290129
777.557755775578,0.104268866886689
777.617761776178,0.103924832483248
777.677767776778,0.103580798079808
777.737773777378,0.103236763676368
777.797779777978,0.102892729272927
777.857785778578,0.102548694869487
777.917791779178,0.102204660466046
777.977797779778,0.101860626062606
778.037803780378,0.101516591659166
778.097809780978,0.101172557255725
778.157815781578,0.100828522852285
778.217821782178,0.100484488448844
778.277827782778,0.100140454045405
778.337833783378,0.0997964196419642
778.397839783978,0.0994523852385237
778.457845784578,0.0991083508350833
778.517851785179,0.0987643164316428
778.577857785779,0.098420282028203
778.637863786379,0.0980762476247626
778.697869786979,0.0977322132213221
778.757875787579,0.0973881788178816
778.817881788179,0.0970441444144412
778.877887788779,0.0967001100110014
778.937893789379,0.0963560756075609
778.997899789979,0.0960120412041205
779.057905790579,0.0956525652565256
779.117911791179,0.0952925292529251
779.177917791779,0.0949324932493253
779.237923792379,0.0945724572457248
779.297929792979,0.0942124212421243
779.357935793579,0.0938523852385238
779.417941794179,0.0934923492349233
779.477947794779,0.0931323132313235
779.53795379538,0.092772277227723
779.59795979598,0.0924122412241224
779.65796579658,0.092052205220522
779.71797179718,0.0916921692169215
779.77797779778,0.0913321332133216
779.83798379838,0.0909720972097211
779.89798979898,0.0906120612061206
779.95799579958,0.0902520252025201
780.01800180018,0
780.07800780078,0
780.13801380138,0
780.19801980198,0
780.25802580258,0
780.31803180318,0
780.37803780378,0
780.43804380438,0
780.49804980498,0
780.558055805581,0
780.618061806181,0
780.678067806781,0
780.738073807381,0
780.798079807981,0
780.858085808581,0
780.918091809181,0
780.978097809781,0
781.038103810381,0
781.098109810981,0
781.158115811581,0
781.218121812181,0
781.278127812781,0
781.338133813381,0
781.398139813981,0
781.458145814581,0
781.518151815182,0
781.578157815782,0
781.638163816382,0
781.698169816982,0
781.758175817582,0
781.818181818182,0
781.878187818782,0
781.938193819382,0
781.998199819982,0
782.058205820582,0
782.118211821182,0
782.178217821782,0
782.238223822382,0
782.298229822982,0
782.358235823582,0
782.418241824182,0
782.478247824782,0
782.538253825383,0
782.598259825983,0
782.658265826583,0
782.718271827183,0
782.778277827783,0
782.838283828383,0
782.898289828983,0
782.958295829583,0
783.018301830183,0
783.078307830783,0
783.138313831383,0
783.198319831983,0
783.258325832583,0
783.318331833183,0
783.378337833783,0
783.438343834383,0
783.498349834984,0
783.558355835584,0
783.618361836184,0
783.678367836784,0
783.738373837384,0
783.798379837984,0
783.858385838584,0
783.918391839184,0
783.978397839784,0
784.038403840384,0
784.098409840984,0
784.158415841584,0
784.218421842184,0
784.278427842784,0
784.338433843384,0
784.398439843984,0
784.458445844585,0
784.518451845184,0
784.578457845785,0
784.638463846385,0
784.698469846985,0
784.758475847585,0
784.818481848185,0
784.878487848785,0
784.938493849385,0
784.998499849985,0
785.058505850585,0
785.118511851185,0
785.178517851785,0
785.238523852385,0
785.298529852985,0
785.358535853585,0
785.418541854185,0
785.478547854785,0
785.538553855386,0
785.598559855986,0
785.658565856586,0
785.718571857186,0
785.778577857786,0
785.838583858386,0
785.898589858986,0
785.958595859586,0
786.018601860186,0
786.078607860786,0
786.138613861386,0
786.198619861986,0
786.258625862586,0
786.318631863186,0
786.378637863786,0
786.438643864386,0
786.498649864987,0
786.558655865587,0
786.618661866187,0
786.678667866787,0
786.738673867387,0
786.798679867987,0
786.858685868587,0
786.918691869187,0
786.978697869787,0
787.038703870387,0
787.098709870987,0
787.158715871587,0
787.218721872187,0
787.278727872787,0
787.338733873387,0
787.398739873987,0
787.458745874587,0
787.518751875187,0
787.578757875788,0
787.638763876388,0
787.698769876988,0
787.758775877588,0
787.818781878188,0
787.878787878788,0
787.938793879388,0
787.998799879988,0
788.058805880588,0
788.118811881188,0
788.178817881788,0
788.238823882388,0
788.298829882988,0
788.358835883588,0
788.418841884188,0
788.478847884788,0
788.538853885389,0
788.598859885989,0
788.658865886589,0
788.718871887189,0
788.778877887789,0
788.838883888389,0
788.898889888989,0
788.958895889589,0
789.018901890189,0
789.078907890789,0
789.138913891389,0
789.198919891989,0
789.258925892589,0
789.318931893189,0
789.378937893789,0
789.438943894389,0
789.498949894989,0
789.55895589559,0
789.61896189619,0
789.67896789679,0
789.73897389739,0
789.79897989799,0
789.85898589859,0
789.91899189919,0
789.97899789979,0
790.03900390039,0
790.09900990099,0
790.15901590159,0
790.21902190219,0
790.27902790279,0
790.33903390339,0
790.39903990399,0
790.45904590459,0
790.519051905191,0
790.579057905791,0
790.639063906391,0
790.699069906991,0
790.759075907591,0
790.819081908191,0
790.879087908791,0
790.939093909391,0
790.999099909991,0
791.059105910591,0
791.119111911191,0
791.179117911791,0
791.239123912391,0
791.299129912991,0
791.359135913591,0
791.419141914191,0
791.479147914791,0
791.539153915392,0
791.599159915992,0
791.659165916592,0
791.719171917192,0
791.779177917792,0
791.839183918392,0
791.899189918992,0
791.959195919592,0
792.019201920192,0
792.079207920792,0
792.139213921392,0
792.199219921992,0
792.259225922592,0
792.319231923192,0
792.379237923792,0
792.439243924392,0
792.499249924992,0
792.559255925593,0
792.619261926193,0
792.679267926793,0
792.739273927393,0
792.799279927993,0
792.859285928593,0
792.919291929193,0
792.979297929793,0
793.039303930393,0
793.099309930993,0
793.159315931593,0
793.219321932193,0
793.279327932793,0
793.339333933393,0
793.399339933993,0
793.459345934593,0
793.519351935194,0
793.579357935794,0
793.639363936394,0
793.699369936994,0
793.759375937594,0
793.819381938194,0
793.879387938794,0
793.939393939394,0
793.999399939994,0
794.059405940594,0
794.119411941194,0
794.179417941794,0
794.239423942394,0
794.299429942994,0
794.359435943594,0
794.419441944194,0
794.479447944795,0
794.539453945394,0
794.599459945995,0
794.659465946595,0
794.719471947195,0
794.779477947795,0
794.839483948395,0
794.899489948995,0
794.959495949595,0
795.019501950195,0
795.079507950795,0
795.139513951395,0
795.199519951995,0
795.259525952595,0
795.319531953195,0
795.379537953795,0
795.439543954395,0
795.499549954995,0
795.559555955596,0
795.619561956196,0
795.679567956796,0
795.739573957396,0
795.799579957996,0
795.859585958596,0
795.919591959196,0
795.979597959796,0
796.039603960396,0
796.099609960996,0
796.159615961596,0
796.219621962196,0
796.279627962796,0
796.339633963396,0
796.399639963996,0
796.459645964596,0
796.519651965197,0
796.579657965797,0
796.639663966397,0
796.699669966997,0
796.759675967597,0
796.819681968197,0
796.879687968797,0
796.939693969397,0
796.999699969997,0
797.059705970597,0
797.119711971197,0
797.179717971797,0
797.239723972397,0
797.299729972997,0
797.359735973597,0
797.419741974197,0
797.479747974797,0
797.539753975398,0
797.599759975998,0
797.659765976598,0
797.719771977198,0
797.779777977798,0
797.839783978398,0
797.899789978998,0
797.959795979598,0
798.019801980198,0
798.079807980798,0
798.139813981398,0
798.199819981998,0
798.259825982598,0
798.319831983198,0
798.379837983798,0
798.439843984398,0
798.499849984998,0
798.559855985599,0
798.619861986199,0
798.679867986799,0
798.739873987399,0
798.799879987999,0
798.859885988599,0
798.919891989199,0
798.979897989799,0
799.039903990399,0
799.099909990999,0
799.159915991599,0
799.219921992199,0
799.279927992799,0
799.339933993399,0
799.399939993999,0
799.459945994599,0
799.5199519952,0
799.5799579958,0
799.6399639964,0
799.699969997,0
799.7599759976,0
799.8199819982,0
799.8799879988,0
799.9399939994,0
800,0
