wavelength_nm,intensity
200,0
200.0600060006,0
200.1200120012,0
200.1800180018,0
200.2400240024,0
200.300030003,0
200.3600360036,0
200.4200420042,0
200.4800480048,0
200.540054005401,0
200.600060006001,0
200.660066006601,0
200.720072007201,0
200.780078007801,0
200.840084008401,0
200.900090009001,0
200.960096009601,0
201.020102010201,0
201.080108010801,0
201.140114011401,0
201.200120012001,0
201.260126012601,0
201.320132013201,0
201.380138013801,0
201.440144014401,0
201.500150015002,0
201.560156015602,0
201.620162016202,0
201.680168016802,0
201.740174017402,0
201.800180018002,0
201.860186018602,0
201.920192019202,0
201.980198019802,0
202.040204020402,0
202.100210021002,0
202.160216021602,0
202.220222022202,0
202.280228022802,0
202.340234023402,0
202.400240024002,0
202.460246024602,0
202.520252025203,0
202.580258025803,0
202.640264026403,0
202.700270027003,0
202.760276027603,0
202.820282028203,0
202.880288028803,0
202.940294029403,0
203.000300030003,0
203.060306030603,0
203.120312031203,0
203.180318031803,0
203.240324032403,0
203.300330033003,0
203.360336033603,0
203.420342034203,0
203.480348034803,0
203.540354035404,0
203.600360036004,0
203.660366036604,0
203.720372037204,0
203.780378037804,0
203.840384038404,0
203.900390039004,0
203.960396039604,0
204.020402040204,0
204.080408040804,0
204.140414041404,0
204.200420042004,0
204.260426042604,0
204.320432043204,0
204.380438043804,0
204.440444044404,0
204.500450045004,0
204.560456045605,0
204.620462046205,0
204.680468046805,0
204.740474047405,0
204.800480048005,0
204.860486048605,0
204.920492049205,0
204.980498049805,0
205.040504050405,0
205.100510051005,0
205.160516051605,0
205.220522052205,0
205.280528052805,0
205.340534053405,0
205.400540054005,0
205.460546054605,0
205.520552055206,0
205.580558055806,0
205.640564056406,0
205.700570057006,0
205.760576057606,0
205.820582058206,0
205.880588058806,0
205.940594059406,0
206.000600060006,0
206.060606060606,0
206.120612061206,0
206.180618061806,0
206.240624062406,0
206.300630063006,0
206.360636063606,0
206.420642064206,0
206.480648064806,0
206.540654065407,0
206.600660066007,0
206.660666066607,0
206.720672067207,0
206.780678067807,0
206.840684068407,0
206.900690069007,0
206.960696069607,0
207.020702070207,0
207.080708070807,0
207.140714071407,0
207.200720072007,0
207.260726072607,0
207.320732073207,0
207.380738073807,0
207.440744074407,0
207.500750075007,0
207.560756075608,0
207.620762076208,0
207.680768076808,0
207.740774077408,0
207.800780078008,0
207.860786078608,0
207.920792079208,0
207.980798079808,0
208.040804080408,0
208.100810081008,0
208.160816081608,0
208.220822082208,0
208.280828082808,0
208.340834083408,0
208.400840084008,0
208.460846084608,0
208.520852085209,0
208.580858085809,0
208.640864086409,0
208.700870087009,0
208.760876087609,0
208.820882088209,0
208.880888088809,0
208.940894089409,0
209.000900090009,0
209.060906090609,0
209.120912091209,0
209.180918091809,0
209.240924092409,0
209.300930093009,0
209.360936093609,0
209.420942094209,0
209.480948094809,0
209.54095409541,0
209.60096009601,0
209.66096609661,0
209.72097209721,0
209.78097809781,0
209.84098409841,0
209.90099009901,0
209.96099609961,0
210.02100210021,0
210.08100810081,0
210.14101410141,0
210.20102010201,0
210.26102610261,0
210.32103210321,0
210.38103810381,0
210.44104410441,0
210.501050105011,0
210.561056105611,0
210.621062106211,0
210.681068106811,0
210.741074107411,0
210.801080108011,0
210.861086108611,0
210.921092109211,0
210.981098109811,0
211.041104110411,0
211.101110111011,0
211.161116111611,0
211.221122112211,0
211.281128112811,0
211.341134113411,0
211.401140114011,0
211.461146114611,0
211.521152115212,0
211.581158115812,0
211.641164116412,0
211.701170117012,0
211.761176117612,0
211.821182118212,0
211.881188118812,0
211.941194119412,0
212.001200120012,0
212.061206120612,0
212.121212121212,0
212.181218121812,0
212.241224122412,0
212.301230123012,0
212.361236123612,0
212.421242124212,0
212.481248124812,0
212.541254125413,0
212.601260126013,0
212.661266126613,0
212.721272127213,0
212.781278127813,0
212.841284128413,0
212.901290129013,0
212.961296129613,0
213.021302130213,0
213.081308130813,0
213.141314131413,0
213.201320132013,0
213.261326132613,0
213.321332133213,0
213.381338133813,0
213.441344134413,0
213.501350135013,0
213.561356135614,0
213.621362136214,0
213.681368136814,0
213.741374137414,0
213.801380138014,0
213.861386138614,0
213.921392139214,0
213.981398139814,0
214.041404140414,0
214.101410141014,0
214.161416141614,0
214.221422142214,0
214.281428142814,0
214.341434143414,0
214.401440144014,0
214.461446144614,0
214.521452145215,0
214.581458145815,0
214.641464146415,0
214.701470147015,0
214.761476147615,0
214.821482148215,0
214.881488148815,0
214.941494149415,0
215.001500150015,0
215.061506150615,0
215.121512151215,0
215.181518151815,0
215.241524152415,0
215.301530153015,0
215.361536153615,0
215.421542154215,0
215.481548154815,0
215.541554155416,0
215.601560156016,0
215.661566156616,0
215.721572157216,0
215.781578157816,0
215.841584158416,0
215.901590159016,0
215.961596159616,0
216.021602160216,0
216.081608160816,0
216.141614161416,0
216.201620162016,0
216.261626162616,0
216.321632163216,0
216.381638163816,0
216.441644164416,0
216.501650165016,0
216.561656165617,0
216.621662166217,0
216.681668166817,0
216.741674167417,0
216.801680168017,0
216.861686168617,0
216.921692169217,0
216.981698169817,0
217.041704170417,0
217.101710171017,0
217.161716171617,0
217.221722172217,0
217.281728172817,0
217.341734173417,0
217.401740174017,0
217.461746174617,0
217.521752175218,0
217.581758175818,0
217.641764176418,0
217.701770177018,0
217.761776177618,0
217.821782178218,0
217.881788178818,0
217.941794179418,0
218.001800180018,0
218.061806180618,0
218.121812181218,0
218.181818181818,0
218.241824182418,0
218.301830183018,0
218.361836183618,0
218.421842184218,0
218.481848184818,0
218.541854185419,0
218.601860186019,0
218.661866186619,0
218.721872187219,0
218.781878187819,0
218.841884188419,0
218.901890189019,0
218.961896189619,0
219.021902190219,0
219.081908190819,0
219.141914191419,0
219.201920192019,0
219.261926192619,0
219.321932193219,0
219.381938193819,0
219.441944194419,0
219.50195019502,0
219.56195619562,0
219.62196219622,0
219.68196819682,0
219.74197419742,0
219.80198019802,0
219.86198619862,0
219.92199219922,0
219.98199819982,0
220.04200420042,0
220.10201020102,0
220.16201620162,0
220.22202220222,0
220.28202820282,0
220.34203420342,0
220.40204020402,0
220.46204620462,0
220.522052205221,0
220.582058205821,0
220.642064206421,0
220.702070207021,0
220.762076207621,0
220.822082208221,0
220.882088208821,0
220.942094209421,0
221.002100210021,0
221.062106210621,0
221.122112211221,0
221.182118211821,0
221.242124212421,0
221.302130213021,0
221.362136213621,0
221.422142214221,0
221.482148214821,0
221.542154215422,0
221.602160216022,0
221.662166216622,0
221.722172217222,0
221.782178217822,0
221.842184218422,0
221.902190219022,0
221.962196219622,0
222.022202220222,0
222.082208220822,0
222.142214221422,0
222.202220222022,0
222.262226222622,0
222.322232223222,0
222.382238223822,0
222.442244224422,0
222.502250225022,0
222.562256225623,0
222.622262226223,0
222.682268226823,0
222.742274227423,0
222.802280228023,0
222.862286228623,0
222.922292229223,0
222.982298229823,0
223.042304230423,0
223.102310231023,0
223.162316231623,0
223.222322232223,0
223.282328232823,0
223.342334233423,0
223.402340234023,0
223.462346234623,0
223.522352235224,0
223.582358235824,0
223.642364236424,0
223.702370237024,0
223.762376237624,0
223.822382238224,0
223.882388238824,0
223.942394239424,0
224.002400240024,0
224.062406240624,0
224.122412241224,0
224.182418241824,0
224.242424242424,0
224.302430243024,0
224.362436243624,0
224.422442244224,0
224.482448244824,0
224.542454245425,0
224.602460246025,0
224.662466246625,0
224.722472247225,0
224.782478247825,0
224.842484248425,0
224.902490249025,0
224.962496249625,0
225.022502250225,0
225.082508250825,0
225.142514251425,0
225.202520252025,0
225.262526252625,0
225.322532253225,0
225.382538253825,0
225.442544254425,0
225.502550255026,0
225.562556255626,0
225.622562256226,0
225.682568256826,0
225.742574257426,0
225.802580258026,0
225.862586258626,0
225.922592259226,0
225.982598259826,0
226.042604260426,0
226.102610261026,0
226.162616261626,0
226.222622262226,0
226.282628262826,0
226.342634263426,0
226.402640264026,0
226.462646264626,0
226.522652265227,0
226.582658265827,0
226.642664266427,0
226.702670267027,0
226.762676267627,0
226.822682268227,0
226.882688268827,0
226.942694269427,0
227.002700270027,0
227.062706270627,0
227.122712271227,0
227.182718271827,0
227.242724272427,0
227.302730273027,0
227.362736273627,0
227.422742274227,0
227.482748274827,0
227.542754275428,0
227.602760276028,0
227.662766276628,0
227.722772277228,0
227.782778277828,0
227.842784278428,0
227.902790279028,0
227.962796279628,0
228.022802280228,0
228.082808280828,0
228.142814281428,0
228.202820282028,0
228.262826282628,0
228.322832283228,0
228.382838283828,0
228.442844284428,0
228.502850285029,0
228.562856285629,0
228.622862286229,0
228.682868286829,0
228.742874287429,0
228.802880288029,0
228.862886288629,0
228.922892289229,0
228.982898289829,0
229.042904290429,0
229.102910291029,0
229.162916291629,0
229.222922292229,0
229.282928292829,0
229.342934293429,0
229.402940294029,0
229.462946294629,0
229.52295229523,0
229.58295829583,0
229.64296429643,0
229.70297029703,0
229.76297629763,0
229.82298229823,0
229.88298829883,0
229.94299429943,0
230.00300030003,0
230.06300630063,0
230.12301230123,0
230.18301830183,0
230.24302430243,0
230.30303030303,0
230.36303630363,0
230.42304230423,0
230.48304830483,0
230.543054305431,0
230.603060306031,0
230.663066306631,0
230.723072307231,0
230.783078307831,0
230.843084308431,0
230.903090309031,0
230.963096309631,0
231.023102310231,0
231.083108310831,0
231.143114311431,0
231.203120312031,0
231.263126312631,0
231.323132313231,0
231.383138313831,0
231.443144314431,0
231.503150315032,0
231.563156315632,0
231.623162316232,0
231.683168316832,0
231.743174317432,0
231.803180318032,0
231.863186318632,0
231.923192319232,0
231.983198319832,0
232.043204320432,0
232.103210321032,0
232.163216321632,0
232.223222322232,0
232.283228322832,0
232.343234323432,0
232.403240324032,0
232.463246324632,0
232.523252325233,0
232.583258325833,0
232.643264326433,0
232.703270327033,0
232.763276327633,0
232.823282328233,0
232.883288328833,0
232.943294329433,0
233.003300330033,0
233.063306330633,0
233.123312331233,0
233.183318331833,0
233.243324332433,0
233.303330333033,0
233.363336333633,0
233.423342334233,0
233.483348334833,0
233.543354335434,0
233.603360336034,0
233.663366336634,0
233.723372337234,0
233.783378337834,0
233.843384338434,0
233.903390339034,0
233.963396339634,0
234.023402340234,0
234.083408340834,0
234.143414341434,0
234.203420342034,0
234.263426342634,0
234.323432343234,0
234.383438343834,0
234.443444344434,0
234.503450345035,0
234.563456345635,0
234.623462346235,0
234.683468346835,0
234.743474347435,0
234.803480348035,0
234.863486348635,0
234.923492349235,0
234.983498349835,0
235.043504350435,0
235.103510351035,0
235.163516351635,0
235.223522352235,0
235.283528352835,0
235.343534353435,0
235.403540354035,0
235.463546354635,0
235.523552355236,0
235.583558355836,0
235.643564356436,0
235.703570357036,0
235.763576357636,0
235.823582358236,0
235.883588358836,0
235.943594359436,0
236.003600360036,0
236.063606360636,0
236.123612361236,0
236.183618361836,0
236.243624362436,0
236.303630363036,0
236.363636363636,0
236.423642364236,0
236.483648364836,0
236.543654365437,0
236.603660366037,0
236.663666366637,0
236.723672367237,0
236.783678367837,0
236.843684368437,0
236.903690369037,0
236.963696369637,0
237.023702370237,0
237.083708370837,0
237.143714371437,0
237.203720372037,0
237.263726372637,0
237.323732373237,0
237.383738373837,0
237.443744374437,0
237.503750375037,0
237.563756375638,0
237.623762376238,0
237.683768376838,0
237.743774377438,0
237.803780378038,0
237.863786378638,0
237.923792379238,0
237.983798379838,0
238.043804380438,0
238.103810381038,0
238.163816381638,0
238.223822382238,0
238.283828382838,0
238.343834383438,0
238.403840384038,0
238.463846384638,0
238.523852385239,0
238.583858385839,0
238.643864386439,0
238.703870387039,0
238.763876387639,0
238.823882388239,0
238.883888388839,0
238.943894389439,0
239.003900390039,0
239.063906390639,0
239.123912391239,0
239.183918391839,0
239.243924392439,0
239.303930393039,0
239.363936393639,0
239.423942394239,0
239.48394839484,0
239.54395439544,0
239.60396039604,0
239.66396639664,0
239.72397239724,0
239.78397839784,0
239.84398439844,0
239.90399039904,0
239.96399639964,0
240.02400240024,0
240.08400840084,0
240.14401440144,0
240.20402040204,0
240.26402640264,0
240.32403240324,0
240.38403840384,0
240.44404440444,0
240.504050405041,0
240.564056405641,0
240.624062406241,0
240.684068406841,0
240.744074407441,0
240.804080408041,0
240.864086408641,0
240.924092409241,0
240.984098409841,0
241.044104410441,0
241.104110411041,0
241.164116411641,0
241.224122412241,0
241.284128412841,0
241.344134413441,0
241.404140414041,0
241.464146414641,0
241.524152415242,0
241.584158415842,0
241.644164416442,0
241.704170417042,0
241.764176417642,0
241.824182418242,0
241.884188418842,0
241.944194419442,0
242.004200420042,0
242.064206420642,0
242.124212421242,0
242.184218421842,0
242.244224422442,0
242.304230423042,0
242.364236423642,0
242.424242424242,0
242.484248424842,0
242.544254425443,0
242.604260426043,0
242.664266426643,0
242.724272427243,0
242.784278427843,0
242.844284428443,0
242.904290429043,0
242.964296429643,0
243.024302430243,0
243.084308430843,0
243.144314431443,0
243.204320432043,0
243.264326432643,0
243.324332433243,0
243.384338433843,0
243.444344434443,0
243.504350435044,0
243.564356435644,0
243.624362436244,0
243.684368436844,0
243.744374437444,0
243.804380438044,0
243.864386438644,0
243.924392439244,0
243.984398439844,0
244.044404440444,0
244.104410441044,0
244.164416441644,0
244.224422442244,0
244.284428442844,0
244.344434443444,0
244.404440444044,0
244.464446444644,0
244.524452445245,0
244.584458445845,0
244.644464446445,0
244.704470447045,0
244.764476447645,0
244.824482448245,0
244.884488448845,0
244.944494449445,0
245.004500450045,0
245.064506450645,0
245.124512451245,0
245.184518451845,0
245.244524452445,0
245.304530453045,0
245.364536453645,0
245.424542454245,0
245.484548454845,0
245.544554455446,0
245.604560456046,0
245.664566456646,0
245.724572457246,0
245.784578457846,0
245.844584458446,0
245.904590459046,0
245.964596459646,0
246.024602460246,0
246.084608460846,0
246.144614461446,0
246.204620462046,0
246.264626462646,0
246.324632463246,0
246.384638463846,0
246.444644464446,0
246.504650465046,0
246.564656465647,0
246.624662466247,0
246.684668466847,0
246.744674467447,0
246.804680468047,0
246.864686468647,0
246.924692469247,0
246.984698469847,0
247.044704470447,0
247.104710471047,0
247.164716471647,0
247.224722472247,0
247.284728472847,0
247.344734473447,0
247.404740474047,0
247.464746474647,0
247.524752475248,0
247.584758475848,0
247.644764476448,0
247.704770477048,0
247.764776477648,0
247.824782478248,0
247.884788478848,0
247.944794479448,0
248.004800480048,0
248.064806480648,0
248.124812481248,0
248.184818481848,0
248.244824482448,0
248.304830483048,0
248.364836483648,0
248.424842484248,0
248.484848484848,0
248.544854485449,0
248.604860486049,0
248.664866486649,0
248.724872487249,0
248.784878487849,0
248.844884488449,0
248.904890489049,0
248.964896489649,0
249.024902490249,0
249.084908490849,0
249.144914491449,0
249.204920492049,0
249.264926492649,0
249.324932493249,0
249.384938493849,0
249.444944494449,0
249.50495049505,0
249.56495649565,0
249.62496249625,0
249.68496849685,0
249.74497449745,0
249.80498049805,0
249.86498649865,0
249.92499249925,0
249.98499849985,0
250.04500450045,0
250.10501050105,0
250.16501650165,0
250.22502250225,0
250.28502850285,0
250.34503450345,0
250.40504050405,0
250.46504650465,0
250.525052505251,0
250.585058505851,0
250.645064506451,0
250.705070507051,0
250.765076507651,0
250.825082508251,0
250.885088508851,0
250.945094509451,0
251.005100510051,0
251.065106510651,0
251.125112511251,0
251.185118511851,0
251.245124512451,0
251.305130513051,0
251.365136513651,0
251.425142514251,0
251.485148514851,0
251.545154515452,0
251.605160516052,0
251.665166516652,0
251.725172517252,0
251.785178517852,0
251.845184518452,0
251.905190519052,0
251.965196519652,0
252.025202520252,0
252.085208520852,0
252.145214521452,0
252.205220522052,0
252.265226522652,0
252.325232523252,0
252.385238523852,0
252.445244524452,0
252.505250525053,0
252.565256525653,0
252.625262526253,0
252.685268526853,0
252.745274527453,0
252.805280528053,0
252.865286528653,0
252.925292529253,0
252.985298529853,0
253.045304530453,0
253.105310531053,0
253.165316531653,0
253.225322532253,0
253.285328532853,0
253.345334533453,0
253.405340534053,0
253.465346534653,0
253.525352535254,0
253.585358535854,0
253.645364536454,0
253.705370537054,0
253.765376537654,0
253.825382538254,0
253.885388538854,0
253.945394539454,0
254.005400540054,0
254.065406540654,0
254.125412541254,0
254.185418541854,0
254.245424542454,0
254.305430543054,0
254.365436543654,0
254.425442544254,0
254.485448544854,0
254.545454545455,0
254.605460546055,0
254.665466546655,0
254.725472547255,0
254.785478547855,0
254.845484548455,0
254.905490549055,0
254.965496549655,0
255.025502550255,0
255.085508550855,0
255.145514551455,0
255.205520552055,0
255.265526552655,0
255.325532553255,0
255.385538553855,0
255.445544554455,0
255.505550555055,0
255.565556555656,0
255.625562556256,0
255.685568556856,0
255.745574557456,0
255.805580558056,0
255.865586558656,0
255.925592559256,0
255.985598559856,0
256.045604560456,0
256.105610561056,0
256.165616561656,0
256.225622562256,0
256.285628562856,0
256.345634563456,0
256.405640564056,0
256.465646564656,0
256.525652565257,0
256.585658565857,0
256.645664566457,0
256.705670567057,0
256.765676567657,0
256.825682568257,0
256.885688568857,0
256.945694569457,0
257.005700570057,0
257.065706570657,0
257.125712571257,0
257.185718571857,0
257.245724572457,0
257.305730573057,0
257.365736573657,0
257.425742574257,0
257.485748574857,0
257.545754575458,0
257.605760576058,0
257.665766576658,0
257.725772577258,0
257.785778577858,0
257.845784578458,0
257.905790579058,0
257.965796579658,0
258.025802580258,0
258.085808580858,0
258.145814581458,0
258.205820582058,0
258.265826582658,0
258.325832583258,0
258.385838583858,0
258.445844584458,0
258.505850585059,0
258.565856585659,0
258.625862586259,0
258.685868586859,0
258.745874587459,0
258.805880588059,0
258.865886588659,0
258.925892589259,0
258.985898589859,0
259.045904590459,0
259.105910591059,0
259.165916591659,0
259.225922592259,0
259.285928592859,0
259.345934593459,0
259.405940594059,0
259.465946594659,0
259.52595259526,0
259.58595859586,0
259.64596459646,0
259.70597059706,0
259.76597659766,0
259.82598259826,0
259.88598859886,0
259.94599459946,0
260.00600060006,0
260.06600660066,0
260.12601260126,0
260.18601860186,0
260.24602460246,0
260.30603060306,0
260.36603660366,0
260.42604260426,0
260.48604860486,0
260.546054605461,0
260.606060606061,0
260.666066606661,0
260.726072607261,0
260.786078607861,0
260.846084608461,0
260.906090609061,0
260.966096609661,0
261.026102610261,0
261.086108610861,0
261.146114611461,0
261.206120612061,0
261.266126612661,0
261.326132613261,0
261.386138613861,0
261.446144614461,0
261.506150615062,0
261.566156615662,0
261.626162616262,0
261.686168616862,0
261.746174617462,0
261.806180618062,0
261.866186618662,0
261.926192619262,0
261.986198619862,0
262.046204620462,0
262.106210621062,0
262.166216621662,0
262.226222622262,0
262.286228622862,0
262.346234623462,0
262.406240624062,0
262.466246624662,0
262.526252625263,0
262.586258625863,0
262.646264626463,0
262.706270627063,0
262.766276627663,0
262.826282628263,0
262.886288628863,0
262.946294629463,0
263.006300630063,0
263.066306630663,0
263.126312631263,0
263.186318631863,0
263.246324632463,0
263.306330633063,0
263.366336633663,0
263.426342634263,0
263.486348634863,0
263.546354635464,0
263.606360636064,0
263.666366636664,0
263.726372637264,0
263.786378637864,0
263.846384638464,0
263.906390639064,0
263.966396639664,0
264.026402640264,0
264.086408640864,0
264.146414641464,0
264.206420642064,0
264.266426642664,0
264.326432643264,0
264.386438643864,0
264.446444644464,0
264.506450645064,0
264.566456645665,0
264.626462646265,0
264.686468646865,0
264.746474647465,0
264.806480648065,0
264.866486648665,0
264.926492649265,0
264.986498649865,0
265.046504650465,0
265.106510651065,0
265.166516651665,0
265.226522652265,0
265.286528652865,0
265.346534653465,0
265.406540654065,0
265.466546654665,0
265.526552655266,0
265.586558655866,0
265.646564656466,0
265.706570657066,0
265.766576657666,0
265.826582658266,0
265.886588658866,0
265.946594659466,0
266.006600660066,0
266.066606660666,0
266.126612661266,0
266.186618661866,0
266.246624662466,0
266.306630663066,0
266.366636663666,0
266.426642664266,0
266.486648664866,0
266.546654665467,0
266.606660666067,0
266.666666666667,0
266.726672667267,0
266.786678667867,0
266.846684668467,0
266.906690669067,0
266.966696669667,0
267.026702670267,0
267.086708670867,0
267.146714671467,0
267.206720672067,0
267.266726672667,0
267.326732673267,0
267.386738673867,0
267.446744674467,0
267.506750675068,0
267.566756675668,0
267.626762676268,0
267.686768676868,0
267.746774677468,0
267.806780678068,0
267.866786678668,0
267.926792679268,0
267.986798679868,0
268.046804680468,0
268.106810681068,0
268.166816681668,0
268.226822682268,0
268.286828682868,0
268.346834683468,0
268.406840684068,0
268.466846684668,0
268.526852685269,0
268.586858685869,0
268.646864686469,0
268.706870687069,0
268.766876687669,0
268.826882688269,0
268.886888688869,0
268.946894689469,0
269.006900690069,0
269.066906690669,0
269.126912691269,0
269.186918691869,0
269.246924692469,0
269.306930693069,0
269.366936693669,0
269.426942694269,0
269.48694869487,0
269.54695469547,0
269.60696069607,0
269.66696669667,0
269.72697269727,0
269.78697869787,0
269.84698469847,0
269.90699069907,0
269.96699669967,0
270.02700270027,0
270.08700870087,0
270.14701470147,0
270.20702070207,0
270.26702670267,0
270.32703270327,0
270.38703870387,0
270.44704470447,0
270.507050705071,0
270.567056705671,0
270.627062706271,0
270.687068706871,0
270.747074707471,0
270.807080708071,0
270.867086708671,0
270.927092709271,0
270.987098709871,0
271.047104710471,0
271.107110711071,0
271.167116711671,0
271.227122712271,0
271.287128712871,0
271.347134713471,0
271.407140714071,0
271.467146714671,0
271.527152715272,0
271.587158715872,0
271.647164716472,0
271.707170717072,0
271.767176717672,0
271.827182718272,0
271.887188718872,0
271.947194719472,0
272.007200720072,0
272.067206720672,0
272.127212721272,0
272.187218721872,0
272.247224722472,0
272.307230723072,0
272.367236723672,0
272.427242724272,0
272.487248724872,0
272.547254725473,0
272.607260726073,0
272.667266726673,0
272.727272727273,0
272.787278727873,0
272.847284728473,0
272.907290729073,0
272.967296729673,0
273.027302730273,0
273.087308730873,0
273.147314731473,0
273.207320732073,0
273.267326732673,0
273.327332733273,0
273.387338733873,0
273.447344734473,0
273.507350735073,0
273.567356735674,0
273.627362736274,0
273.687368736874,0
273.747374737474,0
273.807380738074,0
273.867386738674,0
273.927392739274,0
273.987398739874,0
274.047404740474,0
274.107410741074,0
274.167416741674,0
274.227422742274,0
274.287428742874,0
274.347434743474,0
274.407440744074,0
274.467446744674,0
274.527452745275,0
274.587458745875,0
274.647464746475,0
274.707470747075,0
274.767476747675,0
274.827482748275,0
274.887488748875,0
274.947494749475,0
275.007500750075,0
275.067506750675,0
275.127512751275,0
275.187518751875,0
275.247524752475,0
275.307530753075,0
275.367536753675,0
275.427542754275,0
275.487548754875,0
275.547554755476,0
275.607560756076,0
275.667566756676,0
275.727572757276,0
275.787578757876,0
275.847584758476,0
275.907590759076,0
275.967596759676,0
276.027602760276,0
276.087608760876,0
276.147614761476,0
276.207620762076,0
276.267626762676,0
276.327632763276,0
276.387638763876,0
276.447644764476,0
276.507650765077,0
276.567656765677,0
276.627662766277,0
276.687668766877,0
276.747674767477,0
276.807680768077,0
276.867686768677,0
276.927692769277,0
276.987698769877,0
277.047704770477,0
277.107710771077,0
277.167716771677,0
277.227722772277,0
277.287728772877,0
277.347734773477,0
277.407740774077,0
277.467746774677,0
277.527752775278,0
277.587758775878,0
277.647764776478,0
277.707770777078,0
277.767776777678,0
277.827782778278,0
277.887788778878,0
277.947794779478,0
278.007800780078,0
278.067806780678,0
278.127812781278,0
278.187818781878,0
278.247824782478,0
278.307830783078,0
278.367836783678,0
278.427842784278,0
278.487848784878,0
278.547854785479,0
278.607860786079,0
278.667866786679,0
278.727872787279,0
278.787878787879,0
278.847884788479,0
278.907890789079,0
278.967896789679,0
279.027902790279,0
279.087908790879,0
279.147914791479,0
279.207920792079,0
279.267926792679,0
279.327932793279,0
279.387938793879,0
279.447944794479,0
279.50795079508,0
279.56795679568,0
279.62796279628,0
279.68796879688,0
279.74797479748,0
279.80798079808,0
279.86798679868,0
279.92799279928,0
279.98799879988,0
280.04800480048,0
280.10801080108,0
280.16801680168,0
280.22802280228,0
280.28802880288,0
280.34803480348,0
280.40804080408,0
280.46804680468,0
280.528052805281,0
280.588058805881,0
280.648064806481,0
280.708070807081,0
280.768076807681,0
280.828082808281,0
280.888088808881,0
280.948094809481,0
281.008100810081,0
281.068106810681,0
281.128112811281,0
281.188118811881,0
281.248124812481,0
281.308130813081,0
281.368136813681,0
281.428142814281,0
281.488148814881,0
281.548154815482,0
281.608160816082,0
281.668166816682,0
281.728172817282,0
281.788178817882,0
281.848184818482,0
281.908190819082,0
281.968196819682,0
282.028202820282,0
282.088208820882,0
282.148214821482,0
282.208220822082,0
282.268226822682,0
282.328232823282,0
282.388238823882,0
282.448244824482,0
282.508250825083,0
282.568256825683,0
282.628262826283,0
282.688268826883,0
282.748274827483,0
282.808280828083,0
282.868286828683,0
282.928292829283,0
282.988298829883,0
283.048304830483,0
283.108310831083,0
283.168316831683,0
283.228322832283,0
283.288328832883,0
283.348334833483,0
283.408340834083,0
283.468346834683,0
283.528352835283,0
283.588358835884,0
283.648364836484,0
283.708370837084,0
283.768376837684,0
283.828382838284,0
283.888388838884,0
283.948394839484,0
284.008400840084,0
284.068406840684,0
284.128412841284,0
284.188418841884,0
284.248424842484,0
284.308430843084,0
284.368436843684,0
284.428442844284,0
284.488448844884,0
284.548454845485,0
284.608460846085,0
284.668466846685,0
284.728472847285,0
284.788478847885,0
284.848484848485,0
284.908490849085,0
284.968496849685,0
285.028502850285,0
285.088508850885,0
285.148514851485,0
285.208520852085,0
285.268526852685,0
285.328532853285,0
285.388538853885,0
285.448544854485,0
285.508550855086,0
285.568556855686,0
285.628562856286,0
285.688568856886,0
285.748574857486,0
285.808580858086,0
285.868586858686,0
285.928592859286,0
285.988598859886,0
286.048604860486,0
286.108610861086,0
286.168616861686,0
286.228622862286,0
286.288628862886,0
286.348634863486,0
286.408640864086,0
286.468646864686,0
286.528652865287,0
286.588658865887,0
286.648664866487,0
286.708670867087,0
286.768676867687,0
286.828682868287,0
286.888688868887,0
286.948694869487,0
287.008700870087,0
287.068706870687,0
287.128712871287,0
287.188718871887,0
287.248724872487,0
287.308730873087,0
287.368736873687,0
287.428742874287,0
287.488748874888,0
287.548754875488,0
287.608760876088,0
287.668766876688,0
287.728772877288,0
287.788778877888,0
287.848784878488,0
287.908790879088,0
287.968796879688,0
288.028802880288,0
288.088808880888,0
288.148814881488,0
288.208820882088,0
288.268826882688,0
288.328832883288,0
288.388838883888,0
288.448844884488,0
288.508850885089,0
288.568856885689,0
288.628862886289,0
288.688868886889,0
288.748874887489,0
288.808880888089,0
288.868886888689,0
288.928892889289,0
288.988898889889,0
289.048904890489,0
289.108910891089,0
289.168916891689,0
289.228922892289,0
289.288928892889,0
289.348934893489,0
289.408940894089,0
289.468946894689,0
289.52895289529,0
289.58895889589,0
289.64896489649,0
289.70897089709,0
289.76897689769,0
289.82898289829,0
289.88898889889,0
289.94899489949,0
290.00900090009,0
290.06900690069,0
290.12901290129,0
290.18901890189,0
290.24902490249,0
290.30903090309,0
290.36903690369,0
290.42904290429,0
290.489048904891,0
290.549054905491,0
290.609060906091,0
290.669066906691,0
290.729072907291,0
290.789078907891,0
290.849084908491,0
290.909090909091,0
290.969096909691,0
291.029102910291,0
291.089108910891,0
291.149114911491,0
291.209120912091,0
291.269126912691,0
291.329132913291,0
291.389138913891,0
291.449144914491,0
291.509150915091,0
291.569156915692,0
291.629162916292,0
291.689168916892,0
291.749174917492,0
291.809180918092,0
291.869186918692,0
291.929192919292,0
291.989198919892,0
292.049204920492,0
292.109210921092,0
292.169216921692,0
292.229222922292,0
292.289228922892,0
292.349234923492,0
292.409240924092,0
292.469246924692,0
292.529252925293,0
292.589258925893,0
292.649264926493,0
292.709270927093,0
292.769276927693,0
292.829282928293,0
292.889288928893,0
292.949294929493,0
293.009300930093,0
293.069306930693,0
293.129312931293,0
293.189318931893,0
293.249324932493,0
293.309330933093,0
293.369336933693,0
293.429342934293,0
293.489348934893,0
293.549354935494,0
293.609360936094,0
293.669366936694,0
293.729372937294,0
293.789378937894,0
293.849384938494,0
293.909390939094,0
293.969396939694,0
294.029402940294,0
294.089408940894,0
294.149414941494,0
294.209420942094,0
294.269426942694,0
294.329432943294,0
294.389438943894,0
294.449444944494,0
294.509450945094,0
294.569456945695,0
294.629462946295,0
294.689468946895,0
294.749474947495,0
294.809480948095,0
294.869486948695,0
294.929492949295,0
294.989498949895,0
295.049504950495,0
295.109510951095,0
295.169516951695,0
295.229522952295,0
295.289528952895,0
295.349534953495,0
295.409540954095,0
295.469546954695,0
295.529552955296,0
295.589558955896,0
295.649564956496,0
295.709570957096,0
295.769576957696,0
295.829582958296,0
295.889588958896,0
295.949594959496,0
296.009600960096,0
296.069606960696,0
296.129612961296,0
296.189618961896,0
296.249624962496,0
296.309630963096,0
296.369636963696,0
296.429642964296,0
296.489648964897,0
296.549654965497,0
296.609660966097,0
296.669666966697,0
296.729672967297,0
296.789678967897,0
296.849684968497,0
296.909690969097,0
296.969696969697,0
297.029702970297,0
297.089708970897,0
297.149714971497,0
297.209720972097,0
297.269726972697,0
297.329732973297,0
297.389738973897,0
297.449744974497,0
297.509750975098,0
297.569756975698,0
297.629762976298,0
297.689768976898,0
297.749774977498,0
297.809780978098,0
297.869786978698,0
297.929792979298,0
297.989798979898,0
298.049804980498,0
298.109810981098,0
298.169816981698,0
298.229822982298,0
298.289828982898,0
298.349834983498,0
298.409840984098,0
298.469846984698,0
298.529852985299,0
298.589858985899,0
298.649864986499,0
298.709870987099,0
298.769876987699,0
298.829882988299,0
298.889888988899,0
298.949894989499,0
299.009900990099,0
299.069906990699,0
299.129912991299,0
299.189918991899,0
299.249924992499,0
299.309930993099,0
299.369936993699,0
299.429942994299,0
299.489948994899,0
299.5499549955,0
299.6099609961,0
299.6699669967,0
299.7299729973,0
299.7899789979,0
299.8499849985,0
299.9099909991,0
299.9699969997,0
300.0300030003,0
300.0900090009,0
300.1500150015,0
300.2100210021,0
300.2700270027,0
300.3300330033,0
300.3900390039,0
300.4500450045,0
300.510051005101,0
300.570057005701,0
300.630063006301,0
300.690069006901,0
300.750075007501,0
300.810081008101,0
300.870087008701,0
300.930093009301,0
300.990099009901,0
301.050105010501,0
301.110111011101,0
301.170117011701,0
301.230123012301,0
301.290129012901,0
301.350135013501,0
301.410141014101,0
301.470147014701,0
301.530153015301,0
301.590159015902,0
301.650165016502,0
301.710171017102,0
301.770177017702,0
301.830183018302,0
301.890189018902,0
301.950195019502,0
302.010201020102,0
302.070207020702,0
302.130213021302,0
302.190219021902,0
302.250225022502,0
302.310231023102,0
302.370237023702,0
302.430243024302,0
302.490249024902,0
302.550255025503,0
302.610261026103,0
302.670267026703,0
302.730273027303,0
302.790279027903,0
302.850285028503,0
302.910291029103,0
302.970297029703,0
303.030303030303,0
303.090309030903,0
303.150315031503,0
303.210321032103,0
303.270327032703,0
303.330333033303,0
303.390339033903,0
303.450345034503,0
303.510351035103,0
303.570357035704,0
303.630363036304,0
303.690369036904,0
303.750375037504,0
303.810381038104,0
303.870387038704,0
303.930393039304,0
303.990399039904,0
304.050405040504,0
304.110411041104,0
304.170417041704,0
304.230423042304,0
304.290429042904,0
304.350435043504,0
304.410441044104,0
304.470447044704,0
304.530453045305,0
304.590459045905,0
304.650465046505,0
304.710471047105,0
304.770477047705,0
304.830483048305,0
304.890489048905,0
304.950495049505,0
305.010501050105,0
305.070507050705,0
305.130513051305,0
305.190519051905,0
305.250525052505,0
305.310531053105,0
305.370537053705,0
305.430543054305,0
305.490549054906,0
305.550555055506,0
305.610561056106,0
305.670567056706,0
305.730573057306,0
305.790579057906,0
305.850585058506,0
305.910591059106,0
305.970597059706,0
306.030603060306,0
306.090609060906,0
306.150615061506,0
306.210621062106,0
306.270627062706,0
306.330633063306,0
306.390639063906,0
306.450645064506,0
306.510651065107,0
306.570657065707,0
306.630663066307,0
306.690669066907,0
306.750675067507,0
306.810681068107,0
306.870687068707,0
306.930693069307,0
306.990699069907,0
307.050705070507,0
307.110711071107,0
307.170717071707,0
307.230723072307,0
307.290729072907,0
307.350735073507,0
307.410741074107,0
307.470747074707,0
307.530753075308,0
307.590759075908,0
307.650765076508,0
307.710771077108,0
307.770777077708,0
307.830783078308,0
307.890789078908,0
307.950795079508,0
308.010801080108,0
308.070807080708,0
308.130813081308,0
308.190819081908,0
308.250825082508,0
308.310831083108,0
308.370837083708,0
308.430843084308,0
308.490849084909,0
308.550855085509,0
308.610861086109,0
308.670867086709,0
308.730873087309,0
308.790879087909,0
308.850885088509,0
308.910891089109,0
308.970897089709,0
309.030903090309,0
309.090909090909,0
309.150915091509,0
309.210921092109,0
309.270927092709,0
309.330933093309,0
309.390939093909,0
309.450945094509,0
309.510951095109,0
309.57095709571,0
309.63096309631,0
309.69096909691,0
309.75097509751,0
309.81098109811,0
309.87098709871,0
309.93099309931,0
309.99099909991,0
310.05100510051,0
310.11101110111,0
310.17101710171,0
310.23102310231,0
310.29102910291,0
310.35103510351,0
310.41104110411,0
310.47104710471,0
310.531053105311,0
310.591059105911,0
310.651065106511,0
310.711071107111,0
310.771077107711,0
310.831083108311,0
310.891089108911,0
310.951095109511,0
311.011101110111,0
311.071107110711,0
311.131113111311,0
311.191119111911,0
311.251125112511,0
311.311131113111,0
311.371137113711,0
311.431143114311,0
311.491149114911,0
311.551155115512,0
311.611161116112,0
311.671167116712,0
311.731173117312,0
311.791179117912,0
311.851185118512,0
311.911191119112,0
311.971197119712,0
312.031203120312,0
312.091209120912,0
312.151215121512,0
312.211221122112,0
312.271227122712,0
312.331233123312,0
312.391239123912,0
312.451245124512,0
312.511251125112,0
312.571257125713,0
312.631263126313,0
312.691269126913,0
312.751275127513,0
312.811281128113,0
312.871287128713,0
312.931293129313,0
312.991299129913,0
313.051305130513,0
313.111311131113,0
313.171317131713,0
313.231323132313,0
313.291329132913,0
313.351335133513,0
313.411341134113,0
313.471347134713,0
313.531353135314,0
313.591359135914,0
313.651365136514,0
313.711371137114,0
313.771377137714,0
313.831383138314,0
313.891389138914,0
313.951395139514,0
314.011401140114,0
314.071407140714,0
314.131413141314,0
314.191419141914,0
314.251425142514,0
314.311431143114,0
314.371437143714,0
314.431443144314,0
314.491449144914,0
314.551455145515,0
314.611461146115,0
314.671467146715,0
314.731473147315,0
314.791479147915,0
314.851485148515,0
314.911491149115,0
314.971497149715,0
315.031503150315,0
315.091509150915,0
315.151515151515,0
315.211521152115,0
315.271527152715,0
315.331533153315,0
315.391539153915,0
315.451545154515,0
315.511551155116,0
315.571557155716,0
315.631563156316,0
315.691569156916,0
315.751575157516,0
315.811581158116,0
315.871587158716,0
315.931593159316,0
315.991599159916,0
316.051605160516,0
316.111611161116,0
316.171617161716,0
316.231623162316,0
316.291629162916,0
316.351635163516,0
316.411641164116,0
316.471647164717,0
316.531653165317,0
316.591659165917,0
316.651665166517,0
316.711671167117,0
316.771677167717,0
316.831683168317,0
316.891689168917,0
316.951695169517,0
317.011701170117,0
317.071707170717,0
317.131713171317,0
317.191719171917,0
317.251725172517,0
317.311731173117,0
317.371737173717,0
317.431743174317,0
317.491749174917,0
317.551755175518,0
317.611761176118,0
317.671767176718,0
317.731773177318,0
317.791779177918,0
317.851785178518,0
317.911791179118,0
317.971797179718,0
318.031803180318,0
318.091809180918,0
318.151815181518,0
318.211821182118,0
318.271827182718,0
318.331833183318,0
318.391839183918,0
318.451845184518,0
318.511851185119,0
318.571857185719,0
318.631863186319,0
318.691869186919,0
318.751875187519,0
318.811881188119,0
318.871887188719,0
318.931893189319,0
318.991899189919,0
319.051905190519,0
319.111911191119,0
319.171917191719,0
319.231923192319,0
319.291929192919,0
319.351935193519,0
319.411941194119,0
319.471947194719,0
319.53195319532,0
319.59195919592,0
319.65196519652,0
319.71197119712,0
319.77197719772,0
319.83198319832,0
319.89198919892,0
319.95199519952,0
320.01200120012,0
320.07200720072,0
320.13201320132,0
320.19201920192,0
320.25202520252,0
320.31203120312,0
320.37203720372,0
320.43204320432,0
320.49204920492,0
320.552055205521,0
320.612061206121,0
320.672067206721,0
320.732073207321,0
320.792079207921,0
320.852085208521,0
320.912091209121,0
320.972097209721,0
321.032103210321,0
321.092109210921,0
321.152115211521,0
321.212121212121,0
321.272127212721,0
321.332133213321,0
321.392139213921,0
321.452145214521,0
321.512151215121,0
321.572157215722,0
321.632163216322,0
321.692169216922,0
321.752175217522,0
321.812181218122,0
321.872187218722,0
321.932193219322,0
321.992199219922,0
322.052205220522,0
322.112211221122,0
322.172217221722,0
322.232223222322,0
322.292229222922,0
322.352235223522,0
322.412241224122,0
322.472247224722,0
322.532253225323,0
322.592259225923,0
322.652265226523,0
322.712271227123,0
322.772277227723,0
322.832283228323,0
322.892289228923,0
322.952295229523,0
323.012301230123,0
323.072307230723,0
323.132313231323,0
323.192319231923,0
323.252325232523,0
323.312331233123,0
323.372337233723,0
323.432343234323,0
323.492349234923,0
323.552355235524,0
323.612361236124,0
323.672367236724,0
323.732373237324,0
323.792379237924,0
323.852385238524,0
323.912391239124,0
323.972397239724,0
324.032403240324,0
324.092409240924,0
324.152415241524,0
324.212421242124,0
324.272427242724,0
324.332433243324,0
324.392439243924,0
324.452445244524,0
324.512451245125,0
324.572457245725,0
324.632463246325,0
324.692469246925,0
324.752475247525,0
324.812481248125,0
324.872487248725,0
324.932493249325,0
324.992499249925,0
325.052505250525,0
325.112511251125,0
325.172517251725,0
325.232523252325,0
325.292529252925,0
325.352535253525,0
325.412541254125,0
325.472547254725,0
325.532553255326,0
325.592559255926,0
325.652565256526,0
325.712571257126,0
325.772577257726,0
325.832583258326,0
325.892589258926,0
325.952595259526,0
326.012601260126,0
326.072607260726,0
326.132613261326,0
326.192619261926,0
326.252625262526,0
326.312631263126,0
326.372637263726,0
326.432643264326,0
326.492649264927,0
326.552655265527,0
326.612661266127,0
326.672667266727,0
326.732673267327,0
326.792679267927,0
326.852685268527,0
326.912691269127,0
326.972697269727,0
327.032703270327,0
327.092709270927,0
327.152715271527,0
327.212721272127,0
327.272727272727,0
327.332733273327,0
327.392739273927,0
327.452745274527,0
327.512751275128,0
327.572757275728,0
327.632763276328,0
327.692769276928,0
327.752775277528,0
327.812781278128,0
327.872787278728,0
327.932793279328,0
327.992799279928,0
328.052805280528,0
328.112811281128,0
328.172817281728,0
328.232823282328,0
328.292829282928,0
328.352835283528,0
328.412841284128,0
328.472847284728,0
328.532853285329,0
328.592859285929,0
328.652865286529,0
328.712871287129,0
328.772877287729,0
328.832883288329,0
328.892889288929,0
328.952895289529,0
329.012901290129,0
329.072907290729,0
329.132913291329,0
329.192919291929,0
329.252925292529,0
329.312931293129,0
329.372937293729,0
329.432943294329,0
329.49294929493,0
329.55295529553,0
329.61296129613,0
329.67296729673,0
329.73297329733,0
329.79297929793,0
329.85298529853,0
329.91299129913,0
329.97299729973,0
330.03300330033,0
330.09300930093,0
330.15301530153,0
330.21302130213,0
330.27302730273,0
330.33303330333,0
330.39303930393,0
330.45304530453,0
330.51305130513,0
330.573057305731,0
330.633063306331,0
330.693069306931,0
330.753075307531,0
330.813081308131,0
330.873087308731,0
330.933093309331,0
330.993099309931,0
331.053105310531,0
331.113111311131,0
331.173117311731,0
331.233123312331,0
331.293129312931,0
331.353135313531,0
331.413141314131,0
331.473147314731,0
331.533153315332,0
331.593159315932,0
331.653165316532,0
331.713171317132,0
331.773177317732,0
331.833183318332,0
331.893189318932,0
331.953195319532,0
332.013201320132,0
332.073207320732,0
332.133213321332,0
332.193219321932,0
332.253225322532,0
332.313231323132,0
332.373237323732,0
332.433243324332,0
332.493249324932,0
332.553255325533,0
332.613261326133,0
332.673267326733,0
332.733273327333,0
332.793279327933,0
332.853285328533,0
332.913291329133,0
332.973297329733,0
333.033303330333,0
333.093309330933,0
333.153315331533,0
333.213321332133,0
333.273327332733,0
333.333333333333,0
333.393339333933,0
333.453345334533,0
333.513351335134,0
333.573357335734,0
333.633363336334,0
333.693369336934,0
333.753375337534,0
333.813381338134,0
333.873387338734,0
333.933393339334,0
333.993399339934,0
334.053405340534,0
334.113411341134,0
334.173417341734,0
334.233423342334,0
334.293429342934,0
334.353435343534,0
334.413441344134,0
334.473447344734,0
334.533453345335,0
334.593459345935,0
334.653465346535,0
334.713471347135,0
334.773477347735,0
334.833483348335,0
334.893489348935,0
334.953495349535,0
335.013501350135,0
335.073507350735,0
335.133513351335,0
335.193519351935,0
335.253525352535,0
335.313531353135,0
335.373537353735,0
335.433543354335,0
335.493549354935,0
335.553555355536,0
335.613561356136,0
335.673567356736,0
335.733573357336,0
335.793579357936,0
335.853585358536,0
335.913591359136,0
335.973597359736,0
336.033603360336,0
336.093609360936,0
336.153615361536,0
336.213621362136,0
336.273627362736,0
336.333633363336,0
336.393639363936,0
336.453645364536,0
336.513651365137,0
336.573657365737,0
336.633663366337,0
336.693669366937,0
336.753675367537,0
336.813681368137,0
336.873687368737,0
336.933693369337,0
336.993699369937,0
337.053705370537,0
337.113711371137,0
337.173717371737,0
337.233723372337,0
337.293729372937,0
337.353735373537,0
337.413741374137,0
337.473747374738,0
337.533753375338,0
337.593759375938,0
337.653765376538,0
337.713771377138,0
337.773777377738,0
337.833783378338,0
337.893789378938,0
337.953795379538,0
338.013801380138,0
338.073807380738,0
338.133813381338,0
338.193819381938,0
338.253825382538,0
338.313831383138,0
338.373837383738,0
338.433843384338,0
338.493849384938,0
338.553855385539,0
338.613861386139,0
338.673867386739,0
338.733873387339,0
338.793879387939,0
338.853885388539,0
338.913891389139,0
338.973897389739,0
339.033903390339,0
339.093909390939,0
339.153915391539,0
339.213921392139,0
339.273927392739,0
339.333933393339,0
339.393939393939,0
339.453945394539,0
339.51395139514,0
339.57395739574,0
339.63396339634,0
339.69396939694,0
339.75397539754,0
339.81398139814,0
339.87398739874,0
339.93399339934,0
339.99399939994,0
340.05400540054,0
340.11401140114,0
340.17401740174,0
340.23402340234,0
340.29402940294,0
340.35403540354,0
340.41404140414,0
340.47404740474,0
340.534053405341,0
340.594059405941,0
340.654065406541,0
340.714071407141,0
340.774077407741,0
340.834083408341,0
340.894089408941,0
340.954095409541,0
341.014101410141,0
341.074107410741,0
341.134113411341,0
341.194119411941,0
341.254125412541,0
341.314131413141,0
341.374137413741,0
341.434143414341,0
341.494149414941,0
341.554155415542,0
341.614161416142,0
341.674167416742,0
341.734173417342,0
341.794179417942,0
341.854185418542,0
341.914191419142,0
341.974197419742,0
342.034203420342,0
342.094209420942,0
342.154215421542,0
342.214221422142,0
342.274227422742,0
342.334233423342,0
342.394239423942,0
342.454245424542,0
342.514251425143,0
342.574257425743,0
342.634263426343,0
342.694269426943,0
342.754275427543,0
342.814281428143,0
342.874287428743,0
342.934293429343,0
342.994299429943,0
343.054305430543,0
343.114311431143,0
343.174317431743,0
343.234323432343,0
343.294329432943,0
343.354335433543,0
343.414341434143,0
343.474347434743,0
343.534353435344,0
343.594359435944,0
343.654365436544,0
343.714371437144,0
343.774377437744,0
343.834383438344,0
343.894389438944,0
343.954395439544,0
344.014401440144,0
344.074407440744,0
344.134413441344,0
344.194419441944,0
344.254425442544,0
344.314431443144,0
344.374437443744,0
344.434443444344,0
344.494449444945,0
344.554455445545,0
344.614461446145,0
344.674467446745,0
344.734473447345,0
344.794479447945,0
344.854485448545,0
344.914491449145,0
344.974497449745,0
345.034503450345,0
345.094509450945,0
345.154515451545,0
345.214521452145,0
345.274527452745,0
345.334533453345,0
345.394539453945,0
345.454545454545,0
345.514551455146,0
345.574557455746,0
345.634563456346,0
345.694569456946,0
345.754575457546,0
345.814581458146,0
345.874587458746,0
345.934593459346,0
345.994599459946,0
346.054605460546,0
346.114611461146,0
346.174617461746,0
346.234623462346,0
346.294629462946,0
346.354635463546,0
346.414641464146,0
346.474647464746,0
346.534653465347,0
346.594659465947,0
346.654665466547,0
346.714671467147,0
346.774677467747,0
346.834683468347,0
346.894689468947,0
346.954695469547,0
347.014701470147,0
347.074707470747,0
347.134713471347,0
347.194719471947,0
347.254725472547,0
347.314731473147,0
347.374737473747,0
347.434743474347,0
347.494749474948,0
347.554755475548,0
347.614761476148,0
347.674767476748,0
347.734773477348,0
347.794779477948,0
347.854785478548,0
347.914791479148,0
347.974797479748,0
348.034803480348,0
348.094809480948,0
348.154815481548,0
348.214821482148,0
348.274827482748,0
348.334833483348,0
348.394839483948,0
348.454845484548,0
348.514851485148,0
348.574857485749,0
348.634863486349,0
348.694869486949,0
348.754875487549,0
348.814881488149,0
348.874887488749,0
348.934893489349,0
348.994899489949,0
349.054905490549,0
349.114911491149,0
349.174917491749,0
349.234923492349,0
349.294929492949,0
349.354935493549,0
349.414941494149,0
349.474947494749,0
349.53495349535,0
349.59495949595,0
349.65496549655,0
349.71497149715,0
349.77497749775,0
349.83498349835,0
349.89498949895,0
349.95499549955,0
350.01500150015,0
350.07500750075,0
350.13501350135,0
350.19501950195,0
350.25502550255,0
350.31503150315,0
350.37503750375,0
350.43504350435,0
350.49504950495,0
350.555055505551,0
350.615061506151,0
350.675067506751,0
350.735073507351,0
350.795079507951,0
350.855085508551,0
350.915091509151,0
350.975097509751,0
351.035103510351,0
351.095109510951,0
351.155115511551,0
351.215121512151,0
351.275127512751,0
351.335133513351,0
351.395139513951,0
351.455145514551,0
351.515151515152,0
351.575157515752,0
351.635163516352,0
351.695169516952,0
351.755175517552,0
351.815181518152,0
351.875187518752,0
351.935193519352,0
351.995199519952,0
352.055205520552,0
352.115211521152,0
352.175217521752,0
352.235223522352,0
352.295229522952,0
352.355235523552,0
352.415241524152,0
352.475247524752,0
352.535253525353,0
352.595259525953,0
352.655265526553,0
352.715271527153,0
352.775277527753,0
352.835283528353,0
352.895289528953,0
352.955295529553,0
353.015301530153,0
353.075307530753,0
353.135313531353,0
353.195319531953,0
353.255325532553,0
353.315331533153,0
353.375337533753,0
353.435343534353,0
353.495349534954,0
353.555355535554,0
353.615361536154,0
353.675367536754,0
353.735373537354,0
353.795379537954,0
353.855385538554,0
353.915391539154,0
353.975397539754,0
354.035403540354,0
354.095409540954,0
354.155415541554,0
354.215421542154,0
354.275427542754,0
354.335433543354,0
354.395439543954,0
354.455445544554,0
354.515451545155,0
354.575457545755,0
354.635463546355,0
354.695469546955,0
354.755475547555,0
354.815481548155,0
354.875487548755,0
354.935493549355,0
354.995499549955,0
355.055505550555,0
355.115511551155,0
355.175517551755,0
355.235523552355,0
355.295529552955,0
355.355535553555,0
355.415541554155,0
355.475547554756,0
355.535553555356,0
355.595559555956,0
355.655565556556,0
355.715571557156,0
355.775577557756,0
355.835583558356,0
355.895589558956,0
355.955595559556,0
356.015601560156,0
356.075607560756,0
356.135613561356,0
356.195619561956,0
356.255625562556,0
356.315631563156,0
356.375637563756,0
356.435643564356,0
356.495649564956,0
356.555655565557,0
356.615661566157,0
356.675667566757,0
356.735673567357,0
356.795679567957,0
356.855685568557,0
356.915691569157,0
356.975697569757,0
357.035703570357,0
357.095709570957,0
357.155715571557,0
357.215721572157,0
357.275727572757,0
357.335733573357,0
357.395739573957,0
357.455745574557,0
357.515751575158,0
357.575757575758,0
357.635763576358,0
357.695769576958,0
357.755775577558,0
357.815781578158,0
357.875787578758,0
357.935793579358,0
357.995799579958,0
358.055805580558,0
358.115811581158,0
358.175817581758,0
358.235823582358,0
358.295829582958,0
358.355835583558,0
358.415841584158,0
358.475847584758,0
358.535853585358,0
358.595859585959,0
358.655865586559,0
358.715871587159,0
358.775877587759,0
358.835883588359,0
358.895889588959,0
358.955895589559,0
359.015901590159,0
359.075907590759,0
359.135913591359,0
359.195919591959,0
359.255925592559,0
359.315931593159,0
359.375937593759,0
359.435943594359,0
359.495949594959,0
359.55595559556,0
359.61596159616,0
359.67596759676,0
359.73597359736,0
359.79597959796,0
359.85598559856,0
359.91599159916,0
359.97599759976,0
360.03600360036,0
360.09600960096,0
360.15601560156,0
360.21602160216,0
360.27602760276,0
360.33603360336,0
360.39603960396,0
360.45604560456,0
360.516051605161,0
360.576057605761,0
360.636063606361,0
360.696069606961,0
360.756075607561,0
360.816081608161,0
360.876087608761,0
360.936093609361,0
360.996099609961,0
361.056105610561,0
361.116111611161,0
361.176117611761,0
361.236123612361,0
361.296129612961,0
361.356135613561,0
361.416141614161,0
361.476147614761,0
361.536153615362,0
361.596159615962,0
361.656165616562,0
361.716171617162,0
361.776177617762,0
361.836183618362,0
361.896189618962,0
361.956195619562,0
362.016201620162,0
362.076207620762,0
362.136213621362,0
362.196219621962,0
362.256225622562,0
362.316231623162,0
362.376237623762,0
362.436243624362,0
362.496249624963,0
362.556255625563,0
362.616261626163,0
362.676267626763,0
362.736273627363,0
362.796279627963,0
362.856285628563,0
362.916291629163,0
362.976297629763,0
363.036303630363,0
363.096309630963,0
363.156315631563,0
363.216321632163,0
363.276327632763,0
363.336333633363,0
363.396339633963,0
363.456345634563,0
363.516351635164,0
363.576357635764,0
363.636363636364,0
363.696369636964,0
363.756375637564,0
363.816381638164,0
363.876387638764,0
363.936393639364,0
363.996399639964,0
364.056405640564,0
364.116411641164,0
364.176417641764,0
364.236423642364,0
364.296429642964,0
364.356435643564,0
364.416441644164,0
364.476447644764,0
364.536453645365,0
364.596459645965,0
364.656465646565,0
364.716471647165,0
364.776477647765,0
364.836483648365,0
364.896489648965,0
364.956495649565,0
365.016501650165,0
365.076507650765,0
365.136513651365,0
365.196519651965,0
365.256525652565,0
365.316531653165,0
365.376537653765,0
365.436543654365,0
365.496549654966,0
365.556555655566,0
365.616561656166,0
365.676567656766,0
365.736573657366,0
365.796579657966,0
365.856585658566,0
365.916591659166,0
365.976597659766,0
366.036603660366,0
366.096609660966,0
366.156615661566,0
366.216621662166,0
366.276627662766,0
366.336633663366,0
366.396639663966,0
366.456645664566,0
366.516651665166,0
366.576657665767,0
366.636663666367,0
366.696669666967,0
366.756675667567,0
366.816681668167,0
366.876687668767,0
366.936693669367,0
366.996699669967,0
367.056705670567,0
367.116711671167,0
367.176717671767,0
367.236723672367,0
367.296729672967,0
367.356735673567,0
367.416741674167,0
367.476747674767,0
367.536753675368,0
367.596759675968,0
367.656765676568,0
367.716771677168,0
367.776777677768,0
367.836783678368,0
367.896789678968,0
367.956795679568,0
368.016801680168,0
368.076807680768,0
368.136813681368,0
368.196819681968,0
368.256825682568,0
368.316831683168,0
368.376837683768,0
368.436843684368,0
368.496849684968,0
368.556855685569,0
368.616861686169,0
368.676867686769,0
368.736873687369,0
368.796879687969,0
368.856885688569,0
368.916891689169,0
368.976897689769,0
369.036903690369,0
369.096909690969,0
369.156915691569,0
369.216921692169,0
369.276927692769,0
369.336933693369,0
369.396939693969,0
369.456945694569,0
369.516951695169,0
369.57695769577,0
369.63696369637,0
369.69696969697,0
369.75697569757,0
369.81698169817,0
369.87698769877,0
369.93699369937,0
369.99699969997,0
370.05700570057,0
370.11701170117,0
370.17701770177,0
370.23702370237,0
370.29702970297,0
370.35703570357,0
370.41704170417,0
370.47704770477,0
370.537053705371,0
370.597059705971,0
370.657065706571,0
370.717071707171,0
370.777077707771,0
370.837083708371,0
370.897089708971,0
370.957095709571,0
371.017101710171,0
371.077107710771,0
371.137113711371,0
371.197119711971,0
371.257125712571,0
371.317131713171,0
371.377137713771,0
371.437143714371,0
371.497149714971,0
371.557155715572,0
371.617161716172,0
371.677167716772,0
371.737173717372,0
371.797179717972,0
371.857185718572,0
371.917191719172,0
371.977197719772,0
372.037203720372,0
372.097209720972,0
372.157215721572,0
372.217221722172,0
372.277227722772,0
372.337233723372,0
372.397239723972,0
372.457245724572,0
372.517251725173,0
372.577257725773,0
372.637263726373,0
372.697269726973,0
372.757275727573,0
372.817281728173,0
372.877287728773,0
372.937293729373,0
372.997299729973,0
373.057305730573,0
373.117311731173,0
373.177317731773,0
373.237323732373,0
373.297329732973,0
373.357335733573,0
373.417341734173,0
373.477347734774,0
373.537353735374,0
373.597359735974,0
373.657365736574,0
373.717371737174,0
373.777377737774,0
373.837383738374,0
373.897389738974,0
373.957395739574,0
374.017401740174,0
374.077407740774,0
374.137413741374,0
374.197419741974,0
374.257425742574,0
374.317431743174,0
374.377437743774,0
374.437443744374,0
374.497449744974,0
374.557455745575,0
374.617461746175,0
374.677467746775,0
374.737473747375,0
374.797479747975,0
374.857485748575,0
374.917491749175,0
374.977497749775,0
375.037503750375,0
375.097509750975,0
375.157515751575,0
375.217521752175,0
375.277527752775,0
375.337533753375,0
375.397539753975,0
375.457545754575,0
375.517551755176,0
375.577557755776,0
375.637563756376,0
375.697569756976,0
375.757575757576,0
375.817581758176,0
375.877587758776,0
375.937593759376,0
375.997599759976,0
376.057605760576,0
376.117611761176,0
376.177617761776,0
376.237623762376,0
376.297629762976,0
376.357635763576,0
376.417641764176,0
376.477647764776,0
376.537653765377,0
376.597659765977,0
376.657665766577,0
376.717671767177,0
376.777677767777,0
376.837683768377,0
376.897689768977,0
376.957695769577,0
377.017701770177,0
377.077707770777,0
377.137713771377,0
377.197719771977,0
377.257725772577,0
377.317731773177,0
377.377737773777,0
377.437743774377,0
377.497749774977,0
377.557755775578,0
377.617761776178,0
377.677767776778,0
377.737773777378,0
377.797779777978,0
377.857785778578,0
377.917791779178,0
377.977797779778,0
378.037803780378,0
378.097809780978,0
378.157815781578,0
378.217821782178,0
378.277827782778,0
378.337833783378,0
378.397839783978,0
378.457845784578,0
378.517851785179,0
378.577857785779,0
378.637863786379,0
378.697869786979,0
378.757875787579,0
378.817881788179,0
378.877887788779,0
378.937893789379,0
378.997899789979,0
379.057905790579,0
379.117911791179,0
379.177917791779,0
379.237923792379,0
379.297929792979,0
379.357935793579,0
379.417941794179,0
379.477947794779,0
379.53795379538,0
379.59795979598,0
379.65796579658,0
379.71797179718,0
379.77797779778,0
379.83798379838,0
379.89798979898,0
379.95799579958,0
380.01800180018,0.00192465719511471
380.07800780078,0.00194492170065977
380.13801380138,0.00196518620620481
380.19801980198,0.00198545071174987
380.25802580258,0.00200571521729493
380.31803180318,0.00202597972283997
380.37803780378,0.00204624422838503
380.43804380438,0.00206650873393008
380.49804980498,0.00208677323947514
380.558055805581,0.0021070377450202
380.618061806181,0.00212730225056524
380.678067806781,0.0021475667561103
380.738073807381,0.00216783126165534
380.798079807981,0.0021880957672004
380.858085808581,0.00220836027274546
380.918091809181,0.0022286247782905
380.978097809781,0.00224888928383556
381.038103810381,0.00227141880319051
381.098109810981,0.00229525025961732
381.158115811581,0.00231908171604412
381.218121812181,0.00234291317247091
381.278127812781,0.0023667446288977
381.338133813381,0.0023905760853245
381.398139813981,0.00241440754175131
381.458145814581,0.00243823899817812
381.518151815182,0.0024620704546049
381.578157815782,0.00248590191103169
381.638163816382,0.0025097333674585
381.698169816982,0.0025335648238853
381.758175817582,0.00255739628031211
381.818181818182,0.0025812277367389
381.878187818782,0.00260505919316568
381.938193819382,0.00262889064959249
381.998199819982,0.0026527221060193
382.058205820582,0.00268062252019228
382.118211821182,0.00270864877841923
382.178217821782,0.00273667503664619
382.238223822382,0.00276470129487317
382.298229822982,0.00279272755310016
382.358235823582,0.00282075381132714
382.418241824182,0.0028487800695541
382.478247824782,0.00287680632778106
382.538253825383,0.00290483258600804
382.598259825983,0.00293285884423502
382.658265826583,0.00296088510246201
382.718271827183,0.00298891136068896
382.778277827783,0.00301693761891592
382.838283828383,0.0030449638771429
382.898289828983,0.00307299013536989
382.958295829583,0.00310101639359687
383.018301830183,0.00313054726727824
383.078307830783,0.00316350669092948
383.138313831383,0.00319646611458076
383.198319831983,0.00322942553823203
383.258325832583,0.00326238496188331
383.318331833183,0.00329534438553455
383.378337833783,0.0033283038091858
383.438343834383,0.00336126323283707
383.498349834984,0.00339422265648835
383.558355835584,0.00342718208013962
383.618361836184,0.00346014150379087
383.678367836784,0.00349310092744211
383.738373837384,0.00352606035109339
383.798379837984,0.00355901977474467
383.858385838584,0.00359197919839591
383.918391839184,0.00362493862204719
383.978397839784,0.00365789804569843
384.038403840384,0.00369457042522388
384.098409840984,0.00373333134242856
384.158415841584,0.0037720922596332
384.218421842184,0.00381085317683788
384.278427842784,0.00384961409404252
384.338433843384,0.0038883750112472
384.398439843984,0.00392713592845187
384.458445844584,0.00396589684565651
384.518451845185,0.00400465776286119
384.578457845785,0.00404341868006583
384.638463846385,0.00408217959727051
384.698469846985,0.00412094051447519
384.758475847585,0.00415970143167983
384.818481848185,0.0041984623488845
384.878487848785,0.00423722326608914
384.938493849385,0.00427598418329382
384.998499849985,0.0043147451004985
385.058505850585,0.00436015811280162
385.118511851185,0.00440574169164572
385.178517851785,0.00445132527048987
385.238523852385,0.00449690884933401
385.298529852985,0.00454249242817816
385.358535853585,0.00458807600702226
385.418541854185,0.00463365958586636
385.478547854785,0.00467924316471051
385.538553855386,0.00472482674355466
385.598559855986,0.0047704103223988
385.658565856586,0.00481599390124291
385.718571857186,0.00486157748008701
385.778577857786,0.00490716105893115
385.838583858386,0.0049527446377753
385.898589858986,0.00499832821661945
385.958595859586,0.00504391179546355
386.018601860186,0.00509198268141705
386.078607860786,0.00514558983158188
386.138613861386,0.0051991969817467
386.198619861986,0.00525280413191152
386.258625862586,0.00530641128207629
386.318631863186,0.00536001843224106
386.378637863786,0.00541362558240588
386.438643864386,0.0054672327325707
386.498649864987,0.00552083988273552
386.558655865587,0.00557444703290029
386.618661866187,0.00562805418306506
386.678667866787,0.00568166133322988
386.738673867387,0.00573526848339471
386.798679867987,0.00578887563355953
386.858685868587,0.0058424827837243
386.918691869187,0.00589608993388907
386.978697869787,0.00594969708405389
387.038703870387,0.00600939036325771
387.098709870987,0.00607243337239773
387.158715871587,0.00613547638153769
387.218721872187,0.00619851939067765
387.278727872787,0.00626156239981767
387.338733873387,0.00632460540895768
387.398739873987,0.0063876484180977
387.458745874587,0.00645069142723766
387.518751875187,0.00651373443637762
387.578757875788,0.00657677744551764
387.638763876388,0.00663982045465766
387.698769876988,0.00670286346379761
387.758775877588,0.00676590647293763
387.818781878188,0.00682894948207759
387.878787878788,0.00689199249121761
387.938793879388,0.00695503550035763
387.998799879988,0.00701807850949759
388.058805880588,0.00709199631300142
388.118811881188,0.00716613605108405
388.178817881788,0.00724027578916674
388.238823882388,0.00731441552724943
388.298829882988,0.00738855526533205
388.358835883588,0.00746269500341475
388.418841884188,0.00753683474149737
388.478847884788,0.00761097447958006
388.538853885389,0.00768511421766275
388.598859885989,0.00775925395574538
388.658865886589,0.00783339369382807
388.718871887189,0.00790753343191069
388.778877887789,0.00798167316999339
388.838883888389,0.00805581290807608
388.898889888989,0.0081299526461587
388.958895889589,0.00820409238424132
389.018901890189,0.00828234285132522
389.078907890789,0.00836953252274509
389.138913891389,0.00845672219416495
389.198919891989,0.00854391186558473
389.258925892589,0.00863110153700452
389.318931893189,0.00871829120842438
389.378937893789,0.00880548087984425
389.438943894389,0.00889267055126411
389.498949894989,0.00897986022268389
389.55895589559,0.00906704989410368
389.61896189619,0.00915423956552354
389.67896789679,0.00924142923694341
389.73897389739,0.00932861890836327
389.79897989799,0.00941580857978306
389.85898589859,0.00950299825120284
389.91899189919,0.00959018792262271
389.97899789979,0.00967737759404257
390.03900390039,0.00977454276621013
390.09900990099,0.00987707936185711
390.15901590159,0.00997961595750409
390.21902190219,0.0100821525531512
390.27902790279,0.0101846891487982
390.33903390339,0.0102872257444453
390.39903990399,0.0103897623400923
390.45904590459,0.0104922989357393
390.519051905191,0.0105948355313864
390.579057905791,0.0106973721270334
390.639063906391,0.0107999087226805
390.699069906991,0.0109024453183275
390.759075907591,0.0110049819139745
390.819081908191,0.0111075185096216
390.879087908791,0.0112100551052686
390.939093909391,0.0113125917009157
390.999099909991,0.0114151282965627
391.059105910591,0.011535442377567
391.119111911191,0.0116560271816988
391.179117911791,0.0117766119858305
391.239123912391,0.0118971967899622
391.299129912991,0.0120177815940938
391.359135913591,0.0121383663982254
391.419141914191,0.0122589512023572
391.479147914791,0.0123795360064889
391.539153915392,0.0125001208106205
391.599159915992,0.0126207056147522
391.659165916592,0.0127412904188838
391.719171917192,0.0128618752230155
391.779177917792,0.0129824600271473
391.839183918392,0.0131030448312789
391.899189918992,0.0132236296354106
391.959195919592,0.0133442144395422
392.019201920192,0.0134715912247693
392.079207920792,0.0136134009698242
392.139213921392,0.0137552107148789
392.199219921992,0.0138970204599337
392.259225922592,0.0140388302049884
392.319231923192,0.0141806399500433
392.379237923792,0.0143224496950981
392.439243924392,0.0144642594401528
392.499249924993,0.0146060691852077
392.559255925593,0.0147478789302624
392.619261926193,0.0148896886753173
392.679267926793,0.0150314984203721
392.739273927393,0.0151733081654268
392.799279927993,0.0153151179104815
392.859285928593,0.0154569276555364
392.919291929193,0.0155987374005912
392.979297929793,0.0157405471456461
393.039303930393,0.0158987062131269
393.099309930993,0.0160654767557788
393.159315931593,0.0162322472984308
393.219321932193,0.0163990178410828
393.279327932793,0.0165657883837348
393.339333933393,0.0167325589263867
393.399339933993,0.0168993294690385
393.459345934593,0.0170661000116906
393.519351935194,0.0172328705543426
393.579357935794,0.0173996410969946
393.639363936394,0.0175664116396465
393.699369936994,0.0177331821822983
393.759375937594,0.0178999527249503
393.819381938194,0.0180667232676023
393.879387938794,0.0182334938102544
393.939393939394,0.0184002643529062
393.999399939994,0.0185670348955581
394.059405940594,0.0187628660748994
394.119411941194,0.0189589907960254
394.179417941794,0.0191551155171515
394.239423942394,0.0193512402382773
394.299429942994,0.0195473649594032
394.359435943594,0.0197434896805292
394.419441944194,0.0199396144016553
394.479447944795,0.0201357391227813
394.539453945395,0.0203318638439072
394.599459945995,0.020527988565033
394.659465946595,0.0207241132861591
394.719471947195,0.0209202380072851
394.779477947795,0.0211163627284112
394.839483948395,0.021312487449537
394.899489948995,0.0215086121706629
394.959495949595,0.0217047368917889
395.019501950195,0.0219120808720425
395.079507950795,0.0221427263904838
395.139513951395,0.022373371908925
395.199519951995,0.0226040174273661
395.259525952595,0.0228346629458074
395.319531953195,0.0230653084642488
395.379537953795,0.0232959539826899
395.439543954395,0.0235265995011313
395.499549954995,0.0237572450195724
395.559555955596,0.0239878905380137
395.619561956196,0.0242185360564551
395.679567956796,0.0244491815748962
395.739573957396,0.0246798270933376
395.799579957996,0.0249104726117787
395.859585958596,0.02514111813022
395.919591959196,0.0253717636486614
395.979597959796,0.0256024091671025
396.039603960396,0.0258598485251861
396.099609960996,0.0261310907703578
396.159615961596,0.0264023330155298
396.219621962196,0.0266735752607017
396.279627962796,0.0269448175058734
396.339633963396,0.0272160597510454
396.399639963996,0.0274873019962171
396.459645964596,0.0277585442413891
396.519651965197,0.028029786486561
396.579657965797,0.0283010287317328
396.639663966397,0.0285722709769045
396.699669966997,0.0288435132220764
396.759675967597,0.0291147554672484
396.819681968197,0.0293859977124204
396.879687968797,0.0296572399575921
396.939693969397,0.0299284822027638
396.999699969997,0.0301997244479358
397.059705970597,0.0305184699614732
397.119711971197,0.030837454184902
397.179717971797,0.0311564384083305
397.239723972397,0.031475422631759
397.299729972997,0.0317944068551878
397.359735973597,0.0321133910786166
397.419741974197,0.0324323753020454
397.479747974797,0.0327513595254739
397.539753975398,0.0330703437489023
397.599759975998,0.0333893279723311
397.659765976598,0.0337083121957599
397.719771977198,0.0340272964191887
397.779777977798,0.0343462806426172
397.839783978398,0.0346652648660457
397.899789978998,0.0349842490894745
397.959795979598,0.0353032333129033
398.019801980198,0.0356407452910496
398.079807980798,0.0360158742257435
398.139813981398,0.0363910031604373
398.199819981998,0.0367661320951315
398.259825982598,0.0371412610298256
398.319831983198,0.0375163899645198
398.379837983798,0.0378915188992136
398.439843984398,0.0382666478339074
398.499849984998,0.0386417767686016
398.559855985599,0.0390169057032958
398.619861986199,0.03939203463799
398.679867986799,0.0397671635726838
398.739873987399,0.0401422925073776
398.799879987999,0.0405174214420718
398.859885988599,0.0408925503767659
398.919891989199,0.0412676793114601
398.979897989799,0.0416428082461539
399.039903990399,0.0420618445911299
399.099909990999,0.0425029997066995
399.159915991599,0.0429441548222691
399.219921992199,0.0433853099378383
399.279927992799,0.0438264650534079
399.339933993399,0.0442676201689771
399.399939993999,0.0447087752845467
399.459945994599,0.0451499304001163
399.5199519952,0.0455910855156855
399.5799579958,0.0460322406312551
399.6399639964,0.0464733957468243
399.699969997,0.0469145508623939
399.7599759976,0.0473557059779635
399.8199819982,0.0477968610935327
399.8799879988,0.0482380162091023
399.9399939994,0.0486791713246715
400,0.0491203264402411
400.0600060006,0.0496391281100538
400.1200120012,0.050157929779866
400.1800180018,0.0506767314496787
400.2400240024,0.0511955331194909
400.300030003,0.0517143347893036
400.3600360036,0.0522331364591163
400.4200420042,0.0527519381289286
400.4800480048,0.0532707397987408
400.540054005401,0.0537895414685535
400.600060006001,0.0543083431383662
400.660066006601,0.0548271448081789
400.720072007201,0.0553459464779911
400.780078007801,0.0558647481478033
400.840084008401,0.056383549817616
400.900090009001,0.0569023514874287
400.960096009601,0.0574211531572414
401.020102010201,0.057970544262332
401.080108010801,0.0585806576792439
401.140114011401,0.0591907710961563
401.200120012001,0.0598008845130687
401.260126012601,0.0604109979299811
401.320132013201,0.0610211113468929
401.380138013801,0.0616312247638048
401.440144014401,0.0622413381807172
401.500150015002,0.0628514515976296
401.560156015602,0.063461565014542
401.620162016202,0.0640716784314538
401.680168016802,0.0646817918483656
401.740174017402,0.0652919052652781
401.800180018002,0.0659020186821905
401.860186018602,0.0665121320991029
401.920192019202,0.0671222455160147
401.980198019802,0.0677323589329265
402.040204020402,0.0684144179272164
402.100210021002,0.0691319128029011
402.160216021602,0.0698494076785859
402.220222022202,0.0705669025542699
402.280228022802,0.071284397429954
402.340234023402,0.0720018923056387
402.400240024002,0.0727193871813235
402.460246024602,0.0734368820570082
402.520252025203,0.0741543769326923
402.580258025803,0.0748718718083764
402.640264026403,0.0755893666840611
402.700270027003,0.0763068615597459
402.760276027603,0.0770243564354306
402.820282028203,0.0777418513111147
402.880288028803,0.0784593461867987
402.940294029403,0.0791768410624835
403.000300030003,0.0798949673312421
403.060306030603,0.0807387408216963
403.120312031203,0.0815825143121512
403.180318031803,0.0824262878026054
403.240324032403,0.0832700612930603
403.300330033003,0.0841138347835153
403.360336033603,0.0849576082739694
403.420342034203,0.0858013817644244
403.480348034803,0.0866451552548785
403.540354035404,0.0874889287453335
403.600360036004,0.0883327022357884
403.660366036604,0.0891764757262426
403.720372037204,0.0900202492166975
403.780378037804,0.0908640227071517
403.840384038404,0.0917077961976066
403.900390039004,0.0925515696880616
403.960396039604,0.0933953431785157
404.020402040204,0.094289606826089
404.080408040804,0.0952818807786558
404.140414041404,0.0962741547312236
404.200420042004,0.0972664286837913
404.260426042604,0.0982587026363581
404.320432043204,0.0992509765889249
404.380438043804,0.100243250541493
404.440444044404,0.10123552449406
404.500450045005,0.102227798446628
404.560456045605,0.103220072399195
404.620462046205,0.104212346351762
404.680468046805,0.10520462030433
404.740474047405,0.106196894256897
404.800480048005,0.107189168209465
404.860486048605,0.108181442162032
404.920492049205,0.109173716114599
404.980498049805,0.110165990067166
405.040504050405,0.111276140352931
405.100510051005,0.112443045910234
405.160516051605,0.113609951467537
405.220522052205,0.114776857024839
405.280528052805,0.115943762582143
405.340534053405,0.117110668139447
405.400540054005,0.11827757369675
405.460546054605,0.119444479254053
405.520552055205,0.120611384811355
405.580558055806,0.121778290368659
405.640564056406,0.122945195925962
405.700570057006,0.124112101483266
405.760576057606,0.125279007040568
405.820582058206,0.126445912597871
405.880588058806,0.127612818155175
405.940594059406,0.128779723712478
406.000600060006,0.129948682862937
406.060606060606,0.131320947735767
406.120612061206,0.132693212608596
406.180618061806,0.134065477481427
406.240624062406,0.135437742354258
406.300630063006,0.136810007227089
406.360636063606,0.138182272099918
406.420642064206,0.139554536972748
406.480648064806,0.140926801845579
406.540654065407,0.142299066718409
406.600660066007,0.14367133159124
406.660666066607,0.14504359646407
406.720672067207,0.146415861336899
406.780678067807,0.14778812620973
406.840684068407,0.149160391082561
406.900690069007,0.15053265595539
406.960696069607,0.151904920828221
407.020702070207,0.153360500275067
407.080708070807,0.154974256666787
407.140714071407,0.156588013058507
407.200720072007,0.158201769450225
407.260726072607,0.159815525841945
407.320732073207,0.161429282233663
407.380738073807,0.163043038625383
407.440744074407,0.164656795017102
407.500750075007,0.166270551408821
407.560756075608,0.16788430780054
407.620762076208,0.169498064192259
407.680768076808,0.171111820583978
407.740774077408,0.172725576975698
407.800780078008,0.174339333367416
407.860786078608,0.175953089759136
407.920792079208,0.177566846150854
407.980798079808,0.179180602542574
408.040804080408,0.180987463909315
408.100810081008,0.182885198205477
408.160816081608,0.184782932501638
408.220822082208,0.186680666797801
408.280828082808,0.188578401093965
408.340834083408,0.190476135390128
408.400840084008,0.192373869686289
408.460846084608,0.194271603982451
408.520852085209,0.196169338278614
408.580858085809,0.198067072574777
408.640864086409,0.19996480687094
408.700870087009,0.201862541167102
408.760876087609,0.203760275463263
408.820882088209,0.205658009759426
408.880888088809,0.20755574405559
408.940894089409,0.209453478351753
409.000900090009,0.211356221668564
409.060906090609,0.213587890674697
409.120912091209,0.215819559680832
409.180918091809,0.218051228686967
409.240924092409,0.220282897693103
409.300930093009,0.222514566699236
409.360936093609,0.224746235705369
409.420942094209,0.226977904711504
409.480948094809,0.229209573717639
409.54095409541,0.231441242723774
409.60096009601,0.233672911729908
409.66096609661,0.235904580736041
409.72097209721,0.238136249742176
409.78097809781,0.240367918748311
409.84098409841,0.242599587754446
409.90099009901,0.244831256760579
409.96099609961,0.247062925766712
410.02100210021,0.249355678645416
410.08100810081,0.251761873001745
410.14101410141,0.254168067358075
410.20102010201,0.256574261714402
410.26102610261,0.258980456070729
410.32103210321,0.261386650427059
410.38103810381,0.263792844783389
410.44104410441,0.266199039139718
410.501050105011,0.268605233496045
410.561056105611,0.271011427852373
410.621062106211,0.273417622208702
410.681068106811,0.275823816565032
410.741074107411,0.278230010921359
410.801080108011,0.280636205277689
410.861086108611,0.283042399634016
410.921092109211,0.285448593990346
410.981098109811,0.287854788346675
411.041104110411,0.29076069868678
411.101110111011,0.293896405428186
411.161116111611,0.29703211216959
411.221122112211,0.300167818910997
411.281128112811,0.303303525652403
411.341134113411,0.306439232393807
411.401140114011,0.309574939135213
411.461146114611,0.312710645876617
411.521152115212,0.315846352618023
411.581158115812,0.31898205935943
411.641164116412,0.322117766100833
411.701170117012,0.32525347284224
411.761176117612,0.328389179583644
411.821182118212,0.33152488632505
411.881188118812,0.334660593066457
411.941194119412,0.33779629980786
412.001200120012,0.340943076430822
412.061206120612,0.344632277250157
412.121212121212,0.348321478069491
412.181218121812,0.352010678888826
412.241224122412,0.355699879708157
412.301230123012,0.359389080527488
412.361236123612,0.363078281346822
412.421242124212,0.366767482166157
412.481248124813,0.370456682985492
412.541254125413,0.374145883804823
412.601260126013,0.377835084624154
412.661266126613,0.381524285443488
412.721272127213,0.385213486262823
412.781278127813,0.388902687082158
412.841284128413,0.392591887901489
412.901290129013,0.39628108872082
412.961296129613,0.399970289540154
413.021302130213,0.403885337068665
413.081308130813,0.408210725801172
413.141314131413,0.412536114533674
413.201320132013,0.416861503266177
413.261326132613,0.421186891998684
413.321332133213,0.425512280731191
413.381338133813,0.429837669463698
413.441344134413,0.4341630581962
413.501350135013,0.438488446928703
413.561356135614,0.44281383566121
413.621362136214,0.447139224393717
413.681368136814,0.451464613126223
413.741374137414,0.455790001858726
413.801380138014,0.460115390591229
413.861386138614,0.464440779323736
413.921392139214,0.468766168056242
413.981398139814,0.473091556788749
414.041404140414,0.477908040754637
414.101410141014,0.482945161709437
414.161416141614,0.487982282664241
414.221422142214,0.493019403619046
414.281428142814,0.49805652457385
414.341434143414,0.50309364552865
414.401440144014,0.508130766483449
414.461446144614,0.513167887438254
414.521452145215,0.518205008393058
414.581458145815,0.523242129347858
414.641464146415,0.528279250302663
414.701470147015,0.533316371257462
414.761476147615,0.538353492212267
414.821482148215,0.543390613167071
414.881488148815,0.548427734121871
414.941494149415,0.553464855076675
415.001500150015,0.558521300814393
415.061506150615,0.564331413085913
415.121512151215,0.570141525357434
415.181518151815,0.575951637628949
415.241524152415,0.581761749900469
415.301530153015,0.587571862171985
415.361536153615,0.593381974443505
415.421542154215,0.599192086715026
415.481548154815,0.605002198986541
415.541554155416,0.610812311258062
415.601560156016,0.616622423529577
415.661566156616,0.622432535801097
415.721572157216,0.628242648072618
415.781578157816,0.634052760344133
415.841584158416,0.639862872615648
415.901590159016,0.645672984887169
415.961596159616,0.65148309715869
416.021602160216,0.657609485011287
416.081608160816,0.664298140563571
416.141614161416,0.670986796115854
416.201620162016,0.677675451668143
416.261626162616,0.684364107220433
416.321632163216,0.691052762772723
416.381638163816,0.697741418325006
416.441644164416,0.704430073877289
416.501650165016,0.711118729429579
416.561656165617,0.717807384981868
416.621662166217,0.724496040534158
416.681668166817,0.731184696086441
416.741674167417,0.737873351638724
416.801680168017,0.744562007191014
416.861686168617,0.751250662743303
416.921692169217,0.757939318295593
416.981698169817,0.764627973847876
417.041704170417,0.77197784908866
417.101710171017,0.779617899876203
417.161716171617,0.787257950663746
417.221722172217,0.794898001451289
417.281728172817,0.802538052238824
417.341734173417,0.81017810302636
417.401740174017,0.817818153813903
417.461746174617,0.825458204601446
417.521752175218,0.833098255388989
417.581758175818,0.840738306176524
417.641764176418,0.84837835696406
417.701770177018,0.856018407751603
417.761776177618,0.863658458539146
417.821782178218,0.871298509326689
417.881788178818,0.878938560114225
417.941794179418,0.88657861090176
418.001800180018,0.894250444117411
418.061806180618,0.902949909175219
418.121812181218,0.911649374233027
418.181818181818,0.920348839290826
418.241824182418,0.929048304348626
418.301830183018,0.937747769406434
418.361836183618,0.946447234464242
418.421842184218,0.955146699522041
418.481848184818,0.963846164579849
418.541854185419,0.972545629637649
418.601860186019,0.981245094695457
418.661866186619,0.989944559753264
418.721872187219,0.998644024811064
418.781878187819,1.00734348986887
418.841884188419,1.01604295492667
418.901890189019,1.02474241998448
418.961896189619,1.03344188504229
419.021902190219,1.04256120741576
419.081908190819,1.05241096648913
419.141914191419,1.06226072556248
419.201920192019,1.07211048463585
419.261926192619,1.08196024370921
419.321932193219,1.09181000278256
419.381938193819,1.10165976185593
419.441944194419,1.11150952092928
419.50195019502,1.12135928000264
419.56195619562,1.13120903907601
419.62196219622,1.14105879814936
419.68196819682,1.15090855722272
419.74197419742,1.16075831629608
419.80198019802,1.17060807536944
419.86198619862,1.18045783444281
419.92199219922,1.19030759351616
419.98199819982,1.20015735258952
420.04200420042,1.21089780658023
420.10201020102,1.22201998696411
420.16201620162,1.23314216734798
420.22202220222,1.24426434773184
420.28202820282,1.2553865281157
420.34203420342,1.26650870849957
420.40204020402,1.27763088888345
420.46204620462,1.28875306926732
420.522052205221,1.29987524965118
420.582058205821,1.31099743003504
420.642064206421,1.32211961041891
420.702070207021,1.33324179080279
420.762076207621,1.34436397118666
420.822082208221,1.35548615157052
420.882088208821,1.36660833195438
420.942094209421,1.37773051233826
421.002100210021,1.38890032280576
421.062106210621,1.40138336272207
421.122112211221,1.41386640263837
421.182118211821,1.42634944255466
421.242124212421,1.43883248247097
421.302130213021,1.45131552238728
421.362136213621,1.46379856230359
421.422142214221,1.47628160221988
421.482148214821,1.48876464213618
421.542154215422,1.50124768205249
421.602160216022,1.51373072196879
421.662166216622,1.5262137618851
421.722172217222,1.5386968018014
421.782178217822,1.55117984171769
421.842184218422,1.563662881634
421.902190219022,1.57614592155031
421.962196219622,1.58862896146662
422.022202220222,1.60165718809101
422.082208220822,1.61561370559676
422.142214221422,1.62957022310252
422.202220222022,1.64352674060828
422.262226222622,1.65748325811402
422.322232223222,1.67143977561978
422.382238223822,1.68539629312553
422.442244224422,1.69935281063129
422.502250225023,1.71330932813705
422.562256225623,1.7272658456428
422.622262226223,1.74122236314856
422.682268226823,1.7551788806543
422.742274227423,1.76913539816006
422.802280228023,1.78309191566582
422.862286228623,1.79704843317157
422.922292229223,1.81100495067733
422.982298229823,1.82496146818308
423.042304230423,1.8400048980974
423.102310231023,1.85550313533162
423.162316231623,1.87100137256582
423.222322232223,1.88649960980004
423.282328232823,1.90199784703425
423.342334233423,1.91749608426847
423.402340234023,1.93299432150269
423.462346234623,1.94849255873689
423.522352235223,1.9639907959711
423.582358235824,1.97948903320532
423.642364236424,1.99498727043954
423.702370237024,2.01048550767376
423.762376237624,2.02598374490796
423.822382238224,2.04148198214217
423.882388238824,2.05698021937639
423.942394239424,2.07247845661061
424.002400240024,2.08804141866828
424.062406240624,2.10515777648876
424.122412241224,2.12227413430924
424.182418241824,2.13939049212974
424.242424242424,2.15650684995023
424.302430243024,2.17362320777073
424.362436243624,2.19073956559121
424.422442244224,2.20785592341169
424.482448244824,2.22497228123219
424.542454245425,2.24208863905268
424.602460246025,2.25920499687318
424.662466246625,2.27632135469366
424.722472247225,2.29343771251414
424.782478247825,2.31055407033464
424.842484248425,2.32767042815514
424.902490249025,2.34478678597563
424.962496249625,2.36190314379611
425.022502250225,2.37965155953445
425.082508250825,2.3984534051359
425.142514251425,2.41725525073735
425.202520252025,2.4360570963388
425.262526252625,2.45485894194024
425.322532253225,2.47366078754167
425.382538253825,2.49246263314312
425.442544254425,2.51126447874457
425.502550255026,2.53006632434602
425.562556255626,2.54886816994746
425.622562256226,2.56767001554889
425.682568256826,2.58647186115034
425.742574257426,2.60527370675179
425.802580258026,2.62407555235324
425.862586258626,2.64287739795468
425.922592259226,2.66167924355611
425.982598259826,2.68048108915756
426.042604260426,2.70053141021913
426.102610261026,2.72109167196157
426.162616261626,2.74165193370403
426.222622262226,2.76221219544647
426.282628262826,2.78277245718893
426.342634263426,2.80333271893139
426.402640264026,2.82389298067383
426.462646264626,2.8444532424163
426.522652265226,2.86501350415874
426.582658265827,2.8855737659012
426.642664266427,2.90613402764366
426.702670267027,2.9266942893861
426.762676267627,2.94725455112856
426.822682268227,2.967814812871
426.882688268827,2.98837507461346
426.942694269427,3.00893533635593
427.002700270027,3.02957681839143
427.062706270627,3.05194197553536
427.122712271227,3.07430713267927
427.182718271827,3.09667228982319
427.242724272427,3.11903744696712
427.302730273027,3.14140260411102
427.362736273627,3.16376776125493
427.422742274227,3.18613291839886
427.482748274827,3.20849807554278
427.542754275428,3.23086323268671
427.602760276028,3.25322838983062
427.662766276628,3.27559354697452
427.722772277228,3.29795870411845
427.782778277828,3.32032386126238
427.842784278428,3.3426890184063
427.902790279028,3.36505417555021
427.962796279628,3.38741933269412
428.022802280228,3.41048621626761
428.082808280828,3.43469802191038
428.142814281428,3.45890982755316
428.202820282028,3.48312163319591
428.262826282628,3.50733343883867
428.322832283228,3.53154524448144
428.382838283828,3.55575705012422
428.442844284428,3.579968855767
428.502850285029,3.60418066140975
428.562856285629,3.6283924670525
428.622862286229,3.65260427269528
428.682868286829,3.67681607833806
428.742874287429,3.70102788398084
428.802880288029,3.72523968962359
428.862886288629,3.74945149526634
428.922892289229,3.77366330090912
428.982898289829,3.7978751065519
429.042904290429,3.82348907106452
429.102910291029,3.8496619380637
429.162916291629,3.87583480506288
429.222922292229,3.90200767206209
429.282928292829,3.92818053906129
429.342934293429,3.9543534060605
429.402940294029,3.98052627305968
429.462946294629,4.00669914005886
429.52295229523,4.03287200705807
429.58295829583,4.05904487405727
429.64296429643,4.08521774105648
429.70297029703,4.11139060805566
429.76297629763,4.13756347505484
429.82298229823,4.16373634205405
429.88298829883,4.18990920905325
429.94299429943,4.21608207605244
430.00300030003,4.24238022077129
430.06300630063,4.2710586421635
430.12301230123,4.29973706355574
430.18301830183,4.32841548494797
430.24302430243,4.35709390634018
430.30303030303,4.38577232773242
430.36303630363,4.41445074912463
430.42304230423,4.44312917051687
430.483048304831,4.4718075919091
430.543054305431,4.50048601330131
430.603060306031,4.52916443469355
430.663066306631,4.55784285608576
430.723072307231,4.58652127747799
430.783078307831,4.61519969887023
430.843084308431,4.64387812026244
430.903090309031,4.67255654165467
430.963096309631,4.70123496304688
431.023102310231,4.73092854959169
431.083108310831,4.76224376358802
431.143114311431,4.79355897758432
431.203120312031,4.82487419158062
431.263126312631,4.85618940557695
431.323132313231,4.88750461957328
431.383138313831,4.91881983356961
431.443144314431,4.95013504756591
431.503150315031,4.98145026156221
431.563156315632,5.01276547555854
431.623162316232,5.04408068955487
431.683168316832,5.0753959035512
431.743174317432,5.1067111175475
431.803180318032,5.1380263315438
431.863186318632,5.16934154554013
431.923192319232,5.20065675953646
431.983198319832,5.23197197353279
432.043204320432,5.26558587136194
432.103210321032,5.30009370179275
432.163216321632,5.33460153222359
432.223222322232,5.36910936265444
432.283228322832,5.40361719308528
432.343234323432,5.43812502351609
432.403240324032,5.4726328539469
432.463246324632,5.50714068437775
432.523252325233,5.54164851480859
432.583258325833,5.57615634523944
432.643264326433,5.61066417567025
432.703270327033,5.64517200610106
432.763276327633,5.67967983653191
432.823282328233,5.71418766696275
432.883288328833,5.74869549739359
432.943294329433,5.78320332782441
433.003300330033,5.81792477733428
433.063306330633,5.85631659102093
433.123312331233,5.89470840470758
433.183318331833,5.93310021839423
433.243324332433,5.97149203208084
433.303330333033,6.00988384576745
433.363336333633,6.0482756594541
433.423342334233,6.08666747314075
433.483348334834,6.1250592868274
433.543354335434,6.16345110051401
433.603360336034,6.20184291420062
433.663366336634,6.24023472788727
433.723372337234,6.27862654157392
433.783378337834,6.31701835526053
433.843384338434,6.35541016894718
433.903390339034,6.39380198263379
433.963396339634,6.43219379632044
434.023402340234,6.47238611562622
434.083408340834,6.51539461038753
434.143414341434,6.55840310514887
434.203420342034,6.60141159991018
434.263426342634,6.64442009467152
434.323432343234,6.68742858943287
434.383438343834,6.73043708419417
434.443444344434,6.77344557895552
434.503450345034,6.81645407371682
434.563456345635,6.85946256847816
434.623462346235,6.90247106323951
434.683468346835,6.94547955800081
434.743474347435,6.98848805276216
434.803480348035,7.03149654752346
434.863486348635,7.07450504228481
434.923492349235,7.11751353704615
434.983498349835,7.16052203180746
435.043504350435,7.20734188344176
435.103510351035,7.25560742216587
435.163516351635,7.30387296088999
435.223522352235,7.3521384996141
435.283528352835,7.40040403833816
435.343534353435,7.44866957706223
435.403540354035,7.49693511578634
435.463546354635,7.54520065451045
435.523552355236,7.59346619323456
435.583558355836,7.64173173195863
435.643564356436,7.6899972706827
435.703570357036,7.73826280940681
435.763576357636,7.78652834813092
435.823582358236,7.83479388685503
435.883588358836,7.8830594255791
435.943594359436,7.93132496430316
436.003600360036,7.97993117075945
436.063606360636,8.0338745050199
436.123612361236,8.08781783928034
436.183618361836,8.14176117354073
436.243624362436,8.19570450780113
436.303630363036,8.24964784206157
436.363636363636,8.30359117632202
436.423642364236,8.35753451058246
436.483648364836,8.41147784484285
436.543654365437,8.46542117910325
436.603660366037,8.51936451336369
436.663666366637,8.57330784762414
436.723672367237,8.62725118188458
436.783678367837,8.68119451614497
436.843684368437,8.73513785040537
436.903690369037,8.78908118466581
436.963696369637,8.84302451892626
437.023702370237,8.89924202587115
437.083708370837,8.95894275933266
437.143714371437,9.01864349279417
437.203720372037,9.07834422625574
437.263726372637,9.13804495971731
437.323732373237,9.19774569317888
437.383738373837,9.25744642664039
437.443744374437,9.31714716010191
437.503750375037,9.37684789356348
437.563756375638,9.43654862702505
437.623762376238,9.49624936048656
437.683768376838,9.55595009394813
437.743774377438,9.61565082740964
437.803780378038,9.67535156087121
437.863786378638,9.73505229433278
437.923792379238,9.79475302779429
437.983798379838,9.85445376125586
438.043804380438,9.91806511838619
438.103810381038,9.98312287057218
438.163816381638,10.0481806227582
438.223822382238,10.1132383749441
438.283828382838,10.1782961271301
438.343834383438,10.243353879316
438.403840384038,10.308411631502
438.463846384638,10.373469383688
438.523852385239,10.4385271358739
438.583858385839,10.5035848880599
438.643864386439,10.5686426402458
438.703870387039,10.6337003924318
438.763876387639,10.6987581446178
438.823882388239,10.7638158968037
438.883888388839,10.8288736489896
438.943894389439,10.8939314011756
439.003900390039,10.9592720671322
439.063906390639,11.0286823388659
439.123912391239,11.0980926105995
439.183918391839,11.1675028823331
439.243924392439,11.2369131540668
439.303930393039,11.3063234258005
439.363936393639,11.3757336975342
439.423942394239,11.4451439692678
439.483948394839,11.5145542410014
439.54395439544,11.5839645127351
439.60396039604,11.6533747844688
439.66396639664,11.7227850562025
439.72397239724,11.7921953279361
439.78397839784,11.8616055996697
439.84398439844,11.9310158714034
439.90399039904,12.0004261431371
439.96399639964,12.0698364148707
440.02400240024,12.1403264202114
440.08400840084,12.2124360259628
440.14401440144,12.2845456317141
440.20402040204,12.3566552374655
440.26402640264,12.4287648432169
440.32403240324,12.5008744489682
440.38403840384,12.5729840547196
440.44404440444,12.6450936604709
440.504050405041,12.7172032662223
440.564056405641,12.7893128719737
440.624062406241,12.861422477725
440.684068406841,12.9335320834764
440.744074407441,13.0056416892277
440.804080408041,13.0777512949791
440.864086408641,13.1498609007305
440.924092409241,13.2219705064818
440.984098409841,13.2940801122332
441.044104410441,13.3665109978105
441.104110411041,13.4390577189713
441.164116411641,13.511604440132
441.224122412241,13.5841511612928
441.284128412841,13.6566978824535
441.344134413441,13.7292446036143
441.404140414041,13.8017913247751
441.464146414641,13.8743380459358
441.524152415242,13.9468847670966
441.584158415842,14.0194314882573
441.644164416442,14.0919782094181
441.704170417042,14.1645249305789
441.764176417642,14.2370716517397
441.824182418242,14.3096183729005
441.884188418842,14.3821650940612
441.944194419442,14.454711815222
442.004200420042,14.5270940079682
442.064206420642,14.5972903232061
442.124212421242,14.6674866384441
442.184218421842,14.737682953682
442.244224422442,14.80787926892
442.304230423042,14.878075584158
442.364236423642,14.9482718993959
442.424242424242,15.0184682146339
442.484248424842,15.0886645298718
442.544254425443,15.1588608451098
442.604260426043,15.2290571603478
442.664266426643,15.2992534755857
442.724272427243,15.3694497908236
442.784278427843,15.4396461060616
442.844284428443,15.5098424212996
442.904290429043,15.5800387365376
442.964296429643,15.6502350517755
443.024302430243,15.7181983741583
443.084308430843,15.782881126791
443.144314431443,15.8475638794237
443.204320432043,15.9122466320564
443.264326432643,15.976929384689
443.324332433243,16.0416121373217
443.384338433843,16.1062948899544
443.444344434443,16.1709776425871
443.504350435044,16.2356603952197
443.564356435644,16.3003431478524
443.624362436244,16.365025900485
443.684368436844,16.4297086531177
443.744374437444,16.4943914057504
443.804380438044,16.5590741583831
443.864386438644,16.6237569110158
443.924392439244,16.6884396636484
443.984398439844,16.7531224162811
444.044404440444,16.8113168112641
444.104410441044,16.8672315130189
444.164416441644,16.9231462147737
444.224422442244,16.9790609165284
444.284428442844,17.0349756182832
444.344434443444,17.090890320038
444.404440444044,17.1468050217928
444.464446444644,17.2027197235475
444.524452445244,17.2586344253023
444.584458445845,17.3145491270571
444.644464446445,17.3704638288119
444.704470447045,17.4263785305667
444.764476447645,17.4822932323214
444.824482448245,17.5382079340762
444.884488448845,17.594122635831
444.944494449445,17.6500373375858
445.004500450045,17.7050725897744
445.064506450645,17.7492612973133
445.124512451245,17.7934500048523
445.184518451845,17.8376387123912
445.244524452445,17.8818274199302
445.304530453045,17.9260161274692
445.364536453645,17.9702048350082
445.424542454245,18.0143935425471
445.484548454845,18.0585822500861
445.544554455446,18.1027709576251
445.604560456046,18.1469596651641
445.664566456646,18.191148372703
445.724572457246,18.235337080242
445.784578457846,18.279525787781
445.844584458446,18.32371449532
445.904590459046,18.3679032028589
445.964596459646,18.4120919103979
446.024602460246,18.4505199413553
446.084608460846,18.4806582182076
446.144614461446,18.5107964950598
446.204620462046,18.540934771912
446.264626462646,18.5710730487643
446.324632463246,18.6012113256165
446.384638463846,18.6313496024688
446.444644464446,18.661487879321
446.504650465046,18.6916261561732
446.564656465647,18.7217644330255
446.624662466247,18.7519027098777
446.684668466847,18.78204098673
446.744674467447,18.8121792635822
446.804680468047,18.8423175404345
446.864686468647,18.8724558172867
446.924692469247,18.9025940941389
446.984698469847,18.9327323709912
447.044704470447,18.9512778954729
447.104710471047,18.9658554308881
447.164716471647,18.9804329663033
447.224722472247,18.9950105017186
447.284728472847,19.0095880371338
447.344734473447,19.0241655725491
447.404740474047,19.0387431079643
447.464746474647,19.0533206433795
447.524752475248,19.0678981787948
447.584758475848,19.08247571421
447.644764476448,19.0970532496253
447.704770477048,19.1116307850405
447.764776477648,19.1262083204557
447.824782478248,19.140785855871
447.884788478848,19.1553633912862
447.944794479448,19.1699409267015
448.004800480048,19.1832236409679
448.064806480648,19.1816159120234
448.124812481248,19.1800081830789
448.184818481848,19.1784004541344
448.244824482448,19.1767927251899
448.304830483048,19.1751849962454
448.364836483648,19.1735772673009
448.424842484248,19.1719695383564
448.484848484848,19.1703618094118
448.544854485449,19.1687540804673
448.604860486049,19.1671463515228
448.664866486649,19.1655386225783
448.724872487249,19.1639308936338
448.784878487849,19.1623231646893
448.844884488449,19.1607154357448
448.904890489049,19.1591077068003
448.964896489649,19.1574999778557
449.024902490249,19.1493019167756
449.084908490849,19.1318138694319
449.144914491449,19.1143258220882
449.204920492049,19.0968377747445
449.264926492649,19.0793497274009
449.324932493249,19.0618616800572
449.384938493849,19.0443736327135
449.444944494449,19.0268855853698
449.50495049505,19.0093975380261
449.56495649565,18.9919094906825
449.62496249625,18.9744214433388
449.68496849685,18.9569333959951
449.74497449745,18.9394453486514
449.80498049805,18.9219573013077
449.86498649865,18.9044692539641
449.92499249925,18.8869812066204
449.98499849985,18.8694931592767
450.04500450045,18.8410231191804
450.10501050105,18.8088924148333
450.16501650165,18.7767617104861
450.22502250225,18.744631006139
450.28502850285,18.7125003017918
450.34503450345,18.6803695974446
450.40504050405,18.6482388930975
450.46504650465,18.6161081887503
450.525052505251,18.5839774844032
450.585058505851,18.551846780056
450.645064506451,18.5197160757088
450.705070507051,18.4875853713617
450.765076507651,18.4554546670145
450.825082508251,18.4233239626674
450.885088508851,18.3911932583202
450.945094509451,18.3590625539731
451.005100510051,18.3258640370788
451.065106510651,18.2811708321772
451.125112511251,18.2364776272757
451.185118511851,18.1917844223741
451.245124512451,18.1470912174726
451.305130513051,18.102398012571
451.365136513651,18.0577048076695
451.425142514251,18.0130116027679
451.485148514852,17.9683183978663
451.545154515452,17.9236251929648
451.605160516052,17.8789319880633
451.665166516652,17.8342387831617
451.725172517252,17.7895455782601
451.785178517852,17.7448523733585
451.845184518452,17.700159168457
451.905190519052,17.6554659635555
451.965196519652,17.6107727586539
452.025202520252,17.5619533844905
452.085208520852,17.5074359670607
452.145214521452,17.452918549631
452.205220522052,17.3984011322013
452.265226522652,17.3438837147715
452.325232523252,17.2893662973417
452.385238523852,17.234848879912
452.445244524452,17.1803314624822
452.505250525052,17.1258140450525
452.565256525653,17.0712966276228
452.625262526253,17.016779210193
452.685268526853,16.9622617927632
452.745274527453,16.9077443753335
452.805280528053,16.8532269579038
452.865286528653,16.798709540474
452.925292529253,16.7441921230442
452.985298529853,16.6896747056145
453.045304530453,16.6301209266516
453.105310531053,16.5689328316945
453.165316531653,16.5077447367373
453.225322532253,16.4465566417802
453.285328532853,16.3853685468231
453.345334533453,16.3241804518659
453.405340534053,16.2629923569088
453.465346534653,16.2018042619516
453.525352535254,16.1406161669945
453.585358535854,16.0794280720374
453.645364536454,16.0182399770802
453.705370537054,15.9570518821231
453.765376537654,15.895863787166
453.825382538254,15.8346756922088
453.885388538854,15.7734875972517
453.945394539454,15.7122995022946
454.005400540054,15.6508077774123
454.065406540654,15.5862460166203
454.125412541254,15.5216842558283
454.185418541854,15.4571224950364
454.245424542454,15.3925607342445
454.305430543054,15.3279989734525
454.365436543654,15.2634372126605
454.425442544254,15.1988754518685
454.485448544854,15.1343136910765
454.545454545455,15.0697519302846
454.605460546055,15.0051901694926
454.665466546655,14.9406284087006
454.725472547255,14.8760666479086
454.785478547855,14.8115048871166
454.845484548455,14.7469431263247
454.905490549055,14.6823813655327
454.965496549655,14.6178196047407
455.025502550255,14.553169067806
455.085508550855,14.4883984219726
455.145514551455,14.4236277761392
455.205520552055,14.3588571303057
455.265526552655,14.2940864844723
455.325532553255,14.2293158386388
455.385538553855,14.1645451928054
455.445544554455,14.0997745469719
455.505550555055,14.0350039011385
455.565556555656,13.970233255305
455.625562556256,13.9054626094715
455.685568556856,13.8406919636381
455.745574557456,13.7759213178047
455.805580558056,13.7111506719712
455.865586558656,13.6463800261377
455.925592559256,13.5816093803042
455.985598559856,13.5168387344708
456.045604560456,13.4540150349654
456.105610561056,13.3918061606162
456.165616561656,13.3295972862669
456.225622562256,13.2673884119177
456.285628562856,13.2051795375685
456.345634563456,13.1429706632193
456.405640564056,13.08076178887
456.465646564656,13.0185529145208
456.525652565257,12.9563440401716
456.585658565857,12.8941351658223
456.645664566457,12.8319262914731
456.705670567057,12.7697174171239
456.765676567657,12.7075085427746
456.825682568257,12.6452996684254
456.885688568857,12.5830907940762
456.945694569457,12.520881919727
457.005700570057,12.4591202901384
457.065706570657,12.4016192553748
457.125712571257,12.3441182206113
457.185718571857,12.2866171858477
457.245724572457,12.2291161510842
457.305730573057,12.1716151163206
457.365736573657,12.1141140815571
457.425742574257,12.0566130467936
457.485748574857,11.99911201203
457.545754575458,11.9416109772665
457.605760576058,11.8841099425029
457.665766576658,11.8266089077393
457.725772577258,11.7691078729758
457.785778577858,11.7116068382122
457.845784578458,11.6541058034487
457.905790579058,11.5966047686852
457.965796579658,11.5391037339216
458.025802580258,11.4842177288151
458.085808580858,11.4327981583701
458.145814581458,11.3813785879252
458.205820582058,11.3299590174802
458.265826582658,11.2785394470352
458.325832583258,11.2271198765903
458.385838583858,11.1757003061453
458.445844584458,11.1242807357003
458.505850585059,11.0728611652554
458.565856585659,11.0214415948104
458.625862586259,10.9700220243654
458.685868586859,10.9186024539205
458.745874587459,10.8671828834755
458.805880588059,10.8157633130305
458.865886588659,10.7643437425856
458.925892589259,10.7129241721406
458.985898589859,10.6615046016957
459.045904590459,10.6151898935039
459.105910591059,10.5704433456121
459.165916591659,10.5256967977204
459.225922592259,10.4809502498286
459.285928592859,10.4362037019368
459.345934593459,10.391457154045
459.405940594059,10.3467106061532
459.465946594659,10.3019640582615
459.52595259526,10.2572175103697
459.58595859586,10.2124709624779
459.64596459646,10.1677244145861
459.70597059706,10.1229778666943
459.76597659766,10.0782313188026
459.82598259826,10.0334847709108
459.88598859886,9.98873822301897
459.94599459946,9.94399167512722
460.00600060006,9.89990369223509
460.06600660066,9.86174279434001
460.12601260126,9.82358189644489
460.18601860186,9.7854209985498
460.24602460246,9.74726010065468
460.30603060306,9.70909920275956
460.36603660366,9.67093830486448
460.42604260426,9.63277740696936
460.48604860486,9.59461650907427
460.546054605461,9.55645561117915
460.606060606061,9.51829471328404
460.666066606661,9.48013381538895
460.726072607261,9.44197291749383
460.786078607861,9.40381201959875
460.846084608461,9.36565112170363
460.906090609061,9.32749022380851
460.966096609661,9.28932932591342
461.026102610261,9.25375608584828
461.086108610861,9.22154382664281
461.146114611461,9.1893315674373
461.206120612061,9.15711930823179
461.266126612661,9.12490704902632
461.326132613261,9.09269478982081
461.386138613861,9.06048253061533
461.446144614461,9.02827027140982
461.506150615062,8.99605801220431
461.566156615662,8.96384575299884
461.626162616262,8.93163349379333
461.686168616862,8.89942123458785
461.746174617462,8.86720897538235
461.806180618062,8.83499671617684
461.866186618662,8.80278445697136
461.926192619262,8.77057219776585
461.986198619862,8.73835993856038
462.046204620462,8.70991749834838
462.106210621062,8.68260110796562
462.166216621662,8.65528471758288
462.226222622262,8.62796832720011
462.286228622862,8.60065193681738
462.346234623462,8.57333554643461
462.406240624062,8.54601915605187
462.466246624662,8.51870276566911
462.526252625263,8.49138637528635
462.586258625863,8.46406998490361
462.646264626463,8.43675359452085
462.706270627063,8.40943720413811
462.766276627663,8.38212081375534
462.826282628263,8.35480442337258
462.886288628863,8.32748803298984
462.946294629463,8.30017164260708
463.006300630063,8.27323601765019
463.066306630663,8.24954596465644
463.126312631263,8.2258559116627
463.186318631863,8.20216585866898
463.246324632463,8.17847580567524
463.306330633063,8.15478575268152
463.366336633663,8.13109569968778
463.426342634263,8.10740564669404
463.486348634863,8.08371559370032
463.546354635464,8.06002554070658
463.606360636064,8.03633548771286
463.666366636664,8.01264543471911
463.726372637264,7.98895538172537
463.786378637864,7.96526532873165
463.846384638464,7.94157527573791
463.906390639064,7.91788522274419
463.966396639664,7.89419516975045
464.026402640264,7.87156619185479
464.086408640864,7.85028767317483
464.146414641464,7.82900915449486
464.206420642064,7.80773063581492
464.266426642664,7.78645211713495
464.326432643264,7.76517359845501
464.386438643864,7.74389507977504
464.446444644464,7.72261656109508
464.506450645064,7.70133804241514
464.566456645665,7.68005952373517
464.626462646265,7.65878100505523
464.686468646865,7.63750248637526
464.746474647465,7.6162239676953
464.806480648065,7.59494544901535
464.866486648665,7.57366693033539
464.926492649265,7.55238841165545
464.986498649865,7.53110989297548
465.046504650465,7.51098428845629
465.106510651065,7.49119340095153
465.166516651665,7.47140251344675
465.226522652265,7.45161162594199
465.286528652865,7.43182073843721
465.346534653465,7.41202985093243
465.406540654065,7.39223896342767
465.466546654665,7.37244807592289
465.526552655266,7.35265718841813
465.586558655866,7.33286630091335
465.646564656466,7.31307541340857
465.706570657066,7.29328452590381
465.766576657666,7.27349363839904
465.826582658266,7.25370275089427
465.886588658866,7.2339118633895
465.946594659466,7.21412097588472
466.006600660066,7.19443417875313
466.066606660666,7.17558956736812
466.126612661266,7.15674495598313
466.186618661866,7.13790034459812
466.246624662466,7.11905573321313
466.306630663066,7.10021112182811
466.366636663666,7.0813665104431
466.426642664266,7.06252189905811
466.486648664866,7.0436772876731
466.546654665467,7.02483267628811
466.606660666067,7.0059880649031
466.666666666667,6.98714345351809
466.726672667267,6.96829884213309
466.786678667867,6.94945423074808
466.846684668467,6.93060961936309
466.906690669067,6.91176500797808
466.966696669667,6.89292039659307
467.026702670267,6.87440502527185
467.086708670867,6.85630027919869
467.146714671467,6.83819553312555
467.206720672067,6.82009078705238
467.266726672667,6.80198604097922
467.326732673267,6.78388129490608
467.386738673867,6.76577654883292
467.446744674467,6.74767180275978
467.506750675068,6.72956705668661
467.566756675668,6.71146231061345
467.626762676268,6.69335756454031
467.686768676868,6.67525281846715
467.746774677468,6.657148072394
467.806780678068,6.63904332632084
467.866786678668,6.6209385802477
467.926792679268,6.60283383417454
467.986798679868,6.58472908810138
468.046804680468,6.56722822546611
468.106810681068,6.54989768892869
468.166816681668,6.53256715239128
468.226822682268,6.51523661585386
468.286828682868,6.49790607931643
468.346834683468,6.48057554277903
468.406840684068,6.4632450062416
468.466846684668,6.4459144697042
468.526852685269,6.42858393316677
468.586858685869,6.41125339662935
468.646864686469,6.39392286009194
468.706870687069,6.37659232355452
468.766876687669,6.35926178701711
468.826882688269,6.34193125047969
468.886888688869,6.32460071394226
468.946894689469,6.30727017740486
469.006900690069,6.29005265941303
469.066906690669,6.27370489283737
469.126912691269,6.2573571262617
469.186918691869,6.24100935968602
469.246924692469,6.22466159311036
469.306930693069,6.20831382653468
469.366936693669,6.19196605995902
469.426942694269,6.17561829338334
469.48694869487,6.15927052680766
469.54695469547,6.142922760232
469.60696069607,6.12657499365632
469.66696669667,6.11022722708066
469.72697269727,6.09387946050498
469.78697869787,6.07753169392931
469.84698469847,6.06118392735364
469.90699069907,6.04483616077797
469.96699669967,6.0284883942023
470.02700270027,6.01273675715078
470.08700870087,5.99771372285102
470.14701470147,5.98269068855125
470.20702070207,5.96766765425147
470.26702670267,5.95264461995171
470.32703270327,5.93762158565194
470.38703870387,5.92259855135218
470.44704470447,5.90757551705241
470.507050705071,5.89255248275263
470.567056705671,5.87752944845287
470.627062706271,5.8625064141531
470.687068706871,5.84748337985334
470.747074707471,5.83246034555356
470.807080708071,5.81743731125379
470.867086708671,5.80241427695403
470.927092709271,5.78739124265426
470.987098709871,5.7723682083545
471.047104710471,5.75871110012402
471.107110711071,5.74542809903355
471.167116711671,5.73214509794309
471.227122712271,5.71886209685261
471.287128712871,5.70557909576215
471.347134713471,5.69229609467167
471.407140714071,5.6790130935812
471.467146714671,5.66573009249074
471.527152715272,5.65244709140026
471.587158715872,5.6391640903098
471.647164716472,5.62588108921933
471.707170717072,5.61259808812887
471.767176717672,5.59931508703839
471.827182718272,5.58603208594792
471.887188718872,5.57274908485746
471.947194719472,5.55946608376698
472.007200720072,5.54643903620343
472.067206720672,5.53528898117051
472.127212721272,5.5241389261376
472.187218721872,5.5129888711047
472.247224722472,5.50183881607178
472.307230723072,5.49068876103888
472.367236723672,5.47953870600596
472.427242724272,5.46838865097305
472.487248724872,5.45723859594015
472.547254725473,5.44608854090723
472.607260726073,5.43493848587433
472.667266726673,5.42378843084142
472.727272727273,5.4126383758085
472.787278727873,5.4014883207756
472.847284728473,5.39033826574268
472.907290729073,5.37918821070978
472.967296729673,5.36803815567687
473.027302730273,5.35798484668844
473.087308730873,5.34924522252253
473.147314731473,5.34050559835662
473.207320732073,5.33176597419071
473.267326732673,5.3230263500248
473.327332733273,5.31428672585888
473.387338733873,5.30554710169297
473.447344734473,5.29680747752706
473.507350735073,5.28806785336115
473.567356735674,5.27932822919524
473.627362736274,5.27058860502933
473.687368736874,5.26184898086342
473.747374737474,5.2531093566975
473.807380738074,5.2443697325316
473.867386738674,5.23563010836568
473.927392739274,5.22689048419978
473.987398739874,5.21815086003386
474.047404740474,5.21141145782594
474.107410741074,5.20520376018913
474.167416741674,5.19899606255231
474.227422742274,5.1927883649155
474.287428742874,5.18658066727869
474.347434743474,5.18037296964187
474.407440744074,5.17416527200507
474.467446744674,5.16795757436825
474.527452745275,5.16174987673144
474.587458745875,5.15554217909463
474.647464746475,5.14933448145781
474.707470747075,5.143126783821
474.767476747675,5.13691908618419
474.827482748275,5.13071138854738
474.887488748875,5.12450369091056
474.947494749475,5.11829599327375
475.007500750075,5.1124026821093
475.067506750675,5.1087100762514
475.127512751275,5.10501747039349
475.187518751875,5.10132486453559
475.247524752475,5.09763225867768
475.307530753075,5.09393965281978
475.367536753675,5.09024704696187
475.427542754275,5.08655444110397
475.487548754875,5.08286183524606
475.547554755476,5.07916922938816
475.607560756076,5.07547662353025
475.667566756676,5.07178401767234
475.727572757276,5.06809141181444
475.787578757876,5.06439880595653
475.847584758476,5.06070620009863
475.907590759076,5.05701359424072
475.967596759676,5.05332098838282
476.027602760276,5.05073030456432
476.087608760876,5.04943318140079
476.147614761476,5.04813605823726
476.207620762076,5.04683893507373
476.267626762676,5.04554181191019
476.327632763276,5.04424468874666
476.387638763876,5.04294756558313
476.447644764476,5.04165044241959
476.507650765077,5.04035331925606
476.567656765677,5.03905619609253
476.627662766277,5.03775907292899
476.687668766877,5.03646194976546
476.747674767477,5.03516482660193
476.807680768077,5.03386770343839
476.867686768677,5.03257058027486
476.927692769277,5.03127345711133
476.987698769877,5.02997633394779
477.047704770477,5.03042340201828
477.107710771077,5.03132023009251
477.167716771677,5.03221705816673
477.227722772277,5.03311388624096
477.287728772877,5.03401071431519
477.347734773477,5.03490754238941
477.407740774077,5.03580437046364
477.467746774677,5.03670119853786
477.527752775278,5.03759802661209
477.587758775878,5.03849485468632
477.647764776478,5.03939168276054
477.707770777078,5.04028851083477
477.767776777678,5.04118533890899
477.827782778278,5.04208216698322
477.887788778878,5.04297899505745
477.947794779478,5.04387582313167
478.007800780078,5.04502360035681
478.067806780678,5.04785080651492
478.127812781278,5.05067801267304
478.187818781878,5.05350521883116
478.247824782478,5.05633242498927
478.307830783078,5.05915963114739
478.367836783678,5.06198683730551
478.427842784278,5.06481404346362
478.487848784879,5.06764124962174
478.547854785479,5.07046845577986
478.607860786079,5.07329566193798
478.667866786679,5.07612286809609
478.727872787279,5.07895007425421
478.787878787879,5.08177728041233
478.847884788479,5.08460448657044
478.907890789079,5.08743169272856
478.967896789679,5.09025889888668
479.027902790279,5.09385228002217
479.087908790879,5.09832717430367
479.147914791479,5.10280206858516
479.207920792079,5.10727696286666
479.267926792679,5.11175185714815
479.327932793279,5.11622675142965
479.387938793879,5.12070164571115
479.447944794479,5.12517653999265
479.50795079508,5.12965143427414
479.56795679568,5.13412632855564
479.62796279628,5.13860122283714
479.68796879688,5.14307611711863
479.74797479748,5.14755101140013
479.80798079808,5.15202590568163
479.86798679868,5.15650079996312
479.92799279928,5.16097569424462
479.98799879988,5.16545058852612
480.04800480048,5.17104033629375
480.10801080108,5.17690879743292
480.16801680168,5.18277725857208
480.22802280228,5.18864571971124
480.28802880288,5.19451418085041
480.34803480348,5.20038264198957
480.40804080408,5.20625110312874
480.46804680468,5.2121195642679
480.528052805281,5.21798802540706
480.588058805881,5.22385648654623
480.648064806481,5.22972494768539
480.708070807081,5.23559340882456
480.768076807681,5.24146186996372
480.828082808281,5.24733033110289
480.888088808881,5.25319879224205
480.948094809481,5.25906725338121
481.008100810081,5.26509554330185
481.068106810681,5.27214792134079
481.128112811281,5.27920029937974
481.188118811881,5.28625267741868
481.248124812481,5.29330505545763
481.308130813081,5.30035743349658
481.368136813681,5.30740981153552
481.428142814281,5.31446218957447
481.488148814881,5.32151456761342
481.548154815482,5.32856694565236
481.608160816082,5.33561932369131
481.668166816682,5.34267170173026
481.728172817282,5.34972407976921
481.788178817882,5.35677645780815
481.848184818482,5.3638288358471
481.908190819082,5.37088121388604
481.968196819682,5.37793359192499
482.028202820282,5.38545821910297
482.088208820882,5.39351538254412
482.148214821482,5.40157254598528
482.208220822082,5.40962970942642
482.268226822682,5.41768687286758
482.328232823282,5.42574403630873
482.388238823882,5.43380119974988
482.448244824482,5.44185836319104
482.508250825082,5.44991552663219
482.568256825683,5.45797269007334
482.628262826283,5.4660298535145
482.688268826883,5.47408701695564
482.748274827483,5.4821441803968
482.808280828083,5.49020134383795
482.868286828683,5.4982585072791
482.928292829283,5.50631567072026
482.988298829883,5.5143728341614
483.048304830483,5.52310912074589
483.108310831083,5.53200991542098
483.168316831683,5.54091071009608
483.228322832283,5.54981150477118
483.288328832883,5.55871229944628
483.348334833483,5.56761309412138
483.408340834083,5.57651388879648
483.468346834683,5.58541468347158
483.528352835283,5.59431547814668
483.588358835884,5.60321627282178
483.648364836484,5.61211706749688
483.708370837084,5.62101786217197
483.768376837684,5.62991865684708
483.828382838284,5.63881945152217
483.888388838884,5.64772024619727
483.948394839484,5.65662104087238
484.008400840084,5.66562057738382
484.068406840684,5.67522667088995
484.128412841284,5.68483276439608
484.188418841884,5.69443885790222
484.248424842484,5.70404495140836
484.308430843084,5.71365104491449
484.368436843684,5.72325713842062
484.428442844284,5.73286323192675
484.488448844884,5.74246932543289
484.548454845485,5.75207541893903
484.608460846085,5.76168151244516
484.668466846685,5.77128760595129
484.728472847285,5.78089369945742
484.788478847885,5.79049979296356
484.848484848485,5.8001058864697
484.908490849085,5.80971197997582
484.968496849685,5.81931807348196
485.028502850285,5.8292121362345
485.088508850885,5.8394244807857
485.148514851485,5.84963682533691
485.208520852085,5.85984916988811
485.268526852685,5.87006151443932
485.328532853285,5.88027385899051
485.388538853885,5.89048620354172
485.448544854485,5.90069854809292
485.508550855086,5.91091089264413
485.568556855686,5.92112323719533
485.628562856286,5.93133558174653
485.688568856886,5.94154792629774
485.748574857486,5.95176027084893
485.808580858086,5.96197261540014
485.868586858686,5.97218495995135
485.928592859286,5.98239730450255
485.988598859886,5.99260964905375
486.048604860486,6.00327459332769
486.108610861086,6.01404570296869
486.168616861686,6.0248168126097
486.228622862286,6.03558792225069
486.288628862886,6.0463590318917
486.348634863486,6.05713014153269
486.408640864086,6.0679012511737
486.468646864686,6.0786723608147
486.528652865287,6.0894434704557
486.588658865887,6.1002145800967
486.648664866487,6.1109856897377
486.708670867087,6.1217567993787
486.768676867687,6.13252790901971
486.828682868287,6.1432990186607
486.888688868887,6.15407012830171
486.948694869487,6.1648412379427
487.008700870087,6.17569225530229
487.068706870687,6.18701445265764
487.128712871287,6.198336650013
487.188718871887,6.20965884736836
487.248724872487,6.22098104472372
487.308730873087,6.23230324207908
487.368736873687,6.24362543943443
487.428742874287,6.25494763678979
487.488748874888,6.26626983414515
487.548754875488,6.27759203150051
487.608760876088,6.28891422885587
487.668766876688,6.30023642621122
487.728772877288,6.31155862356658
487.788778877888,6.32288082092194
487.848784878488,6.3342030182773
487.908790879088,6.34552521563266
487.968796879688,6.35684741298801
488.028802880288,6.36843213834048
488.088808880888,6.38030126902315
488.148814881488,6.39217039970582
488.208820882088,6.40403953038849
488.268826882688,6.41590866107115
488.328832883288,6.42777779175382
488.388838883888,6.4396469224365
488.448844884488,6.45151605311916
488.508850885089,6.46338518380183
488.568856885689,6.47525431448449
488.628862886289,6.48712344516717
488.688868886889,6.49899257584984
488.748874887489,6.5108617065325
488.808880888089,6.52273083721517
488.868886888689,6.53459996789784
488.928892889289,6.54646909858051
488.988898889889,6.55833822926318
489.048904890489,6.57062784015511
489.108910891089,6.58301289747492
489.168916891689,6.59539795479471
489.228922892289,6.60778301211452
489.288928892889,6.62016806943432
489.348934893489,6.63255312675412
489.408940894089,6.64493818407393
489.468946894689,6.65732324139373
489.52895289529,6.66970829871354
489.58895889589,6.68209335603333
489.64896489649,6.69447841335314
489.70897089709,6.70686347067295
489.76897689769,6.71924852799274
489.82898289829,6.73163358531255
489.88898889889,6.74401864263235
489.94899489949,6.75640369995216
490.00900090009,6.76885698885132
490.06900690069,6.7816969233668
490.12901290129,6.7945368578823
490.18901890189,6.80737679239778
490.24902490249,6.82021672691328
490.30903090309,6.83305666142877
490.36903690369,6.84589659594426
490.42904290429,6.85873653045975
490.48904890489,6.87157646497524
490.549054905491,6.88441639949073
490.609060906091,6.89725633400623
490.669066906691,6.91009626852171
490.729072907291,6.92293620303721
490.789078907891,6.93577613755269
490.849084908491,6.94861607206819
490.909090909091,6.96145600658367
490.969096909691,6.97429594109917
491.029102910291,6.9873154831742
491.089108910891,7.00052574255471
491.149114911491,7.01373600193523
491.209120912091,7.02694626131573
491.269126912691,7.04015652069625
491.329132913291,7.05336678007677
491.389138913891,7.06657703945728
491.449144914491,7.0797872988378
491.509150915091,7.0929975582183
491.569156915692,7.10620781759882
491.629162916292,7.11941807697934
491.689168916892,7.13262833635985
491.749174917492,7.14583859574036
491.809180918092,7.15904885512087
491.869186918692,7.17225911450139
491.929192919292,7.18546937388191
491.989198919892,7.19867963326241
492.049204920492,7.21210277120787
492.109210921092,7.2255726385944
492.169216921692,7.23904250598095
492.229222922292,7.25251237336749
492.289228922892,7.26598224075402
492.349234923492,7.27945210814056
492.409240924092,7.29292197552709
492.469246924692,7.30639184291363
492.529252925293,7.31986171030018
492.589258925893,7.33333157768671
492.649264926493,7.34680144507325
492.709270927093,7.36027131245978
492.769276927693,7.37374117984632
492.829282928293,7.38721104723287
492.889288928893,7.4006809146194
492.949294929493,7.41415078200594
493.009300930093,7.42763985899753
493.069306930693,7.44123365931994
493.129312931293,7.45482745964233
493.189318931893,7.46842125996474
493.249324932493,7.48201506028715
493.309330933093,7.49560886060954
493.369336933693,7.50920266093195
493.429342934293,7.52279646125434
493.489348934893,7.53639026157675
493.549354935494,7.54998406189916
493.609360936094,7.56357786222156
493.669366936694,7.57717166254396
493.729372937294,7.59076546286636
493.789378937894,7.60435926318877
493.849384938494,7.61795306351117
493.909390939094,7.63154686383357
493.969396939694,7.64514066415598
494.029402940294,7.65872573997621
494.089408940894,7.67230173519218
494.149414941494,7.68587773040814
494.209420942094,7.69945372562409
494.269426942694,7.71302972084005
494.329432943294,7.726605716056
494.389438943894,7.74018171127197
494.449444944494,7.75375770648793
494.509450945094,7.76733370170388
494.569456945695,7.78090969691984
494.629462946295,7.79448569213579
494.689468946895,7.80806168735176
494.749474947495,7.82163768256771
494.809480948095,7.83521367778367
494.869486948695,7.84878967299963
494.929492949295,7.86236566821558
494.989498949895,7.87594166343155
495.049504950495,7.88939788852941
495.109510951095,7.90282870784467
495.169516951695,7.91625952715992
495.229522952295,7.92969034647516
495.289528952895,7.94312116579041
495.349534953495,7.95655198510565
495.409540954095,7.96998280442091
495.469546954695,7.98341362373616
495.529552955296,7.9968444430514
495.589558955896,8.01027526236665
495.649564956496,8.02370608168189
495.709570957096,8.03713690099715
495.769576957696,8.0505677203124
495.829582958296,8.06399853962764
495.889588958896,8.0774293589429
495.949594959496,8.09086017825814
496.009600960096,8.10425039645932
496.069606960696,8.11742745881161
496.129612961296,8.13060452116389
496.189618961896,8.14378158351618
496.249624962496,8.15695864586847
496.309630963096,8.17013570822076
496.369636963696,8.18331277057305
496.429642964296,8.19648983292533
496.489648964897,8.20966689527763
496.549654965497,8.22284395762991
496.609660966097,8.2360210199822
496.669666966697,8.2491980823345
496.729672967297,8.26237514468678
496.789678967897,8.27555220703907
496.849684968497,8.28872926939135
496.909690969097,8.30190633174365
496.969696969697,8.31508339409593
497.029702970297,8.32809078286803
497.089708970897,8.34092507031083
497.149714971497,8.35375935775363
497.209720972097,8.36659364519644
497.269726972697,8.37942793263923
497.329732973297,8.39226222008204
497.389738973897,8.40509650752485
497.449744974497,8.41793079496764
497.509750975098,8.43076508241045
497.569756975698,8.44359936985324
497.629762976298,8.45643365729605
497.689768976898,8.46926794473886
497.749774977498,8.48210223218165
497.809780978098,8.49493651962446
497.869786978698,8.50777080706725
497.929792979298,8.52060509451006
497.989798979898,8.53343938195287
498.049804980498,8.54594188002186
498.109810981098,8.55837642123117
498.169816981698,8.57081096244047
498.229822982298,8.58324550364978
498.289828982898,8.59568004485909
498.349834983498,8.60811458606839
498.409840984098,8.6205491272777
498.469846984698,8.632983668487
498.529852985299,8.64541820969631
498.589858985899,8.65785275090561
498.649864986499,8.67028729211492
498.709870987099,8.68272183332423
498.769876987699,8.69515637453353
498.829882988299,8.70759091574284
498.889888988899,8.72002545695214
498.949894989499,8.73245999816145
499.009900990099,8.74482541616479
499.069906990699,8.75684102885308
499.129912991299,8.76885664154138
499.189918991899,8.78087225422967
499.249924992499,8.79288786691797
499.309930993099,8.80490347960627
499.369936993699,8.81691909229455
499.429942994299,8.82893470498285
499.489948994899,8.84095031767114
499.5499549955,8.85296593035944
499.6099609961,8.86498154304774
499.6699669967,8.87699715573603
499.7299729973,8.88901276842433
499.7899789979,8.90102838111261
499.8499849985,8.91304399380091
499.9099909991,8.92505960648921
499.9699969997,8.9370752191775
500.0300030003,8.94887733902085
500.0900090009,8.96046596601923
500.1500150015,8.97205459301762
500.2100210021,8.98364322001601
500.2700270027,8.9952318470144
500.3300330033,9.00682047401279
500.3900390039,9.01840910101117
500.4500450045,9.02999772800956
500.510051005101,9.04158635500796
500.570057005701,9.05317498200634
500.630063006301,9.06476360900473
500.690069006901,9.07635223600311
500.750075007501,9.0879408630015
500.810081008101,9.09952948999989
500.870087008701,9.11111811699828
500.930093009301,9.12270674399667
500.990099009901,9.13429537099505
501.050105010501,9.14549756652986
501.110111011101,9.15662340135628
501.170117011701,9.16774923618271
501.230123012301,9.17887507100914
501.290129012901,9.19000090583556
501.350135013501,9.20112674066199
501.410141014101,9.21225257548841
501.470147014701,9.22337841031484
501.530153015302,9.23450424514127
501.590159015902,9.24563007996769
501.650165016502,9.25675591479412
501.710171017102,9.26788174962055
501.770177017702,9.27900758444698
501.830183018302,9.29013341927341
501.890189018902,9.30125925409983
501.950195019502,9.31238508892626
502.010201020102,9.32342153380236
502.070207020702,9.33402154539163
502.130213021302,9.34462155698089
502.190219021902,9.35522156857014
502.250225022502,9.36582158015941
502.310231023102,9.37642159174866
502.370237023702,9.38702160333792
502.430243024302,9.39762161492718
502.490249024902,9.40822162651644
502.550255025503,9.4188216381057
502.610261026103,9.42942164969496
502.670267026703,9.44002166128422
502.730273027303,9.45062167287347
502.790279027903,9.46122168446274
502.850285028503,9.471821696052
502.910291029103,9.48242170764125
502.970297029703,9.49302171923052
503.030303030303,9.50333620961869
503.090309030903,9.51337083269096
503.150315031503,9.52340545576323
503.210321032103,9.53344007883549
503.270327032703,9.54347470190777
503.330333033303,9.55350932498003
503.390339033903,9.5635439480523
503.450345034503,9.57357857112457
503.510351035103,9.58361319419683
503.570357035704,9.5936478172691
503.630363036304,9.60368244034136
503.690369036904,9.61371706341363
503.750375037504,9.6237516864859
503.810381038104,9.63378630955816
503.870387038704,9.64382093263043
503.930393039304,9.6538555557027
503.990399039904,9.66389017877497
504.050405040504,9.67347568565131
504.110411041104,9.68297564658556
504.170417041704,9.69247560751982
504.230423042304,9.70197556845406
504.290429042904,9.71147552938832
504.350435043504,9.72097549032258
504.410441044104,9.73047545125683
504.470447044704,9.73997541219109
504.530453045305,9.74947537312534
504.590459045905,9.75897533405959
504.650465046505,9.76847529499384
504.710471047105,9.7779752559281
504.770477047705,9.78747521686236
504.830483048305,9.79697517779661
504.890489048905,9.80647513873087
504.950495049505,9.81597509966512
505.010501050105,9.82539690856697
505.070507050705,9.83445028645894
505.130513051305,9.84350366435089
505.190519051905,9.85255704224286
505.250525052505,9.86161042013481
505.310531053105,9.87066379802678
505.370537053705,9.87971717591875
505.430543054305,9.8887705538107
505.490549054906,9.89782393170267
505.550555055506,9.90687730959462
505.610561056106,9.91593068748659
505.670567056706,9.92498406537855
505.730573057306,9.93403744327051
505.790579057906,9.94309082116247
505.850585058506,9.95214419905443
505.910591059106,9.9611975769464
505.970597059706,9.97025095483836
506.030603060306,9.9791178445821
506.090609060906,9.98780555943834
506.150615061506,9.99649327429457
506.210621062106,10.0051809891508
506.270627062706,10.013868704007
506.330633063306,10.0225564188633
506.390639063906,10.0312441337195
506.450645064506,10.0399318485758
506.510651065107,10.048619563432
506.570657065707,10.0573072782882
506.630663066307,10.0659949931445
506.690669066907,10.0746827080007
506.750675067507,10.0833704228569
506.810681068107,10.0920581377132
506.870687068707,10.1007458525694
506.930693069307,10.1094335674256
506.990699069907,10.1181212822819
507.050705070507,10.1265157635638
507.110711071107,10.1348564564387
507.170717071707,10.1431971493135
507.230723072307,10.1515378421884
507.290729072907,10.1598785350632
507.350735073507,10.1682192279381
507.410741074107,10.1765599208129
507.470747074707,10.1849006136878
507.530753075308,10.1932413065626
507.590759075908,10.2015819994375
507.650765076508,10.2099226923123
507.710771077108,10.2182633851871
507.770777077708,10.226604078062
507.830783078308,10.2349447709368
507.890789078908,10.2432854638117
507.950795079508,10.2516261566865
508.010801080108,10.2598973015152
508.070807080708,10.267851616356
508.130813081308,10.2758059311967
508.190819081908,10.2837602460374
508.250825082508,10.2917145608782
508.310831083108,10.2996688757189
508.370837083708,10.3076231905597
508.430843084308,10.3155775054004
508.490849084908,10.3235318202411
508.550855085509,10.3314861350819
508.610861086109,10.3394404499226
508.670867086709,10.3473947647633
508.730873087309,10.3553490796041
508.790879087909,10.3633033944448
508.850885088509,10.3712577092856
508.910891089109,10.3792120241263
508.970897089709,10.387166338967
509.030903090309,10.394901496496
509.090909090909,10.4024302631585
509.150915091509,10.4099590298211
509.210921092109,10.4174877964836
509.270927092709,10.4250165631461
509.330933093309,10.4325453298087
509.390939093909,10.4400740964712
509.450945094509,10.4476028631337
509.51095109511,10.4551316297963
509.57095709571,10.4626603964588
509.63096309631,10.4701891631213
509.69096909691,10.4777179297839
509.75097509751,10.4852466964464
509.81098109811,10.4927754631089
509.87098709871,10.5003042297715
509.93099309931,10.507832996434
509.99099909991,10.5153617630965
510.05100510051,10.5225435202689
510.11101110111,10.5296640404724
510.17101710171,10.5367845606759
510.23102310231,10.5439050808794
510.29102910291,10.551025601083
510.35103510351,10.5581461212865
510.41104110411,10.56526664149
510.47104710471,10.5723871616935
510.531053105311,10.579507681897
510.591059105911,10.5866282021005
510.651065106511,10.5937487223041
510.711071107111,10.6008692425076
510.771077107711,10.6079897627111
510.831083108311,10.6151102829146
510.891089108911,10.6222308031181
510.951095109511,10.6293513233216
511.011101110111,10.636409616424
511.071107110711,10.6431937739188
511.131113111311,10.6499779314135
511.191119111911,10.6567620889082
511.251125112511,10.663546246403
511.311131113111,10.6703304038977
511.371137113711,10.6771145613924
511.431143114311,10.6838987188871
511.491149114911,10.6906828763819
511.551155115512,10.6974670338766
511.611161116112,10.7042511913713
511.671167116712,10.7110353488661
511.731173117312,10.7178195063608
511.791179117912,10.7246036638555
511.851185118512,10.7313878213503
511.911191119112,10.738171978845
511.971197119712,10.7449561363397
512.031203120312,10.7516013778292
512.091209120912,10.7581183891598
512.151215121512,10.7646354004905
512.211221122112,10.7711524118212
512.271227122712,10.7776694231519
512.331233123312,10.7841864344825
512.391239123912,10.7907034458132
512.451245124513,10.7972204571439
512.511251125112,10.8037374684745
512.571257125713,10.8102544798052
512.631263126313,10.8167714911359
512.691269126913,10.8232885024666
512.751275127513,10.8298055137973
512.811281128113,10.8363225251279
512.871287128713,10.8428395364586
512.931293129313,10.8493565477893
512.991299129913,10.8558735591199
513.051305130513,10.8621759199349
513.111311131113,10.8684418780307
513.171317131713,10.8747078361266
513.231323132313,10.8809737942224
513.291329132913,10.8872397523183
513.351335133513,10.8935057104141
513.411341134113,10.89977166851
513.471347134713,10.9060376266058
513.531353135314,10.9123035847017
513.591359135914,10.9185695427975
513.651365136514,10.9248355008934
513.711371137114,10.9311014589892
513.771377137714,10.9373674170851
513.831383138314,10.943633375181
513.891389138914,10.9498993332768
513.951395139514,10.9561652913727
514.011401140114,10.9623779257851
514.071407140714,10.9683632329159
514.131413141314,10.9743485400466
514.191419141914,10.9803338471773
514.251425142514,10.986319154308
514.311431143114,10.9923044614388
514.371437143714,10.9982897685695
514.431443144314,11.0042750757002
514.491449144914,11.0102603828309
514.551455145515,11.0162456899616
514.611461146115,11.0222309970924
514.671467146715,11.0282163042231
514.731473147315,11.0342016113538
514.791479147915,11.0401869184845
514.851485148515,11.0461722256153
514.911491149115,11.052157532746
514.971497149715,11.0581428398767
515.031503150315,11.0639701194993
515.091509150915,11.0696544218525
515.151515151515,11.0753387242058
515.211521152115,11.081023026559
515.271527152715,11.0867073289123
515.331533153315,11.0923916312655
515.391539153915,11.0980759336188
515.451545154515,11.103760235972
515.511551155116,11.1094445383253
515.571557155716,11.1151288406786
515.631563156316,11.1208131430318
515.691569156916,11.1264974453851
515.751575157516,11.1321817477383
515.811581158116,11.1378660500916
515.871587158716,11.1435503524448
515.931593159316,11.1492346547981
515.991599159916,11.1549189571513
516.051605160516,11.1603799341514
516.111611161116,11.1658045558614
516.171617161716,11.1712291775714
516.231623162316,11.1766537992814
516.291629162916,11.1820784209914
516.351635163516,11.1875030427014
516.411641164116,11.1929276644114
516.471647164716,11.1983522861214
516.531653165317,11.2037769078314
516.591659165917,11.2092015295414
516.651665166517,11.2146261512514
516.711671167117,11.2200507729614
516.771677167717,11.2254753946714
516.831683168317,11.2309000163814
516.891689168917,11.2363246380914
516.951695169517,11.2417492598014
517.011701170117,11.2471440410259
517.071707170717,11.2524156346048
517.131713171317,11.2576872281837
517.191719171917,11.2629588217626
517.251725172517,11.2682304153415
517.311731173117,11.2735020089205
517.371737173717,11.2787736024994
517.431743174317,11.2840451960783
517.491749174917,11.2893167896572
517.551755175518,11.2945883832361
517.611761176118,11.299859976815
517.671767176718,11.3051315703939
517.731773177318,11.3104031639729
517.791779177918,11.3156747575518
517.851785178518,11.3209463511307
517.911791179118,11.3262179447096
517.971797179718,11.3314895382885
518.031803180318,11.3367407663439
518.091809180918,11.3419739344066
518.151815181518,11.3472071024693
518.211821182118,11.3524402705321
518.271827182718,11.3576734385948
518.331833183318,11.3629066066576
518.391839183918,11.3681397747203
518.451845184518,11.373372942783
518.511851185119,11.3786061108458
518.571857185718,11.3838392789085
518.631863186319,11.3890724469713
518.691869186919,11.394305615034
518.751875187519,11.3995387830968
518.811881188119,11.4047719511595
518.871887188719,11.4100051192222
518.931893189319,11.415238287285
518.991899189919,11.4204714553477
519.051905190519,11.4257118227668
519.111911191119,11.4309533137849
519.171917191719,11.4361948048029
519.231923192319,11.441436295821
519.291929192919,11.4466777868391
519.351935193519,11.4519192778571
519.411941194119,11.4571607688752
519.471947194719,11.4624022598933
519.53195319532,11.4676437509113
519.59195919592,11.4728852419294
519.65196519652,11.4781267329474
519.71197119712,11.4833682239655
519.77197719772,11.4886097149836
519.83198319832,11.4938512060016
519.89198919892,11.4990926970197
519.95199519952,11.5043341880378
520.01200120012,11.5095690767089
520.07200720072,11.5147775559925
520.13201320132,11.5199860352761
520.19201920192,11.5251945145597
520.25202520252,11.5304029938432
520.31203120312,11.5356114731268
520.37203720372,11.5408199524104
520.432043204321,11.546028431694
520.49204920492,11.5512369109776
520.552055205521,11.5564453902612
520.612061206121,11.5616538695447
520.672067206721,11.5668623488283
520.732073207321,11.5720708281119
520.792079207921,11.5772793073955
520.852085208521,11.5824877866791
520.912091209121,11.5876962659627
520.972097209721,11.5929047452462
521.032103210321,11.5980606764516
521.092109210921,11.6031709350281
521.152115211521,11.6082811936047
521.212121212121,11.6133914521812
521.272127212721,11.6185017107577
521.332133213321,11.6236119693343
521.392139213921,11.6287222279109
521.452145214521,11.6338324864874
521.512151215122,11.638942745064
521.572157215722,11.6440530036405
521.632163216322,11.649163262217
521.692169216922,11.6542735207936
521.752175217522,11.6593837793702
521.812181218122,11.6644940379467
521.872187218722,11.6696042965232
521.932193219322,11.6747145550998
521.992199219922,11.6798248136763
522.052205220522,11.6848496123427
522.112211221122,11.6898616411374
522.172217221722,11.6948736699321
522.232223222322,11.6998856987267
522.292229222922,11.7048977275214
522.352235223522,11.7099097563161
522.412241224122,11.7149217851108
522.472247224722,11.7199338139055
522.532253225323,11.7249458427002
522.592259225923,11.7299578714949
522.652265226523,11.7349699002896
522.712271227123,11.7399819290843
522.772277227723,11.744993957879
522.832283228323,11.7500059866736
522.892289228923,11.7550180154683
522.952295229523,11.760030044263
523.012301230123,11.7650398221001
523.072307230723,11.7700408706139
523.132313231323,11.7750419191277
523.192319231923,11.7800429676415
523.252325232523,11.7850440161552
523.312331233123,11.790045064669
523.372337233723,11.7950461131828
523.432343234323,11.8000471616966
523.492349234923,11.8050482102103
523.552355235524,11.8100492587241
523.612361236124,11.8150503072379
523.672367236724,11.8200513557517
523.732373237324,11.8250524042655
523.792379237924,11.8300534527792
523.852385238524,11.835054501293
523.912391239124,11.8400555498068
523.972397239724,11.8450565983206
524.032403240324,11.8501078555174
524.092409240924,11.8552018830739
524.152415241524,11.8602959106304
524.212421242124,11.8653899381869
524.272427242724,11.8704839657434
524.332433243324,11.8755779932999
524.392439243924,11.8806720208563
524.452445244524,11.8857660484128
524.512451245125,11.8908600759693
524.572457245725,11.8959541035258
524.632463246325,11.9010481310823
524.692469246925,11.9061421586388
524.752475247525,11.9112361861953
524.812481248125,11.9163302137518
524.872487248725,11.9214242413083
524.932493249325,11.9265182688647
524.992499249925,11.9316122964212
525.052505250525,11.9368138280447
525.112511251125,11.942030717392
525.172517251725,11.9472476067393
525.232523252325,11.9524644960866
525.292529252925,11.957681385434
525.352535253525,11.9628982747813
525.412541254125,11.9681151641286
525.472547254725,11.9733320534759
525.532553255326,11.9785489428232
525.592559255926,11.9837658321705
525.652565256526,11.9889827215178
525.712571257126,11.9941996108652
525.772577257726,11.9994165002125
525.832583258326,12.0046333895598
525.892589258926,12.0098502789071
525.952595259526,12.0150671682544
526.012601260126,12.0202972968376
526.072607260726,12.0255772301654
526.132613261326,12.0308571634932
526.192619261926,12.036137096821
526.252625262526,12.0414170301488
526.312631263126,12.0466969634766
526.372637263726,12.0519768968044
526.432643264326,12.0572568301322
526.492649264927,12.06253676346
526.552655265526,12.0678166967878
526.612661266127,12.0730966301156
526.672667266727,12.0783765634434
526.732673267327,12.0836564967712
526.792679267927,12.088936430099
526.852685268527,12.0942163634268
526.912691269127,12.0994962967546
526.972697269727,12.1047762300824
527.032703270327,12.1100491935199
527.092709270927,12.1153163380584
527.152715271527,12.1205834825968
527.212721272127,12.1258506271352
527.272727272727,12.1311177716736
527.332733273327,12.136384916212
527.392739273927,12.1416520607504
527.452745274527,12.1469192052888
527.512751275128,12.1521863498273
527.572757275728,12.1574534943657
527.632763276328,12.1627206389041
527.692769276928,12.1679877834425
527.752775277528,12.1732549279809
527.812781278128,12.1785220725193
527.872787278728,12.1837892170578
527.932793279328,12.1890563615962
527.992799279928,12.1943235061346
528.052805280528,12.1995701986867
528.112811281128,12.2048141023315
528.172817281728,12.2100580059763
528.232823282328,12.2153019096212
528.292829282928,12.220545813266
528.352835283528,12.2257897169108
528.412841284128,12.2310336205557
528.472847284728,12.2362775242005
528.532853285329,12.2415214278453
528.592859285929,12.2467653314902
528.652865286529,12.252009235135
528.712871287129,12.2572531387799
528.772877287729,12.2624970424247
528.832883288329,12.2677409460695
528.892889288929,12.2729848497144
528.952895289529,12.2782287533592
529.012901290129,12.2834806145245
529.072907290729,12.2887615298926
529.132913291329,12.2940424452608
529.192919291929,12.2993233606289
529.252925292529,12.304604275997
529.312931293129,12.3098851913651
529.372937293729,12.3151661067332
529.432943294329,12.3204470221013
529.49294929493,12.3257279374694
529.55295529553,12.3310088528375
529.61296129613,12.3362897682056
529.67296729673,12.3415706835737
529.73297329733,12.3468515989418
529.79297929793,12.3521325143099
529.85298529853,12.357413429678
529.91299129913,12.3626943450461
529.97299729973,12.3679752604143
530.03300330033,12.3733127116489
530.09300930093,12.3786964195017
530.15301530153,12.3840801273545
530.21302130213,12.3894638352073
530.27302730273,12.3948475430601
530.33303330333,12.4002312509129
530.39303930393,12.4056149587657
530.45304530453,12.4109986666184
530.51305130513,12.4163823744712
530.573057305731,12.421766082324
530.633063306331,12.4271497901768
530.693069306931,12.4325334980296
530.753075307531,12.4379172058824
530.813081308131,12.4433009137352
530.873087308731,12.448684621588
530.933093309331,12.4540683294407
530.993099309931,12.4594520372935
531.053105310531,12.4649395534735
531.113111311131,12.4704405588712
531.173117311731,12.4759415642689
531.233123312331,12.4814425696666
531.293129312931,12.4869435750642
531.353135313531,12.4924445804619
531.413141314131,12.4979455858596
531.473147314731,12.5034465912572
531.533153315331,12.5089475966549
531.593159315932,12.5144486020526
531.653165316532,12.5199496074503
531.713171317132,12.5254506128479
531.773177317732,12.5309516182456
531.833183318332,12.5364526236433
531.893189318932,12.5419536290409
531.953195319532,12.5474546344386
532.013201320132,12.5529740819359
532.073207320732,12.5585589150591
532.133213321332,12.5641437481822
532.193219321932,12.5697285813054
532.253225322532,12.5753134144285
532.313231323132,12.5808982475517
532.373237323732,12.5864830806749
532.433243324332,12.592067913798
532.493249324933,12.5976527469212
532.553255325533,12.6032375800444
532.613261326133,12.6088224131675
532.673267326733,12.6144072462907
532.733273327333,12.6199920794138
532.793279327933,12.625576912537
532.853285328533,12.6311617456602
532.913291329133,12.6367465787833
532.973297329733,12.6423314119065
533.033303330333,12.64793732786
533.093309330933,12.6535601480649
533.153315331533,12.6591829682698
533.213321332133,12.6648057884747
533.273327332733,12.6704286086796
533.333333333333,12.6760514288845
533.393339333933,12.6816742490894
533.453345334533,12.6872970692943
533.513351335134,12.6929198894992
533.573357335734,12.6985427097041
533.633363336334,12.704165529909
533.693369336934,12.7097883501139
533.753375337534,12.7154111703188
533.813381338134,12.7210339905237
533.873387338734,12.7266568107286
533.933393339334,12.7322796309335
533.993399339934,12.7379024511384
534.053405340534,12.7435291544534
534.113411341134,12.7491563377034
534.173417341734,12.7547835209534
534.233423342334,12.7604107042034
534.293429342934,12.7660378874534
534.353435343534,12.7716650707034
534.413441344134,12.7772922539534
534.473447344734,12.7829194372034
534.533453345334,12.7885466204534
534.593459345935,12.7941738037034
534.653465346535,12.7998009869534
534.713471347135,12.8054281702034
534.773477347735,12.8110553534534
534.833483348335,12.8166825367034
534.893489348935,12.8223097199534
534.953495349535,12.8279369032034
535.013501350135,12.8335641613245
535.073507350735,12.8391916773352
535.133513351335,12.8448191933459
535.193519351935,12.8504467093566
535.253525352535,12.8560742253673
535.313531353135,12.861701741378
535.373537353735,12.8673292573887
535.433543354335,12.8729567733994
535.493549354936,12.8785842894101
535.553555355536,12.8842118054207
535.613561356136,12.8898393214314
535.673567356736,12.8954668374421
535.733573357336,12.9010943534528
535.793579357936,12.9067218694635
535.853585358536,12.9123493854742
535.913591359136,12.9179769014849
535.973597359736,12.9236044174956
536.033603360336,12.9292545576488
536.093609360936,12.934922473914
536.153615361536,12.9405903901792
536.213621362136,12.9462583064444
536.273627362736,12.9519262227096
536.333633363336,12.9575941389748
536.393639363936,12.96326205524
536.453645364536,12.9689299715052
536.513651365137,12.9745978877704
536.573657365737,12.9802658040356
536.633663366337,12.9859337203008
536.693669366937,12.991601636566
536.753675367537,12.9972695528312
536.813681368137,13.0029374690964
536.873687368737,13.0086053853616
536.933693369337,13.0142733016268
536.993699369937,13.019941217892
537.053705370537,13.0256996685423
537.113711371137,13.031468740545
537.173717371737,13.0372378125478
537.233723372337,13.0430068845505
537.293729372937,13.0487759565533
537.353735373537,13.054545028556
537.413741374137,13.0603141005588
537.473747374738,13.0660831725615
537.533753375337,13.0718522445643
537.593759375938,13.0776213165671
537.653765376538,13.0833903885698
537.713771377138,13.0891594605726
537.773777377738,13.0949285325753
537.833783378338,13.1006976045781
537.893789378938,13.1064666765808
537.953795379538,13.1122357485836
538.013801380138,13.118032020703
538.073807380738,13.1239193540827
538.133813381338,13.1298066874623
538.193819381938,13.135694020842
538.253825382538,13.1415813542217
538.313831383138,13.1474686876013
538.373837383738,13.153356020981
538.433843384338,13.1592433543606
538.493849384938,13.1651306877403
538.553855385539,13.1710180211199
538.613861386139,13.1769053544996
538.673867386739,13.1827926878793
538.733873387339,13.1886800212589
538.793879387939,13.1945673546386
538.853885388539,13.2004546880182
538.913891389139,13.2063420213979
538.973897389739,13.2122293547776
539.033903390339,13.218148572265
539.093909390939,13.2240923376939
539.153915391539,13.2300361031228
539.213921392139,13.2359798685517
539.273927392739,13.2419236339805
539.333933393339,13.2478673994094
539.393939393939,13.2538111648383
539.453945394539,13.2597549302672
539.513951395139,13.2656986956961
539.57395739574,13.271642461125
539.63396339634,13.2775862265538
539.69396939694,13.2835299919827
539.75397539754,13.2894737574116
539.81398139814,13.2954175228405
539.87398739874,13.3013612882694
539.93399339934,13.3073050536982
539.99399939994,13.3132488191271
540.05400540054,13.3191559761512
540.11401140114,13.3250590655748
540.17401740174,13.3309621549984
540.23402340234,13.336865244422
540.29402940294,13.3427683338456
540.35403540354,13.3486714232692
540.41404140414,13.3545745126928
540.474047404741,13.3604776021164
540.534053405341,13.36638069154
540.594059405941,13.3722837809636
540.654065406541,13.3781868703872
540.714071407141,13.3840899598108
540.774077407741,13.3899930492344
540.834083408341,13.395896138658
540.894089408941,13.4017992280816
540.954095409541,13.4077023175052
541.014101410141,13.4135829042184
541.074107410741,13.419390237428
541.134113411341,13.4251975706376
541.194119411941,13.4310049038472
541.254125412541,13.4368122370568
541.314131413141,13.4426195702664
541.374137413741,13.448426903476
541.434143414341,13.4542342366855
541.494149414941,13.4600415698951
541.554155415542,13.4658489031047
541.614161416142,13.4716562363143
541.674167416742,13.4774635695239
541.734173417342,13.4832709027334
541.794179417942,13.489078235943
541.854185418542,13.4948855691526
541.914191419142,13.5006929023622
541.974197419742,13.5065002355718
542.034203420342,13.5122635857467
542.094209420942,13.5179937557376
542.154215421542,13.5237239257285
542.214221422142,13.5294540957194
542.274227422742,13.5351842657103
542.334233423342,13.5409144357012
542.394239423942,13.5466446056921
542.454245424542,13.552374775683
542.514251425142,13.5581049456739
542.574257425743,13.5638351156648
542.634263426343,13.5695652856557
542.694269426943,13.5752954556466
542.754275427543,13.5810256256376
542.814281428143,13.5867557956284
542.874287428743,13.5924859656194
542.934293429343,13.5982161356103
542.994299429943,13.6039463056012
543.054305430543,13.6096569944631
543.114311431143,13.6153656383446
543.174317431743,13.6210742822261
543.234323432343,13.6267829261076
543.294329432943,13.6324915699891
543.354335433543,13.6382002138706
543.414341434143,13.6439088577521
543.474347434744,13.6496175016337
543.534353435344,13.6553261455152
543.594359435944,13.6610347893967
543.654365436544,13.6667434332782
543.714371437144,13.6724520771597
543.774377437744,13.6781607210412
543.834383438344,13.6838693649227
543.894389438944,13.6895780088042
543.954395439544,13.6952866526858
544.014401440144,13.7009971933027
544.074407440744,13.7067137402483
544.134413441344,13.712430287194
544.194419441944,13.7181468341396
544.254425442544,13.7238633810853
544.314431443144,13.7295799280309
544.374437443744,13.7352964749766
544.434443444344,13.7410130219223
544.494449444945,13.7467295688679
544.554455445545,13.7524461158136
544.614461446145,13.7581626627592
544.674467446745,13.7638792097049
544.734473447345,13.7695957566506
544.794479447945,13.7753123035962
544.854485448545,13.7810288505419
544.914491449145,13.7867453974875
544.974497449745,13.7924619444332
545.034503450345,13.7981668466654
545.094509450945,13.8038631419354
545.154515451545,13.8095594372054
545.214521452145,13.8152557324754
545.274527452745,13.8209520277454
545.334533453345,13.8266483230154
545.394539453945,13.8323446182854
545.454545454545,13.8380409135554
545.514551455145,13.8437372088254
545.574557455746,13.8494335040954
545.634563456346,13.8551297993654
545.694569456946,13.8608260946354
545.754575457546,13.8665223899054
545.814581458146,13.8722186851754
545.874587458746,13.8779149804454
545.934593459346,13.8836112757154
545.994599459946,13.8893075709854
546.054605460546,13.8949335520882
546.114611461146,13.9005525790426
546.174617461746,13.9061716059971
546.234623462346,13.9117906329515
546.294629462946,13.9174096599059
546.354635463546,13.9230286868604
546.414641464146,13.9286477138148
546.474647464746,13.9342667407692
546.534653465347,13.9398857677236
546.594659465947,13.9455047946781
546.654665466547,13.9511238216325
546.714671467147,13.9567428485869
546.774677467747,13.9623618755413
546.834683468347,13.9679809024958
546.894689468947,13.9735999294502
546.954695469547,13.9792189564046
547.014701470147,13.9848122659093
547.074707470747,13.990326323681
547.134713471347,13.9958403814528
547.194719471947,14.0013544392246
547.254725472547,14.0068684969964
547.314731473147,14.0123825547681
547.374737473747,14.0178966125399
547.434743474347,14.0234106703117
547.494749474947,14.0289247280834
547.554755475548,14.0344387858552
547.614761476148,14.039952843627
547.674767476748,14.0454669013987
547.734773477348,14.0509809591705
547.794779477948,14.0564950169422
547.854785478548,14.062009074714
547.914791479148,14.0675231324858
547.974797479748,14.0730371902576
548.034803480348,14.0785031028196
548.094809480948,14.0839341516089
548.154815481548,14.0893652003983
548.214821482148,14.0947962491877
548.274827482748,14.1002272979771
548.334833483348,14.1056583467665
548.394839483948,14.1110893955559
548.454845484549,14.1165204443453
548.514851485148,14.1219514931347
548.574857485749,14.1273825419241
548.634863486349,14.1328135907135
548.694869486949,14.1382446395029
548.754875487549,14.1436756882923
548.814881488149,14.1491067370817
548.874887488749,14.1545377858711
548.934893489349,14.1599688346605
548.994899489949,14.1653998834499
549.054905490549,14.1707818361433
549.114911491149,14.1761592279972
549.174917491749,14.1815366198512
549.234923492349,14.1869140117051
549.294929492949,14.192291403559
549.354935493549,14.1976687954129
549.414941494149,14.2030461872668
549.474947494749,14.2084235791207
549.53495349535,14.2138009709747
549.59495949595,14.2191783628286
549.65496549655,14.2245557546825
549.71497149715,14.2299331465364
549.77497749775,14.2353105383903
549.83498349835,14.2406879302442
549.89498949895,14.2460653220981
549.95499549955,14.2514427139521
550.01500150015,14.2568045333456
550.07500750075,14.262119635358
550.13501350135,14.2674347373704
550.19501950195,14.2727498393828
550.25502550255,14.2780649413952
550.31503150315,14.2833800434076
550.37503750375,14.28869514542
550.43504350435,14.2940102474324
550.49504950495,14.2993253494448
550.555055505551,14.3046404514572
550.615061506151,14.3099555534696
550.675067506751,14.315270655482
550.735073507351,14.3205857574944
550.795079507951,14.3259008595068
550.855085508551,14.3312159615192
550.915091509151,14.3365310635316
550.975097509751,14.341846165544
551.035103510351,14.3471072948161
551.095109510951,14.352330135734
551.155115511551,14.3575529766519
551.215121512151,14.3627758175698
551.275127512751,14.3679986584877
551.335133513351,14.3732214994056
551.395139513951,14.3784443403235
551.455145514552,14.3836671812415
551.515151515152,14.3888900221594
551.575157515752,14.3941128630773
551.635163516352,14.3993357039952
551.695169516952,14.4045585449131
551.755175517552,14.409781385831
551.815181518152,14.4150042267489
551.875187518752,14.4202270676668
551.935193519352,14.4254499085848
551.995199519952,14.4306727495027
552.055205520552,14.4358079091382
552.115211521152,14.4409354443143
552.175217521752,14.4460629794905
552.235223522352,14.4511905146666
552.295229522952,14.4563180498427
552.355235523552,14.4614455850189
552.415241524152,14.466573120195
552.475247524752,14.4717006553712
552.535253525353,14.4768281905473
552.595259525953,14.4819557257235
552.655265526553,14.4870832608996
552.715271527153,14.4922107960758
552.775277527753,14.4973383312519
552.835283528353,14.5024658664281
552.895289528953,14.5075934016042
552.955295529553,14.5127209367804
553.015301530153,14.5178299601204
553.075307530753,14.5228848998608
553.135313531353,14.5279398396013
553.195319531953,14.5329947793417
553.255325532553,14.5380497190821
553.315331533153,14.5431046588225
553.375337533753,14.5481595985629
553.435343534353,14.5532145383034
553.495349534953,14.5582694780438
553.555355535554,14.5633244177842
553.615361536154,14.5683793575246
553.675367536754,14.573434297265
553.735373537354,14.5784892370055
553.795379537954,14.5835441767459
553.855385538554,14.5885991164863
553.915391539154,14.5936540562267
553.975397539754,14.5987089959671
554.035403540354,14.6037225364619
554.095409540954,14.6087073079892
554.155415541554,14.6136920795166
554.215421542154,14.618676851044
554.275427542754,14.6236616225713
554.335433543354,14.6286463940987
554.395439543954,14.6336311656261
554.455445544554,14.6386159371534
554.515451545155,14.6436007086808
554.575457545754,14.6485854802082
554.635463546355,14.6535702517355
554.695469546955,14.6585550232629
554.755475547555,14.6635397947903
554.815481548155,14.6685245663176
554.875487548755,14.673509337845
554.935493549355,14.6784941093724
554.995499549955,14.6834788808997
555.055505550555,14.6883769801704
555.115511551155,14.6932680519608
555.175517551755,14.6981591237512
555.235523552355,14.7030501955416
555.295529552955,14.707941267332
555.355535553555,14.7128323391224
555.415541554155,14.7177234109128
555.475547554755,14.7226144827032
555.535553555356,14.7275055544936
555.595559555956,14.7323966262839
555.655565556556,14.7372876980743
555.715571557156,14.7421787698647
555.775577557756,14.7470698416551
555.835583558356,14.7519609134455
555.895589558956,14.7568519852359
555.955595559556,14.7617430570263
556.015601560156,14.7666093433467
556.075607560756,14.7714050864062
556.135613561356,14.7762008294657
556.195619561956,14.7809965725253
556.255625562556,14.7857923155848
556.315631563156,14.7905880586443
556.375637563756,14.7953838017038
556.435643564356,14.8001795447634
556.495649564956,14.8049752878229
556.555655565557,14.8097710308824
556.615661566157,14.8145667739419
556.675667566757,14.8193625170015
556.735673567357,14.824158260061
556.795679567957,14.8289540031205
556.855685568557,14.83374974618
556.915691569157,14.8385454892396
556.975697569757,14.8433412322991
557.035703570357,14.8480988215796
557.095709570957,14.8528304406408
557.155715571557,14.857562059702
557.215721572157,14.8622936787631
557.275727572757,14.8670252978243
557.335733573357,14.8717569168855
557.395739573957,14.8764885359467
557.455745574557,14.8812201550078
557.515751575158,14.885951774069
557.575757575758,14.8906833931302
557.635763576358,14.8954150121914
557.695769576958,14.9001466312525
557.755775577558,14.9048782503137
557.815781578158,14.9096098693749
557.875787578758,14.9143414884361
557.935793579358,14.9190731074972
557.995799579958,14.9238047265584
558.055805580558,14.9284804113205
558.115811581158,14.9331518859741
558.175817581758,14.9378233606276
558.235823582358,14.9424948352812
558.295829582958,14.9471663099347
558.355835583558,14.9518377845882
558.415841584158,14.9565092592418
558.475847584758,14.9611807338953
558.535853585359,14.9658522085489
558.595859585959,14.9705236832024
558.655865586559,14.975195157856
558.715871587159,14.9798666325095
558.775877587759,14.9845381071631
558.835883588359,14.9892095818166
558.895889588959,14.9938810564702
558.955895589559,14.9985525311237
559.015901590159,15.0031922451881
559.075907590759,15.0077438685616
559.135913591359,15.0122954919352
559.195919591959,15.0168471153087
559.255925592559,15.0213987386823
559.315931593159,15.0259503620558
559.375937593759,15.0305019854293
559.43594359436,15.0350536088029
559.495949594959,15.0396052321764
559.55595559556,15.04415685555
559.61596159616,15.0487084789235
559.67596759676,15.0532601022971
559.73597359736,15.0578117256706
559.79597959796,15.0623633490442
559.85598559856,15.0669149724177
559.91599159916,15.0714665957912
559.97599759976,15.0760182191648
560.03600360036,15.0804582270254
560.09600960096,15.0848238245441
560.15601560156,15.0891894220628
560.21602160216,15.0935550195815
560.27602760276,15.0979206171002
560.33603360336,15.1022862146189
560.39603960396,15.1066518121376
560.45604560456,15.1110174096563
560.516051605161,15.115383007175
560.576057605761,15.1197486046937
560.636063606361,15.1241142022124
560.696069606961,15.1284797997311
560.756075607561,15.1328453972498
560.816081608161,15.1372109947685
560.876087608761,15.1415765922872
560.936093609361,15.1459421898059
560.996099609961,15.1503077873246
561.056105610561,15.1545037939978
561.116111611161,15.1586880109331
561.176117611761,15.1628722278684
561.236123612361,15.1670564448037
561.296129612961,15.171240661739
561.356135613561,15.1754248786743
561.416141614161,15.1796090956096
561.476147614761,15.1837933125449
561.536153615362,15.1879775294802
561.596159615962,15.1921617464155
561.656165616562,15.1963459633508
561.716171617162,15.2005301802861
561.776177617762,15.2047143972213
561.836183618362,15.2088986141566
561.896189618962,15.2130828310919
561.956195619562,15.2172670480272
562.016201620162,15.2214211466574
562.076207620762,15.2254938143146
562.136213621362,15.2295664819718
562.196219621962,15.233639149629
562.256225622562,15.2377118172862
562.316231623162,15.2417844849434
562.376237623762,15.2458571526006
562.436243624362,15.2499298202578
562.496249624963,15.254002487915
562.556255625562,15.2580751555722
562.616261626163,15.2621478232294
562.676267626763,15.2662204908865
562.736273627363,15.2702931585437
562.796279627963,15.2743658262009
562.856285628563,15.2784384938581
562.916291629163,15.2825111615153
562.976297629763,15.2865838291725
563.036303630363,15.2906265319055
563.096309630963,15.2946496707625
563.156315631563,15.2986728096194
563.216321632163,15.3026959484763
563.276327632763,15.3067190873332
563.336333633363,15.3107422261902
563.396339633963,15.3147653650471
563.456345634563,15.318788503904
563.516351635164,15.322811642761
563.576357635764,15.3268347816179
563.636363636364,15.3308579204748
563.696369636964,15.3348810593317
563.756375637564,15.3389041981887
563.816381638164,15.3429273370456
563.876387638764,15.3469504759025
563.936393639364,15.3509736147595
563.996399639964,15.3549967536164
564.056405640564,15.3589758707646
564.116411641164,15.3629521780165
564.176417641764,15.3669284852684
564.236423642364,15.3709047925204
564.296429642964,15.3748810997723
564.356435643564,15.3788574070242
564.416441644164,15.3828337142761
564.476447644764,15.386810021528
564.536453645365,15.3907863287799
564.596459645965,15.3947626360319
564.656465646565,15.3987389432838
564.716471647165,15.4027152505357
564.776477647765,15.4066915577876
564.836483648365,15.4106678650395
564.896489648965,15.4146441722914
564.956495649565,15.4186204795434
565.016501650165,15.4225701699656
565.076507650765,15.4264496887462
565.136513651365,15.4303292075267
565.196519651965,15.4342087263072
565.256525652565,15.4380882450877
565.316531653165,15.4419677638682
565.376537653765,15.4458472826487
565.436543654365,15.4497268014293
565.496549654966,15.4536063202098
565.556555655565,15.4574858389903
565.616561656166,15.4613653577708
565.676567656766,15.4652448765513
565.736573657366,15.4691243953318
565.796579657966,15.4730039141124
565.856585658566,15.4768834328929
565.916591659166,15.4807629516734
565.976597659766,15.4846424704539
566.036603660366,15.4884236037185
566.096609660966,15.4921418347679
566.156615661566,15.4958600658174
566.216621662166,15.4995782968668
566.276627662766,15.5032965279163
566.336633663366,15.5070147589657
566.396639663966,15.5107329900152
566.456645664566,15.5144512210646
566.516651665167,15.5181694521141
566.576657665767,15.5218876831635
566.636663666367,15.525605914213
566.696669666967,15.5293241452624
566.756675667567,15.5330423763119
566.816681668167,15.5367606073613
566.876687668767,15.5404788384108
566.936693669367,15.5441970694602
566.996699669967,15.5479153005097
567.056705670567,15.5514459525299
567.116711671167,15.5549656872522
567.176717671767,15.5584854219744
567.236723672367,15.5620051566966
567.296729672967,15.5655248914189
567.356735673567,15.5690446261411
567.416741674167,15.5725643608633
567.476747674767,15.5760840955856
567.536753675368,15.5796038303078
567.596759675968,15.5831235650301
567.656765676568,15.5866432997523
567.716771677168,15.5901630344745
567.776777677768,15.5936827691968
567.836783678368,15.597202503919
567.896789678968,15.6007222386413
567.956795679568,15.6042419733635
568.016801680168,15.6077114870332
568.076807680768,15.6110518608535
568.136813681368,15.6143922346738
568.196819681968,15.6177326084942
568.256825682568,15.6210729823145
568.316831683168,15.6244133561348
568.376837683768,15.6277537299551
568.436843684368,15.6310941037755
568.496849684969,15.6344344775958
568.556855685569,15.6377748514161
568.616861686169,15.6411152252364
568.676867686769,15.6444555990568
568.736873687369,15.6477959728771
568.796879687969,15.6511363466974
568.856885688569,15.6544767205177
568.916891689169,15.657817094338
568.976897689769,15.6611574681584
569.036903690369,15.6644283053461
569.096909690969,15.6676556114712
569.156915691569,15.6708829175963
569.216921692169,15.6741102237213
569.276927692769,15.6773375298464
569.336933693369,15.6805648359715
569.396939693969,15.6837921420965
569.456945694569,15.6870194482216
569.516951695169,15.6902467543467
569.57695769577,15.6934740604718
569.63696369637,15.6967013665968
569.69696969697,15.6999286727219
569.75697569757,15.703155978847
569.81698169817,15.706383284972
569.87698769877,15.7096105910971
569.93699369937,15.7128378972222
569.99699969997,15.7160652033472
570.05700570057,15.7192406190949
570.11701170117,15.7224133037701
570.17701770177,15.7255859884452
570.23702370237,15.7287586731204
570.29702970297,15.7319313577955
570.35703570357,15.7351040424707
570.41704170417,15.7382767271458
570.47704770477,15.741449411821
570.53705370537,15.7446220964962
570.597059705971,15.7477947811713
570.657065706571,15.7509674658465
570.717071707171,15.7541401505216
570.777077707771,15.7573128351968
570.837083708371,15.7604855198719
570.897089708971,15.7636582045471
570.957095709571,15.7668308892223
571.017101710171,15.7699881679697
571.077107710771,15.773106796758
571.137113711371,15.7762254255463
571.197119711971,15.7793440543346
571.257125712571,15.7824626831229
571.317131713171,15.7855813119112
571.377137713771,15.7886999406995
571.437143714371,15.7918185694878
571.497149714972,15.7949371982762
571.557155715572,15.7980558270645
571.617161716172,15.8011744558528
571.677167716772,15.8042930846411
571.737173717372,15.8074117134294
571.797179717972,15.8105303422177
571.857185718572,15.813648971006
571.917191719172,15.8167675997943
571.977197719772,15.8198862285826
572.037203720372,15.822946184323
572.097209720972,15.8259701791631
572.157215721572,15.8289941740031
572.217221722172,15.8320181688432
572.277227722772,15.8350421636832
572.337233723372,15.8380661585232
572.397239723972,15.8410901533633
572.457245724572,15.8441141482033
572.517251725173,15.8471381430434
572.577257725773,15.8501621378834
572.637263726373,15.8531861327234
572.697269726973,15.8562101275635
572.757275727573,15.8592341224035
572.817281728173,15.8622581172436
572.877287728773,15.8652821120836
572.937293729373,15.8683061069237
572.997299729973,15.8713301017637
573.057305730573,15.8742444949214
573.117311731173,15.8771537236019
573.177317731773,15.8800629522824
573.237323732373,15.8829721809629
573.297329732973,15.8858814096434
573.357335733573,15.8887906383239
573.417341734173,15.8916998670044
573.477347734774,15.894609095685
573.537353735373,15.8975183243655
573.597359735974,15.900427553046
573.657365736574,15.9033367817265
573.717371737174,15.906246010407
573.777377737774,15.9091552390875
573.837383738374,15.912064467768
573.897389738974,15.9149736964485
573.957395739574,15.917882925129
574.017401740174,15.9207655405838
574.077407740774,15.9235829995204
574.137413741374,15.9264004584571
574.197419741974,15.9292179173937
574.257425742574,15.9320353763303
574.317431743174,15.9348528352669
574.377437743774,15.9376702942036
574.437443744374,15.9404877531402
574.497449744975,15.9433052120768
574.557455745575,15.9461226710134
574.617461746175,15.94894012995
574.677467746775,15.9517575888867
574.737473747375,15.9545750478233
574.797479747975,15.9573925067599
574.857485748575,15.9602099656965
574.917491749175,15.9630274246331
574.977497749775,15.9658448835698
575.037503750375,15.9686234569094
575.097509750975,15.9713786988909
575.157515751575,15.9741339408724
575.217521752175,15.9768891828539
575.277527752775,15.9796444248354
575.337533753375,15.9823996668169
575.397539753975,15.9851549087984
575.457545754575,15.9879101507798
575.517551755176,15.9906653927613
575.577557755776,15.9934206347428
575.637563756376,15.9961758767243
575.697569756976,15.9989311187058
575.757575757576,16.0016863606873
575.817581758176,16.0044416026688
575.877587758776,16.0071968446503
575.937593759376,16.0099520866317
575.997599759976,16.0127073286132
576.057605760576,16.0154072713005
576.117611761176,16.0181049098505
576.177617761776,16.0208025484006
576.237623762376,16.0235001869506
576.297629762976,16.0261978255006
576.357635763576,16.0288954640506
576.417641764176,16.0315931026006
576.477647764777,16.0342907411507
576.537653765376,16.0369883797007
576.597659765977,16.0396860182507
576.657665766577,16.0423836568007
576.717671767177,16.0450812953508
576.777677767777,16.0477789339008
576.837683768377,16.0504765724508
576.897689768977,16.0531742110008
576.957695769577,16.0558718495508
577.017701770177,16.0585491976554
577.077707770777,16.0611780550345
577.137713771377,16.0638069124136
577.197719771977,16.0664357697927
577.257725772577,16.0690646271718
577.317731773177,16.0716934845509
577.377737773777,16.07432234193
577.437743774377,16.0769511993091
577.497749774977,16.0795800566882
577.557755775578,16.0822089140673
577.617761776178,16.0848377714464
577.677767776778,16.0874666288255
577.737773777378,16.0900954862046
577.797779777978,16.0927243435837
577.857785778578,16.0953532009627
577.917791779178,16.0979820583418
577.977797779778,16.1006109157209
578.037803780378,16.1031873601889
578.097809780978,16.105733022471
578.157815781578,16.1082786847531
578.217821782178,16.1108243470352
578.277827782778,16.1133700093174
578.337833783378,16.1159156715995
578.397839783978,16.1184613338816
578.457845784578,16.1210069961637
578.517851785178,16.1235526584458
578.577857785779,16.1260983207279
578.637863786379,16.12864398301
578.697869786979,16.1311896452921
578.757875787579,16.1337353075742
578.817881788179,16.1362809698563
578.877887788779,16.1388266321384
578.937893789379,16.1413722944205
578.997899789979,16.1439179567026
579.057905790579,16.1463600931628
579.117911791179,16.1487984748004
579.177917791779,16.151236856438
579.237923792379,16.1536752380756
579.297929792979,16.1561136197132
579.357935793579,16.1585520013507
579.417941794179,16.1609903829883
579.47794779478,16.1634287646259
579.53795379538,16.1658671462635
579.59795979598,16.1683055279011
579.65796579658,16.1707439095387
579.71797179718,16.1731822911763
579.77797779778,16.1756206728139
579.83798379838,16.1780590544515
579.89798979898,16.1804974360891
579.95799579958,16.1829358177267
580.01800180018,16.1853349273859
580.07800780078,16.187642402429
580.13801380138,16.1899498774721
580.19801980198,16.1922573525151
580.25802580258,16.1945648275582
580.31803180318,16.1968723026013
580.37803780378,16.1991797776444
580.43804380438,16.2014872526874
580.49804980498,16.2037947277305
580.558055805581,16.2061022027736
580.618061806181,16.2084096778166
580.678067806781,16.2107171528597
580.738073807381,16.2130246279028
580.798079807981,16.2153321029459
580.858085808581,16.2176395779889
580.918091809181,16.219947053032
580.978097809781,16.2222545280751
581.038103810381,16.2244898109627
581.098109810981,16.226683597572
581.158115811581,16.2288773841813
581.218121812181,16.2310711707906
581.278127812781,16.2332649573999
581.338133813381,16.2354587440092
581.398139813981,16.2376525306185
581.458145814581,16.2398463172278
581.518151815181,16.2420401038371
581.578157815782,16.2442338904464
581.638163816382,16.2464276770556
581.698169816982,16.2486214636649
581.758175817582,16.2508152502742
581.818181818182,16.2530090368835
581.878187818782,16.2552028234928
581.938193819382,16.2573966101021
581.998199819982,16.2595903967114
582.058205820582,16.2617433412686
582.118211821182,16.2638950226694
582.178217821782,16.2660467040703
582.238223822382,16.2681983854712
582.298229822982,16.2703500668721
582.358235823582,16.2725017482729
582.418241824182,16.2746534296738
582.478247824783,16.2768051110747
582.538253825383,16.2789567924756
582.598259825983,16.2811084738764
582.658265826583,16.2832601552773
582.718271827183,16.2854118366782
582.778277827783,16.2875635180791
582.838283828383,16.2897151994799
582.898289828983,16.2918668808808
582.958295829583,16.2940185622817
583.018301830183,16.296177665872
583.078307830783,16.2983536823204
583.138313831383,16.3005296987687
583.198319831983,16.302705715217
583.258325832583,16.3048817316654
583.318331833183,16.3070577481137
583.378337833783,16.309233764562
583.438343834383,16.3114097810104
583.498349834984,16.3135857974587
583.558355835584,16.3157618139071
583.618361836184,16.3179378303554
583.678367836784,16.3201138468037
583.738373837384,16.3222898632521
583.798379837984,16.3244658797004
583.858385838584,16.3266418961487
583.918391839184,16.3288179125971
583.978397839784,16.3309939290454
584.038403840384,16.3331709577457
584.098409840984,16.3353485558378
584.158415841584,16.3375261539299
584.218421842184,16.3397037520219
584.278427842784,16.341881350114
584.338433843384,16.3440589482061
584.398439843984,16.3462365462981
584.458445844585,16.3484141443902
584.518451845184,16.3505917424823
584.578457845785,16.3527693405743
584.638463846385,16.3549469386664
584.698469846985,16.3571245367585
584.758475847585,16.3593021348505
584.818481848185,16.3614797329426
584.878487848785,16.3636573310347
584.938493849385,16.3658349291267
584.998499849985,16.3680125272188
585.058505850585,16.3700706976577
585.118511851185,16.3721258058491
585.178517851785,16.3741809140405
585.238523852385,16.3762360222319
585.298529852985,16.3782911304233
585.358535853585,16.3803462386147
585.418541854185,16.382401346806
585.478547854785,16.3844564549974
585.538553855386,16.3865115631888
585.598559855986,16.3885666713802
585.658565856586,16.3906217795716
585.718571857186,16.392676887763
585.778577857786,16.3947319959544
585.838583858386,16.3967871041458
585.898589858986,16.3988422123372
585.958595859586,16.4008973205285
586.018601860186,16.4028724502456
586.078607860786,16.4046695633586
586.138613861386,16.4064666764715
586.198619861986,16.4082637895845
586.258625862586,16.4100609026974
586.318631863186,16.4118580158104
586.378637863786,16.4136551289233
586.438643864386,16.4154522420363
586.498649864986,16.4172493551493
586.558655865587,16.4190464682622
586.618661866187,16.4208435813752
586.678667866787,16.4226406944881
586.738673867387,16.4244378076011
586.798679867987,16.426234920714
586.858685868587,16.428032033827
586.918691869187,16.4298291469399
586.978697869787,16.4316262600529
587.038703870387,16.4332347497482
587.098709870987,16.434739423454
587.158715871587,16.4362440971598
587.218721872187,16.4377487708655
587.278727872787,16.4392534445713
587.338733873387,16.4407581182771
587.398739873987,16.4422627919828
587.458745874588,16.4437674656886
587.518751875187,16.4452721393944
587.578757875788,16.4467768131001
587.638763876388,16.4482814868059
587.698769876988,16.4497861605116
587.758775877588,16.4512908342174
587.818781878188,16.4527955079232
587.878787878788,16.454300181629
587.938793879388,16.4558048553347
587.998799879988,16.4573095290405
588.058805880588,16.4586129531727
588.118811881188,16.4599122701708
588.178817881788,16.4612115871688
588.238823882388,16.4625109041669
588.298829882988,16.4638102211649
588.358835883588,16.465109538163
588.418841884188,16.4664088551611
588.478847884788,16.4677081721591
588.538853885389,16.4690074891572
588.598859885989,16.4703068061553
588.658865886589,16.4716061231533
588.718871887189,16.4729054401514
588.778877887789,16.4742047571494
588.838883888389,16.4755040741475
588.898889888989,16.4768033911456
588.958895889589,16.4781027081436
589.018901890189,16.4793714686993
589.078907890789,16.4805737811184
589.138913891389,16.4817760935375
589.198919891989,16.4829784059566
589.258925892589,16.4841807183757
589.318931893189,16.4853830307948
589.378937893789,16.486585343214
589.438943894389,16.4877876556331
589.498949894989,16.4889899680522
589.55895589559,16.4901922804713
589.61896189619,16.4913945928904
589.67896789679,16.4925969053095
589.73897389739,16.4937992177286
589.79897989799,16.4950015301477
589.85898589859,16.4962038425668
589.91899189919,16.4974061549859
589.97899789979,16.498608467405
590.03900390039,16.4997536299392
590.09900990099,16.5008680194585
590.15901590159,16.5019824089778
590.21902190219,16.5030967984971
590.27902790279,16.5042111880164
590.33903390339,16.5053255775357
590.39903990399,16.506439967055
590.459045904591,16.5075543565743
590.519051905191,16.5086687460936
590.579057905791,16.5097831356129
590.639063906391,16.5108975251322
590.699069906991,16.5120119146514
590.759075907591,16.5131263041707
590.819081908191,16.51424069369
590.879087908791,16.5153550832093
590.939093909391,16.5164694727286
590.999099909991,16.5175838622479
591.059105910591,16.5185115482743
591.119111911191,16.5194363911003
591.179117911791,16.5203612339262
591.239123912391,16.5212860767522
591.299129912991,16.5222109195782
591.359135913591,16.5231357624042
591.419141914191,16.5240606052301
591.479147914791,16.5249854480561
591.539153915392,16.5259102908821
591.599159915992,16.5268351337081
591.659165916592,16.5277599765341
591.719171917192,16.52868481936
591.779177917792,16.529609662186
591.839183918392,16.530534505012
591.899189918992,16.531459347838
591.959195919592,16.5323841906639
592.019201920192,16.5332143947603
592.079207920792,16.5338434915561
592.139213921392,16.534472588352
592.199219921992,16.5351016851478
592.259225922592,16.5357307819437
592.319231923192,16.5363598787395
592.379237923792,16.5369889755354
592.439243924392,16.5376180723312
592.499249924992,16.5382471691271
592.559255925593,16.538876265923
592.619261926193,16.5395053627188
592.679267926793,16.5401344595147
592.739273927393,16.5407635563105
592.799279927993,16.5413926531064
592.859285928593,16.5420217499022
592.919291929193,16.5426508466981
592.979297929793,16.5432799434939
593.039303930393,16.5437066764736
593.099309930993,16.5440268208783
593.159315931593,16.5443469652831
593.219321932193,16.5446671096878
593.279327932793,16.5449872540925
593.339333933393,16.5453073984973
593.399339933993,16.545627542902
593.459345934593,16.5459476873067
593.519351935194,16.5462678317115
593.579357935793,16.5465879761162
593.639363936394,16.5469081205209
593.699369936994,16.5472282649257
593.759375937594,16.5475484093304
593.819381938194,16.5478685537351
593.879387938794,16.5481886981399
593.939393939394,16.5485088425446
593.999399939994,16.5488289869494
594.059405940594,16.5489078975014
594.119411941194,16.548984371348
594.179417941794,16.5490608451945
594.239423942394,16.549137319041
594.299429942994,16.5492137928875
594.359435943594,16.549290266734
594.419441944194,16.5493667405805
594.479447944794,16.549443214427
594.539453945395,16.5495196882735
594.599459945995,16.54959616212
594.659465946595,16.5496726359666
594.719471947195,16.5497491098131
594.779477947795,16.5498255836596
594.839483948395,16.5499020575061
594.899489948995,16.5499785313526
594.959495949595,16.5500550051991
595.019501950195,16.5500701147751
595.079507950795,16.5499577754815
595.139513951395,16.549845436188
595.199519951995,16.5497330968944
595.259525952595,16.5496207576008
595.319531953195,16.5495084183073
595.379537953795,16.5493960790137
595.439543954396,16.5492837397201
595.499549954995,16.5491714004266
595.559555955596,16.549059061133
595.619561956196,16.5489467218394
595.679567956796,16.5488343825459
595.739573957396,16.5487220432523
595.799579957996,16.5486097039587
595.859585958596,16.5484973646651
595.919591959196,16.5483850253716
595.979597959796,16.548272686078
596.039603960396,16.5480261346999
596.099609960996,16.547710443763
596.159615961596,16.5473947528261
596.219621962196,16.5470790618892
596.279627962796,16.5467633709523
596.339633963396,16.5464476800154
596.399639963996,16.5461319890785
596.459645964596,16.5458162981417
596.519651965197,16.5455006072048
596.579657965797,16.5451849162679
596.639663966397,16.544869225331
596.699669966997,16.5445535343941
596.759675967597,16.5442378434572
596.819681968197,16.5439221525203
596.879687968797,16.5436064615835
596.939693969397,16.5432907706466
596.999699969997,16.5429750797097
597.059705970597,16.5423870322082
597.119711971197,16.5417976160807
597.179717971797,16.5412081999533
597.239723972397,16.5406187838258
597.299729972997,16.5400293676983
597.359735973597,16.5394399515709
597.419741974197,16.5388505354434
597.479747974797,16.538261119316
597.539753975398,16.5376717031885
597.599759975998,16.5370822870611
597.659765976598,16.5364928709336
597.719771977198,16.5359034548061
597.779777977798,16.5353140386787
597.839783978398,16.5347246225512
597.899789978998,16.5341352064238
597.959795979598,16.5335457902963
598.019801980198,16.5328434302924
598.079807980798,16.5319117599937
598.139813981398,16.5309800896951
598.199819981998,16.5300484193965
598.259825982598,16.5291167490978
598.319831983198,16.5281850787992
598.379837983798,16.5272534085006
598.439843984398,16.5263217382019
598.499849984998,16.5253900679033
598.559855985599,16.5244583976047
598.619861986199,16.523526727306
598.679867986799,16.5225950570074
598.739873987399,16.5216633867088
598.799879987999,16.5207317164101
598.859885988599,16.5198000461115
598.919891989199,16.5188683758129
598.979897989799,16.5179367055142
599.039903990399,16.5167700402738
599.099909990999,16.5154849941227
599.159915991599,16.5141999479717
599.219921992199,16.5129149018207
599.279927992799,16.5116298556696
599.339933993399,16.5103448095186
599.399939993999,16.5090597633675
599.459945994599,16.5077747172165
599.5199519952,16.5064896710655
599.5799579958,16.5052046249144
599.6399639964,16.5039195787634
599.699969997,16.5026345326124
599.7599759976,16.5013494864613
599.8199819982,16.5000644403103
599.8799879988,16.4987793941593
599.9399939994,16.4974943480082
600,16.4962093018572
600.0600060006,16.4946253252357
600.1200120012,16.4930413486141
600.1800180018,16.4914573719926
600.2400240024,16.4898733953711
600.300030003,16.4882894187496
600.3600360036,16.4867054421281
600.4200420042,16.4851214655065
600.4800480048,16.483537488885
600.540054005401,16.4819535122635
600.600060006001,16.480369535642
600.660066006601,16.4787855590204
600.720072007201,16.4772015823989
600.780078007801,16.4756176057774
600.840084008401,16.4740336291559
600.900090009001,16.4724496525343
600.960096009601,16.4708656759128
601.020102010201,16.4691991162184
601.080108010801,16.4673686229614
601.140114011401,16.4655381297044
601.200120012001,16.4637076364474
601.260126012601,16.4618771431904
601.320132013201,16.4600466499333
601.380138013801,16.4582161566763
601.440144014401,16.4563856634193
601.500150015002,16.4545551701623
601.560156015601,16.4527246769053
601.620162016202,16.4508941836483
601.680168016802,16.4490636903913
601.740174017402,16.4472331971343
601.800180018002,16.4454027038772
601.860186018602,16.4435722106202
601.920192019202,16.4417417173632
601.980198019802,16.4399112241062
602.040204020402,16.4379149208818
602.100210021002,16.4358369500616
602.160216021602,16.4337589792413
602.220222022202,16.431681008421
602.280228022802,16.4296030376008
602.340234023402,16.4275250667805
602.400240024002,16.4254470959602
602.460246024602,16.42336912514
602.520252025203,16.4212911543197
602.580258025803,16.4192131834994
602.640264026403,16.4171352126792
602.700270027003,16.4150572418589
602.760276027603,16.4129792710387
602.820282028203,16.4109013002184
602.880288028803,16.4088233293981
602.940294029403,16.4067453585779
603.000300030003,16.4046657525923
603.060306030603,16.4022607487151
603.120312031203,16.3998557448378
603.180318031803,16.3974507409605
603.240324032403,16.3950457370833
603.300330033003,16.392640733206
603.360336033603,16.3902357293288
603.420342034203,16.3878307254515
603.480348034803,16.3854257215743
603.540354035404,16.383020717697
603.600360036004,16.3806157138197
603.660366036604,16.3782107099425
603.720372037204,16.3758057060652
603.780378037804,16.373400702188
603.840384038404,16.3709956983107
603.900390039004,16.3685906944334
603.960396039604,16.3661856905562
604.020402040204,16.3636429764338
604.080408040804,16.3608329424237
604.140414041404,16.3580229084136
604.200420042004,16.3552128744035
604.260426042604,16.3524028403935
604.320432043204,16.3495928063834
604.380438043804,16.3467827723733
604.440444044404,16.3439727383632
604.500450045005,16.3411627043531
604.560456045604,16.338352670343
604.620462046205,16.335542636333
604.680468046805,16.3327326023229
604.740474047405,16.3299225683128
604.800480048005,16.3271125343027
604.860486048605,16.3243025002926
604.920492049205,16.3214924662826
604.980498049805,16.3186824322725
605.040504050405,16.3155955182142
605.100510051005,16.31237529154
605.160516051605,16.3091550648659
605.220522052205,16.3059348381917
605.280528052805,16.3027146115176
605.340534053405,16.2994943848435
605.400540054005,16.2962741581693
605.460546054605,16.2930539314952
605.520552055206,16.2898337048211
605.580558055806,16.2866134781469
605.640564056406,16.2833932514728
605.700570057006,16.2801730247986
605.760576057606,16.2769527981245
605.820582058206,16.2737325714504
605.880588058806,16.2705123447762
605.940594059406,16.2672921181021
606.000600060006,16.2640683588134
606.060606060606,16.2604948706877
606.120612061206,16.2569213825619
606.180618061806,16.2533478944361
606.240624062406,16.2497744063103
606.300630063006,16.2462009181845
606.360636063606,16.2426274300587
606.420642064206,16.2390539419329
606.480648064806,16.2354804538071
606.540654065407,16.2319069656813
606.600660066007,16.2283334775555
606.660666066607,16.2247599894297
606.720672067207,16.221186501304
606.780678067807,16.2176130131782
606.840684068407,16.2140395250524
606.900690069007,16.2104660369266
606.960696069607,16.2068925488008
607.020702070207,16.2032208049633
607.080708070807,16.1993625176733
607.140714071407,16.1955042303832
607.200720072007,16.1916459430932
607.260726072607,16.1877876558032
607.320732073207,16.1839293685131
607.380738073807,16.1800710812231
607.440744074407,16.176212793933
607.500750075008,16.172354506643
607.560756075608,16.1684962193529
607.620762076208,16.1646379320629
607.680768076808,16.1607796447728
607.740774077408,16.1569213574828
607.800780078008,16.1530630701927
607.860786078608,16.1492047829027
607.920792079208,16.1453464956127
607.980798079808,16.1414882083226
608.040804080408,16.1374419616747
608.100810081008,16.1333072635643
608.160816081608,16.1291725654539
608.220822082208,16.1250378673434
608.280828082808,16.120903169233
608.340834083408,16.1167684711226
608.400840084008,16.1126337730122
608.460846084608,16.1084990749018
608.520852085209,16.1043643767913
608.580858085809,16.1002296786809
608.640864086409,16.0960949805705
608.700870087009,16.0919602824601
608.760876087609,16.0878255843496
608.820882088209,16.0836908862392
608.880888088809,16.0795561881288
608.940894089409,16.0754214900184
609.000900090009,16.071282385357
609.060906090609,16.0668539171819
609.120912091209,16.0624254490069
609.180918091809,16.0579969808318
609.240924092409,16.0535685126568
609.300930093009,16.0491400444818
609.360936093609,16.0447115763067
609.420942094209,16.0402831081317
609.480948094809,16.0358546399566
609.540954095409,16.0314261717816
609.60096009601,16.0269977036065
609.66096609661,16.0225692354315
609.72097209721,16.0181407672565
609.78097809781,16.0137122990814
609.84098409841,16.0092838309064
609.90099009901,16.0048553627313
609.96099609961,16.0004268945563
610.02100210021,15.9958774728133
610.08100810081,15.9911034230154
610.14101410141,15.9863293732176
610.20102010201,15.9815553234198
610.26102610261,15.9767812736219
610.32103210321,15.9720072238241
610.38103810381,15.9672331740263
610.44104410441,15.9624591242284
610.501050105011,15.9576850744306
610.561056105611,15.9529110246328
610.621062106211,15.9481369748349
610.681068106811,15.9433629250371
610.741074107411,15.9385888752393
610.801080108011,15.9338148254414
610.861086108611,15.9290407756436
610.921092109211,15.9242667258458
610.981098109811,15.9194926760479
611.041104110411,15.9144637863407
611.101110111011,15.9093177074781
611.161116111611,15.9041716286155
611.221122112211,15.8990255497529
611.281128112811,15.8938794708903
611.341134113411,15.8887333920277
611.401140114011,15.8835873131651
611.461146114611,15.8784412343025
611.521152115212,15.8732951554399
611.581158115812,15.8681490765773
611.641164116412,15.8630029977147
611.701170117012,15.8578569188521
611.761176117612,15.8527108399895
611.821182118212,15.8475647611269
611.881188118812,15.8424186822643
611.941194119412,15.8372726034017
612.001200120012,15.8321194101604
612.061206120612,15.8266176123648
612.121212121212,15.8211158145692
612.181218121812,15.8156140167737
612.241224122412,15.8101122189781
612.301230123012,15.8046104211825
612.361236123612,15.799108623387
612.421242124212,15.7936068255914
612.481248124813,15.7881050277958
612.541254125412,15.7826032300002
612.601260126013,15.7771014322047
612.661266126613,15.7715996344091
612.721272127213,15.7660978366135
612.781278127813,15.760596038818
612.841284128413,15.7550942410224
612.901290129013,15.7495924432268
612.961296129613,15.7440906454312
613.021302130213,15.7384812832133
613.081308130813,15.7326764870449
613.141314131413,15.7268716908765
613.201320132013,15.7210668947081
613.261326132613,15.7152620985397
613.321332133213,15.7094573023713
613.381338133813,15.7036525062029
613.441344134413,15.6978477100345
613.501350135014,15.6920429138661
613.561356135614,15.6862381176977
613.621362136214,15.6804333215292
613.681368136814,15.6746285253608
613.741374137414,15.6688237291924
613.801380138014,15.663018933024
613.861386138614,15.6572141368556
613.921392139214,15.6514093406872
613.981398139814,15.6456045445188
614.041404140414,15.6396064129581
614.101410141014,15.633521420569
614.161416141614,15.6274364281799
614.221422142214,15.6213514357908
614.281428142814,15.6152664434017
614.341434143414,15.6091814510126
614.401440144014,15.6030964586235
614.461446144614,15.5970114662344
614.521452145215,15.5909264738453
614.581458145815,15.5848414814562
614.641464146415,15.5787564890672
614.701470147015,15.5726714966781
614.761476147615,15.566586504289
614.821482148215,15.5605015118999
614.881488148815,15.5544165195108
614.941494149415,15.5483315271217
615.001500150015,15.5422394601626
615.061506150615,15.5358714849737
615.121512151215,15.5295035097847
615.181518151815,15.5231355345958
615.241524152415,15.5167675594069
615.301530153015,15.510399584218
615.361536153615,15.504031609029
615.421542154215,15.4976636338401
615.481548154816,15.4912956586512
615.541554155415,15.4849276834623
615.601560156016,15.4785597082733
615.661566156616,15.4721917330844
615.721572157216,15.4658237578955
615.781578157816,15.4594557827066
615.841584158416,15.4530878075177
615.901590159016,15.4467198323287
615.961596159616,15.4403518571398
616.021602160216,15.433848694382
616.081608160816,15.4271051981683
616.141614161416,15.4203617019546
616.201620162016,15.4136182057409
616.261626162616,15.4068747095272
616.321632163216,15.4001312133135
616.381638163816,15.3933877170998
616.441644164416,15.3866442208861
616.501650165016,15.3799007246724
616.561656165617,15.3731572284587
616.621662166217,15.366413732245
616.681668166817,15.3596702360313
616.741674167417,15.3529267398177
616.801680168017,15.346183243604
616.861686168617,15.3394397473903
616.921692169217,15.3326962511766
616.981698169817,15.3259527549629
617.041704170417,15.3189749378525
617.101710171017,15.3118942892694
617.161716171617,15.3048136406863
617.221722172217,15.2977329921033
617.281728172817,15.2906523435202
617.341734173417,15.2835716949371
617.401740174017,15.276491046354
617.461746174617,15.269410397771
617.521752175217,15.2623297491879
617.581758175818,15.2552491006048
617.641764176418,15.2481684520217
617.701770177018,15.2410878034387
617.761776177618,15.2340071548556
617.821782178218,15.2269265062725
617.881788178818,15.2198458576894
617.941794179418,15.2127652091064
618.001800180018,15.2056758575393
618.061806180618,15.198305109489
618.121812181218,15.1909343614387
618.181818181818,15.1835636133884
618.241824182418,15.1761928653382
618.301830183018,15.1688221172879
618.361836183618,15.1614513692376
618.421842184218,15.1540806211873
618.481848184819,15.146709873137
618.541854185419,15.1393391250867
618.601860186019,15.1319683770364
618.661866186619,15.1245976289862
618.721872187219,15.1172268809359
618.781878187819,15.1098561328856
618.841884188419,15.1024853848353
618.901890189019,15.095114636785
618.961896189619,15.0877438887347
619.021902190219,15.080317009352
619.081908190819,15.0727924768292
619.141914191419,15.0652679443065
619.201920192019,15.0577434117838
619.261926192619,15.050218879261
619.321932193219,15.0426943467383
619.381938193819,15.0351698142155
619.441944194419,15.0276452816928
619.50195019502,15.0201207491701
619.56195619562,15.0125962166473
619.62196219622,15.0050716841246
619.68196819682,14.9975471516018
619.74197419742,14.9900226190791
619.80198019802,14.9824980865563
619.86198619862,14.9749735540336
619.92199219922,14.9674490215109
619.98199819982,14.9599244889881
620.04200420042,14.9522547533317
620.10201020102,14.9445227877607
620.16201620162,14.9367908221898
620.22202220222,14.9290588566189
620.28202820282,14.9213268910479
620.34203420342,14.913594925477
620.40204020402,14.9058629599061
620.46204620462,14.8981309943352
620.52205220522,14.8903990287642
620.582058205821,14.8826670631933
620.642064206421,14.8749350976224
620.702070207021,14.8672031320515
620.762076207621,14.8594711664805
620.822082208221,14.8517392009096
620.882088208821,14.8440072353387
620.942094209421,14.8362752697677
621.002100210021,14.8285345947504
621.062106210621,14.8205537878535
621.122112211221,14.8125729809566
621.182118211821,14.8045921740597
621.242124212421,14.7966113671629
621.302130213021,14.788630560266
621.362136213621,14.7806497533691
621.422142214221,14.7726689464722
621.482148214821,14.7646881395753
621.542154215422,14.7567073326784
621.602160216022,14.7487265257816
621.662166216622,14.7407457188847
621.722172217222,14.7327649119878
621.782178217822,14.7247841050909
621.842184218422,14.716803298194
621.902190219022,14.7088224912971
621.962196219622,14.7008416844002
622.022202220222,14.6927424396207
622.082208220822,14.6844415303381
622.142214221422,14.6761406210555
622.202220222022,14.6678397117729
622.262226222622,14.6595388024903
622.322232223222,14.6512378932078
622.382238223822,14.6429369839252
622.442244224422,14.6346360746426
622.502250225023,14.62633516536
622.562256225623,14.6180342560774
622.622262226223,14.6097333467948
622.682268226823,14.6014324375123
622.742274227423,14.5931315282297
622.802280228023,14.5848306189471
622.862286228623,14.5765297096645
622.922292229223,14.5682288003819
622.982298229823,14.5599278910994
623.042304230423,14.5514060686515
623.102310231023,14.5427918073614
623.162316231623,14.5341775460713
623.222322232223,14.5255632847813
623.282328232823,14.5169490234912
623.342334233423,14.5083347622011
623.402340234023,14.499720500911
623.462346234624,14.491106239621
623.522352235223,14.4824919783309
623.582358235824,14.4738777170408
623.642364236424,14.4652634557507
623.702370237024,14.4566491944607
623.762376237624,14.4480349331706
623.822382238224,14.4394206718805
623.882388238824,14.4308064105905
623.942394239424,14.4221921493004
624.002400240024,14.4135666093854
624.062406240624,14.4046703824733
624.122412241224,14.3957741555611
624.182418241824,14.386877928649
624.242424242424,14.3779817017368
624.302430243024,14.3690854748247
624.362436243624,14.3601892479125
624.422442244224,14.3512930210004
624.482448244824,14.3423967940883
624.542454245425,14.3335005671761
624.602460246025,14.324604340264
624.662466246625,14.3157081133518
624.722472247225,14.3068118864397
624.782478247825,14.2979156595275
624.842484248425,14.2890194326154
624.902490249025,14.2801232057032
624.962496249625,14.2712269787911
625.022502250225,14.2622653158708
625.082508250825,14.2531945929371
625.142514251425,14.2441238700033
625.202520252025,14.2350531470696
625.262526252625,14.2259824241358
625.322532253225,14.216911701202
625.382538253825,14.2078409782682
625.442544254425,14.1987702553345
625.502550255025,14.1896995324007
625.562556255626,14.1806288094669
625.622562256226,14.1715580865332
625.682568256826,14.1624873635994
625.742574257426,14.1534166406657
625.802580258026,14.1443459177319
625.862586258626,14.1352751947981
625.922592259226,14.1262044718644
625.982598259826,14.1171337489306
626.042604260426,14.1079689878477
626.102610261026,14.0987658168166
626.162616261626,14.0895626457854
626.222622262226,14.0803594747543
626.282628262826,14.0711563037232
626.342634263426,14.0619531326921
626.402640264026,14.052749961661
626.462646264627,14.0435467906298
626.522652265226,14.0343436195987
626.582658265827,14.0251404485676
626.642664266427,14.0159372775364
626.702670267027,14.0067341065053
626.762676267627,13.9975309354742
626.822682268227,13.9883277644431
626.882688268827,13.9791245934119
626.942694269427,13.9699214223808
627.002700270027,13.9607115278372
627.062706270627,13.9513589454165
627.122712271227,13.942006362996
627.182718271827,13.9326537805753
627.242724272427,13.9233011981547
627.302730273027,13.9139486157341
627.362736273627,13.9045960333135
627.422742274227,13.8952434508929
627.482748274827,13.8858908684723
627.542754275428,13.8765382860517
627.602760276028,13.8671857036311
627.662766276628,13.8578331212104
627.722772277228,13.8484805387898
627.782778277828,13.8391279563692
627.842784278428,13.8297753739486
627.902790279028,13.820422791528
627.962796279628,13.8110702091074
628.022802280228,13.8016424479042
628.082808280828,13.792092026582
628.142814281428,13.7825416052599
628.202820282028,13.7729911839377
628.262826282628,13.7634407626156
628.322832283228,13.7538903412934
628.382838283828,13.7443399199713
628.442844284428,13.7347894986491
628.502850285028,13.725239077327
628.562856285629,13.7156886560048
628.622862286229,13.7061382346826
628.682868286829,13.6965878133605
628.742874287429,13.6870373920383
628.802880288029,13.6774869707162
628.862886288629,13.667936549394
628.922892289229,13.6583861280719
628.982898289829,13.6488357067497
629.042904290429,13.6391416470427
629.102910291029,13.6293903328746
629.162916291629,13.6196390187065
629.222922292229,13.6098877045384
629.282928292829,13.6001363903702
629.342934293429,13.5903850762021
629.402940294029,13.580633762034
629.462946294629,13.5708824478659
629.52295229523,13.5611311336978
629.58295829583,13.5513798195297
629.64296429643,13.5416285053616
629.70297029703,13.5318771911935
629.76297629763,13.5221258770254
629.82298229823,13.5123745628572
629.88298829883,13.5026232486891
629.94299429943,13.492871934521
630.00300030003,13.4831098757051
630.06300630063,13.4731436685817
630.12301230123,13.4631774614582
630.18301830183,13.4532112543348
630.24302430243,13.4432450472113
630.30303030303,13.4332788400879
630.36303630363,13.4233126329645
630.42304230423,13.413346425841
630.483048304831,13.4033802187176
630.543054305431,13.3934140115941
630.603060306031,13.3834478044707
630.663066306631,13.3734815973472
630.723072307231,13.3635153902238
630.783078307831,13.3535491831003
630.843084308431,13.3435829759769
630.903090309031,13.3336167688535
630.963096309631,13.32365056173
631.023102310231,13.3136089433867
631.083108310831,13.303446862965
631.143114311431,13.2932847825433
631.203120312031,13.2831227021216
631.263126312631,13.2729606216999
631.323132313231,13.2627985412781
631.383138313831,13.2526364608564
631.443144314431,13.2424743804347
631.503150315031,13.232312300013
631.563156315632,13.2221502195912
631.623162316232,13.2119881391695
631.683168316832,13.2018260587478
631.743174317432,13.1916639783261
631.803180318032,13.1815018979044
631.863186318632,13.1713398174826
631.923192319232,13.1611777370609
631.983198319832,13.1510156566392
632.043204320432,13.1406932177024
632.103210321032,13.1303084171209
632.163216321632,13.1199236165394
632.223222322232,13.1095388159578
632.283228322832,13.0991540153763
632.343234323432,13.0887692147948
632.403240324032,13.0783844142133
632.463246324632,13.0679996136317
632.523252325233,13.0576148130502
632.583258325833,13.0472300124687
632.643264326433,13.0368452118872
632.703270327033,13.0264604113056
632.763276327633,13.0160756107241
632.823282328233,13.0056908101426
632.883288328833,12.9953060095611
632.943294329433,12.9849212089795
633.003300330033,12.9745285438139
633.063306330633,12.9640007507933
633.123312331233,12.9534729577727
633.183318331833,12.9429451647521
633.243324332433,12.9324173717315
633.303330333033,12.9218895787109
633.363336333633,12.9113617856903
633.423342334233,12.9008339926697
633.483348334833,12.8903061996491
633.543354335434,12.8797784066285
633.603360336034,12.8692506136079
633.663366336634,12.8587228205873
633.723372337234,12.8481950275667
633.783378337834,12.8376672345461
633.843384338434,12.8271394415255
633.903390339034,12.8166116485049
633.963396339634,12.8060838554843
634.023402340234,12.7955191107607
634.083408340834,12.7848965697837
634.143414341434,12.7742740288067
634.203420342034,12.7636514878297
634.263426342634,12.7530289468528
634.323432343234,12.7424064058758
634.383438343834,12.7317838648988
634.443444344435,12.7211613239218
634.503450345034,12.7105387829448
634.563456345635,12.6999162419678
634.623462346235,12.6892937009909
634.683468346835,12.6786711600139
634.743474347435,12.6680486190369
634.803480348035,12.6574260780599
634.863486348635,12.6468035370829
634.923492349235,12.6361809961059
634.983498349835,12.625558455129
635.043504350435,12.6148429783562
635.103510351035,12.6040922500747
635.163516351635,12.5933415217931
635.223522352235,12.5825907935116
635.283528352835,12.5718400652301
635.343534353435,12.5610893369485
635.403540354035,12.550338608667
635.463546354635,12.5395878803854
635.523552355236,12.5288371521039
635.583558355836,12.5180864238224
635.643564356436,12.5073356955408
635.703570357036,12.4965849672593
635.763576357636,12.4858342389778
635.823582358236,12.4750835106962
635.883588358836,12.4643327824147
635.943594359436,12.4535820541331
636.003600360036,12.4428253486677
636.063606360636,12.4319750006542
636.123612361236,12.4211246526406
636.183618361836,12.4102743046271
636.243624362436,12.3994239566135
636.303630363036,12.3885736086
636.363636363636,12.3777232605865
636.423642364236,12.366872912573
636.483648364836,12.3560225645594
636.543654365437,12.3451722165459
636.603660366037,12.3343218685324
636.663666366637,12.3234715205188
636.723672367237,12.3126211725053
636.783678367837,12.3017708244918
636.843684368437,12.2909204764783
636.903690369037,12.2800701284647
636.963696369637,12.2692197804512
637.023702370237,12.2583263295705
637.083708370837,12.2473668603745
637.143714371437,12.2364073911783
637.203720372037,12.2254479219822
637.263726372637,12.2144884527861
637.323732373237,12.20352898359
637.383738373837,12.192569514394
637.443744374437,12.1816100451978
637.503750375037,12.1706505760017
637.563756375638,12.1596911068056
637.623762376238,12.1487316376095
637.683768376838,12.1377721684135
637.743774377438,12.1268126992173
637.803780378038,12.1158532300212
637.863786378638,12.1048937608251
637.923792379238,12.093934291629
637.983798379838,12.082974822433
638.043804380438,12.0719644667445
638.103810381038,12.0609352900246
638.163816381638,12.0499061133046
638.223822382238,12.0388769365847
638.283828382838,12.0278477598648
638.343834383438,12.0168185831449
638.403840384038,12.005789406425
638.463846384638,11.9947602297051
638.523852385239,11.9837310529852
638.583858385839,11.9727018762653
638.643864386439,11.9616726995454
638.703870387039,11.9506435228255
638.763876387639,11.9396143461055
638.823882388239,11.9285851693856
638.883888388839,11.9175559926657
638.943894389439,11.9065268159458
639.003900390039,11.8954968249513
639.063906390639,11.8844551209298
639.123912391239,11.8734134169082
639.183918391839,11.8623717128867
639.243924392439,11.8513300088652
639.303930393039,11.8402883048436
639.363936393639,11.8292466008221
639.423942394239,11.8182048968005
639.483948394839,11.807163192779
639.54395439544,11.7961214887575
639.60396039604,11.7850797847359
639.66396639664,11.7740380807144
639.72397239724,11.7629963766929
639.78397839784,11.7519546726713
639.84398439844,11.7409129686498
639.90399039904,11.7298712646283
639.96399639964,11.7188295606067
640.02400240024,11.7077566302357
640.08400840084,11.6966368603404
640.14401440144,11.6855170904452
640.20402040204,11.6743973205499
640.26402640264,11.6632775506547
640.32403240324,11.6521577807594
640.38403840384,11.6410380108641
640.44404440444,11.6299182409689
640.504050405041,11.6187984710736
640.56405640564,11.6076787011784
640.624062406241,11.5965589312831
640.684068406841,11.5854391613878
640.744074407441,11.5743193914926
640.804080408041,11.5631996215973
640.864086408641,11.5520798517021
640.924092409241,11.5409600818068
640.984098409841,11.5298403119115
641.044104410441,11.5186939631897
641.104110411041,11.5075380316257
641.164116411641,11.4963821000617
641.224122412241,11.4852261684977
641.284128412841,11.4740702369336
641.344134413441,11.4629143053696
641.404140414041,11.4517583738056
641.464146414641,11.4406024422416
641.524152415242,11.4294465106775
641.584158415842,11.4182905791135
641.644164416442,11.4071346475495
641.704170417042,11.3959787159854
641.764176417642,11.3848227844214
641.824182418242,11.3736668528574
641.884188418842,11.3625109212934
641.944194419442,11.3513549897293
642.004200420042,11.3401948681731
642.064206420642,11.3289790795777
642.124212421242,11.3177632909822
642.184218421842,11.3065475023867
642.244224422442,11.2953317137912
642.304230423042,11.2841159251957
642.364236423642,11.2729001366003
642.424242424242,11.2616843480048
642.484248424842,11.2504685594093
642.544254425443,11.2392527708138
642.604260426043,11.2280369822184
642.664266426643,11.2168211936229
642.724272427243,11.2056054050274
642.784278427843,11.1943896164319
642.844284428443,11.1831738278365
642.904290429043,11.171958039241
642.964296429643,11.1607422506455
643.024302430243,11.1495182810299
643.084308430843,11.1382822923849
643.144314431443,11.1270463037399
643.204320432043,11.1158103150948
643.264326432643,11.1045743264498
643.324332433243,11.0933383378047
643.384338433843,11.0821023491597
643.444344434443,11.0708663605147
643.504350435044,11.0596303718696
643.564356435644,11.0483943832246
643.624362436244,11.0371583945795
643.684368436844,11.0259224059345
643.744374437444,11.0146864172895
643.804380438044,11.0034504286444
643.864386438644,10.9922144399994
643.924392439244,10.9809784513543
643.984398439844,10.9697424627093
644.044404440444,10.9584994085242
644.104410441044,10.9472538718521
644.164416441644,10.9360083351801
644.224422442244,10.9247627985079
644.284428442844,10.9135172618359
644.344434443444,10.9022717251638
644.404440444044,10.8910261884917
644.464446444644,10.8797806518196
644.524452445244,10.8685351151475
644.584458445845,10.8572895784754
644.644464446445,10.8460440418033
644.704470447045,10.8347985051312
644.764476447645,10.8235529684591
644.824482448245,10.812307431787
644.884488448845,10.8010618951149
644.944494449445,10.7898163584428
645.004500450045,10.7785717765612
645.064506450645,10.7673389704288
645.124512451245,10.7561061642964
645.184518451845,10.744873358164
645.244524452445,10.7336405520316
645.304530453045,10.7224077458991
645.364536453645,10.7111749397668
645.424542454245,10.6999421336344
645.484548454845,10.6887093275019
645.544554455446,10.6774765213695
645.604560456046,10.6662437152371
645.664566456646,10.6550109091047
645.724572457246,10.6437781029723
645.784578457846,10.6325452968399
645.844584458446,10.6213124907075
645.904590459046,10.6100796845751
645.964596459646,10.5988468784427
646.024602460246,10.5876281102248
646.084608460846,10.5764295429082
646.144614461446,10.5652309755916
646.204620462046,10.554032408275
646.264626462646,10.5428338409584
646.324632463246,10.5316352736418
646.384638463846,10.5204367063252
646.444644464446,10.5092381390086
646.504650465047,10.498039571692
646.564656465647,10.4868410043754
646.624662466247,10.4756424370588
646.684668466847,10.4644438697422
646.744674467447,10.4532453024256
646.804680468047,10.442046735109
646.864686468647,10.4308481677924
646.924692469247,10.4196496004758
646.984698469847,10.4084510331592
647.044704470447,10.3972984537371
647.104710471047,10.3861616151378
647.164716471647,10.3750247765386
647.224722472247,10.3638879379394
647.284728472847,10.3527510993401
647.344734473447,10.3416142607409
647.404740474047,10.3304774221416
647.464746474647,10.3193405835424
647.524752475248,10.3082037449432
647.584758475848,10.2970669063439
647.644764476448,10.2859300677447
647.704770477048,10.2747932291454
647.764776477648,10.2636563905462
647.824782478248,10.252519551947
647.884788478848,10.2413827133477
647.944794479448,10.2302458747485
648.004800480048,10.219107171021
648.064806480648,10.2079470183192
648.124812481248,10.1967868656173
648.184818481848,10.1856267129154
648.244824482448,10.1744665602136
648.304830483048,10.1633064075117
648.364836483648,10.1521462548098
648.424842484248,10.1409861021079
648.484848484848,10.1298259494061
648.544854485448,10.1186657967042
648.604860486049,10.1075056440023
648.664866486649,10.0963454913005
648.724872487249,10.0851853385986
648.784878487849,10.0740251858967
648.844884488449,10.0628650331949
648.904890489049,10.051704880493
648.964896489649,10.0405447277911
649.024902490249,10.0293929681682
649.084908490849,10.0182530397531
649.144914491449,10.0071131113379
649.204920492049,9.99597318292275
649.264926492649,9.98483325450761
649.324932493249,9.97369332609246
649.384938493849,9.9625533976773
649.444944494449,9.95141346926217
649.50495049505,9.94027354084699
649.56495649565,9.92913361243185
649.62496249625,9.9179936840167
649.68496849685,9.90685375560154
649.74497449745,9.89571382718641
649.80498049805,9.88457389877123
649.86498649865,9.8734339703561
649.92499249925,9.86229404194094
649.98499849985,9.85115411352578
650.04500450045,9.83998905098681
650.10501050105,9.82881561040651
650.16501650165,9.81764216982626
650.22502250225,9.80646872924598
650.28502850285,9.7952952886657
650.34503450345,9.78412184808545
650.40504050405,9.77294840750515
650.46504650465,9.7617749669249
650.525052505251,9.75060152634462
650.585058505851,9.73942808576435
650.645064506451,9.72825464518409
650.705070507051,9.71708120460379
650.765076507651,9.70590776402354
650.825082508251,9.69473432344326
650.885088508851,9.68356088286298
650.945094509451,9.67238744228273
651.005100510051,9.66121865580256
651.065106510651,9.65009996934138
651.125112511251,9.63898128288019
651.185118511851,9.627862596419
651.245124512451,9.61674390995783
651.305130513051,9.60562522349661
651.365136513651,9.59450653703544
651.425142514251,9.58338785057425
651.485148514852,9.57226916411306
651.545154515451,9.56115047765189
651.605160516052,9.55003179119067
651.665166516652,9.5389131047295
651.725172517252,9.52779441826831
651.785178517852,9.51667573180712
651.845184518452,9.50555704534595
651.905190519052,9.49443835888473
651.965196519652,9.48331967242356
652.025202520252,9.47220845073449
652.085208520852,9.46110753754025
652.145214521452,9.45000662434603
652.205220522052,9.43890571115179
652.265226522652,9.42780479795755
652.325232523252,9.41670388476331
652.385238523852,9.40560297156907
652.445244524452,9.39450205837485
652.505250525052,9.38340114518061
652.565256525653,9.37230023198637
652.625262526253,9.36119931879213
652.685268526853,9.35009840559789
652.745274527453,9.33899749240367
652.805280528053,9.32789657920943
652.865286528653,9.31679566601519
652.925292529253,9.30569475282095
652.985298529853,9.29459383962671
653.045304530453,9.28362126811177
653.105310531053,9.27269034389671
653.165316531653,9.26175941968165
653.225322532253,9.25082849546659
653.285328532853,9.23989757125153
653.345334533453,9.22896664703648
653.405340534053,9.21803572282142
653.465346534653,9.20710479860636
653.525352535254,9.1961738743913
653.585358535854,9.18524295017624
653.645364536454,9.1743120259612
653.705370537054,9.16338110174614
653.765376537654,9.15245017753107
653.825382538254,9.14151925331601
653.885388538854,9.13058832910095
653.945394539454,9.11965740488591
654.005400540054,9.10873184263216
654.065406540654,9.09786049576504
654.125412541254,9.08698914889792
654.185418541854,9.0761178020308
654.245424542454,9.0652464551637
654.305430543054,9.05437510829658
654.365436543654,9.04350376142946
654.425442544254,9.03263241456236
654.485448544855,9.02176106769522
654.545454545455,9.01088972082812
654.605460546055,9.000018373961
654.665466546655,8.98914702709387
654.725472547255,8.97827568022677
654.785478547855,8.96740433335963
654.845484548455,8.95653298649253
654.905490549055,8.94566163962541
654.965496549655,8.93479029275829
655.025502550255,8.92393419324589
655.085508550855,8.91309872250746
655.145514551455,8.90226325176907
655.205520552055,8.89142778103066
655.265526552655,8.88059231029225
655.325532553255,8.86975683955386
655.385538553855,8.85892136881543
655.445544554455,8.84808589807704
655.505550555055,8.83725042733863
655.565556555656,8.82641495660022
655.625562556256,8.81557948586183
655.685568556856,8.8047440151234
655.745574557456,8.79390854438501
655.805580558056,8.7830730736466
655.865586558656,8.77223760290819
655.925592559256,8.7614021321698
655.985598559856,8.75056666143137
656.045604560456,8.73981940422777
656.105610561056,8.72910000392988
656.165616561656,8.71838060363199
656.225622562256,8.70766120333411
656.285628562856,8.6969418030362
656.345634563456,8.68622240273833
656.405640564056,8.67550300244044
656.465646564656,8.66478360214254
656.525652565256,8.65406420184467
656.585658565857,8.64334480154676
656.645664566457,8.63262540124889
656.705670567057,8.62190600095099
656.765676567657,8.6111866006531
656.825682568257,8.60046720035523
656.885688568857,8.58974780005732
656.945694569457,8.57902839975944
657.005700570057,8.56831454345152
657.065706570657,8.55765350094273
657.125712571257,8.54699245843397
657.185718571857,8.53633141592517
657.245724572457,8.52567037341641
657.305730573057,8.51500933090763
657.365736573657,8.50434828839885
657.425742574257,8.49368724589008
657.485748574858,8.48302620338128
657.545754575458,8.47236516087252
657.605760576058,8.46170411836374
657.665766576658,8.45104307585496
657.725772577258,8.4403820333462
657.785778577858,8.42972099083739
657.845784578458,8.41905994832863
657.905790579058,8.40839890581985
657.965796579658,8.39773786331107
658.025802580258,8.38713184698527
658.085808580858,8.37659877234381
658.145814581458,8.3660656977024
658.205820582058,8.35553262306096
658.265826582658,8.34499954841953
658.325832583258,8.33446647377811
658.385838583858,8.32393339913666
658.445844584458,8.31340032449524
658.505850585059,8.30286724985381
658.565856585659,8.29233417521237
658.625862586259,8.28180110057096
658.685868586859,8.27126802592951
658.745874587459,8.26073495128809
658.805880588059,8.25020187664666
658.865886588659,8.23966880200522
658.925892589259,8.22913572736381
658.985898589859,8.21860265272235
659.045904590459,8.20813214865733
659.105910591059,8.19768086561901
659.165916591659,8.1872295825807
659.225922592259,8.17677829954241
659.285928592859,8.16632701650407
659.345934593459,8.15587573346578
659.405940594059,8.14542445042746
659.465946594659,8.13497316738915
659.525952595259,8.12452188435086
659.58595859586,8.11407060131252
659.64596459646,8.10361931827423
659.70597059706,8.09316803523592
659.76597659766,8.0827167521976
659.82598259826,8.07226546915931
659.88598859886,8.06181418612099
659.94599459946,8.05136290308268
660.00600060006,8.04092129212986
660.06600660066,8.03056672994645
660.12601260126,8.02021216776306
660.18601860186,8.00985760557965
660.24602460246,7.99950304339624
660.30603060306,7.98914848121284
660.36603660366,7.97879391902943
660.42604260426,7.96843935684604
660.48604860486,7.95808479466263
660.546054605461,7.94773023247922
660.606060606061,7.93737567029581
660.666066606661,7.92702110811241
660.726072607261,7.91666654592902
660.786078607861,7.90631198374561
660.846084608461,7.8959574215622
660.906090609061,7.88560285937879
660.966096609661,7.87524829719539
661.026102610261,7.86495233688562
661.086108610861,7.85473249165307
661.146114611461,7.84451264642052
661.206120612061,7.83429280118796
661.266126612661,7.82407295595541
661.326132613261,7.81385311072288
661.386138613861,7.80363326549033
661.446144614461,7.79341342025778
661.506150615062,7.78319357502522
661.566156615662,7.77297372979267
661.626162616262,7.76275388456014
661.686168616862,7.75253403932759
661.746174617462,7.74231419409504
661.806180618062,7.73209434886249
661.866186618662,7.72187450362993
661.926192619262,7.7116546583974
661.986198619862,7.70143481316485
662.046204620462,7.69131730620269
662.106210621062,7.68123036781482
662.166216621662,7.67114342942692
662.226222622262,7.66105649103905
662.286228622862,7.65096955265117
662.346234623462,7.64088261426328
662.406240624062,7.63079567587542
662.466246624663,7.62070873748751
662.526252625262,7.61062179909964
662.586258625863,7.60053486071176
662.646264626463,7.59044792232387
662.706270627063,7.58036098393601
662.766276627663,7.5702740455481
662.826282628263,7.56018710716023
662.886288628863,7.55010016877235
662.946294629463,7.54001323038446
663.006300630063,7.52994100545245
663.066306630663,7.51999419521555
663.126312631263,7.51004738497869
663.186318631863,7.50010057474182
663.246324632463,7.49015376450494
663.306330633063,7.48020695426808
663.366336633663,7.47026014403118
663.426342634263,7.46031333379432
663.486348634863,7.45036652355744
663.546354635464,7.44041971332056
663.606360636064,7.4304729030837
663.666366636664,7.4205260928468
663.726372637264,7.41057928260994
663.786378637864,7.40063247237307
663.846384638464,7.39068566213619
663.906390639064,7.38073885189933
663.966396639664,7.37079204166243
664.026402640264,7.36088356786027
664.086408640864,7.35102388588406
664.146414641464,7.34116420390786
664.206420642064,7.33130452193167
664.266426642664,7.32144483995545
664.326432643264,7.31158515797926
664.386438643864,7.30172547600306
664.446444644464,7.29186579402685
664.506450645064,7.28200611205067
664.566456645665,7.27214643007444
664.626462646265,7.26228674809826
664.686468646865,7.25242706612205
664.746474647465,7.24256738414585
664.806480648065,7.23270770216966
664.866486648665,7.22284802019344
664.926492649265,7.21298833821725
664.986498649865,7.20312865624105
665.046504650465,7.19337535490497
665.106510651065,7.18365293827088
665.166516651665,7.17393052163675
665.226522652265,7.16420810500266
665.286528652865,7.15448568836855
665.346534653465,7.14476327173444
665.406540654065,7.13504085510035
665.466546654666,7.12531843846623
665.526552655266,7.11559602183214
665.586558655866,7.10587360519803
665.646564656466,7.09615118856392
665.706570657066,7.08642877192983
665.766576657666,7.0767063552957
665.826582658266,7.06698393866161
665.886588658866,7.05726152202751
665.946594659466,7.0475391053934
666.006600660066,7.03783273865506
666.066606660666,7.02825623016411
666.126612661266,7.01867972167319
666.186618661866,7.00910321318225
666.246624662466,6.99952670469132
666.306630663066,6.9899501962004
666.366636663666,6.98037368770945
666.426642664266,6.97079717921854
666.486648664866,6.9612206707276
666.546654665467,6.95164416223667
666.606660666067,6.94206765374575
666.666666666667,6.9324911452548
666.726672667267,6.92291463676388
666.786678667867,6.91333812827295
666.846684668467,6.90376161978201
666.906690669067,6.8941851112911
666.966696669667,6.88460860280014
667.026702670267,6.87510822988245
667.086708670867,6.86570281256731
667.146714671467,6.85629739525216
667.206720672067,6.84689197793703
667.266726672667,6.83748656062187
667.326732673267,6.82808114330674
667.386738673867,6.8186757259916
667.446744674467,6.80927030867645
667.506750675067,6.79986489136133
667.566756675668,6.79045947404618
667.626762676268,6.78105405673103
667.686768676868,6.77164863941589
667.746774677468,6.76224322210074
667.806780678068,6.75283780478562
667.866786678668,6.74343238747047
667.926792679268,6.73402697015532
667.986798679868,6.72462155284018
668.046804680468,6.71532932031268
668.106810681068,6.70606901169966
668.166816681668,6.69680870308662
668.226822682268,6.68754839447358
668.286828682868,6.67828808586055
668.346834683468,6.66902777724751
668.406840684068,6.65976746863449
668.466846684668,6.65050716002145
668.526852685269,6.64124685140842
668.586858685869,6.63198654279538
668.646864686469,6.62272623418234
668.706870687069,6.61346592556932
668.766876687669,6.60420561695629
668.826882688269,6.59494530834325
668.886888688869,6.58568499973021
668.946894689469,6.57642469111718
669.006900690069,6.56717902594308
669.066906690669,6.55804605158156
669.126912691269,6.54891307722003
669.186918691869,6.5397801028585
669.246924692469,6.53064712849698
669.306930693069,6.52151415413547
669.366936693669,6.51238117977394
669.426942694269,6.50324820541241
669.48694869487,6.49411523105089
669.54695469547,6.48498225668936
669.60696069607,6.47584928232785
669.66696669667,6.46671630796633
669.72697269727,6.4575833336048
669.78697869787,6.44845035924329
669.84698469847,6.43931738488175
669.90699069907,6.43018441052024
669.96699669967,6.42105143615871
670.02700270027,6.41196870597007
670.08700870087,6.40294738532608
670.14701470147,6.39392606468206
670.20702070207,6.38490474403807
670.26702670267,6.37588342339407
670.32703270327,6.36686210275007
670.38703870387,6.35784078210608
670.44704470447,6.34881946146206
670.50705070507,6.33979814081807
670.567056705671,6.33077682017407
670.627062706271,6.32175549953006
670.687068706871,6.31273417888608
670.747074707471,6.30371285824205
670.807080708071,6.29469153759807
670.867086708671,6.28567021695406
670.927092709271,6.27664889631006
670.987098709871,6.26762757566607
671.047104710471,6.25876896736381
671.107110711071,6.24995492358831
671.167116711671,6.2411408798128
671.227122712271,6.23232683603728
671.287128712871,6.22351279226178
671.347134713471,6.21469874848625
671.407140714071,6.20588470471075
671.467146714671,6.19707066093523
671.527152715272,6.18825661715971
671.587158715872,6.17944257338421
671.647164716472,6.17062852960868
671.707170717072,6.16181448583318
671.767176717672,6.15300044205766
671.827182718272,6.14418639828215
671.887188718872,6.13537235450665
671.947194719472,6.12655831073111
672.007200720072,6.11776203752957
672.067206720672,6.10909608187033
672.127212721272,6.1004301262111
672.187218721872,6.09176417055188
672.247224722472,6.08309821489263
672.307230723072,6.07443225923342
672.367236723672,6.06576630357418
672.427242724272,6.05710034791495
672.487248724872,6.04843439225573
672.547254725473,6.03976843659648
672.607260726073,6.03110248093726
672.667266726673,6.02243652527803
672.727272727273,6.0137705696188
672.787278727873,6.00510461395958
672.847284728473,5.99643865830033
672.907290729073,5.98777270264111
672.967296729673,5.97910674698188
673.027302730273,5.97050777101403
673.087308730873,5.96198902346775
673.147314731473,5.95347027592143
673.207320732073,5.94495152837514
673.267326732673,5.93643278082884
673.327332733273,5.92791403328254
673.387338733873,5.91939528573625
673.447344734474,5.91087653818994
673.507350735073,5.90235779064365
673.567356735674,5.89383904309735
673.627362736274,5.88532029555105
673.687368736874,5.87680154800476
673.747374737474,5.86828280045845
673.807380738074,5.85976405291216
673.867386738674,5.85124530536586
673.927392739274,5.84272655781956
673.987398739874,5.83420781027327
674.047404740474,5.82572756723752
674.107410741074,5.81725755957802
674.167416741674,5.80878755191851
674.227422742274,5.800317544259
674.287428742874,5.7918475365995
674.347434743474,5.78337752893997
674.407440744074,5.77490752128048
674.467446744674,5.76643751362097
674.527452745275,5.75796750596145
674.587458745875,5.74949749830196
674.647464746475,5.74102749064243
674.707470747075,5.73255748298294
674.767476747675,5.72408747532342
674.827482748275,5.71561746766391
674.887488748875,5.70714746000442
674.947494749475,5.69867745234489
675.007500750075,5.69022610596798
675.067506750675,5.6819053885692
675.127512751275,5.67358467117041
675.187518751875,5.66526395377163
675.247524752475,5.65694323637285
675.307530753075,5.64862251897406
675.367536753675,5.64030180157527
675.427542754275,5.63198108417648
675.487548754875,5.62366036677771
675.547554755476,5.61533964937892
675.607560756076,5.60701893198013
675.667566756676,5.59869821458135
675.727572757276,5.59037749718256
675.787578757876,5.58205677978379
675.847584758476,5.573736062385
675.907590759076,5.56541534498621
675.967596759676,5.55709462758742
676.027602760276,5.54884689544481
676.087608760876,5.54068484164641
676.147614761476,5.532522787848
676.207620762076,5.52436073404959
676.267626762676,5.51619868025117
676.327632763276,5.50803662645276
676.387638763876,5.49987457265436
676.447644764476,5.49171251885595
676.507650765077,5.48355046505754
676.567656765677,5.47538841125913
676.627662766277,5.46722635746071
676.687668766877,5.45906430366232
676.747674767477,5.4509022498639
676.807680768077,5.44274019606549
676.867686768677,5.43457814226708
676.927692769277,5.42641608846867
676.987698769877,5.41825403467027
677.047704770477,5.41020328602862
677.107710771077,5.40218123871671
677.167716771677,5.3941591914048
677.227722772277,5.38613714409289
677.287728772877,5.37811509678099
677.347734773477,5.37009304946907
677.407740774077,5.36207100215716
677.467746774677,5.35404895484526
677.527752775278,5.34602690753334
677.587758775878,5.33800486022144
677.647764776478,5.32998281290952
677.707770777078,5.32196076559761
677.767776777678,5.31393871828571
677.827782778278,5.30591667097378
677.887788778878,5.29789462366189
677.947794779478,5.28987257634997
678.007800780078,5.28186967234841
678.067806780678,5.27399488126996
678.127812781278,5.26612009019148
678.187818781878,5.25824529911303
678.247824782478,5.25037050803456
678.307830783078,5.24249571695609
678.367836783678,5.23462092587764
678.427842784278,5.22674613479916
678.487848784878,5.21887134372071
678.547854785479,5.21099655264224
678.607860786079,5.20312176156378
678.667866786679,5.19524697048533
678.727872787279,5.18737217940684
678.787878787879,5.17949738832839
678.847884788479,5.17162259724993
678.907890789079,5.16374780617146
678.967896789679,5.15587301509301
679.027902790279,5.14805717292905
679.087908790879,5.1403091537098
679.147914791479,5.13256113449054
679.207920792079,5.12481311527127
679.267926792679,5.11706509605202
679.327932793279,5.10931707683274
679.387938793879,5.10156905761349
679.447944794479,5.09382103839422
679.50795079508,5.08607301917496
679.567956795679,5.0783249999557
679.62796279628,5.07057698073642
679.68796879688,5.06282896151717
679.74797479748,5.05508094229791
679.80798079808,5.04733292307864
679.86798679868,5.03958490385939
679.92799279928,5.03183688464011
679.98799879988,5.02408886542086
680.04800480048,5.01646564137335
680.10801080108,5.00887361611879
680.16801680168,5.00128159086424
680.22802280228,4.99368956560966
680.28802880288,4.98609754035511
680.34803480348,4.97850551510055
680.40804080408,4.97091348984598
680.46804680468,4.96332146459143
680.528052805281,4.95572943933685
680.588058805881,4.94813741408231
680.648064806481,4.94054538882774
680.708070807081,4.93295336357318
680.768076807681,4.92536133831863
680.828082808281,4.91776931306405
680.888088808881,4.9101772878095
680.948094809481,4.90258526255494
681.008100810081,4.89501810728129
681.068106810681,4.88761030410759
681.128112811281,4.88020250093387
681.188118811881,4.87279469776018
681.248124812481,4.86538689458647
681.308130813081,4.85797909141276
681.368136813681,4.85057128823907
681.428142814282,4.84316348506534
681.488148814881,4.83575568189165
681.548154815482,4.82834787871794
681.608160816082,4.82094007554423
681.668166816682,4.81353227237054
681.728172817282,4.80612446919682
681.788178817882,4.79871666602312
681.848184818482,4.79130886284941
681.908190819082,4.78390105967571
681.968196819682,4.77649325650201
682.028202820282,4.76916254069422
682.088208820882,4.76191875319271
682.148214821482,4.75467496569119
682.208220822082,4.74743117818967
682.268226822682,4.74018739068817
682.328232823282,4.73294360318664
682.388238823882,4.72569981568513
682.448244824482,4.71845602818361
682.508250825083,4.71121224068209
682.568256825683,4.70396845318059
682.628262826283,4.69672466567905
682.688268826883,4.68948087817755
682.748274827483,4.68223709067603
682.808280828083,4.67499330317451
682.868286828683,4.66774951567301
682.928292829283,4.66050572817149
682.988298829883,4.65326194066997
683.048304830483,4.6461041379202
683.108310831083,4.63896716377489
683.168316831683,4.6318301896296
683.228322832283,4.62469321548429
683.288328832883,4.61755624133898
683.348334833483,4.61041926719367
683.408340834083,4.60328229304836
683.468346834683,4.59614531890307
683.528352835283,4.58900834475776
683.588358835884,4.58187137061245
683.648364836484,4.57473439646715
683.708370837084,4.56759742232184
683.768376837684,4.56046044817654
683.828382838284,4.55332347403124
683.888388838884,4.54618649988593
683.948394839484,4.53904952574062
684.008400840084,4.53193914203387
684.068406840684,4.52499209959255
684.128412841284,4.51804505715122
684.188418841884,4.51109801470988
684.248424842484,4.50415097226855
684.308430843084,4.49720392982722
684.368436843684,4.4902568873859
684.428442844284,4.48330984494457
684.488448844884,4.47636280250324
684.548454845485,4.4694157600619
684.608460846085,4.46246871762057
684.668466846685,4.45552167517925
684.728472847285,4.44857463273792
684.788478847885,4.44162759029659
684.848484848485,4.43468054785525
684.908490849085,4.42773350541392
684.968496849685,4.4207864629726
685.028502850285,4.41391388925896
685.088508850885,4.40712362308645
685.148514851485,4.40033335691394
685.208520852085,4.39354309074142
685.268526852685,4.38675282456891
685.328532853285,4.3799625583964
685.388538853885,4.37317229222389
685.448544854485,4.36638202605138
685.508550855086,4.35959175987886
685.568556855686,4.35280149370635
685.628562856286,4.34601122753384
685.688568856886,4.33922096136133
685.748574857486,4.33243069518882
685.808580858086,4.3256404290163
685.868586858686,4.31885016284379
685.928592859286,4.31205989667128
685.988598859886,4.30526963049877
686.048604860486,4.29859586746312
686.108610861086,4.29194943232376
686.168616861686,4.28530299718442
686.228622862286,4.27865656204506
686.288628862886,4.27201012690571
686.348634863486,4.26536369176637
686.408640864086,4.258717256627
686.468646864686,4.25207082148766
686.528652865287,4.24542438634831
686.588658865887,4.23877795120895
686.648664866487,4.23213151606961
686.708670867087,4.22548508093024
686.768676867687,4.2188386457909
686.828682868287,4.21219221065155
686.888688868887,4.20554577551219
686.948694869487,4.19889934037285
687.008700870087,4.19227751421805
687.068706870687,4.18580079621363
687.128712871287,4.1793240782092
687.188718871887,4.17284736020477
687.248724872487,4.16637064220035
687.308730873087,4.15989392419591
687.368736873687,4.15341720619149
687.428742874287,4.14694048818706
687.488748874888,4.14046377018263
687.548754875487,4.13398705217821
687.608760876088,4.12751033417377
687.668766876688,4.12103361616935
687.728772877288,4.11455689816492
687.788778877888,4.10808018016049
687.848784878488,4.10160346215608
687.908790879088,4.09512674415163
687.968796879688,4.08865002614721
688.028802880288,4.0822421462964
688.088808880888,4.075908841112
688.148814881488,4.06957553592762
688.208820882088,4.06324223074321
688.268826882688,4.05690892555882
688.328832883288,4.05057562037442
688.388838883888,4.04424231519002
688.448844884488,4.03790901000564
688.508850885089,4.03157570482123
688.568856885689,4.02524239963684
688.628862886289,4.01890909445245
688.688868886889,4.01257578926805
688.748874887489,4.00624248408366
688.808880888089,3.99990917889925
688.868886888689,3.99357587371487
688.928892889289,3.98724256853047
688.988898889889,3.98090926334607
689.048904890489,3.9746707436609
689.108910891089,3.96845373970253
689.168916891689,3.96223673574418
689.228922892289,3.95601973178582
689.288928892889,3.94980272782746
689.348934893489,3.94358572386911
689.408940894089,3.93736871991074
689.468946894689,3.93115171595239
689.52895289529,3.92493471199403
689.58895889589,3.91871770803566
689.64896489649,3.91250070407732
689.70897089709,3.90628370011894
689.76897689769,3.90006669616059
689.82898289829,3.89384969220223
689.88898889889,3.88763268824387
689.94899489949,3.88141568428552
690.00900090009,3.87521663744409
690.06900690069,3.86911934759868
690.12901290129,3.86302205775326
690.18901890189,3.85692476790784
690.24902490249,3.85082747806243
690.30903090309,3.84473018821699
690.36903690369,3.83863289837158
690.42904290429,3.83253560852616
690.489048904891,3.82643831868074
690.54905490549,3.82034102883533
690.609060906091,3.81424373898991
690.669066906691,3.80814644914449
690.729072907291,3.80204915929907
690.789078907891,3.79595186945364
690.849084908491,3.78985457960823
690.909090909091,3.78375728976281
690.969096909691,3.77765999991739
691.029102910291,3.77164322319823
691.089108910891,3.76571193979871
691.149114911491,3.7597806563992
691.209120912091,3.75384937299967
691.269126912691,3.74791808960015
691.329132913291,3.74198680620063
691.389138913891,3.7360555228011
691.449144914491,3.73012423940159
691.509150915091,3.72419295600207
691.569156915692,3.71826167260255
691.629162916292,3.71233038920303
691.689168916892,3.7063991058035
691.749174917492,3.70046782240399
691.809180918092,3.69453653900447
691.869186918692,3.68860525560495
691.929192919292,3.68267397220542
691.989198919892,3.6767426888059
692.049204920492,3.67086089378963
692.109210921092,3.66498996207698
692.169216921692,3.65911903036433
692.229222922292,3.65324809865169
692.289228922892,3.64737716693904
692.349234923492,3.6415062352264
692.409240924092,3.63563530351376
692.469246924692,3.62976437180111
692.529252925293,3.62389344008846
692.589258925893,3.61802250837582
692.649264926493,3.61215157666318
692.709270927093,3.60628064495053
692.769276927693,3.60040971323789
692.829282928293,3.59453878152525
692.889288928893,3.58866784981259
692.949294929493,3.58279691809996
693.009300930093,3.57694052427255
693.069306930693,3.57116338536792
693.129312931293,3.56538624646329
693.189318931893,3.55960910755864
693.249324932493,3.55383196865402
693.309330933093,3.54805482974938
693.369336933693,3.54227769084475
693.429342934293,3.53650055194012
693.489348934894,3.53072341303547
693.549354935494,3.52494627413085
693.609360936094,3.51916913522621
693.669366936694,3.51339199632157
693.729372937294,3.50761485741695
693.789378937894,3.5018377185123
693.849384938494,3.49606057960768
693.909390939094,3.49028344070304
693.969396939694,3.4845063017984
694.029402940294,3.47877016020822
694.089408940894,3.47307668929223
694.149414941494,3.46738321837626
694.209420942094,3.46168974746027
694.269426942694,3.45599627654429
694.329432943294,3.45030280562832
694.389438943894,3.44460933471233
694.449444944494,3.43891586379636
694.509450945094,3.43322239288038
694.569456945695,3.4275289219644
694.629462946295,3.42183545104843
694.689468946895,3.41614198013244
694.749474947495,3.41044850921647
694.809480948095,3.40475503830048
694.869486948695,3.3990615673845
694.929492949295,3.39336809646853
694.989498949895,3.38767462555254
695.049504950495,3.38213047939754
695.109510951095,3.37661800819183
695.169516951695,3.37110553698611
695.229522952295,3.36559306578041
695.289528952895,3.36008059457469
695.349534953495,3.35456812336898
695.409540954095,3.34905565216327
695.469546954695,3.34354318095756
695.529552955295,3.33803070975185
695.589558955896,3.33251823854613
695.649564956496,3.32700576734043
695.709570957096,3.32149329613471
695.769576957696,3.315980824929
695.829582958296,3.3104683537233
695.889588958896,3.30495588251757
695.949594959496,3.29944341131187
696.009600960096,3.29394857332001
696.069606960696,3.28854630970091
696.129612961296,3.28314404608182
696.189618961896,3.27774178246271
696.249624962496,3.27233951884362
696.309630963096,3.26693725522452
696.369636963696,3.26153499160542
696.429642964296,3.25613272798633
696.489648964897,3.25073046436722
696.549654965497,3.24532820074813
696.609660966097,3.23992593712903
696.669666966697,3.23452367350993
696.729672967297,3.22912140989084
696.789678967897,3.22371914627172
696.849684968497,3.21831688265263
696.909690969097,3.21291461903353
696.969696969697,3.20751235541443
697.029702970297,3.20215762558206
697.089708970897,3.19685138981491
697.149714971497,3.19154515404778
697.209720972097,3.18623891828065
697.269726972697,3.18093268251351
697.329732973297,3.17562644674638
697.389738973897,3.17032021097923
697.449744974497,3.1650139752121
697.509750975098,3.15970773944496
697.569756975698,3.15440150367782
697.629762976298,3.14909526791069
697.689768976898,3.14378903214354
697.749774977498,3.13848279637641
697.809780978098,3.13317656060927
697.869786978698,3.12787032484213
697.929792979298,3.12256408907501
697.989798979898,3.11725785330786
698.049804980498,3.11207267682898
698.109810981098,3.106912295626
698.169816981698,3.10175191442302
698.229822982298,3.09659153322005
698.289828982898,3.09143115201707
698.349834983498,3.08627077081409
698.409840984098,3.08111038961111
698.469846984699,3.07595000840813
698.529852985298,3.07078962720516
698.589858985899,3.06562924600218
698.649864986499,3.0604688647992
698.709870987099,3.05530848359622
698.769876987699,3.05014810239324
698.829882988299,3.04498772119027
698.889888988899,3.03982733998729
698.949894989499,3.03466695878431
699.009900990099,3.02952713284027
699.069906990699,3.02449132896423
699.129912991299,3.0194555250882
699.189918991899,3.01441972121216
699.249924992499,3.00938391733612
699.309930993099,3.00434811346007
699.369936993699,2.99931230958403
699.429942994299,2.994276505708
699.489948994899,2.98924070183196
699.5499549955,2.98420489795592
699.6099609961,2.97916909407988
699.6699669967,2.97413329020383
699.7299729973,2.9690974863278
699.7899789979,2.96406168245176
699.8499849985,2.95902587857572
699.9099909991,2.95399007469968
699.9699969997,2.94895427082364
700.0300030003,2.94399039084585
700.0900090009,2.93909843476631
700.1500150015,2.93420647868676
700.2100210021,2.92931452260722
700.2700270027,2.92442256652767
700.3300330033,2.91953061044814
700.3900390039,2.91463865436859
700.4500450045,2.90974669828904
700.5100510051,2.90485474220951
700.570057005701,2.89996278612995
700.630063006301,2.89507083005042
700.690069006901,2.89017887397087
700.750075007501,2.88528691789133
700.810081008101,2.88039496181179
700.870087008701,2.87550300573224
700.930093009301,2.8706110496527
700.990099009901,2.86571909357316
701.050105010501,2.860914779855
701.110111011101,2.85612778468731
701.170117011701,2.85134078951961
701.230123012301,2.84655379435192
701.290129012901,2.84176679918422
701.350135013501,2.83697980401652
701.410141014101,2.83219280884884
701.470147014702,2.82740581368113
701.530153015301,2.82261881851344
701.590159015902,2.81783182334574
701.650165016502,2.81304482817805
701.710171017102,2.80825783301036
701.770177017702,2.80347083784265
701.830183018302,2.79868384267496
701.890189018902,2.79389684750726
701.950195019502,2.78910985233957
702.010201020102,2.78434001021958
702.070207020702,2.77965391533245
702.130213021302,2.77496782044534
702.190219021902,2.77028172555822
702.250225022502,2.7655956306711
702.310231023102,2.76090953578399
702.370237023702,2.75622344089686
702.430243024302,2.75153734600975
702.490249024902,2.74685125112263
702.550255025503,2.74216515623551
702.610261026103,2.7374790613484
702.670267026703,2.73279296646127
702.730273027303,2.72810687157416
702.790279027903,2.72342077668704
702.850285028503,2.71873468179992
702.910291029103,2.71404858691281
702.970297029703,2.70936249202568
703.030303030303,2.70474888416949
703.090309030903,2.70020632795746
703.150315031503,2.69566377174544
703.210321032103,2.69112121553342
703.270327032703,2.68657865932139
703.330333033303,2.68203610310937
703.390339033903,2.67749354689734
703.450345034503,2.67295099068532
703.510351035103,2.6684084344733
703.570357035704,2.66386587826127
703.630363036304,2.65932332204925
703.690369036904,2.65478076583722
703.750375037504,2.6502382096252
703.810381038104,2.64569565341318
703.870387038704,2.64115309720115
703.930393039304,2.63661054098913
703.990399039904,2.6320679847771
704.050405040504,2.62767403546479
704.110411041104,2.62330839222863
704.170417041704,2.61894274899244
704.230423042304,2.61457710575628
704.290429042904,2.6102114625201
704.350435043504,2.60584581928393
704.410441044104,2.60148017604776
704.470447044705,2.59711453281158
704.530453045305,2.59274888957541
704.590459045905,2.58838324633924
704.650465046505,2.58401760310306
704.710471047105,2.5796519598669
704.770477047705,2.57528631663072
704.830483048305,2.57092067339455
704.890489048905,2.56655503015838
704.950495049505,2.5621893869222
705.010501050105,2.55783381575925
705.070507050705,2.55352572722718
705.130513051305,2.54921763869513
705.190519051905,2.54490955016307
705.250525052505,2.54060146163101
705.310531053105,2.53629337309896
705.370537053705,2.53198528456689
705.430543054305,2.52767719603483
705.490549054906,2.52336910750277
705.550555055506,2.51906101897071
705.610561056106,2.51475293043866
705.670567056706,2.51044484190659
705.730573057306,2.50613675337454
705.790579057906,2.50182866484248
705.850585058506,2.49752057631042
705.910591059106,2.49321248777836
705.970597059706,2.4889043992463
706.030603060306,2.48465172081273
706.090609060906,2.48045227953261
706.150615061506,2.47625283825249
706.210621062106,2.47205339697238
706.270627062706,2.46785395569226
706.330633063306,2.46365451441214
706.390639063906,2.45945507313202
706.450645064506,2.45525563185189
706.510651065106,2.45105619057178
706.570657065707,2.44685674929166
706.630663066307,2.44265730801154
706.690669066907,2.43845786673142
706.750675067507,2.4342584254513
706.810681068107,2.43005898417119
706.870687068707,2.42585954289107
706.930693069307,2.42166010161095
706.990699069907,2.41746066033083
707.050705070507,2.41333617841334
707.110711071107,2.40922544643813
707.170717071707,2.4051147144629
707.230723072307,2.40100398248768
707.290729072907,2.39689325051246
707.350735073507,2.39278251853723
707.410741074107,2.38867178656202
707.470747074707,2.38456105458679
707.530753075308,2.38045032261157
707.590759075908,2.37633959063634
707.650765076508,2.37222885866112
707.710771077108,2.3681181266859
707.770777077708,2.36400739471068
707.830783078308,2.35989666273546
707.890789078908,2.35578593076023
707.950795079508,2.35167519878501
708.010801080108,2.34758588057083
708.070807080708,2.34359411393468
708.130813081308,2.33960234729853
708.190819081908,2.33561058066239
708.250825082508,2.33161881402624
708.310831083108,2.3276270473901
708.370837083708,2.32363528075395
708.430843084308,2.31964351411781
708.490849084908,2.31565174748167
708.550855085509,2.31165998084551
708.610861086109,2.30766821420937
708.670867086709,2.30367644757323
708.730873087309,2.29968468093708
708.790879087909,2.29569291430094
708.850885088509,2.29170114766479
708.910891089109,2.28770938102865
708.970897089709,2.2837176143925
709.030903090309,2.27977183825756
709.090909090909,2.2758693735655
709.150915091509,2.27196690887343
709.210921092109,2.26806444418138
709.270927092709,2.26416197948932
709.330933093309,2.26025951479726
709.390939093909,2.2563570501052
709.45094509451,2.25245458541313
709.510951095109,2.24855212072108
709.57095709571,2.24464965602901
709.63096309631,2.24074719133695
709.69096909691,2.2368447266449
709.75097509751,2.23294226195283
709.81098109811,2.22903979726077
709.87098709871,2.22513733256871
709.93099309931,2.22123486787665
709.99099909991,2.21733240318459
710.05100510051,2.21350292806498
710.11101110111,2.20968633345816
710.17101710171,2.20586973885133
710.23102310231,2.2020531442445
710.29102910291,2.19823654963768
710.35103510351,2.19441995503085
710.41104110411,2.19060336042403
710.47104710471,2.1867867658172
710.531053105311,2.18297017121038
710.591059105911,2.17915357660356
710.651065106511,2.17533698199672
710.711071107111,2.1715203873899
710.771077107711,2.16770379278308
710.831083108311,2.16388719817625
710.891089108911,2.16007060356943
710.951095109511,2.1562540089626
711.011101110111,2.15246030613115
711.071107110711,2.14876745085066
711.131113111311,2.14507459557018
711.191119111911,2.1413817402897
711.251125112511,2.1376888850092
711.311131113111,2.13399602972872
711.371137113711,2.13030317444824
711.431143114311,2.12661031916775
711.491149114911,2.12291746388727
711.551155115512,2.11922460860678
711.611161116112,2.1155317533263
711.671167116712,2.11183889804581
711.731173117312,2.10814604276532
711.791179117912,2.10445318748484
711.851185118512,2.10076033220435
711.911191119112,2.09706747692387
711.971197119712,2.09337462164338
712.031203120312,2.08971988110659
712.091209120912,2.08610032341012
712.151215121512,2.08248076571367
712.211221122112,2.0788612080172
712.271227122712,2.07524165032074
712.331233123312,2.07162209262427
712.391239123912,2.06800253492781
712.451245124512,2.06438297723135
712.511251125112,2.06076341953489
712.571257125713,2.05714386183843
712.631263126313,2.05352430414196
712.691269126913,2.0499047464455
712.751275127513,2.04628518874904
712.811281128113,2.04266563105258
712.871287128713,2.03904607335611
712.931293129313,2.03542651565965
712.991299129913,2.03180695796319
713.051305130513,2.02826612132498
713.111311131113,2.02473863504168
713.171317131713,2.02121114875838
713.231323132313,2.01768366247508
713.291329132913,2.01415617619178
713.351335133513,2.01062868990848
713.411341134113,2.00710120362518
713.471347134713,2.00357371734188
713.531353135314,2.00004623105858
713.591359135914,1.99651874477528
713.651365136514,1.99299125849198
713.711371137114,1.98946377220868
713.771377137714,1.98593628592538
713.831383138314,1.98240879964208
713.891389138914,1.97888131335879
713.951395139514,1.97535382707548
714.011401140114,1.97184689917155
714.071407140714,1.9684276148849
714.131413141314,1.96500833059825
714.191419141914,1.96158904631161
714.251425142514,1.95816976202496
714.311431143114,1.95475047773831
714.371437143714,1.95133119345166
714.431443144314,1.94791190916501
714.491449144914,1.94449262487837
714.551455145515,1.94107334059172
714.611461146115,1.93765405630507
714.671467146715,1.93423477201842
714.731473147315,1.93081548773177
714.791479147915,1.92739620344512
714.851485148515,1.92397691915848
714.911491149115,1.92055763487183
714.971497149715,1.91713835058518
715.031503150315,1.91377012933316
715.091509150915,1.91044810796962
715.151515151515,1.90712608660608
715.211521152115,1.90380406524254
715.271527152715,1.900482043879
715.331533153315,1.89716002251546
715.391539153915,1.89383800115193
715.451545154515,1.89051597978838
715.511551155116,1.88719395842484
715.571557155716,1.8838719370613
715.631563156316,1.88054991569776
715.691569156916,1.87722789433423
715.751575157516,1.87390587297069
715.811581158116,1.87058385160714
715.871587158716,1.8672618302436
715.931593159316,1.86393980888006
715.991599159916,1.86061778751653
716.051605160516,1.85735082011919
716.111611161116,1.85409281499543
716.171617161716,1.85083480987166
716.231623162316,1.8475768047479
716.291629162916,1.84431879962414
716.351635163516,1.84106079450037
716.411641164116,1.83780278937661
716.471647164717,1.83454478425284
716.531653165317,1.83128677912908
716.591659165917,1.82802877400532
716.651665166517,1.82477076888155
716.711671167117,1.82151276375779
716.771677167717,1.81825475863402
716.831683168317,1.81499675351026
716.891689168917,1.8117387483865
716.951695169517,1.80848074326273
717.011701170117,1.8052402510389
717.071707170717,1.80207205565841
717.131713171317,1.79890386027792
717.191719171917,1.79573566489742
717.251725172517,1.79256746951692
717.311731173117,1.78939927413643
717.371737173717,1.78623107875593
717.431743174317,1.78306288337544
717.491749174917,1.77989468799494
717.551755175518,1.77672649261445
717.611761176118,1.77355829723395
717.671767176718,1.77039010185346
717.731773177318,1.76722190647297
717.791779177918,1.76405371109247
717.851785178518,1.76088551571197
717.911791179118,1.75771732033148
717.971797179718,1.75454912495098
718.031803180318,1.75142902334519
718.091809180918,1.74835157093582
718.151815181518,1.74527411852645
718.211821182118,1.74219666611709
718.271827182718,1.73911921370772
718.331833183318,1.73604176129836
718.391839183918,1.73296430888899
718.451845184518,1.72988685647963
718.511851185119,1.72680940407026
718.571857185719,1.72373195166089
718.631863186319,1.72065449925153
718.691869186919,1.71757704684216
718.751875187519,1.7144995944328
718.811881188119,1.71142214202343
718.871887188719,1.70834468961406
718.931893189319,1.7052672372047
718.991899189919,1.70218978479534
719.051905190519,1.6991907094982
719.111911191119,1.69620386646713
719.171917191719,1.69321702343606
719.231923192319,1.690230180405
719.291929192919,1.68724333737394
719.351935193519,1.68425649434287
719.411941194119,1.6812696513118
719.47194719472,1.67828280828074
719.531953195319,1.67529596524967
719.59195919592,1.67230912221861
719.65196519652,1.66932227918754
719.71197119712,1.66633543615647
719.77197719772,1.66334859312541
719.83198319832,1.66036175009435
719.89198919892,1.65737490706328
719.95199519952,1.65438806403221
720.01200120012,1.65142274793385
720.07200720072,1.64854353956631
720.13201320132,1.64566433119878
720.19201920192,1.64278512283124
720.25202520252,1.63990591446371
720.31203120312,1.63702670609617
720.37203720372,1.63414749772863
720.43204320432,1.6312682893611
720.49204920492,1.62838908099356
720.552055205521,1.62550987262602
720.612061206121,1.62263066425848
720.672067206721,1.61975145589095
720.732073207321,1.61687224752341
720.792079207921,1.61399303915588
720.852085208521,1.61111383078834
720.912091209121,1.6082346224208
720.972097209721,1.60535541405327
721.032103210321,1.60251538928145
721.092109210921,1.59970942127974
721.152115211521,1.59690345327802
721.212121212121,1.59409748527631
721.272127212721,1.59129151727461
721.332133213321,1.5884855492729
721.392139213921,1.58567958127118
721.452145214521,1.58287361326947
721.512151215122,1.58006764526776
721.572157215722,1.57726167726606
721.632163216322,1.57445570926434
721.692169216922,1.57164974126263
721.752175217522,1.56884377326092
721.812181218122,1.56603780525921
721.872187218722,1.56323183725751
721.932193219322,1.56042586925579
721.992199219922,1.55761990125408
722.052205220522,1.55491024089477
722.112211221122,1.55221497133259
722.172217221722,1.54951970177041
722.232223222322,1.54682443220824
722.292229222922,1.54412916264606
722.352235223522,1.54143389308388
722.412241224122,1.5387386235217
722.472247224722,1.53604335395953
722.532253225323,1.53334808439735
722.592259225923,1.53065281483517
722.652265226523,1.52795754527299
722.712271227123,1.52526227571082
722.772277227723,1.52256700614864
722.832283228323,1.51987173658647
722.892289228923,1.51717646702429
722.952295229523,1.51448119746211
723.012301230123,1.51180209703105
723.072307230723,1.50918570127918
723.132313231323,1.50656930552732
723.192319231923,1.50395290977545
723.252325232523,1.50133651402358
723.312331233123,1.49872011827171
723.372337233723,1.49610372251985
723.432343234323,1.49348732676799
723.492349234923,1.49087093101612
723.552355235524,1.48825453526425
723.612361236124,1.48563813951238
723.672367236724,1.48302174376052
723.732373237324,1.48040534800865
723.792379237924,1.47778895225679
723.852385238524,1.47517255650492
723.912391239124,1.47255616075305
723.972397239724,1.46993976500119
724.032403240324,1.46736367149668
724.092409240924,1.46482190953623
724.152415241524,1.46228014757577
724.212421242124,1.45973838561531
724.272427242724,1.45719662365486
724.332433243324,1.4546548616944
724.392439243924,1.45211309973395
724.452445244524,1.44957133777349
724.512451245124,1.44702957581304
724.572457245725,1.44448781385258
724.632463246325,1.44194605189212
724.692469246925,1.43940428993167
724.752475247525,1.43686252797121
724.812481248125,1.43432076601076
724.872487248725,1.4317790040503
724.932493249325,1.42923724208984
724.992499249925,1.42669548012939
725.052505250525,1.42419260866651
725.112511251125,1.421695292989
725.172517251725,1.41919797731148
725.232523252325,1.41670066163397
725.292529252925,1.41420334595646
725.352535253525,1.41170603027894
725.412541254125,1.40920871460144
725.472547254725,1.40671139892392
725.532553255326,1.40421408324641
725.592559255926,1.4017167675689
725.652565256526,1.39921945189138
725.712571257126,1.39672213621388
725.772577257726,1.39422482053636
725.832583258326,1.39172750485885
725.892589258926,1.38923018918134
725.952595259526,1.38673287350382
726.012601260126,1.38425179580191
726.072607260726,1.3818318038177
726.132613261326,1.37941181183349
726.192619261926,1.37699181984928
726.252625262526,1.37457182786508
726.312631263126,1.37215183588087
726.372637263726,1.36973184389667
726.432643264326,1.36731185191246
726.492649264927,1.36489185992825
726.552655265527,1.36247186794404
726.612661266127,1.36005187595984
726.672667266727,1.35763188397563
726.732673267327,1.35521189199142
726.792679267927,1.35279190000721
726.852685268527,1.35037190802301
726.912691269127,1.3479519160388
726.972697269727,1.3455319240546
727.032703270327,1.34314400437327
727.092709270927,1.34078286065122
727.152715271527,1.33842171692917
727.212721272127,1.33606057320713
727.272727272727,1.33369942948509
727.332733273327,1.33133828576304
727.392739273927,1.32897714204099
727.452745274528,1.32661599831895
727.512751275127,1.32425485459691
727.572757275728,1.32189371087486
727.632763276328,1.31953256715282
727.692769276928,1.31717142343077
727.752775277528,1.31481027970872
727.812781278128,1.31244913598668
727.872787278728,1.31008799226464
727.932793279328,1.30772684854259
727.992799279928,1.30536570482054
728.052805280528,1.30307794394659
728.112811281128,1.30080018982464
728.172817281728,1.2985224357027
728.232823282328,1.29624468158075
728.292829282928,1.2939669274588
728.352835283528,1.29168917333686
728.412841284128,1.28941141921491
728.472847284728,1.28713366509297
728.532853285329,1.28485591097102
728.592859285929,1.28257815684907
728.652865286529,1.28030040272713
728.712871287129,1.27802264860518
728.772877287729,1.27574489448324
728.832883288329,1.27346714036129
728.892889288929,1.27118938623934
728.952895289529,1.2689116321174
729.012901290129,1.26664285853151
729.072907290729,1.26440687434473
729.132913291329,1.26217089015794
729.192919291929,1.25993490597116
729.252925292529,1.25769892178438
729.312931293129,1.25546293759759
729.372937293729,1.25322695341081
729.432943294329,1.25099096922402
729.49294929493,1.24875498503724
729.55295529553,1.24651900085045
729.61296129613,1.24428301666367
729.67296729673,1.24204703247688
729.73297329733,1.2398110482901
729.79297929793,1.23757506410331
729.85298529853,1.23533907991653
729.91299129913,1.23310309572975
729.97299729973,1.23086711154296
730.03300330033,1.22866504973788
730.09300930093,1.22649074260874
730.15301530153,1.2243164354796
730.21302130213,1.22214212835045
730.27302730273,1.21996782122131
730.33303330333,1.21779351409216
730.39303930393,1.21561920696302
730.45304530453,1.21344489983388
730.51305130513,1.21127059270474
730.573057305731,1.20909628557559
730.633063306331,1.20692197844645
730.693069306931,1.20474767131731
730.753075307531,1.20257336418817
730.813081308131,1.20039905705902
730.873087308731,1.19822474992988
730.933093309331,1.19605044280073
730.993099309931,1.19387613567159
731.053105310531,1.19177016527322
731.113111311131,1.18967307478901
731.173117311731,1.18757598430481
731.233123312331,1.1854788938206
731.293129312931,1.18338180333639
731.353135313531,1.18128471285219
731.413141314131,1.17918762236798
731.473147314731,1.17709053188378
731.533153315332,1.17499344139957
731.593159315932,1.17289635091536
731.653165316532,1.17079926043116
731.713171317132,1.16870216994695
731.773177317732,1.16660507946275
731.833183318332,1.16450798897854
731.893189318932,1.16241089849433
731.953195319532,1.16031380801013
732.013201320132,1.15823053594379
732.073207320732,1.15619625644987
732.133213321332,1.15416197695596
732.193219321932,1.15212769746204
732.253225322532,1.15009341796813
732.313231323132,1.14805913847421
732.373237323732,1.14602485898029
732.433243324332,1.14399057948638
732.493249324932,1.14195629999246
732.553255325533,1.13992202049855
732.613261326133,1.13788774100463
732.673267326733,1.13585346151071
732.733273327333,1.1338191820168
732.793279327933,1.13178490252288
732.853285328533,1.12975062302897
732.913291329133,1.12771634353505
732.973297329733,1.12568206404113
733.033303330333,1.12366410704542
733.093309330933,1.12165923745819
733.153315331533,1.11965436787095
733.213321332133,1.11764949828371
733.273327332733,1.11564462869647
733.333333333333,1.11363975910923
733.393339333933,1.111634889522
733.453345334533,1.10963001993476
733.513351335134,1.10762515034752
733.573357335734,1.10562028076028
733.633363336334,1.10361541117304
733.693369336934,1.10161054158581
733.753375337534,1.09960567199857
733.813381338134,1.09760080241133
733.873387338734,1.09559593282409
733.933393339334,1.09359106323685
733.993399339934,1.09158619364962
734.053405340534,1.08966712232285
734.113411341134,1.08775865527546
734.173417341734,1.08585018822807
734.233423342334,1.08394172118068
734.293429342934,1.0820332541333
734.353435343534,1.08012478708591
734.413441344134,1.07821632003853
734.473447344734,1.07630785299114
734.533453345335,1.07439938594375
734.593459345935,1.07249091889637
734.653465346535,1.07058245184898
734.713471347135,1.06867398480159
734.773477347735,1.0667655177542
734.833483348335,1.06485705070682
734.893489348935,1.06294858365943
734.953495349535,1.06104011661205
735.013501350135,1.05913236827358
735.073507350735,1.05722709548806
735.133513351335,1.05532182270254
735.193519351935,1.05341654991703
735.253525352535,1.05151127713151
735.313531353135,1.04960600434599
735.373537353735,1.04770073156047
735.433543354335,1.04579545877495
735.493549354935,1.04389018598943
735.553555355536,1.04198491320392
735.613561356136,1.0400796404184
735.673567356736,1.03817436763288
735.733573357336,1.03626909484736
735.793579357936,1.03436382206184
735.853585358536,1.03245854927632
735.913591359136,1.03055327649081
735.973597359736,1.02864800370529
736.033603360336,1.02678150253566
736.093609360936,1.02494546477851
736.153615361536,1.02310942702137
736.213621362136,1.02127338926422
736.273627362736,1.01943735150707
736.333633363336,1.01760131374993
736.393639363936,1.01576527599279
736.453645364536,1.01392923823564
736.513651365137,1.01209320047849
736.573657365737,1.01025716272135
736.633663366337,1.0084211249642
736.693669366937,1.00658508720706
736.753675367537,1.00474904944991
736.813681368137,1.00291301169276
736.873687368737,1.00107697393562
736.933693369337,0.999240936178475
736.993699369937,0.997404898421328
737.053705370537,0.995619152718263
737.113711371137,0.993839307200314
737.173717371737,0.992059461682364
737.233723372337,0.990279616164418
737.293729372937,0.988499770646469
737.353735373537,0.98671992512852
737.413741374137,0.98494007961057
737.473747374738,0.983160234092621
737.533753375337,0.981380388574675
737.593759375938,0.979600543056726
737.653765376538,0.977820697538776
737.713771377138,0.976040852020827
737.773777377738,0.974261006502877
737.833783378338,0.972481160984931
737.893789378938,0.970701315466982
737.953795379538,0.968921469949032
738.013801380138,0.96715067363241
738.073807380738,0.965410172468053
738.133813381338,0.9636696713037
738.193819381938,0.961929170139344
738.253825382538,0.960188668974987
738.313831383138,0.958448167810631
738.373837383738,0.956707666646275
738.433843384338,0.954967165481922
738.493849384938,0.953226664317565
738.553855385539,0.951486163153209
738.613861386139,0.949745661988852
738.673867386739,0.948005160824496
738.733873387339,0.946264659660143
738.793879387939,0.944524158495787
738.853885388539,0.94278365733143
738.913891389139,0.941043156167074
738.973897389739,0.939302655002717
739.033903390339,0.937604250936785
739.093909390939,0.935938257911227
739.153915391539,0.934272264885669
739.213921392139,0.932606271860111
739.273927392739,0.930940278834553
739.333933393339,0.929274285808999
739.393939393939,0.927608292783441
739.453945394539,0.925942299757883
739.51395139514,0.924276306732325
739.57395739574,0.922610313706767
739.63396339634,0.920944320681212
739.69396939694,0.919278327655654
739.75397539754,0.917612334630096
739.81398139814,0.915946341604538
739.87398739874,0.914280348578983
739.93399339934,0.912614355553425
739.99399939994,0.910948362527867
740.05400540054,0.909330235850176
740.11401140114,0.907717427655581
740.17401740174,0.906104619460989
740.23402340234,0.904491811266394
740.29402940294,0.9028790030718
740.35403540354,0.901266194877205
740.41404140414,0.89965338668261
740.47404740474,0.898040578488018
740.534053405341,0.896427770293423
740.594059405941,0.894814962098828
740.654065406541,0.893202153904234
740.714071407141,0.891589345709639
740.774077407741,0.889976537515047
740.834083408341,0.888363729320452
740.894089408941,0.886750921125857
740.954095409541,0.885138112931262
741.014101410141,0.883539886885281
741.074107410741,0.881989130386919
741.134113411341,0.880438373888553
741.194119411941,0.878887617390187
741.254125412541,0.877336860891821
741.314131413141,0.875786104393456
741.374137413741,0.874235347895093
741.434143414341,0.872684591396727
741.494149414941,0.871133834898361
741.554155415542,0.869583078399995
741.614161416142,0.86803232190163
741.674167416742,0.866481565403267
741.734173417342,0.864930808904901
741.794179417942,0.863380052406535
741.854185418542,0.86182929590817
741.914191419142,0.860278539409804
741.974197419742,0.858727782911441
742.034203420342,0.857188089644948
742.094209420942,0.855656742325307
742.154215421542,0.854125395005666
742.214221422142,0.852594047686025
742.274227422742,0.851062700366387
742.334233423342,0.849531353046745
742.394239423942,0.848000005727104
742.454245424542,0.846468658407463
742.514251425143,0.844937311087822
742.574257425743,0.843405963768183
742.634263426343,0.841874616448542
742.694269426943,0.840343269128901
742.754275427543,0.83881192180926
742.814281428143,0.837280574489618
742.874287428743,0.83574922716998
742.934293429343,0.834217879850339
742.994299429943,0.832686532530698
743.054305430543,0.831195658429263
743.114311431143,0.829709032897694
743.174317431743,0.828222407366129
743.234323432343,0.826735781834561
743.294329432943,0.825249156302993
743.354335433543,0.823762530771425
743.414341434143,0.822275905239859
743.474347434743,0.820789279708291
743.534353435344,0.819302654176723
743.594359435944,0.817816028645155
743.654365436544,0.816329403113587
743.714371437144,0.814842777582021
743.774377437744,0.813356152050453
743.834383438344,0.811869526518885
743.894389438944,0.810382900987317
743.954395439544,0.808896275455749
744.014401440144,0.807424890397682
744.074407440744,0.806001766839024
744.134413441344,0.804578643280367
744.194419441944,0.803155519721709
744.254425442544,0.801732396163051
744.314431443144,0.800309272604397
744.374437443744,0.798886149045739
744.434443444344,0.797463025487081
744.494449444945,0.796039901928424
744.554455445545,0.794616778369766
744.614461446145,0.793193654811112
744.674467446745,0.791770531252454
744.734473447345,0.790347407693796
744.794479447945,0.788924284135139
744.854485448545,0.787501160576481
744.914491449145,0.786078037017826
744.974497449745,0.784654913459169
745.034503450345,0.783259411333306
745.094509450945,0.781884325049073
745.154515451545,0.78050923876484
745.214521452145,0.77913415248061
745.274527452745,0.777759066196377
745.334533453345,0.776383979912144
745.394539453945,0.775008893627911
745.454545454545,0.773633807343678
745.514551455145,0.772258721059448
745.574557455746,0.770883634775215
745.634563456346,0.769508548490983
745.694569456946,0.76813346220675
745.754575457546,0.766758375922517
745.814581458146,0.765383289638287
745.874587458746,0.764008203354054
745.934593459346,0.762633117069821
745.994599459946,0.761258030785588
746.054605460546,0.759907685972881
746.114611461146,0.758559788118898
746.174617461746,0.757211890264913
746.234623462346,0.755863992410928
746.294629462946,0.754516094556943
746.354635463546,0.753168196702957
746.414641464146,0.751820298848975
746.474647464746,0.75047240099499
746.534653465347,0.749124503141004
746.594659465947,0.747776605287019
746.654665466547,0.746428707433034
746.714671467147,0.745080809579051
746.774677467747,0.743732911725066
746.834683468347,0.742385013871081
746.894689468947,0.741037116017096
746.954695469547,0.73968921816311
747.014701470147,0.738350055538304
747.074707470747,0.737037811680955
747.134713471347,0.735725567823607
747.194719471947,0.734413323966258
747.254725472547,0.73310108010891
747.314731473147,0.731788836251564
747.374737473747,0.730476592394216
747.434743474347,0.729164348536867
747.494749474948,0.727852104679519
747.554755475547,0.726539860822173
747.614761476148,0.725227616964824
747.674767476748,0.723915373107476
747.734773477348,0.722603129250128
747.794779477948,0.721290885392779
747.854785478548,0.719978641535433
747.914791479148,0.718666397678085
747.974797479748,0.717354153820736
748.034803480348,0.716071942562401
748.094809480948,0.71481147904818
748.154815481548,0.71355101553396
748.214821482148,0.712290552019738
748.274827482748,0.711030088505517
748.334833483348,0.709769624991295
748.394839483948,0.708509161477073
748.454845484548,0.707248697962854
748.514851485148,0.705988234448632
748.574857485749,0.70472777093441
748.634863486349,0.703467307420188
748.694869486949,0.702206843905967
748.754875487549,0.700946380391747
748.814881488149,0.699685916877525
748.874887488749,0.698425453363304
748.934893489349,0.697164989849082
748.994899489949,0.69590452633486
749.054905490549,0.69468333811033
749.114911491149,0.693465798409977
749.174917491749,0.692248258709624
749.234923492349,0.691030719009271
749.294929492949,0.689813179308918
749.354935493549,0.688595639608567
749.414941494149,0.687378099908214
749.474947494749,0.686160560207861
749.53495349535,0.684943020507508
749.59495949595,0.683725480807155
749.65496549655,0.682507941106804
749.71497149715,0.681290401406451
749.77497749775,0.680072861706097
749.83498349835,0.678855322005744
749.89498949895,0.677637782305391
749.95499549955,0.67642024260504
750.01500150015,0.675211582335123
750.07500750075,0.674029560356512
750.13501350135,0.672847538377902
750.19501950195,0.671665516399291
750.25502550255,0.670483494420682
750.31503150315,0.669301472442072
750.37503750375,0.668119450463461
750.43504350435,0.66693742848485
750.495049504951,0.66575540650624
750.555055505551,0.664573384527631
750.615061506151,0.663391362549021
750.675067506751,0.66220934057041
750.735073507351,0.6610273185918
750.795079507951,0.659845296613189
750.855085508551,0.65866327463458
750.915091509151,0.65748125265597
750.975097509751,0.656299230677359
751.035103510351,0.655142501434601
751.095109510951,0.654003714901893
751.155115511551,0.652864928369184
751.215121512151,0.651726141836474
751.275127512751,0.650587355303765
751.335133513351,0.649448568771056
751.395139513951,0.648309782238348
751.455145514551,0.647170995705639
751.515151515152,0.646032209172929
751.575157515752,0.64489342264022
751.635163516352,0.64375463610751
751.695169516952,0.642615849574803
751.755175517552,0.641477063042094
751.815181518152,0.640338276509384
751.875187518752,0.639199489976675
751.935193519352,0.638060703443965
751.995199519952,0.636921916911258
752.055205520552,0.635803014019951
752.115211521152,0.634685840140939
752.175217521752,0.633568666261928
752.235223522352,0.632451492382917
752.295229522952,0.631334318503907
752.355235523552,0.630217144624896
752.415241524152,0.629099970745885
752.475247524752,0.627982796866873
752.535253525353,0.626865622987862
752.595259525953,0.625748449108853
752.655265526553,0.624631275229841
752.715271527153,0.62351410135083
752.775277527753,0.622396927471819
752.835283528353,0.621279753592807
752.895289528953,0.620162579713798
752.955295529553,0.619045405834787
753.015301530153,0.61793931096171
753.075307530753,0.616865584164797
753.135313531353,0.615791857367883
753.195319531953,0.614718130570972
753.255325532553,0.613644403774058
753.315331533153,0.612570676977145
753.375337533753,0.611496950180231
753.435343534353,0.610423223383318
753.495349534953,0.609349496586406
753.555355535554,0.608275769789492
753.615361536154,0.607202042992579
753.675367536754,0.606128316195666
753.735373537354,0.605054589398752
753.795379537954,0.60398086260184
753.855385538554,0.602907135804927
753.915391539154,0.601833409008013
753.975397539754,0.6007596822111
754.035403540354,0.599709950583669
754.095409540954,0.598676893565541
754.155415541554,0.597643836547412
754.215421542154,0.596610779529283
754.275427542754,0.595577722511153
754.335433543354,0.594544665493024
754.395439543954,0.593511608474896
754.455445544554,0.592478551456767
754.515451545155,0.591445494438637
754.575457545755,0.590412437420508
754.635463546355,0.589379380402378
754.695469546955,0.588346323384251
754.755475547555,0.587313266366121
754.815481548155,0.586280209347992
754.875487548755,0.585247152329862
754.935493549355,0.584214095311733
754.995499549955,0.583181038293605
755.055505550555,0.582147910852818
755.115511551155,0.581114777702087
755.175517551755,0.580081644551355
755.235523552355,0.579048511400625
755.295529552955,0.578015378249893
755.355535553555,0.576982245099161
755.415541554155,0.575949111948429
755.475547554756,0.574915978797697
755.535553555355,0.573882845646967
755.595559555956,0.572849712496235
755.655565556556,0.571816579345503
755.715571557156,0.570783446194771
755.775577557756,0.569750313044039
755.835583558356,0.568717179893309
755.895589558956,0.567684046742577
755.955595559556,0.566650913591845
756.015601560156,0.565629891666106
756.075607560756,0.564643340149963
756.135613561356,0.563656788633822
756.195619561956,0.562670237117679
756.255625562556,0.561683685601537
756.315631563156,0.560697134085394
756.375637563756,0.559710582569251
756.435643564356,0.558724031053111
756.495649564956,0.557737479536968
756.555655565557,0.556750928020825
756.615661566157,0.555764376504682
756.675667566757,0.55477782498854
756.735673567357,0.553791273472399
756.795679567957,0.552804721956256
756.855685568557,0.551818170440113
756.915691569157,0.550831618923971
756.975697569757,0.549845067407828
757.035703570357,0.548875954183021
757.095709570957,0.547918710719541
757.155715571557,0.54696146725606
757.215721572157,0.54600422379258
757.275727572757,0.545046980329099
757.335733573357,0.544089736865621
757.395739573957,0.543132493402141
757.455745574557,0.54217524993866
757.515751575158,0.54121800647518
757.575757575758,0.540260763011699
757.635763576358,0.539303519548221
757.695769576958,0.53834627608474
757.755775577558,0.53738903262126
757.815781578158,0.536431789157779
757.875787578758,0.535474545694299
757.935793579358,0.53451730223082
757.995799579958,0.53356005876734
758.055805580558,0.532621909728272
758.115811581158,0.531685197903944
758.175817581758,0.530748486079617
758.235823582358,0.529811774255291
758.295829582958,0.528875062430963
758.355835583558,0.527938350606636
758.415841584158,0.527001638782308
758.475847584759,0.52606492695798
758.535853585358,0.525128215133655
758.595859585959,0.524191503309327
758.655865586559,0.523254791485
758.715871587159,0.522318079660672
758.775877587759,0.521381367836346
758.835883588359,0.520444656012019
758.895889588959,0.519507944187691
758.955895589559,0.518571232363363
759.015901590159,0.517644858460282
759.075907590759,0.516747157659526
759.135913591359,0.515849456858768
759.195919591959,0.51495175605801
759.255925592559,0.514054055257252
759.315931593159,0.513156354456495
759.375937593759,0.512258653655738
759.435943594359,0.511360952854981
759.495949594959,0.510463252054223
759.55595559556,0.509565551253465
759.61596159616,0.508667850452707
759.67596759676,0.507770149651951
759.73597359736,0.506872448851193
759.79597959796,0.505974748050436
759.85598559856,0.505077047249678
759.91599159916,0.50417934644892
759.97599759976,0.503281645648164
760.03600360036,0.50239273104592
760.09600960096,0.501509673909351
760.15601560156,0.500626616772783
760.21602160216,0.499743559636215
760.27602760276,0.498860502499648
760.33603360336,0.49797744536308
760.39603960396,0.497094388226512
760.45604560456,0.496211331089944
760.516051605161,0.495328273953375
760.576057605761,0.494445216816809
760.636063606361,0.493562159680241
760.696069606961,0.492679102543672
760.756075607561,0.491796045407104
760.816081608161,0.490912988270536
760.876087608761,0.490029931133969
760.936093609361,0.489146873997401
760.996099609961,0.488263816860833
761.056105610561,0.487410123551647
761.116111611161,0.486558471578054
761.176117611761,0.485706819604463
761.236123612361,0.48485516763087
761.296129612961,0.484003515657277
761.356135613561,0.483151863683684
761.416141614161,0.482300211710091
761.476147614761,0.4814485597365
761.536153615362,0.480596907762907
761.596159615962,0.479745255789314
761.656165616562,0.478893603815722
761.716171617162,0.478041951842129
761.776177617762,0.477190299868538
761.836183618362,0.476338647894945
761.896189618962,0.475486995921352
761.956195619562,0.474635343947759
762.016201620162,0.473784869223618
762.076207620762,0.47293757743318
762.136213621362,0.47209028564274
762.196219621962,0.471242993852301
762.256225622562,0.470395702061862
762.316231623162,0.469548410271422
762.376237623762,0.468701118480984
762.436243624362,0.467853826690545
762.496249624963,0.467006534900105
762.556255625563,0.466159243109666
762.616261626163,0.465311951319226
762.676267626763,0.464464659528789
762.736273627363,0.463617367738349
762.796279627963,0.46277007594791
762.856285628563,0.46192278415747
762.916291629163,0.461075492367032
762.976297629763,0.460228200576593
763.036303630363,0.459415921164728
763.096309630963,0.458626501074411
763.156315631563,0.457837080984094
763.216321632163,0.457047660893779
763.276327632763,0.456258240803462
763.336333633363,0.455468820713146
763.396339633963,0.454679400622829
763.456345634563,0.453889980532512
763.516351635163,0.453100560442197
763.576357635764,0.45231114035188
763.636363636364,0.451521720261564
763.696369636964,0.450732300171247
763.756375637564,0.44994288008093
763.816381638164,0.449153459990615
763.876387638764,0.448364039900298
763.936393639364,0.447574619809981
763.996399639964,0.446785199719665
764.056405640564,0.44601316371743
764.116411641164,0.44524223733784
764.176417641764,0.444471310958248
764.236423642364,0.443700384578657
764.296429642964,0.442929458199066
764.356435643564,0.442158531819474
764.416441644164,0.441387605439884
764.476447644764,0.440616679060293
764.536453645365,0.439845752680701
764.596459645965,0.43907482630111
764.656465646565,0.438303899921519
764.716471647165,0.437532973541929
764.776477647765,0.436762047162337
764.836483648365,0.435991120782746
764.896489648965,0.435220194403154
764.956495649565,0.434449268023563
765.016501650165,0.433679942810756
765.076507650765,0.43291483885583
765.136513651365,0.432149734900903
765.196519651965,0.431384630945977
765.256525652565,0.430619526991051
765.316531653165,0.429854423036126
765.376537653765,0.4290893190812
765.436543654365,0.428324215126273
765.496549654966,0.427559111171347
765.556555655566,0.426794007216421
765.616561656166,0.426028903261496
765.676567656766,0.425263799306569
765.736573657366,0.424498695351643
765.796579657966,0.423733591396717
765.856585658566,0.422968487441791
765.916591659166,0.422203383486866
765.976597659766,0.421438279531939
766.036603660366,0.420683394782061
766.096609660966,0.419935043622296
766.156615661566,0.419186692462531
766.216621662166,0.418438341302767
766.276627662766,0.417689990143002
766.336633663366,0.416941638983237
766.396639663966,0.416193287823472
766.456645664566,0.415444936663708
766.516651665166,0.414696585503943
766.576657665767,0.413948234344178
766.636663666367,0.413199883184413
766.696669666967,0.412451532024648
766.756675667567,0.411703180864884
766.816681668167,0.410954829705119
766.876687668767,0.410206478545354
766.936693669367,0.409458127385589
766.996699669967,0.408709776225824
767.056705670567,0.407995646305715
767.116711671167,0.407283508097966
767.176717671767,0.406571369890217
767.236723672367,0.405859231682468
767.296729672967,0.405147093474718
767.356735673567,0.404434955266971
767.416741674167,0.403722817059221
767.476747674767,0.403010678851472
767.536753675368,0.402298540643723
767.596759675968,0.401586402435974
767.656765676568,0.400874264228226
767.716771677168,0.400162126020477
767.776777677768,0.399449987812728
767.836783678368,0.398737849604979
767.896789678968,0.39802571139723
767.956795679568,0.397313573189482
768.016801680168,0.396608200386517
768.076807680768,0.395920224338713
768.136813681368,0.395232248290909
768.196819681968,0.394544272243104
768.256825682568,0.393856296195301
768.316831683168,0.393168320147497
768.376837683768,0.392480344099693
768.436843684368,0.391792368051889
768.496849684969,0.391104392004084
768.556855685569,0.390416415956281
768.616861686169,0.389728439908477
768.676867686769,0.389040463860673
768.736873687369,0.388352487812868
768.796879687969,0.387664511765064
768.856885688569,0.386976535717261
768.916891689169,0.386288559669457
768.976897689769,0.385600583621653
769.036903690369,0.384934586327948
769.096909690969,0.384282348091688
769.156915691569,0.383630109855429
769.216921692169,0.382977871619169
769.276927692769,0.382325633382909
769.336933693369,0.381673395146649
769.396939693969,0.381021156910389
769.456945694569,0.38036891867413
769.516951695169,0.37971668043787
769.57695769577,0.37906444220161
769.63696369637,0.37841220396535
769.69696969697,0.37775996572909
769.75697569757,0.377107727492831
769.81698169817,0.376455489256571
769.87698769877,0.375803251020311
769.93699369937,0.37515101278405
769.99699969997,0.37449877454779
770.05700570057,0.373850795197016
770.11701170117,0.373203039998107
770.17701770177,0.372555284799199
770.23702370237,0.371907529600291
770.29702970297,0.371259774401382
770.35703570357,0.370612019202475
770.41704170417,0.369964264003567
770.47704770477,0.369316508804659
770.537053705371,0.36866875360575
770.597059705971,0.368020998406843
770.657065706571,0.367373243207935
770.717071707171,0.366725488009027
770.777077707771,0.366077732810118
770.837083708371,0.36542997761121
770.897089708971,0.364782222412303
770.957095709571,0.364134467213395
771.017101710171,0.363492219958802
771.077107710771,0.362863790880299
771.137113711371,0.362235361801797
771.197119711971,0.361606932723296
771.257125712571,0.360978503644793
771.317131713171,0.360350074566291
771.377137713771,0.359721645487788
771.437143714371,0.359093216409286
771.497149714971,0.358464787330784
771.557155715572,0.357836358252282
771.617161716172,0.357207929173779
771.677167716772,0.356579500095277
771.737173717372,0.355951071016774
771.797179717972,0.355322641938273
771.857185718572,0.354694212859771
771.917191719172,0.354065783781268
771.977197719772,0.353437354702766
772.037203720372,0.352820548561275
772.097209720972,0.352210866155374
772.157215721572,0.351601183749472
772.217221722172,0.35099150134357
772.277227722772,0.350381818937668
772.337233723372,0.349772136531766
772.397239723972,0.349162454125865
772.457245724572,0.348552771719962
772.517251725173,0.34794308931406
772.577257725773,0.347333406908158
772.637263726373,0.346723724502256
772.697269726973,0.346114042096355
772.757275727573,0.345504359690453
772.817281728173,0.34489467728455
772.877287728773,0.344284994878648
772.937293729373,0.343675312472746
772.997299729973,0.343065630066845
773.057305730573,0.342473297360621
773.117311731173,0.341881782179514
773.177317731773,0.341290266998406
773.237323732373,0.340698751817298
773.297329732973,0.340107236636191
773.357335733573,0.339515721455084
773.417341734173,0.338924206273976
773.477347734774,0.338332691092868
773.537353735374,0.33774117591176
773.597359735974,0.337149660730653
773.657365736574,0.336558145549546
773.717371737174,0.335966630368438
773.777377737774,0.33537511518733
773.837383738374,0.334783600006222
773.897389738974,0.334192084825115
773.957395739574,0.333600569644008
774.017401740174,0.333014154918226
774.077407740774,0.332440227514107
774.137413741374,0.331866300109989
774.197419741974,0.331292372705869
774.257425742574,0.33071844530175
774.317431743174,0.330144517897631
774.377437743774,0.329570590493511
774.437443744374,0.328996663089393
774.497449744974,0.328422735685274
774.557455745575,0.327848808281155
774.617461746175,0.327274880877035
774.677467746775,0.326700953472916
774.737473747375,0.326127026068798
774.797479747975,0.325553098664678
774.857485748575,0.324979171260559
774.917491749175,0.32440524385644
774.977497749775,0.32383131645232
775.037503750375,0.323268019253941
775.097509750975,0.322711100179004
775.157515751575,0.322154181104067
775.217521752175,0.32159726202913
775.277527752775,0.321040342954193
775.337533753375,0.320483423879258
775.397539753975,0.319926504804321
775.457545754575,0.319369585729384
775.517551755176,0.318812666654447
775.577557755776,0.31825574757951
775.637563756376,0.317698828504574
775.697569756976,0.317141909429637
775.757575757576,0.3165849903547
775.817581758176,0.316028071279763
775.877587758776,0.315471152204826
775.937593759376,0.314914233129891
775.997599759976,0.314357314054954
776.057605760576,0.313816166706138
776.117611761176,0.313275676512578
776.177617761776,0.312735186319018
776.237623762376,0.312194696125458
776.297629762976,0.311654205931898
776.357635763576,0.311113715738338
776.417641764176,0.310573225544777
776.477647764777,0.310032735351217
776.537653765376,0.309492245157657
776.597659765977,0.308951754964097
776.657665766577,0.308411264770537
776.717671767177,0.307870774576976
776.777677767777,0.307330284383416
776.837683768377,0.306789794189857
776.897689768977,0.306249303996296
776.957695769577,0.305708813802736
777.017701770177,0.305172999192079
777.077707770777,0.304648358432089
777.137713771377,0.3041237176721
777.197719771977,0.303599076912111
777.257725772577,0.303074436152121
777.317731773177,0.302549795392131
777.377737773777,0.302025154632141
777.437743774377,0.301500513872153
777.497749774977,0.300975873112163
777.557755775578,0.300451232352173
777.617761776178,0.299926591592183
777.677767776778,0.299401950832194
777.737773777378,0.298877310072205
777.797779777978,0.298352669312215
777.857785778578,0.297828028552225
777.917791779178,0.297303387792235
777.977797779778,0.296778747032246
778.037803780378,0.296263726363289
778.097809780978,0.295754355589064
778.157815781578,0.295244984814838
778.217821782178,0.294735614040613
778.277827782778,0.294226243266389
778.337833783378,0.293716872492164
778.397839783978,0.293207501717939
778.457845784578,0.292698130943714
778.517851785179,0.292188760169489
778.577857785779,0.291679389395265
778.637863786379,0.29117001862104
778.697869786979,0.290660647846815
778.757875787579,0.290151277072589
778.817881788179,0.289641906298364
778.877887788779,0.28913253552414
778.937893789379,0.288623164749915
778.997899789979,0.28811379397569
779.057905790579,0.287618599570595
779.117911791179,0.287123919334329
779.177917791779,0.286629239098063
779.237923792379,0.286134558861797
779.297929792979,0.285639878625531
779.357935793579,0.285145198389264
779.417941794179,0.284650518152998
779.477947794779,0.284155837916733
779.53795379538,0.283661157680466
779.59795979598,0.2831664774442
779.65796579658,0.282671797207934
779.71797179718,0.282177116971667
779.77797779778,0.281682436735402
779.83798379838,0.281187756499136
779.89798979898,0.280693076262869
779.95799579958,0.280198396026603
780.01800180018,0
780.07800780078,0
780.13801380138,0
780.19801980198,0
780.25802580258,0
780.31803180318,0
780.37803780378,0
780.43804380438,0
780.49804980498,0
780.558055805581,0
780.618061806181,0
780.678067806781,0
780.738073807381,0
780.798079807981,0
780.858085808581,0
780.918091809181,0
780.978097809781,0
781.038103810381,0
781.098109810981,0
781.158115811581,0
781.218121812181,0
781.278127812781,0
781.338133813381,0
781.398139813981,0
781.458145814581,0
781.518151815182,0
781.578157815782,0
781.638163816382,0
781.698169816982,0
781.758175817582,0
781.818181818182,0
781.878187818782,0
781.938193819382,0
781.998199819982,0
782.058205820582,0
782.118211821182,0
782.178217821782,0
782.238223822382,0
782.298229822982,0
782.358235823582,0
782.418241824182,0
782.478247824782,0
782.538253825383,0
782.598259825983,0
782.658265826583,0
782.718271827183,0
782.778277827783,0
782.838283828383,0
782.898289828983,0
782.958295829583,0
783.018301830183,0
783.078307830783,0
783.138313831383,0
783.198319831983,0
783.258325832583,0
783.318331833183,0
783.378337833783,0
783.438343834383,0
783.498349834984,0
783.558355835584,0
783.618361836184,0
783.678367836784,0
783.738373837384,0
783.798379837984,0
783.858385838584,0
783.918391839184,0
783.978397839784,0
784.038403840384,0
784.098409840984,0
784.158415841584,0
784.218421842184,0
784.278427842784,0
784.338433843384,0
784.398439843984,0
784.458445844585,0
784.518451845184,0
784.578457845785,0
784.638463846385,0
784.698469846985,0
784.758475847585,0
784.818481848185,0
784.878487848785,0
784.938493849385,0
784.998499849985,0
785.058505850585,0
785.118511851185,0
785.178517851785,0
785.238523852385,0
785.298529852985,0
785.358535853585,0
785.418541854185,0
785.478547854785,0
785.538553855386,0
785.598559855986,0
785.658565856586,0
785.718571857186,0
785.778577857786,0
785.838583858386,0
785.898589858986,0
785.958595859586,0
786.018601860186,0
786.078607860786,0
786.138613861386,0
786.198619861986,0
786.258625862586,0
786.318631863186,0
786.378637863786,0
786.438643864386,0
786.498649864987,0
786.558655865587,0
786.618661866187,0
786.678667866787,0
786.738673867387,0
786.798679867987,0
786.858685868587,0
786.918691869187,0
786.978697869787,0
787.038703870387,0
787.098709870987,0
787.158715871587,0
787.218721872187,0
787.278727872787,0
787.338733873387,0
787.398739873987,0
787.458745874587,0
787.518751875187,0
787.578757875788,0
787.638763876388,0
787.698769876988,0
787.758775877588,0
787.818781878188,0
787.878787878788,0
787.938793879388,0
787.998799879988,0
788.058805880588,0
788.118811881188,0
788.178817881788,0
788.238823882388,0
788.298829882988,0
788.358835883588,0
788.418841884188,0
788.478847884788,0
788.538853885389,0
788.598859885989,0
788.658865886589,0
788.718871887189,0
788.778877887789,0
788.838883888389,0
788.898889888989,0
788.958895889589,0
789.018901890189,0
789.078907890789,0
789.138913891389,0
789.198919891989,0
789.258925892589,0
789.318931893189,0
789.378937893789,0
789.438943894389,0
789.498949894989,0
789.55895589559,0
789.61896189619,0
789.67896789679,0
789.73897389739,0
789.79897989799,0
789.85898589859,0
789.91899189919,0
789.97899789979,0
790.03900390039,0
790.09900990099,0
790.15901590159,0
790.21902190219,0
790.27902790279,0
790.33903390339,0
790.39903990399,0
790.45904590459,0
790.519051905191,0
790.579057905791,0
790.639063906391,0
790.699069906991,0
790.759075907591,0
790.819081908191,0
790.879087908791,0
790.939093909391,0
790.999099909991,0
791.059105910591,0
791.119111911191,0
791.179117911791,0
791.239123912391,0
791.299129912991,0
791.359135913591,0
791.419141914191,0
791.479147914791,0
791.539153915392,0
791.599159915992,0
791.659165916592,0
791.719171917192,0
791.779177917792,0
791.839183918392,0
791.899189918992,0
791.959195919592,0
792.019201920192,0
792.079207920792,0
792.139213921392,0
792.199219921992,0
792.259225922592,0
792.319231923192,0
792.379237923792,0
792.439243924392,0
792.499249924992,0
792.559255925593,0
792.619261926193,0
792.679267926793,0
792.739273927393,0
792.799279927993,0
792.859285928593,0
792.919291929193,0
792.979297929793,0
793.039303930393,0
793.099309930993,0
793.159315931593,0
793.219321932193,0
793.279327932793,0
793.339333933393,0
793.399339933993,0
793.459345934593,0
793.519351935194,0
793.579357935794,0
793.639363936394,0
793.699369936994,0
793.759375937594,0
793.819381938194,0
793.879387938794,0
793.939393939394,0
793.999399939994,0
794.059405940594,0
794.119411941194,0
794.179417941794,0
794.239423942394,0
794.299429942994,0
794.359435943594,0
794.419441944194,0
794.479447944795,0
794.539453945394,0
794.599459945995,0
794.659465946595,0
794.719471947195,0
794.779477947795,0
794.839483948395,0
794.899489948995,0
794.959495949595,0
795.019501950195,0
795.079507950795,0
795.139513951395,0
795.199519951995,0
795.259525952595,0
795.319531953195,0
795.379537953795,0
795.439543954395,0
795.499549954995,0
795.559555955596,0
795.619561956196,0
795.679567956796,0
795.739573957396,0
795.799579957996,0
795.859585958596,0
795.919591959196,0
795.979597959796,0
796.039603960396,0
796.099609960996,0
796.159615961596,0
796.219621962196,0
796.279627962796,0
796.339633963396,0
796.399639963996,0
796.459645964596,0
796.519651965197,0
796.579657965797,0
796.639663966397,0
796.699669966997,0
796.759675967597,0
796.819681968197,0
796.879687968797,0
796.939693969397,0
796.999699969997,0
797.059705970597,0
797.119711971197,0
797.179717971797,0
797.239723972397,0
797.299729972997,0
797.359735973597,0
797.419741974197,0
797.479747974797,0
797.539753975398,0
797.599759975998,0
797.659765976598,0
797.719771977198,0
797.779777977798,0
797.839783978398,0
797.899789978998,0
797.959795979598,0
798.019801980198,0
798.079807980798,0
798.139813981398,0
798.199819981998,0
798.259825982598,0
798.319831983198,0
798.379837983798,0
798.439843984398,0
798.499849984998,0
798.559855985599,0
798.619861986199,0
798.679867986799,0
798.739873987399,0
798.799879987999,0
798.859885988599,0
798.919891989199,0
798.979897989799,0
799.039903990399,0
799.099909990999,0
799.159915991599,0
799.219921992199,0
799.279927992799,0
799.339933993399,0
799.399939993999,0
799.459945994599,0
799.5199519952,0
799.5799579958,0
799.6399639964,0
799.699969997,0
799.7599759976,0
799.8199819982,0
799.8799879988,0
799.9399939994,0
800,0
