wavelength_nm,intensity
200,0
200.0600060006,0
200.1200120012,0
200.1800180018,0
200.2400240024,0
200.300030003,0
200.3600360036,0
200.4200420042,0
200.4800480048,0
200.540054005401,0
200.600060006001,0
200.660066006601,0
200.720072007201,0
200.780078007801,0
200.840084008401,0
200.900090009001,0
200.960096009601,0
201.020102010201,0
201.080108010801,0
201.140114011401,0
201.200120012001,0
201.260126012601,0
201.320132013201,0
201.380138013801,0
201.440144014401,0
201.500150015002,0
201.560156015602,0
201.620162016202,0
201.680168016802,0
201.740174017402,0
201.800180018002,0
201.860186018602,0
201.920192019202,0
201.980198019802,0
202.040204020402,0
202.100210021002,0
202.160216021602,0
202.220222022202,0
202.280228022802,0
202.340234023402,0
202.400240024002,0
202.460246024602,0
202.520252025203,0
202.580258025803,0
202.640264026403,0
202.700270027003,0
202.760276027603,0
202.820282028203,0
202.880288028803,0
202.940294029403,0
203.000300030003,0
203.060306030603,0
203.120312031203,0
203.180318031803,0
203.240324032403,0
203.300330033003,0
203.360336033603,0
203.420342034203,0
203.480348034803,0
203.540354035404,0
203.600360036004,0
203.660366036604,0
203.720372037204,0
203.780378037804,0
203.840384038404,0
203.900390039004,0
203.960396039604,0
204.020402040204,0
204.080408040804,0
204.140414041404,0
204.200420042004,0
204.260426042604,0
204.320432043204,0
204.380438043804,0
204.440444044404,0
204.500450045004,0
204.560456045605,0
204.620462046205,0
204.680468046805,0
204.740474047405,0
204.800480048005,0
204.860486048605,0
204.920492049205,0
204.980498049805,0
205.040504050405,0
205.100510051005,0
205.160516051605,0
205.220522052205,0
205.280528052805,0
205.340534053405,0
205.400540054005,0
205.460546054605,0
205.520552055206,0
205.580558055806,0
205.640564056406,0
205.700570057006,0
205.760576057606,0
205.820582058206,0
205.880588058806,0
205.940594059406,0
206.000600060006,0
206.060606060606,0
206.120612061206,0
206.180618061806,0
206.240624062406,0
206.300630063006,0
206.360636063606,0
206.420642064206,0
206.480648064806,0
206.540654065407,0
206.600660066007,0
206.660666066607,0
206.720672067207,0
206.780678067807,0
206.840684068407,0
206.900690069007,0
206.960696069607,0
207.020702070207,0
207.080708070807,0
207.140714071407,0
207.200720072007,0
207.260726072607,0
207.320732073207,0
207.380738073807,0
207.440744074407,0
207.500750075007,0
207.560756075608,0
207.620762076208,0
207.680768076808,0
207.740774077408,0
207.800780078008,0
207.860786078608,0
207.920792079208,0
207.980798079808,0
208.040804080408,0
208.100810081008,0
208.160816081608,0
208.220822082208,0
208.280828082808,0
208.340834083408,0
208.400840084008,0
208.460846084608,0
208.520852085209,0
208.580858085809,0
208.640864086409,0
208.700870087009,0
208.760876087609,0
208.820882088209,0
208.880888088809,0
208.940894089409,0
209.000900090009,0
209.060906090609,0
209.120912091209,0
209.180918091809,0
209.240924092409,0
209.300930093009,0
209.360936093609,0
209.420942094209,0
209.480948094809,0
209.54095409541,0
209.60096009601,0
209.66096609661,0
209.72097209721,0
209.78097809781,0
209.84098409841,0
209.90099009901,0
209.96099609961,0
210.02100210021,0
210.08100810081,0
210.14101410141,0
210.20102010201,0
210.26102610261,0
210.32103210321,0
210.38103810381,0
210.44104410441,0
210.501050105011,0
210.561056105611,0
210.621062106211,0
210.681068106811,0
210.741074107411,0
210.801080108011,0
210.861086108611,0
210.921092109211,0
210.981098109811,0
211.041104110411,0
211.101110111011,0
211.161116111611,0
211.221122112211,0
211.281128112811,0
211.341134113411,0
211.401140114011,0
211.461146114611,0
211.521152115212,0
211.581158115812,0
211.641164116412,0
211.701170117012,0
211.761176117612,0
211.821182118212,0
211.881188118812,0
211.941194119412,0
212.001200120012,0
212.061206120612,0
212.121212121212,0
212.181218121812,0
212.241224122412,0
212.301230123012,0
212.361236123612,0
212.421242124212,0
212.481248124812,0
212.541254125413,0
212.601260126013,0
212.661266126613,0
212.721272127213,0
212.781278127813,0
212.841284128413,0
212.901290129013,0
212.961296129613,0
213.021302130213,0
213.081308130813,0
213.141314131413,0
213.201320132013,0
213.261326132613,0
213.321332133213,0
213.381338133813,0
213.441344134413,0
213.501350135013,0
213.561356135614,0
213.621362136214,0
213.681368136814,0
213.741374137414,0
213.801380138014,0
213.861386138614,0
213.921392139214,0
213.981398139814,0
214.041404140414,0
214.101410141014,0
214.161416141614,0
214.221422142214,0
214.281428142814,0
214.341434143414,0
214.401440144014,0
214.461446144614,0
214.521452145215,0
214.581458145815,0
214.641464146415,0
214.701470147015,0
214.761476147615,0
214.821482148215,0
214.881488148815,0
214.941494149415,0
215.001500150015,0
215.061506150615,0
215.121512151215,0
215.181518151815,0
215.241524152415,0
215.301530153015,0
215.361536153615,0
215.421542154215,0
215.481548154815,0
215.541554155416,0
215.601560156016,0
215.661566156616,0
215.721572157216,0
215.781578157816,0
215.841584158416,0
215.901590159016,0
215.961596159616,0
216.021602160216,0
216.081608160816,0
216.141614161416,0
216.201620162016,0
216.261626162616,0
216.321632163216,0
216.381638163816,0
216.441644164416,0
216.501650165016,0
216.561656165617,0
216.621662166217,0
216.681668166817,0
216.741674167417,0
216.801680168017,0
216.861686168617,0
216.921692169217,0
216.981698169817,0
217.041704170417,0
217.101710171017,0
217.161716171617,0
217.221722172217,0
217.281728172817,0
217.341734173417,0
217.401740174017,0
217.461746174617,0
217.521752175218,0
217.581758175818,0
217.641764176418,0
217.701770177018,0
217.761776177618,0
217.821782178218,0
217.881788178818,0
217.941794179418,0
218.001800180018,0
218.061806180618,0
218.121812181218,0
218.181818181818,0
218.241824182418,0
218.301830183018,0
218.361836183618,0
218.421842184218,0
218.481848184818,0
218.541854185419,0
218.601860186019,0
218.661866186619,0
218.721872187219,0
218.781878187819,0
218.841884188419,0
218.901890189019,0
218.961896189619,0
219.021902190219,0
219.081908190819,0
219.141914191419,0
219.201920192019,0
219.261926192619,0
219.321932193219,0
219.381938193819,0
219.441944194419,0
219.50195019502,0
219.56195619562,0
219.62196219622,0
219.68196819682,0
219.74197419742,0
219.80198019802,0
219.86198619862,0
219.92199219922,0
219.98199819982,0
220.04200420042,0
220.10201020102,0
220.16201620162,0
220.22202220222,0
220.28202820282,0
220.34203420342,0
220.40204020402,0
220.46204620462,0
220.522052205221,0
220.582058205821,0
220.642064206421,0
220.702070207021,0
220.762076207621,0
220.822082208221,0
220.882088208821,0
220.942094209421,0
221.002100210021,0
221.062106210621,0
221.122112211221,0
221.182118211821,0
221.242124212421,0
221.302130213021,0
221.362136213621,0
221.422142214221,0
221.482148214821,0
221.542154215422,0
221.602160216022,0
221.662166216622,0
221.722172217222,0
221.782178217822,0
221.842184218422,0
221.902190219022,0
221.962196219622,0
222.022202220222,0
222.082208220822,0
222.142214221422,0
222.202220222022,0
222.262226222622,0
222.322232223222,0
222.382238223822,0
222.442244224422,0
222.502250225022,0
222.562256225623,0
222.622262226223,0
222.682268226823,0
222.742274227423,0
222.802280228023,0
222.862286228623,0
222.922292229223,0
222.982298229823,0
223.042304230423,0
223.102310231023,0
223.162316231623,0
223.222322232223,0
223.282328232823,0
223.342334233423,0
223.402340234023,0
223.462346234623,0
223.522352235224,0
223.582358235824,0
223.642364236424,0
223.702370237024,0
223.762376237624,0
223.822382238224,0
223.882388238824,0
223.942394239424,0
224.002400240024,0
224.062406240624,0
224.122412241224,0
224.182418241824,0
224.242424242424,0
224.302430243024,0
224.362436243624,0
224.422442244224,0
224.482448244824,0
224.542454245425,0
224.602460246025,0
224.662466246625,0
224.722472247225,0
224.782478247825,0
224.842484248425,0
224.902490249025,0
224.962496249625,0
225.022502250225,0
225.082508250825,0
225.142514251425,0
225.202520252025,0
225.262526252625,0
225.322532253225,0
225.382538253825,0
225.442544254425,0
225.502550255026,0
225.562556255626,0
225.622562256226,0
225.682568256826,0
225.742574257426,0
225.802580258026,0
225.862586258626,0
225.922592259226,0
225.982598259826,0
226.042604260426,0
226.102610261026,0
226.162616261626,0
226.222622262226,0
226.282628262826,0
226.342634263426,0
226.402640264026,0
226.462646264626,0
226.522652265227,0
226.582658265827,0
226.642664266427,0
226.702670267027,0
226.762676267627,0
226.822682268227,0
226.882688268827,0
226.942694269427,0
227.002700270027,0
227.062706270627,0
227.122712271227,0
227.182718271827,0
227.242724272427,0
227.302730273027,0
227.362736273627,0
227.422742274227,0
227.482748274827,0
227.542754275428,0
227.602760276028,0
227.662766276628,0
227.722772277228,0
227.782778277828,0
227.842784278428,0
227.902790279028,0
227.962796279628,0
228.022802280228,0
228.082808280828,0
228.142814281428,0
228.202820282028,0
228.262826282628,0
228.322832283228,0
228.382838283828,0
228.442844284428,0
228.502850285029,0
228.562856285629,0
228.622862286229,0
228.682868286829,0
228.742874287429,0
228.802880288029,0
228.862886288629,0
228.922892289229,0
228.982898289829,0
229.042904290429,0
229.102910291029,0
229.162916291629,0
229.222922292229,0
229.282928292829,0
229.342934293429,0
229.402940294029,0
229.462946294629,0
229.52295229523,0
229.58295829583,0
229.64296429643,0
229.70297029703,0
229.76297629763,0
229.82298229823,0
229.88298829883,0
229.94299429943,0
230.00300030003,0
230.06300630063,0
230.12301230123,0
230.18301830183,0
230.24302430243,0
230.30303030303,0
230.36303630363,0
230.42304230423,0
230.48304830483,0
230.543054305431,0
230.603060306031,0
230.663066306631,0
230.723072307231,0
230.783078307831,0
230.843084308431,0
230.903090309031,0
230.963096309631,0
231.023102310231,0
231.083108310831,0
231.143114311431,0
231.203120312031,0
231.263126312631,0
231.323132313231,0
231.383138313831,0
231.443144314431,0
231.503150315032,0
231.563156315632,0
231.623162316232,0
231.683168316832,0
231.743174317432,0
231.803180318032,0
231.863186318632,0
231.923192319232,0
231.983198319832,0
232.043204320432,0
232.103210321032,0
232.163216321632,0
232.223222322232,0
232.283228322832,0
232.343234323432,0
232.403240324032,0
232.463246324632,0
232.523252325233,0
232.583258325833,0
232.643264326433,0
232.703270327033,0
232.763276327633,0
232.823282328233,0
232.883288328833,0
232.943294329433,0
233.003300330033,0
233.063306330633,0
233.123312331233,0
233.183318331833,0
233.243324332433,0
233.303330333033,0
233.363336333633,0
233.423342334233,0
233.483348334833,0
233.543354335434,0
233.603360336034,0
233.663366336634,0
233.723372337234,0
233.783378337834,0
233.843384338434,0
233.903390339034,0
233.963396339634,0
234.023402340234,0
234.083408340834,0
234.143414341434,0
234.203420342034,0
234.263426342634,0
234.323432343234,0
234.383438343834,0
234.443444344434,0
234.503450345035,0
234.563456345635,0
234.623462346235,0
234.683468346835,0
234.743474347435,0
234.803480348035,0
234.863486348635,0
234.923492349235,0
234.983498349835,0
235.043504350435,0
235.103510351035,0
235.163516351635,0
235.223522352235,0
235.283528352835,0
235.343534353435,0
235.403540354035,0
235.463546354635,0
235.523552355236,0
235.583558355836,0
235.643564356436,0
235.703570357036,0
235.763576357636,0
235.823582358236,0
235.883588358836,0
235.943594359436,0
236.003600360036,0
236.063606360636,0
236.123612361236,0
236.183618361836,0
236.243624362436,0
236.303630363036,0
236.363636363636,0
236.423642364236,0
236.483648364836,0
236.543654365437,0
236.603660366037,0
236.663666366637,0
236.723672367237,0
236.783678367837,0
236.843684368437,0
236.903690369037,0
236.963696369637,0
237.023702370237,0
237.083708370837,0
237.143714371437,0
237.203720372037,0
237.263726372637,0
237.323732373237,0
237.383738373837,0
237.443744374437,0
237.503750375037,0
237.563756375638,0
237.623762376238,0
237.683768376838,0
237.743774377438,0
237.803780378038,0
237.863786378638,0
237.923792379238,0
237.983798379838,0
238.043804380438,0
238.103810381038,0
238.163816381638,0
238.223822382238,0
238.283828382838,0
238.343834383438,0
238.403840384038,0
238.463846384638,0
238.523852385239,0
238.583858385839,0
238.643864386439,0
238.703870387039,0
238.763876387639,0
238.823882388239,0
238.883888388839,0
238.943894389439,0
239.003900390039,0
239.063906390639,0
239.123912391239,0
239.183918391839,0
239.243924392439,0
239.303930393039,0
239.363936393639,0
239.423942394239,0
239.48394839484,0
239.54395439544,0
239.60396039604,0
239.66396639664,0
239.72397239724,0
239.78397839784,0
239.84398439844,0
239.90399039904,0
239.96399639964,0
240.02400240024,0
240.08400840084,0
240.14401440144,0
240.20402040204,0
240.26402640264,0
240.32403240324,0
240.38403840384,0
240.44404440444,0
240.504050405041,0
240.564056405641,0
240.624062406241,0
240.684068406841,0
240.744074407441,0
240.804080408041,0
240.864086408641,0
240.924092409241,0
240.984098409841,0
241.044104410441,0
241.104110411041,0
241.164116411641,0
241.224122412241,0
241.284128412841,0
241.344134413441,0
241.404140414041,0
241.464146414641,0
241.524152415242,0
241.584158415842,0
241.644164416442,0
241.704170417042,0
241.764176417642,0
241.824182418242,0
241.884188418842,0
241.944194419442,0
242.004200420042,0
242.064206420642,0
242.124212421242,0
242.184218421842,0
242.244224422442,0
242.304230423042,0
242.364236423642,0
242.424242424242,0
242.484248424842,0
242.544254425443,0
242.604260426043,0
242.664266426643,0
242.724272427243,0
242.784278427843,0
242.844284428443,0
242.904290429043,0
242.964296429643,0
243.024302430243,0
243.084308430843,0
243.144314431443,0
243.204320432043,0
243.264326432643,0
243.324332433243,0
243.384338433843,0
243.444344434443,0
243.504350435044,0
243.564356435644,0
243.624362436244,0
243.684368436844,0
243.744374437444,0
243.804380438044,0
243.864386438644,0
243.924392439244,0
243.984398439844,0
244.044404440444,0
244.104410441044,0
244.164416441644,0
244.224422442244,0
244.284428442844,0
244.344434443444,0
244.404440444044,0
244.464446444644,0
244.524452445245,0
244.584458445845,0
244.644464446445,0
244.704470447045,0
244.764476447645,0
244.824482448245,0
244.884488448845,0
244.944494449445,0
245.004500450045,0
245.064506450645,0
245.124512451245,0
245.184518451845,0
245.244524452445,0
245.304530453045,0
245.364536453645,0
245.424542454245,0
245.484548454845,0
245.544554455446,0
245.604560456046,0
245.664566456646,0
245.724572457246,0
245.784578457846,0
245.844584458446,0
245.904590459046,0
245.964596459646,0
246.024602460246,0
246.084608460846,0
246.144614461446,0
246.204620462046,0
246.264626462646,0
246.324632463246,0
246.384638463846,0
246.444644464446,0
246.504650465046,0
246.564656465647,0
246.624662466247,0
246.684668466847,0
246.744674467447,0
246.804680468047,0
246.864686468647,0
246.924692469247,0
246.984698469847,0
247.044704470447,0
247.104710471047,0
247.164716471647,0
247.224722472247,0
247.284728472847,0
247.344734473447,0
247.404740474047,0
247.464746474647,0
247.524752475248,0
247.584758475848,0
247.644764476448,0
247.704770477048,0
247.764776477648,0
247.824782478248,0
247.884788478848,0
247.944794479448,0
248.004800480048,0
248.064806480648,0
248.124812481248,0
248.184818481848,0
248.244824482448,0
248.304830483048,0
248.364836483648,0
248.424842484248,0
248.484848484848,0
248.544854485449,0
248.604860486049,0
248.664866486649,0
248.724872487249,0
248.784878487849,0
248.844884488449,0
248.904890489049,0
248.964896489649,0
249.024902490249,0
249.084908490849,0
249.144914491449,0
249.204920492049,0
249.264926492649,0
249.324932493249,0
249.384938493849,0
249.444944494449,0
249.50495049505,0
249.56495649565,0
249.62496249625,0
249.68496849685,0
249.74497449745,0
249.80498049805,0
249.86498649865,0
249.92499249925,0
249.98499849985,0
250.04500450045,0
250.10501050105,0
250.16501650165,0
250.22502250225,0
250.28502850285,0
250.34503450345,0
250.40504050405,0
250.46504650465,0
250.525052505251,0
250.585058505851,0
250.645064506451,0
250.705070507051,0
250.765076507651,0
250.825082508251,0
250.885088508851,0
250.945094509451,0
251.005100510051,0
251.065106510651,0
251.125112511251,0
251.185118511851,0
251.245124512451,0
251.305130513051,0
251.365136513651,0
251.425142514251,0
251.485148514851,0
251.545154515452,0
251.605160516052,0
251.665166516652,0
251.725172517252,0
251.785178517852,0
251.845184518452,0
251.905190519052,0
251.965196519652,0
252.025202520252,0
252.085208520852,0
252.145214521452,0
252.205220522052,0
252.265226522652,0
252.325232523252,0
252.385238523852,0
252.445244524452,0
252.505250525053,0
252.565256525653,0
252.625262526253,0
252.685268526853,0
252.745274527453,0
252.805280528053,0
252.865286528653,0
252.925292529253,0
252.985298529853,0
253.045304530453,0
253.105310531053,0
253.165316531653,0
253.225322532253,0
253.285328532853,0
253.345334533453,0
253.405340534053,0
253.465346534653,0
253.525352535254,0
253.585358535854,0
253.645364536454,0
253.705370537054,0
253.765376537654,0
253.825382538254,0
253.885388538854,0
253.945394539454,0
254.005400540054,0
254.065406540654,0
254.125412541254,0
254.185418541854,0
254.245424542454,0
254.305430543054,0
254.365436543654,0
254.425442544254,0
254.485448544854,0
254.545454545455,0
254.605460546055,0
254.665466546655,0
254.725472547255,0
254.785478547855,0
254.845484548455,0
254.905490549055,0
254.965496549655,0
255.025502550255,0
255.085508550855,0
255.145514551455,0
255.205520552055,0
255.265526552655,0
255.325532553255,0
255.385538553855,0
255.445544554455,0
255.505550555055,0
255.565556555656,0
255.625562556256,0
255.685568556856,0
255.745574557456,0
255.805580558056,0
255.865586558656,0
255.925592559256,0
255.985598559856,0
256.045604560456,0
256.105610561056,0
256.165616561656,0
256.225622562256,0
256.285628562856,0
256.345634563456,0
256.405640564056,0
256.465646564656,0
256.525652565257,0
256.585658565857,0
256.645664566457,0
256.705670567057,0
256.765676567657,0
256.825682568257,0
256.885688568857,0
256.945694569457,0
257.005700570057,0
257.065706570657,0
257.125712571257,0
257.185718571857,0
257.245724572457,0
257.305730573057,0
257.365736573657,0
257.425742574257,0
257.485748574857,0
257.545754575458,0
257.605760576058,0
257.665766576658,0
257.725772577258,0
257.785778577858,0
257.845784578458,0
257.905790579058,0
257.965796579658,0
258.025802580258,0
258.085808580858,0
258.145814581458,0
258.205820582058,0
258.265826582658,0
258.325832583258,0
258.385838583858,0
258.445844584458,0
258.505850585059,0
258.565856585659,0
258.625862586259,0
258.685868586859,0
258.745874587459,0
258.805880588059,0
258.865886588659,0
258.925892589259,0
258.985898589859,0
259.045904590459,0
259.105910591059,0
259.165916591659,0
259.225922592259,0
259.285928592859,0
259.345934593459,0
259.405940594059,0
259.465946594659,0
259.52595259526,0
259.58595859586,0
259.64596459646,0
259.70597059706,0
259.76597659766,0
259.82598259826,0
259.88598859886,0
259.94599459946,0
260.00600060006,0
260.06600660066,0
260.12601260126,0
260.18601860186,0
260.24602460246,0
260.30603060306,0
260.36603660366,0
260.42604260426,0
260.48604860486,0
260.546054605461,0
260.606060606061,0
260.666066606661,0
260.726072607261,0
260.786078607861,0
260.846084608461,0
260.906090609061,0
260.966096609661,0
261.026102610261,0
261.086108610861,0
261.146114611461,0
261.206120612061,0
261.266126612661,0
261.326132613261,0
261.386138613861,0
261.446144614461,0
261.506150615062,0
261.566156615662,0
261.626162616262,0
261.686168616862,0
261.746174617462,0
261.806180618062,0
261.866186618662,0
261.926192619262,0
261.986198619862,0
262.046204620462,0
262.106210621062,0
262.166216621662,0
262.226222622262,0
262.286228622862,0
262.346234623462,0
262.406240624062,0
262.466246624662,0
262.526252625263,0
262.586258625863,0
262.646264626463,0
262.706270627063,0
262.766276627663,0
262.826282628263,0
262.886288628863,0
262.946294629463,0
263.006300630063,0
263.066306630663,0
263.126312631263,0
263.186318631863,0
263.246324632463,0
263.306330633063,0
263.366336633663,0
263.426342634263,0
263.486348634863,0
263.546354635464,0
263.606360636064,0
263.666366636664,0
263.726372637264,0
263.786378637864,0
263.846384638464,0
263.906390639064,0
263.966396639664,0
264.026402640264,0
264.086408640864,0
264.146414641464,0
264.206420642064,0
264.266426642664,0
264.326432643264,0
264.386438643864,0
264.446444644464,0
264.506450645064,0
264.566456645665,0
264.626462646265,0
264.686468646865,0
264.746474647465,0
264.806480648065,0
264.866486648665,0
264.926492649265,0
264.986498649865,0
265.046504650465,0
265.106510651065,0
265.166516651665,0
265.226522652265,0
265.286528652865,0
265.346534653465,0
265.406540654065,0
265.466546654665,0
265.526552655266,0
265.586558655866,0
265.646564656466,0
265.706570657066,0
265.766576657666,0
265.826582658266,0
265.886588658866,0
265.946594659466,0
266.006600660066,0
266.066606660666,0
266.126612661266,0
266.186618661866,0
266.246624662466,0
266.306630663066,0
266.366636663666,0
266.426642664266,0
266.486648664866,0
266.546654665467,0
266.606660666067,0
266.666666666667,0
266.726672667267,0
266.786678667867,0
266.846684668467,0
266.906690669067,0
266.966696669667,0
267.026702670267,0
267.086708670867,0
267.146714671467,0
267.206720672067,0
267.266726672667,0
267.326732673267,0
267.386738673867,0
267.446744674467,0
267.506750675068,0
267.566756675668,0
267.626762676268,0
267.686768676868,0
267.746774677468,0
267.806780678068,0
267.866786678668,0
267.926792679268,0
267.986798679868,0
268.046804680468,0
268.106810681068,0
268.166816681668,0
268.226822682268,0
268.286828682868,0
268.346834683468,0
268.406840684068,0
268.466846684668,0
268.526852685269,0
268.586858685869,0
268.646864686469,0
268.706870687069,0
268.766876687669,0
268.826882688269,0
268.886888688869,0
268.946894689469,0
269.006900690069,0
269.066906690669,0
269.126912691269,0
269.186918691869,0
269.246924692469,0
269.306930693069,0
269.366936693669,0
269.426942694269,0
269.48694869487,0
269.54695469547,0
269.60696069607,0
269.66696669667,0
269.72697269727,0
269.78697869787,0
269.84698469847,0
269.90699069907,0
269.96699669967,0
270.02700270027,0
270.08700870087,0
270.14701470147,0
270.20702070207,0
270.26702670267,0
270.32703270327,0
270.38703870387,0
270.44704470447,0
270.507050705071,0
270.567056705671,0
270.627062706271,0
270.687068706871,0
270.747074707471,0
270.807080708071,0
270.867086708671,0
270.927092709271,0
270.987098709871,0
271.047104710471,0
271.107110711071,0
271.167116711671,0
271.227122712271,0
271.287128712871,0
271.347134713471,0
271.407140714071,0
271.467146714671,0
271.527152715272,0
271.587158715872,0
271.647164716472,0
271.707170717072,0
271.767176717672,0
271.827182718272,0
271.887188718872,0
271.947194719472,0
272.007200720072,0
272.067206720672,0
272.127212721272,0
272.187218721872,0
272.247224722472,0
272.307230723072,0
272.367236723672,0
272.427242724272,0
272.487248724872,0
272.547254725473,0
272.607260726073,0
272.667266726673,0
272.727272727273,0
272.787278727873,0
272.847284728473,0
272.907290729073,0
272.967296729673,0
273.027302730273,0
273.087308730873,0
273.147314731473,0
273.207320732073,0
273.267326732673,0
273.327332733273,0
273.387338733873,0
273.447344734473,0
273.507350735073,0
273.567356735674,0
273.627362736274,0
273.687368736874,0
273.747374737474,0
273.807380738074,0
273.867386738674,0
273.927392739274,0
273.987398739874,0
274.047404740474,0
274.107410741074,0
274.167416741674,0
274.227422742274,0
274.287428742874,0
274.347434743474,0
274.407440744074,0
274.467446744674,0
274.527452745275,0
274.587458745875,0
274.647464746475,0
274.707470747075,0
274.767476747675,0
274.827482748275,0
274.887488748875,0
274.947494749475,0
275.007500750075,0
275.067506750675,0
275.127512751275,0
275.187518751875,0
275.247524752475,0
275.307530753075,0
275.367536753675,0
275.427542754275,0
275.487548754875,0
275.547554755476,0
275.607560756076,0
275.667566756676,0
275.727572757276,0
275.787578757876,0
275.847584758476,0
275.907590759076,0
275.967596759676,0
276.027602760276,0
276.087608760876,0
276.147614761476,0
276.207620762076,0
276.267626762676,0
276.327632763276,0
276.387638763876,0
276.447644764476,0
276.507650765077,0
276.567656765677,0
276.627662766277,0
276.687668766877,0
276.747674767477,0
276.807680768077,0
276.867686768677,0
276.927692769277,0
276.987698769877,0
277.047704770477,0
277.107710771077,0
277.167716771677,0
277.227722772277,0
277.287728772877,0
277.347734773477,0
277.407740774077,0
277.467746774677,0
277.527752775278,0
277.587758775878,0
277.647764776478,0
277.707770777078,0
277.767776777678,0
277.827782778278,0
277.887788778878,0
277.947794779478,0
278.007800780078,0
278.067806780678,0
278.127812781278,0
278.187818781878,0
278.247824782478,0
278.307830783078,0
278.367836783678,0
278.427842784278,0
278.487848784878,0
278.547854785479,0
278.607860786079,0
278.667866786679,0
278.727872787279,0
278.787878787879,0
278.847884788479,0
278.907890789079,0
278.967896789679,0
279.027902790279,0
279.087908790879,0
279.147914791479,0
279.207920792079,0
279.267926792679,0
279.327932793279,0
279.387938793879,0
279.447944794479,0
279.50795079508,0
279.56795679568,0
279.62796279628,0
279.68796879688,0
279.74797479748,0
279.80798079808,0
279.86798679868,0
279.92799279928,0
279.98799879988,0
280.04800480048,0
280.10801080108,0
280.16801680168,0
280.22802280228,0
280.28802880288,0
280.34803480348,0
280.40804080408,0
280.46804680468,0
280.528052805281,0
280.588058805881,0
280.648064806481,0
280.708070807081,0
280.768076807681,0
280.828082808281,0
280.888088808881,0
280.948094809481,0
281.008100810081,0
281.068106810681,0
281.128112811281,0
281.188118811881,0
281.248124812481,0
281.308130813081,0
281.368136813681,0
281.428142814281,0
281.488148814881,0
281.548154815482,0
281.608160816082,0
281.668166816682,0
281.728172817282,0
281.788178817882,0
281.848184818482,0
281.908190819082,0
281.968196819682,0
282.028202820282,0
282.088208820882,0
282.148214821482,0
282.208220822082,0
282.268226822682,0
282.328232823282,0
282.388238823882,0
282.448244824482,0
282.508250825083,0
282.568256825683,0
282.628262826283,0
282.688268826883,0
282.748274827483,0
282.808280828083,0
282.868286828683,0
282.928292829283,0
282.988298829883,0
283.048304830483,0
283.108310831083,0
283.168316831683,0
283.228322832283,0
283.288328832883,0
283.348334833483,0
283.408340834083,0
283.468346834683,0
283.528352835283,0
283.588358835884,0
283.648364836484,0
283.708370837084,0
283.768376837684,0
283.828382838284,0
283.888388838884,0
283.948394839484,0
284.008400840084,0
284.068406840684,0
284.128412841284,0
284.188418841884,0
284.248424842484,0
284.308430843084,0
284.368436843684,0
284.428442844284,0
284.488448844884,0
284.548454845485,0
284.608460846085,0
284.668466846685,0
284.728472847285,0
284.788478847885,0
284.848484848485,0
284.908490849085,0
284.968496849685,0
285.028502850285,0
285.088508850885,0
285.148514851485,0
285.208520852085,0
285.268526852685,0
285.328532853285,0
285.388538853885,0
285.448544854485,0
285.508550855086,0
285.568556855686,0
285.628562856286,0
285.688568856886,0
285.748574857486,0
285.808580858086,0
285.868586858686,0
285.928592859286,0
285.988598859886,0
286.048604860486,0
286.108610861086,0
286.168616861686,0
286.228622862286,0
286.288628862886,0
286.348634863486,0
286.408640864086,0
286.468646864686,0
286.528652865287,0
286.588658865887,0
286.648664866487,0
286.708670867087,0
286.768676867687,0
286.828682868287,0
286.888688868887,0
286.948694869487,0
287.008700870087,0
287.068706870687,0
287.128712871287,0
287.188718871887,0
287.248724872487,0
287.308730873087,0
287.368736873687,0
287.428742874287,0
287.488748874888,0
287.548754875488,0
287.608760876088,0
287.668766876688,0
287.728772877288,0
287.788778877888,0
287.848784878488,0
287.908790879088,0
287.968796879688,0
288.028802880288,0
288.088808880888,0
288.148814881488,0
288.208820882088,0
288.268826882688,0
288.328832883288,0
288.388838883888,0
288.448844884488,0
288.508850885089,0
288.568856885689,0
288.628862886289,0
288.688868886889,0
288.748874887489,0
288.808880888089,0
288.868886888689,0
288.928892889289,0
288.988898889889,0
289.048904890489,0
289.108910891089,0
289.168916891689,0
289.228922892289,0
289.288928892889,0
289.348934893489,0
289.408940894089,0
289.468946894689,0
289.52895289529,0
289.58895889589,0
289.64896489649,0
289.70897089709,0
289.76897689769,0
289.82898289829,0
289.88898889889,0
289.94899489949,0
290.00900090009,0
290.06900690069,0
290.12901290129,0
290.18901890189,0
290.24902490249,0
290.30903090309,0
290.36903690369,0
290.42904290429,0
290.489048904891,0
290.549054905491,0
290.609060906091,0
290.669066906691,0
290.729072907291,0
290.789078907891,0
290.849084908491,0
290.909090909091,0
290.969096909691,0
291.029102910291,0
291.089108910891,0
291.149114911491,0
291.209120912091,0
291.269126912691,0
291.329132913291,0
291.389138913891,0
291.449144914491,0
291.509150915091,0
291.569156915692,0
291.629162916292,0
291.689168916892,0
291.749174917492,0
291.809180918092,0
291.869186918692,0
291.929192919292,0
291.989198919892,0
292.049204920492,0
292.109210921092,0
292.169216921692,0
292.229222922292,0
292.289228922892,0
292.349234923492,0
292.409240924092,0
292.469246924692,0
292.529252925293,0
292.589258925893,0
292.649264926493,0
292.709270927093,0
292.769276927693,0
292.829282928293,0
292.889288928893,0
292.949294929493,0
293.009300930093,0
293.069306930693,0
293.129312931293,0
293.189318931893,0
293.249324932493,0
293.309330933093,0
293.369336933693,0
293.429342934293,0
293.489348934893,0
293.549354935494,0
293.609360936094,0
293.669366936694,0
293.729372937294,0
293.789378937894,0
293.849384938494,0
293.909390939094,0
293.969396939694,0
294.029402940294,0
294.089408940894,0
294.149414941494,0
294.209420942094,0
294.269426942694,0
294.329432943294,0
294.389438943894,0
294.449444944494,0
294.509450945094,0
294.569456945695,0
294.629462946295,0
294.689468946895,0
294.749474947495,0
294.809480948095,0
294.869486948695,0
294.929492949295,0
294.989498949895,0
295.049504950495,0
295.109510951095,0
295.169516951695,0
295.229522952295,0
295.289528952895,0
295.349534953495,0
295.409540954095,0
295.469546954695,0
295.529552955296,0
295.589558955896,0
295.649564956496,0
295.709570957096,0
295.769576957696,0
295.829582958296,0
295.889588958896,0
295.949594959496,0
296.009600960096,0
296.069606960696,0
296.129612961296,0
296.189618961896,0
296.249624962496,0
296.309630963096,0
296.369636963696,0
296.429642964296,0
296.489648964897,0
296.549654965497,0
296.609660966097,0
296.669666966697,0
296.729672967297,0
296.789678967897,0
296.849684968497,0
296.909690969097,0
296.969696969697,0
297.029702970297,0
297.089708970897,0
297.149714971497,0
297.209720972097,0
297.269726972697,0
297.329732973297,0
297.389738973897,0
297.449744974497,0
297.509750975098,0
297.569756975698,0
297.629762976298,0
297.689768976898,0
297.749774977498,0
297.809780978098,0
297.869786978698,0
297.929792979298,0
297.989798979898,0
298.049804980498,0
298.109810981098,0
298.169816981698,0
298.229822982298,0
298.289828982898,0
298.349834983498,0
298.409840984098,0
298.469846984698,0
298.529852985299,0
298.589858985899,0
298.649864986499,0
298.709870987099,0
298.769876987699,0
298.829882988299,0
298.889888988899,0
298.949894989499,0
299.009900990099,0
299.069906990699,0
299.129912991299,0
299.189918991899,0
299.249924992499,0
299.309930993099,0
299.369936993699,0
299.429942994299,0
299.489948994899,0
299.5499549955,0
299.6099609961,0
299.6699669967,0
299.7299729973,0
299.7899789979,0
299.8499849985,0
299.9099909991,0
299.9699969997,0
300.0300030003,0
300.0900090009,0
300.1500150015,0
300.2100210021,0
300.2700270027,0
300.3300330033,0
300.3900390039,0
300.4500450045,0
300.510051005101,0
300.570057005701,0
300.630063006301,0
300.690069006901,0
300.750075007501,0
300.810081008101,0
300.870087008701,0
300.930093009301,0
300.990099009901,0
301.050105010501,0
301.110111011101,0
301.170117011701,0
301.230123012301,0
301.290129012901,0
301.350135013501,0
301.410141014101,0
301.470147014701,0
301.530153015301,0
301.590159015902,0
301.650165016502,0
301.710171017102,0
301.770177017702,0
301.830183018302,0
301.890189018902,0
301.950195019502,0
302.010201020102,0
302.070207020702,0
302.130213021302,0
302.190219021902,0
302.250225022502,0
302.310231023102,0
302.370237023702,0
302.430243024302,0
302.490249024902,0
302.550255025503,0
302.610261026103,0
302.670267026703,0
302.730273027303,0
302.790279027903,0
302.850285028503,0
302.910291029103,0
302.970297029703,0
303.030303030303,0
303.090309030903,0
303.150315031503,0
303.210321032103,0
303.270327032703,0
303.330333033303,0
303.390339033903,0
303.450345034503,0
303.510351035103,0
303.570357035704,0
303.630363036304,0
303.690369036904,0
303.750375037504,0
303.810381038104,0
303.870387038704,0
303.930393039304,0
303.990399039904,0
304.050405040504,0
304.110411041104,0
304.170417041704,0
304.230423042304,0
304.290429042904,0
304.350435043504,0
304.410441044104,0
304.470447044704,0
304.530453045305,0
304.590459045905,0
304.650465046505,0
304.710471047105,0
304.770477047705,0
304.830483048305,0
304.890489048905,0
304.950495049505,0
305.010501050105,0
305.070507050705,0
305.130513051305,0
305.190519051905,0
305.250525052505,0
305.310531053105,0
305.370537053705,0
305.430543054305,0
305.490549054906,0
305.550555055506,0
305.610561056106,0
305.670567056706,0
305.730573057306,0
305.790579057906,0
305.850585058506,0
305.910591059106,0
305.970597059706,0
306.030603060306,0
306.090609060906,0
306.150615061506,0
306.210621062106,0
306.270627062706,0
306.330633063306,0
306.390639063906,0
306.450645064506,0
306.510651065107,0
306.570657065707,0
306.630663066307,0
306.690669066907,0
306.750675067507,0
306.810681068107,0
306.870687068707,0
306.930693069307,0
306.990699069907,0
307.050705070507,0
307.110711071107,0
307.170717071707,0
307.230723072307,0
307.290729072907,0
307.350735073507,0
307.410741074107,0
307.470747074707,0
307.530753075308,0
307.590759075908,0
307.650765076508,0
307.710771077108,0
307.770777077708,0
307.830783078308,0
307.890789078908,0
307.950795079508,0
308.010801080108,0
308.070807080708,0
308.130813081308,0
308.190819081908,0
308.250825082508,0
308.310831083108,0
308.370837083708,0
308.430843084308,0
308.490849084909,0
308.550855085509,0
308.610861086109,0
308.670867086709,0
308.730873087309,0
308.790879087909,0
308.850885088509,0
308.910891089109,0
308.970897089709,0
309.030903090309,0
309.090909090909,0
309.150915091509,0
309.210921092109,0
309.270927092709,0
309.330933093309,0
309.390939093909,0
309.450945094509,0
309.510951095109,0
309.57095709571,0
309.63096309631,0
309.69096909691,0
309.75097509751,0
309.81098109811,0
309.87098709871,0
309.93099309931,0
309.99099909991,0
310.05100510051,0
310.11101110111,0
310.17101710171,0
310.23102310231,0
310.29102910291,0
310.35103510351,0
310.41104110411,0
310.47104710471,0
310.531053105311,0
310.591059105911,0
310.651065106511,0
310.711071107111,0
310.771077107711,0
310.831083108311,0
310.891089108911,0
310.951095109511,0
311.011101110111,0
311.071107110711,0
311.131113111311,0
311.191119111911,0
311.251125112511,0
311.311131113111,0
311.371137113711,0
311.431143114311,0
311.491149114911,0
311.551155115512,0
311.611161116112,0
311.671167116712,0
311.731173117312,0
311.791179117912,0
311.851185118512,0
311.911191119112,0
311.971197119712,0
312.031203120312,0
312.091209120912,0
312.151215121512,0
312.211221122112,0
312.271227122712,0
312.331233123312,0
312.391239123912,0
312.451245124512,0
312.511251125112,0
312.571257125713,0
312.631263126313,0
312.691269126913,0
312.751275127513,0
312.811281128113,0
312.871287128713,0
312.931293129313,0
312.991299129913,0
313.051305130513,0
313.111311131113,0
313.171317131713,0
313.231323132313,0
313.291329132913,0
313.351335133513,0
313.411341134113,0
313.471347134713,0
313.531353135314,0
313.591359135914,0
313.651365136514,0
313.711371137114,0
313.771377137714,0
313.831383138314,0
313.891389138914,0
313.951395139514,0
314.011401140114,0
314.071407140714,0
314.131413141314,0
314.191419141914,0
314.251425142514,0
314.311431143114,0
314.371437143714,0
314.431443144314,0
314.491449144914,0
314.551455145515,0
314.611461146115,0
314.671467146715,0
314.731473147315,0
314.791479147915,0
314.851485148515,0
314.911491149115,0
314.971497149715,0
315.031503150315,0
315.091509150915,0
315.151515151515,0
315.211521152115,0
315.271527152715,0
315.331533153315,0
315.391539153915,0
315.451545154515,0
315.511551155116,0
315.571557155716,0
315.631563156316,0
315.691569156916,0
315.751575157516,0
315.811581158116,0
315.871587158716,0
315.931593159316,0
315.991599159916,0
316.051605160516,0
316.111611161116,0
316.171617161716,0
316.231623162316,0
316.291629162916,0
316.351635163516,0
316.411641164116,0
316.471647164717,0
316.531653165317,0
316.591659165917,0
316.651665166517,0
316.711671167117,0
316.771677167717,0
316.831683168317,0
316.891689168917,0
316.951695169517,0
317.011701170117,0
317.071707170717,0
317.131713171317,0
317.191719171917,0
317.251725172517,0
317.311731173117,0
317.371737173717,0
317.431743174317,0
317.491749174917,0
317.551755175518,0
317.611761176118,0
317.671767176718,0
317.731773177318,0
317.791779177918,0
317.851785178518,0
317.911791179118,0
317.971797179718,0
318.031803180318,0
318.091809180918,0
318.151815181518,0
318.211821182118,0
318.271827182718,0
318.331833183318,0
318.391839183918,0
318.451845184518,0
318.511851185119,0
318.571857185719,0
318.631863186319,0
318.691869186919,0
318.751875187519,0
318.811881188119,0
318.871887188719,0
318.931893189319,0
318.991899189919,0
319.051905190519,0
319.111911191119,0
319.171917191719,0
319.231923192319,0
319.291929192919,0
319.351935193519,0
319.411941194119,0
319.471947194719,0
319.53195319532,0
319.59195919592,0
319.65196519652,0
319.71197119712,0
319.77197719772,0
319.83198319832,0
319.89198919892,0
319.95199519952,0
320.01200120012,0
320.07200720072,0
320.13201320132,0
320.19201920192,0
320.25202520252,0
320.31203120312,0
320.37203720372,0
320.43204320432,0
320.49204920492,0
320.552055205521,0
320.612061206121,0
320.672067206721,0
320.732073207321,0
320.792079207921,0
320.852085208521,0
320.912091209121,0
320.972097209721,0
321.032103210321,0
321.092109210921,0
321.152115211521,0
321.212121212121,0
321.272127212721,0
321.332133213321,0
321.392139213921,0
321.452145214521,0
321.512151215121,0
321.572157215722,0
321.632163216322,0
321.692169216922,0
321.752175217522,0
321.812181218122,0
321.872187218722,0
321.932193219322,0
321.992199219922,0
322.052205220522,0
322.112211221122,0
322.172217221722,0
322.232223222322,0
322.292229222922,0
322.352235223522,0
322.412241224122,0
322.472247224722,0
322.532253225323,0
322.592259225923,0
322.652265226523,0
322.712271227123,0
322.772277227723,0
322.832283228323,0
322.892289228923,0
322.952295229523,0
323.012301230123,0
323.072307230723,0
323.132313231323,0
323.192319231923,0
323.252325232523,0
323.312331233123,0
323.372337233723,0
323.432343234323,0
323.492349234923,0
323.552355235524,0
323.612361236124,0
323.672367236724,0
323.732373237324,0
323.792379237924,0
323.852385238524,0
323.912391239124,0
323.972397239724,0
324.032403240324,0
324.092409240924,0
324.152415241524,0
324.212421242124,0
324.272427242724,0
324.332433243324,0
324.392439243924,0
324.452445244524,0
324.512451245125,0
324.572457245725,0
324.632463246325,0
324.692469246925,0
324.752475247525,0
324.812481248125,0
324.872487248725,0
324.932493249325,0
324.992499249925,0
325.052505250525,0
325.112511251125,0
325.172517251725,0
325.232523252325,0
325.292529252925,0
325.352535253525,0
325.412541254125,0
325.472547254725,0
325.532553255326,0
325.592559255926,0
325.652565256526,0
325.712571257126,0
325.772577257726,0
325.832583258326,0
325.892589258926,0
325.952595259526,0
326.012601260126,0
326.072607260726,0
326.132613261326,0
326.192619261926,0
326.252625262526,0
326.312631263126,0
326.372637263726,0
326.432643264326,0
326.492649264927,0
326.552655265527,0
326.612661266127,0
326.672667266727,0
326.732673267327,0
326.792679267927,0
326.852685268527,0
326.912691269127,0
326.972697269727,0
327.032703270327,0
327.092709270927,0
327.152715271527,0
327.212721272127,0
327.272727272727,0
327.332733273327,0
327.392739273927,0
327.452745274527,0
327.512751275128,0
327.572757275728,0
327.632763276328,0
327.692769276928,0
327.752775277528,0
327.812781278128,0
327.872787278728,0
327.932793279328,0
327.992799279928,0
328.052805280528,0
328.112811281128,0
328.172817281728,0
328.232823282328,0
328.292829282928,0
328.352835283528,0
328.412841284128,0
328.472847284728,0
328.532853285329,0
328.592859285929,0
328.652865286529,0
328.712871287129,0
328.772877287729,0
328.832883288329,0
328.892889288929,0
328.952895289529,0
329.012901290129,0
329.072907290729,0
329.132913291329,0
329.192919291929,0
329.252925292529,0
329.312931293129,0
329.372937293729,0
329.432943294329,0
329.49294929493,0
329.55295529553,0
329.61296129613,0
329.67296729673,0
329.73297329733,0
329.79297929793,0
329.85298529853,0
329.91299129913,0
329.97299729973,0
330.03300330033,0
330.09300930093,0
330.15301530153,0
330.21302130213,0
330.27302730273,0
330.33303330333,0
330.39303930393,0
330.45304530453,0
330.51305130513,0
330.573057305731,0
330.633063306331,0
330.693069306931,0
330.753075307531,0
330.813081308131,0
330.873087308731,0
330.933093309331,0
330.993099309931,0
331.053105310531,0
331.113111311131,0
331.173117311731,0
331.233123312331,0
331.293129312931,0
331.353135313531,0
331.413141314131,0
331.473147314731,0
331.533153315332,0
331.593159315932,0
331.653165316532,0
331.713171317132,0
331.773177317732,0
331.833183318332,0
331.893189318932,0
331.953195319532,0
332.013201320132,0
332.073207320732,0
332.133213321332,0
332.193219321932,0
332.253225322532,0
332.313231323132,0
332.373237323732,0
332.433243324332,0
332.493249324932,0
332.553255325533,0
332.613261326133,0
332.673267326733,0
332.733273327333,0
332.793279327933,0
332.853285328533,0
332.913291329133,0
332.973297329733,0
333.033303330333,0
333.093309330933,0
333.153315331533,0
333.213321332133,0
333.273327332733,0
333.333333333333,0
333.393339333933,0
333.453345334533,0
333.513351335134,0
333.573357335734,0
333.633363336334,0
333.693369336934,0
333.753375337534,0
333.813381338134,0
333.873387338734,0
333.933393339334,0
333.993399339934,0
334.053405340534,0
334.113411341134,0
334.173417341734,0
334.233423342334,0
334.293429342934,0
334.353435343534,0
334.413441344134,0
334.473447344734,0
334.533453345335,0
334.593459345935,0
334.653465346535,0
334.713471347135,0
334.773477347735,0
334.833483348335,0
334.893489348935,0
334.953495349535,0
335.013501350135,0
335.073507350735,0
335.133513351335,0
335.193519351935,0
335.253525352535,0
335.313531353135,0
335.373537353735,0
335.433543354335,0
335.493549354935,0
335.553555355536,0
335.613561356136,0
335.673567356736,0
335.733573357336,0
335.793579357936,0
335.853585358536,0
335.913591359136,0
335.973597359736,0
336.033603360336,0
336.093609360936,0
336.153615361536,0
336.213621362136,0
336.273627362736,0
336.333633363336,0
336.393639363936,0
336.453645364536,0
336.513651365137,0
336.573657365737,0
336.633663366337,0
336.693669366937,0
336.753675367537,0
336.813681368137,0
336.873687368737,0
336.933693369337,0
336.993699369937,0
337.053705370537,0
337.113711371137,0
337.173717371737,0
337.233723372337,0
337.293729372937,0
337.353735373537,0
337.413741374137,0
337.473747374738,0
337.533753375338,0
337.593759375938,0
337.653765376538,0
337.713771377138,0
337.773777377738,0
337.833783378338,0
337.893789378938,0
337.953795379538,0
338.013801380138,0
338.073807380738,0
338.133813381338,0
338.193819381938,0
338.253825382538,0
338.313831383138,0
338.373837383738,0
338.433843384338,0
338.493849384938,0
338.553855385539,0
338.613861386139,0
338.673867386739,0
338.733873387339,0
338.793879387939,0
338.853885388539,0
338.913891389139,0
338.973897389739,0
339.033903390339,0
339.093909390939,0
339.153915391539,0
339.213921392139,0
339.273927392739,0
339.333933393339,0
339.393939393939,0
339.453945394539,0
339.51395139514,0
339.57395739574,0
339.63396339634,0
339.69396939694,0
339.75397539754,0
339.81398139814,0
339.87398739874,0
339.93399339934,0
339.99399939994,0
340.05400540054,0
340.11401140114,0
340.17401740174,0
340.23402340234,0
340.29402940294,0
340.35403540354,0
340.41404140414,0
340.47404740474,0
340.534053405341,0
340.594059405941,0
340.654065406541,0
340.714071407141,0
340.774077407741,0
340.834083408341,0
340.894089408941,0
340.954095409541,0
341.014101410141,0
341.074107410741,0
341.134113411341,0
341.194119411941,0
341.254125412541,0
341.314131413141,0
341.374137413741,0
341.434143414341,0
341.494149414941,0
341.554155415542,0
341.614161416142,0
341.674167416742,0
341.734173417342,0
341.794179417942,0
341.854185418542,0
341.914191419142,0
341.974197419742,0
342.034203420342,0
342.094209420942,0
342.154215421542,0
342.214221422142,0
342.274227422742,0
342.334233423342,0
342.394239423942,0
342.454245424542,0
342.514251425143,0
342.574257425743,0
342.634263426343,0
342.694269426943,0
342.754275427543,0
342.814281428143,0
342.874287428743,0
342.934293429343,0
342.994299429943,0
343.054305430543,0
343.114311431143,0
343.174317431743,0
343.234323432343,0
343.294329432943,0
343.354335433543,0
343.414341434143,0
343.474347434743,0
343.534353435344,0
343.594359435944,0
343.654365436544,0
343.714371437144,0
343.774377437744,0
343.834383438344,0
343.894389438944,0
343.954395439544,0
344.014401440144,0
344.074407440744,0
344.134413441344,0
344.194419441944,0
344.254425442544,0
344.314431443144,0
344.374437443744,0
344.434443444344,0
344.494449444945,0
344.554455445545,0
344.614461446145,0
344.674467446745,0
344.734473447345,0
344.794479447945,0
344.854485448545,0
344.914491449145,0
344.974497449745,0
345.034503450345,0
345.094509450945,0
345.154515451545,0
345.214521452145,0
345.274527452745,0
345.334533453345,0
345.394539453945,0
345.454545454545,0
345.514551455146,0
345.574557455746,0
345.634563456346,0
345.694569456946,0
345.754575457546,0
345.814581458146,0
345.874587458746,0
345.934593459346,0
345.994599459946,0
346.054605460546,0
346.114611461146,0
346.174617461746,0
346.234623462346,0
346.294629462946,0
346.354635463546,0
346.414641464146,0
346.474647464746,0
346.534653465347,0
346.594659465947,0
346.654665466547,0
346.714671467147,0
346.774677467747,0
346.834683468347,0
346.894689468947,0
346.954695469547,0
347.014701470147,0
347.074707470747,0
347.134713471347,0
347.194719471947,0
347.254725472547,0
347.314731473147,0
347.374737473747,0
347.434743474347,0
347.494749474948,0
347.554755475548,0
347.614761476148,0
347.674767476748,0
347.734773477348,0
347.794779477948,0
347.854785478548,0
347.914791479148,0
347.974797479748,0
348.034803480348,0
348.094809480948,0
348.154815481548,0
348.214821482148,0
348.274827482748,0
348.334833483348,0
348.394839483948,0
348.454845484548,0
348.514851485148,0
348.574857485749,0
348.634863486349,0
348.694869486949,0
348.754875487549,0
348.814881488149,0
348.874887488749,0
348.934893489349,0
348.994899489949,0
349.054905490549,0
349.114911491149,0
349.174917491749,0
349.234923492349,0
349.294929492949,0
349.354935493549,0
349.414941494149,0
349.474947494749,0
349.53495349535,0
349.59495949595,0
349.65496549655,0
349.71497149715,0
349.77497749775,0
349.83498349835,0
349.89498949895,0
349.95499549955,0
350.01500150015,0
350.07500750075,0
350.13501350135,0
350.19501950195,0
350.25502550255,0
350.31503150315,0
350.37503750375,0
350.43504350435,0
350.49504950495,0
350.555055505551,0
350.615061506151,0
350.675067506751,0
350.735073507351,0
350.795079507951,0
350.855085508551,0
350.915091509151,0
350.975097509751,0
351.035103510351,0
351.095109510951,0
351.155115511551,0
351.215121512151,0
351.275127512751,0
351.335133513351,0
351.395139513951,0
351.455145514551,0
351.515151515152,0
351.575157515752,0
351.635163516352,0
351.695169516952,0
351.755175517552,0
351.815181518152,0
351.875187518752,0
351.935193519352,0
351.995199519952,0
352.055205520552,0
352.115211521152,0
352.175217521752,0
352.235223522352,0
352.295229522952,0
352.355235523552,0
352.415241524152,0
352.475247524752,0
352.535253525353,0
352.595259525953,0
352.655265526553,0
352.715271527153,0
352.775277527753,0
352.835283528353,0
352.895289528953,0
352.955295529553,0
353.015301530153,0
353.075307530753,0
353.135313531353,0
353.195319531953,0
353.255325532553,0
353.315331533153,0
353.375337533753,0
353.435343534353,0
353.495349534954,0
353.555355535554,0
353.615361536154,0
353.675367536754,0
353.735373537354,0
353.795379537954,0
353.855385538554,0
353.915391539154,0
353.975397539754,0
354.035403540354,0
354.095409540954,0
354.155415541554,0
354.215421542154,0
354.275427542754,0
354.335433543354,0
354.395439543954,0
354.455445544554,0
354.515451545155,0
354.575457545755,0
354.635463546355,0
354.695469546955,0
354.755475547555,0
354.815481548155,0
354.875487548755,0
354.935493549355,0
354.995499549955,0
355.055505550555,0
355.115511551155,0
355.175517551755,0
355.235523552355,0
355.295529552955,0
355.355535553555,0
355.415541554155,0
355.475547554756,0
355.535553555356,0
355.595559555956,0
355.655565556556,0
355.715571557156,0
355.775577557756,0
355.835583558356,0
355.895589558956,0
355.955595559556,0
356.015601560156,0
356.075607560756,0
356.135613561356,0
356.195619561956,0
356.255625562556,0
356.315631563156,0
356.375637563756,0
356.435643564356,0
356.495649564956,0
356.555655565557,0
356.615661566157,0
356.675667566757,0
356.735673567357,0
356.795679567957,0
356.855685568557,0
356.915691569157,0
356.975697569757,0
357.035703570357,0
357.095709570957,0
357.155715571557,0
357.215721572157,0
357.275727572757,0
357.335733573357,0
357.395739573957,0
357.455745574557,0
357.515751575158,0
357.575757575758,0
357.635763576358,0
357.695769576958,0
357.755775577558,0
357.815781578158,0
357.875787578758,0
357.935793579358,0
357.995799579958,0
358.055805580558,0
358.115811581158,0
358.175817581758,0
358.235823582358,0
358.295829582958,0
358.355835583558,0
358.415841584158,0
358.475847584758,0
358.535853585358,0
358.595859585959,0
358.655865586559,0
358.715871587159,0
358.775877587759,0
358.835883588359,0
358.895889588959,0
358.955895589559,0
359.015901590159,0
359.075907590759,0
359.135913591359,0
359.195919591959,0
359.255925592559,0
359.315931593159,0
359.375937593759,0
359.435943594359,0
359.495949594959,0
359.55595559556,0
359.61596159616,0
359.67596759676,0
359.73597359736,0
359.79597959796,0
359.85598559856,0
359.91599159916,0
359.97599759976,0
360.03600360036,0
360.09600960096,0
360.15601560156,0
360.21602160216,0
360.27602760276,0
360.33603360336,0
360.39603960396,0
360.45604560456,0
360.516051605161,0
360.576057605761,0
360.636063606361,0
360.696069606961,0
360.756075607561,0
360.816081608161,0
360.876087608761,0
360.936093609361,0
360.996099609961,0
361.056105610561,0
361.116111611161,0
361.176117611761,0
361.236123612361,0
361.296129612961,0
361.356135613561,0
361.416141614161,0
361.476147614761,0
361.536153615362,0
361.596159615962,0
361.656165616562,0
361.716171617162,0
361.776177617762,0
361.836183618362,0
361.896189618962,0
361.956195619562,0
362.016201620162,0
362.076207620762,0
362.136213621362,0
362.196219621962,0
362.256225622562,0
362.316231623162,0
362.376237623762,0
362.436243624362,0
362.496249624963,0
362.556255625563,0
362.616261626163,0
362.676267626763,0
362.736273627363,0
362.796279627963,0
362.856285628563,0
362.916291629163,0
362.976297629763,0
363.036303630363,0
363.096309630963,0
363.156315631563,0
363.216321632163,0
363.276327632763,0
363.336333633363,0
363.396339633963,0
363.456345634563,0
363.516351635164,0
363.576357635764,0
363.636363636364,0
363.696369636964,0
363.756375637564,0
363.816381638164,0
363.876387638764,0
363.936393639364,0
363.996399639964,0
364.056405640564,0
364.116411641164,0
364.176417641764,0
364.236423642364,0
364.296429642964,0
364.356435643564,0
364.416441644164,0
364.476447644764,0
364.536453645365,0
364.596459645965,0
364.656465646565,0
364.716471647165,0
364.776477647765,0
364.836483648365,0
364.896489648965,0
364.956495649565,0
365.016501650165,0
365.076507650765,0
365.136513651365,0
365.196519651965,0
365.256525652565,0
365.316531653165,0
365.376537653765,0
365.436543654365,0
365.496549654966,0
365.556555655566,0
365.616561656166,0
365.676567656766,0
365.736573657366,0
365.796579657966,0
365.856585658566,0
365.916591659166,0
365.976597659766,0
366.036603660366,0
366.096609660966,0
366.156615661566,0
366.216621662166,0
366.276627662766,0
366.336633663366,0
366.396639663966,0
366.456645664566,0
366.516651665166,0
366.576657665767,0
366.636663666367,0
366.696669666967,0
366.756675667567,0
366.816681668167,0
366.876687668767,0
366.936693669367,0
366.996699669967,0
367.056705670567,0
367.116711671167,0
367.176717671767,0
367.236723672367,0
367.296729672967,0
367.356735673567,0
367.416741674167,0
367.476747674767,0
367.536753675368,0
367.596759675968,0
367.656765676568,0
367.716771677168,0
367.776777677768,0
367.836783678368,0
367.896789678968,0
367.956795679568,0
368.016801680168,0
368.076807680768,0
368.136813681368,0
368.196819681968,0
368.256825682568,0
368.316831683168,0
368.376837683768,0
368.436843684368,0
368.496849684968,0
368.556855685569,0
368.616861686169,0
368.676867686769,0
368.736873687369,0
368.796879687969,0
368.856885688569,0
368.916891689169,0
368.976897689769,0
369.036903690369,0
369.096909690969,0
369.156915691569,0
369.216921692169,0
369.276927692769,0
369.336933693369,0
369.396939693969,0
369.456945694569,0
369.516951695169,0
369.57695769577,0
369.63696369637,0
369.69696969697,0
369.75697569757,0
369.81698169817,0
369.87698769877,0
369.93699369937,0
369.99699969997,0
370.05700570057,0
370.11701170117,0
370.17701770177,0
370.23702370237,0
370.29702970297,0
370.35703570357,0
370.41704170417,0
370.47704770477,0
370.537053705371,0
370.597059705971,0
370.657065706571,0
370.717071707171,0
370.777077707771,0
370.837083708371,0
370.897089708971,0
370.957095709571,0
371.017101710171,0
371.077107710771,0
371.137113711371,0
371.197119711971,0
371.257125712571,0
371.317131713171,0
371.377137713771,0
371.437143714371,0
371.497149714971,0
371.557155715572,0
371.617161716172,0
371.677167716772,0
371.737173717372,0
371.797179717972,0
371.857185718572,0
371.917191719172,0
371.977197719772,0
372.037203720372,0
372.097209720972,0
372.157215721572,0
372.217221722172,0
372.277227722772,0
372.337233723372,0
372.397239723972,0
372.457245724572,0
372.517251725173,0
372.577257725773,0
372.637263726373,0
372.697269726973,0
372.757275727573,0
372.817281728173,0
372.877287728773,0
372.937293729373,0
372.997299729973,0
373.057305730573,0
373.117311731173,0
373.177317731773,0
373.237323732373,0
373.297329732973,0
373.357335733573,0
373.417341734173,0
373.477347734774,0
373.537353735374,0
373.597359735974,0
373.657365736574,0
373.717371737174,0
373.777377737774,0
373.837383738374,0
373.897389738974,0
373.957395739574,0
374.017401740174,0
374.077407740774,0
374.137413741374,0
374.197419741974,0
374.257425742574,0
374.317431743174,0
374.377437743774,0
374.437443744374,0
374.497449744974,0
374.557455745575,0
374.617461746175,0
374.677467746775,0
374.737473747375,0
374.797479747975,0
374.857485748575,0
374.917491749175,0
374.977497749775,0
375.037503750375,0
375.097509750975,0
375.157515751575,0
375.217521752175,0
375.277527752775,0
375.337533753375,0
375.397539753975,0
375.457545754575,0
375.517551755176,0
375.577557755776,0
375.637563756376,0
375.697569756976,0
375.757575757576,0
375.817581758176,0
375.877587758776,0
375.937593759376,0
375.997599759976,0
376.057605760576,0
376.117611761176,0
376.177617761776,0
376.237623762376,0
376.297629762976,0
376.357635763576,0
376.417641764176,0
376.477647764776,0
376.537653765377,0
376.597659765977,0
376.657665766577,0
376.717671767177,0
376.777677767777,0
376.837683768377,0
376.897689768977,0
376.957695769577,0
377.017701770177,0
377.077707770777,0
377.137713771377,0
377.197719771977,0
377.257725772577,0
377.317731773177,0
377.377737773777,0
377.437743774377,0
377.497749774977,0
377.557755775578,0
377.617761776178,0
377.677767776778,0
377.737773777378,0
377.797779777978,0
377.857785778578,0
377.917791779178,0
377.977797779778,0
378.037803780378,0
378.097809780978,0
378.157815781578,0
378.217821782178,0
378.277827782778,0
378.337833783378,0
378.397839783978,0
378.457845784578,0
378.517851785179,0
378.577857785779,0
378.637863786379,0
378.697869786979,0
378.757875787579,0
378.817881788179,0
378.877887788779,0
378.937893789379,0
378.997899789979,0
379.057905790579,0
379.117911791179,0
379.177917791779,0
379.237923792379,0
379.297929792979,0
379.357935793579,0
379.417941794179,0
379.477947794779,0
379.53795379538,0
379.59795979598,0
379.65796579658,0
379.71797179718,0
379.77797779778,0
379.83798379838,0
379.89798979898,0
379.95799579958,0
380.01800180018,0.00102438003198766
380.07800780078,0.0010347337288732
380.13801380138,0.00104508742575873
380.19801980198,0.00105544112264428
380.25802580258,0.00106579481952982
380.31803180318,0.00107614851641535
380.37803780378,0.00108650221330089
380.43804380438,0.00109685591018643
380.49804980498,0.00110720960707197
380.558055805581,0.00111756330395751
380.618061806181,0.00112791700084304
380.678067806781,0.00113827069772859
380.738073807381,0.00114862439461412
380.798079807981,0.00115897809149966
380.858085808581,0.00116933178838521
380.918091809181,0.00117968548527074
380.978097809781,0.00119003918215628
381.038103810381,0.00120150365706703
381.098109810981,0.0012136066106852
381.158115811581,0.00122570956430337
381.218121812181,0.00123781251792152
381.278127812781,0.00124991547153968
381.338133813381,0.00126201842515785
381.398139813981,0.00127412137877602
381.458145814581,0.00128622433239419
381.518151815182,0.00129832728601234
381.578157815782,0.0013104302396305
381.638163816382,0.00132253319324867
381.698169816982,0.00133463614686684
381.758175817582,0.00134673910048501
381.818181818182,0.00135884205410316
381.878187818782,0.00137094500772132
381.938193819382,0.00138304796133949
381.998199819982,0.00139515091495766
382.058205820582,0.00140923731777269
382.118211821182,0.0014233850643773
382.178217821782,0.00143753281098191
382.238223822382,0.00145168055758654
382.298229822982,0.00146582830419117
382.358235823582,0.00147997605079579
382.418241824182,0.0014941237974004
382.478247824782,0.00150827154400502
382.538253825383,0.00152241929060964
382.598259825983,0.00153656703721427
382.658265826583,0.00155071478381889
382.718271827183,0.00156486253042351
382.778277827783,0.00157901027702812
382.838283828383,0.00159315802363275
382.898289828983,0.00160730577023737
382.958295829583,0.001621453516842
383.018301830183,0.00163633029267132
383.078307830783,0.00165286829902907
383.138313831383,0.00166940630538684
383.198319831983,0.00168594431174461
383.258325832583,0.00170248231810237
383.318331833183,0.00171902032446013
383.378337833783,0.00173555833081788
383.438343834383,0.00175209633717565
383.498349834984,0.00176863434353342
383.558355835584,0.00178517234989118
383.618361836184,0.00180171035624894
383.678367836784,0.00181824836260669
383.738373837384,0.00183478636896446
383.798379837984,0.00185132437532223
383.858385838584,0.00186786238167998
383.918391839184,0.00188440038803775
383.978397839784,0.0019009383943955
384.038403840384,0.00191926462005166
384.098409840984,0.00193859671906316
384.158415841584,0.00195792881807465
384.218421842184,0.00197726091708615
384.278427842784,0.00199659301609764
384.338433843384,0.00201592511510914
384.398439843984,0.00203525721412065
384.458445844584,0.00205458931313213
384.518451845185,0.00207392141214364
384.578457845785,0.00209325351115512
384.638463846385,0.00211258561016663
384.698469846985,0.00213191770917813
384.758475847585,0.00215124980818962
384.818481848185,0.00217058190720112
384.878487848785,0.00218991400621261
384.938493849385,0.00220924610522412
384.998499849985,0.00222857820423562
385.058505850585,0.00225109480188981
385.118511851185,0.00227369305335535
385.178517851785,0.00229629130482091
385.238523852385,0.00231888955628646
385.298529852985,0.00234148780775202
385.358535853585,0.00236408605921756
385.418541854185,0.0023866843106831
385.478547854785,0.00240928256214866
385.538553855386,0.00243188081361422
385.598559855986,0.00245447906507978
385.658565856586,0.00247707731654532
385.718571857186,0.00249967556801085
385.778577857786,0.00252227381947641
385.838583858386,0.00254487207094197
385.898589858986,0.00256747032240753
385.958595859586,0.00259006857387307
386.018601860186,0.00261385039474361
386.078607860786,0.00264026661203175
386.138613861386,0.0026666828293199
386.198619861986,0.00269309904660805
386.258625862586,0.00271951526389617
386.318631863186,0.00274593148118429
386.378637863786,0.00277234769847244
386.438643864386,0.00279876391576059
386.498649864987,0.00282518013304873
386.558655865587,0.00285159635033685
386.618661866187,0.00287801256762498
386.678667866787,0.00290442878491312
386.738673867387,0.00293084500220127
386.798679867987,0.00295726121948942
386.858685868587,0.00298367743677754
386.918691869187,0.00301009365406566
386.978697869787,0.00303650987135381
387.038703870387,0.00306580472800048
387.098709870987,0.00309668395204604
387.158715871587,0.00312756317609157
387.218721872187,0.00315844240013709
387.278727872787,0.00318932162418265
387.338733873387,0.00322020084822821
387.398739873987,0.00325108007227376
387.458745874587,0.00328195929631929
387.518751875187,0.00331283852036482
387.578757875788,0.00334371774441037
387.638763876388,0.00337459696845593
387.698769876988,0.00340547619250146
387.758775877588,0.00343635541654701
387.818781878188,0.00346723464059254
387.878787878788,0.0034981138646381
387.938793879388,0.00352899308868365
387.998799879988,0.00355987231272918
388.058805880588,0.00359586422181354
388.118811881188,0.00363196047140887
388.178817881788,0.00366805672100422
388.238823882388,0.00370415297059958
388.298829882988,0.0037402492201949
388.358835883588,0.00377634546979026
388.418841884188,0.00381244171938558
388.478847884788,0.00384853796898094
388.538853885389,0.0038846342185763
388.598859885989,0.00392073046817162
388.658865886589,0.00395682671776698
388.718871887189,0.0039929229673623
388.778877887789,0.00402901921695766
388.838883888389,0.00406511546655302
388.898889888989,0.00410121171614834
388.958895889589,0.00413730796574366
389.018901890189,0.00417532522183245
389.078907890789,0.00421751990474028
389.138913891389,0.00425971458764811
389.198919891989,0.00430190927055589
389.258925892589,0.00434410395346368
389.318931893189,0.00438629863637151
389.378937893789,0.00442849331927934
389.438943894389,0.00447068800218717
389.498949894989,0.00451288268509496
389.55895589559,0.00455507736800275
389.61896189619,0.00459727205091058
389.67896789679,0.00463946673381841
389.73897389739,0.00468166141672624
389.79897989799,0.00472385609963403
389.85898589859,0.00476605078254181
389.91899189919,0.00480824546544964
389.97899789979,0.00485044014835747
390.03900390039,0.00489726851971088
390.09900990099,0.0049465919540734
390.15901590159,0.00499591538843591
390.21902190219,0.00504523882279848
390.27902790279,0.00509456225716104
390.33903390339,0.0051438856915236
390.39903990399,0.00519320912588612
390.45904590459,0.00524253256024864
390.519051905191,0.0052918559946112
390.579057905791,0.00534117942897376
390.639063906391,0.00539050286333633
390.699069906991,0.00543982629769884
390.759075907591,0.00548914973206136
390.819081908191,0.00553847316642392
390.879087908791,0.00558779660078649
390.939093909391,0.00563712003514905
390.999099909991,0.00568644346951157
391.059105910591,0.00574397504388866
391.119111911191,0.00580163161532187
391.179117911791,0.00585928818675509
391.239123912391,0.0059169447581883
391.299129912991,0.00597460132962145
391.359135913591,0.00603225790105461
391.419141914191,0.00608991447248782
391.479147914791,0.00614757104392103
391.539153915392,0.00620522761535419
391.599159915992,0.0062628841867874
391.659165916592,0.00632054075822056
391.719171917192,0.00637819732965377
391.779177917792,0.00643585390108698
391.839183918392,0.00649351047252014
391.899189918992,0.00655116704395335
391.959195919592,0.00660882361538651
392.019201920192,0.00666959730587756
392.079207920792,0.00673699487436653
392.139213921392,0.00680439244285543
392.199219921992,0.0068717900113444
392.259225922592,0.0069391875798333
392.319231923192,0.00700658514832227
392.379237923792,0.00707398271681123
392.439243924392,0.00714138028530014
392.499249924993,0.0072087778537891
392.559255925593,0.00727617542227801
392.619261926193,0.00734357299076697
392.679267926793,0.00741097055925594
392.739273927393,0.00747836812774484
392.799279927993,0.00754576569623375
392.859285928593,0.00761316326472271
392.919291929193,0.00768056083321168
392.979297929793,0.00774795840170065
393.039303930393,0.00782281426257401
393.099309930993,0.00790159853699339
393.159315931593,0.00798038281141285
393.219321932193,0.0080591670858323
393.279327932793,0.00813795136025176
393.339333933393,0.00821673563467114
393.399339933993,0.00829551990909052
393.459345934593,0.00837430418350997
393.519351935194,0.00845308845792942
393.579357935794,0.00853187273234888
393.639363936394,0.00861065700676826
393.699369936994,0.00868944128118764
393.759375937594,0.00876822555560709
393.819381938194,0.00884700983002655
393.879387938794,0.008925794104446
393.939393939394,0.00900457837886538
393.999399939994,0.00908336265328476
394.059405940594,0.00917532426812867
394.119411941194,0.00926741898742132
394.179417941794,0.00935951370671396
394.239423942394,0.00945160842600653
394.299429942994,0.00954370314529909
394.359435943594,0.00963579786459174
394.419441944194,0.00972789258388439
394.479447944795,0.00981998730317703
394.539453945395,0.0099120820224696
394.599459945995,0.0100041767417622
394.659465946595,0.0100962714610548
394.719471947195,0.0101883661803475
394.779477947795,0.0102804608996401
394.839483948395,0.0103725556189327
394.899489948995,0.0104646503382252
394.959495949595,0.0105567450575179
395.019501950195,0.0106538965110961
395.079507950795,0.0107615504128058
395.139513951395,0.0108692043145155
395.199519951995,0.0109768582162251
395.259525952595,0.0110845121179349
395.319531953195,0.0111921660196446
395.379537953795,0.0112998199213542
395.439543954395,0.011407473823064
395.499549954995,0.0115151277247736
395.559555955596,0.0116227816264834
395.619561956196,0.0117304355281931
395.679567956796,0.0118380894299028
395.739573957396,0.0119457433316125
395.799579957996,0.0120533972333221
395.859585958596,0.0121610511350319
395.919591959196,0.0122687050367416
395.979597959796,0.0123763589384513
396.039603960396,0.0124960168018309
396.099609960996,0.0126218585242524
396.159615961596,0.012747700246674
396.219621962196,0.0128735419690957
396.279627962796,0.0129993836915172
396.339633963396,0.0131252254139389
396.399639963996,0.0132510671363604
396.459645964596,0.013376908858782
396.519651965197,0.0135027505812037
396.579657965797,0.0136285923036252
396.639663966397,0.0137544340260467
396.699669966997,0.0138802757484684
396.759675967597,0.01400611747089
396.819681968197,0.0141319591933117
396.879687968797,0.0142578009157332
396.939693969397,0.0143836426381547
396.999699969997,0.0145094843605764
397.059705970597,0.0146564803155982
397.119711971197,0.0148035825732964
397.179717971797,0.0149506848309945
397.239723972397,0.0150977870886925
397.299729972997,0.0152448893463907
397.359735973597,0.0153919916040889
397.419741974197,0.0155390938617871
397.479747974797,0.0156861961194852
397.539753975398,0.0158332983771833
397.599759975998,0.0159804006348815
397.659765976598,0.0161275028925797
397.719771977198,0.0162746051502779
397.779777977798,0.016421707407976
397.839783978398,0.016568809665674
397.899789978998,0.0167159119233723
397.959795979598,0.0168630141810705
398.019801980198,0.0170183177112563
398.079807980798,0.0171902723098259
398.139813981398,0.0173622269083956
398.199819981998,0.0175341815069653
398.259825982598,0.0177061361055351
398.319831983198,0.0178780907041049
398.379837983798,0.0180500453026745
398.439843984398,0.0182219999012442
398.499849984998,0.018393954499814
398.559855985599,0.0185659090983837
398.619861986199,0.0187378636969535
398.679867986799,0.0189098182955231
398.739873987399,0.0190817728940928
398.799879987999,0.0192537274926626
398.859885988599,0.0194256820912323
398.919891989199,0.0195976366898021
398.979897989799,0.0197695912883718
399.039903990399,0.0199608647498108
399.099909990999,0.0201618702699888
399.159915991599,0.0203628757901667
399.219921992199,0.0205638813103445
399.279927992799,0.0207648868305225
399.339933993399,0.0209658923507002
399.399939993999,0.0211668978708782
399.459945994599,0.0213679033910562
399.5199519952,0.021568908911234
399.5799579958,0.0217699144314119
399.6399639964,0.0219709199515897
399.699969997,0.0221719254717677
399.7599759976,0.0223729309919456
399.8199819982,0.0225739365121234
399.8799879988,0.0227749420323014
399.9399939994,0.0229759475524791
400,0.0231769530726571
400.0600060006,0.0234119173626569
400.1200120012,0.0236468816526565
400.1800180018,0.0238818459426564
400.2400240024,0.024116810232656
400.300030003,0.0243517745226558
400.3600360036,0.0245867388126556
400.4200420042,0.0248217031026553
400.4800480048,0.0250566673926549
400.540054005401,0.0252916316826547
400.600060006001,0.0255265959726545
400.660066006601,0.0257615602626544
400.720072007201,0.025996524552654
400.780078007801,0.0262314888426536
400.840084008401,0.0264664531326534
400.900090009001,0.0267014174226533
400.960096009601,0.0269363817126531
401.020102010201,0.0271846440573677
401.080108010801,0.0274593040330837
401.140114011401,0.0277339640088
401.200120012001,0.0280086239845162
401.260126012601,0.0282832839602325
401.320132013201,0.0285579439359485
401.380138013801,0.0288326039116645
401.440144014401,0.0291072638873808
401.500150015002,0.0293819238630971
401.560156015602,0.0296565838388134
401.620162016202,0.0299312438145294
401.680168016802,0.0302059037902454
401.740174017402,0.0304805637659616
401.800180018002,0.0307552237416779
401.860186018602,0.0310298837173942
401.920192019202,0.0313045436931102
401.980198019802,0.0315792036688262
402.040204020402,0.031884952782547
402.100210021002,0.0322060144567775
402.160216021602,0.032527076131008
402.220222022202,0.0328481378052382
402.280228022802,0.0331691994794684
402.340234023402,0.0334902611536988
402.400240024002,0.0338113228279293
402.460246024602,0.0341323845021598
402.520252025203,0.03445344617639
402.580258025803,0.0347745078506202
402.640264026403,0.0350955695248507
402.700270027003,0.0354166311990812
402.760276027603,0.0357376928733117
402.820282028203,0.0360587545475419
402.880288028803,0.0363798162217721
402.940294029403,0.0367008778960025
403.000300030003,0.0370222107726332
403.060306030603,0.0373975129268927
403.120312031203,0.0377728150811526
403.180318031803,0.0381481172354121
403.240324032403,0.038523419389672
403.300330033003,0.0388987215439319
403.360336033603,0.0392740236981914
403.420342034203,0.0396493258524513
403.480348034803,0.0400246280067108
403.540354035404,0.0403999301609707
403.600360036004,0.0407752323152306
403.660366036604,0.0411505344694901
403.720372037204,0.04152583662375
403.780378037804,0.0419011387780095
403.840384038404,0.0422764409322694
403.900390039004,0.0426517430865293
403.960396039604,0.0430270452407888
404.020402040204,0.0434239045284233
404.080408040804,0.0438626100161374
404.140414041404,0.0443013155038519
404.200420042004,0.0447400209915664
404.260426042604,0.0451787264792805
404.320432043204,0.0456174319669946
404.380438043804,0.0460561374547092
404.440444044404,0.0464948429424237
404.500450045005,0.0469335484301382
404.560456045605,0.0473722539178523
404.620462046205,0.0478109594055664
404.680468046805,0.0482496648932809
404.740474047405,0.0486883703809955
404.800480048005,0.04912707586871
404.860486048605,0.0495657813564241
404.920492049205,0.0500044868441382
404.980498049805,0.0504431923318527
405.040504050405,0.05093192467101
405.100510051005,0.0514447440127139
405.160516051605,0.0519575633544173
405.220522052205,0.0524703826961206
405.280528052805,0.0529832020378245
405.340534053405,0.0534960213795284
405.400540054005,0.0540088407212322
405.460546054605,0.0545216600629356
405.520552055205,0.055034479404639
405.580558055806,0.0555472987463428
405.640564056406,0.0560601180880467
405.700570057006,0.0565729374297505
405.760576057606,0.0570857567714539
405.820582058206,0.0575985761131573
405.880588058806,0.0581113954548611
405.940594059406,0.058624214796565
406.000600060006,0.0591379004720095
406.060606060606,0.0597373531877746
406.120612061206,0.0603368059035398
406.180618061806,0.0609362586193054
406.240624062406,0.0615357113350711
406.300630063006,0.0621351640508368
406.360636063606,0.062734616766602
406.420642064206,0.0633340694823671
406.480648064806,0.0639335221981328
406.540654065407,0.0645329749138984
406.600660066007,0.0651324276296641
406.660666066607,0.0657318803454293
406.720672067207,0.0663313330611944
406.780678067807,0.0669307857769601
406.840684068407,0.0675302384927258
406.900690069007,0.0681296912084909
406.960696069607,0.0687291439242566
407.020702070207,0.0693635338670326
407.080708070807,0.0700642539074677
407.140714071407,0.0707649739479028
407.200720072007,0.0714656939883373
407.260726072607,0.0721664140287724
407.320732073207,0.0728671340692069
407.380738073807,0.073567854109642
407.440744074407,0.0742685741500771
407.500750075007,0.0749692941905116
407.560756075608,0.0756700142309467
407.620762076208,0.0763707342713812
407.680768076808,0.0770714543118163
407.740774077408,0.0777721743522514
407.800780078008,0.0784728943926859
407.860786078608,0.079173614433121
407.920792079208,0.0798743344735555
407.980798079808,0.0805750545139906
408.040804080408,0.0813562679674438
408.100810081008,0.0821753606740812
408.160816081608,0.0829944533807187
408.220822082208,0.0838135460873569
408.280828082808,0.0846326387939951
408.340834083408,0.0854517315006333
408.400840084008,0.0862708242072707
408.460846084608,0.0870899169139082
408.520852085209,0.0879090096205464
408.580858085809,0.0887281023271846
408.640864086409,0.0895471950338228
408.700870087009,0.0903662877404602
408.760876087609,0.0911853804470977
408.820882088209,0.0920044731537359
408.880888088809,0.0928235658603741
408.940894089409,0.0936426585670123
409.000900090009,0.0944638267721625
409.060906090609,0.0954212860463197
409.120912091209,0.0963787453204778
409.180918091809,0.0973362045946359
409.240924092409,0.0982936638687941
409.300930093009,0.0992511231429513
409.360936093609,0.100208582417108
409.420942094209,0.101166041691267
409.480948094809,0.102123500965425
409.54095409541,0.103080960239583
409.60096009601,0.10403841951374
409.66096609661,0.104995878787897
409.72097209721,0.105953338062055
409.78097809781,0.106910797336213
409.84098409841,0.107868256610372
409.90099009901,0.108825715884529
409.96099609961,0.109783175158686
410.02100210021,0.110759420150683
410.08100810081,0.11177055290438
410.14101410141,0.112781685658078
410.20102010201,0.113792818411775
410.26102610261,0.114803951165471
410.32103210321,0.115815083919169
410.38103810381,0.116826216672866
410.44104410441,0.117837349426564
410.501050105011,0.11884848218026
410.561056105611,0.119859614933957
410.621062106211,0.120870747687654
410.681068106811,0.121881880441352
410.741074107411,0.122893013195049
410.801080108011,0.123904145948746
410.861086108611,0.124915278702443
410.921092109211,0.12592641145614
410.981098109811,0.126937544209838
411.041104110411,0.128174221909722
411.101110111011,0.129514617358585
411.161116111611,0.130855012807447
411.221122112211,0.132195408256309
411.281128112811,0.133535803705172
411.341134113411,0.134876199154033
411.401140114011,0.136216594602896
411.461146114611,0.137556990051758
411.521152115212,0.13889738550062
411.581158115812,0.140237780949483
411.641164116412,0.141578176398345
411.701170117012,0.142918571847207
411.761176117612,0.144258967296069
411.821182118212,0.145599362744932
411.881188118812,0.146939758193794
411.941194119412,0.148280153642656
412.001200120012,0.1496248681295
412.061206120612,0.151181215477483
412.121212121212,0.152737562825466
412.181218121812,0.154293910173449
412.241224122412,0.155850257521431
412.301230123012,0.157406604869412
412.361236123612,0.158962952217395
412.421242124212,0.160519299565379
412.481248124813,0.162075646913362
412.541254125413,0.163631994261343
412.601260126013,0.165188341609325
412.661266126613,0.166744688957308
412.721272127213,0.168301036305291
412.781278127813,0.169857383653274
412.841284128413,0.171413731001256
412.901290129013,0.172970078349238
412.961296129613,0.174526425697221
413.021302130213,0.176179301033715
413.081308130813,0.178007558208489
413.141314131413,0.179835815383261
413.201320132013,0.181664072558033
413.261326132613,0.183492329732807
413.321332133213,0.185320586907581
413.381338133813,0.187148844082355
413.441344134413,0.188977101257127
413.501350135013,0.190805358431899
413.561356135614,0.192633615606673
413.621362136214,0.194461872781447
413.681368136814,0.196290129956221
413.741374137414,0.198118387130993
413.801380138014,0.199946644305766
413.861386138614,0.20177490148054
413.921392139214,0.203603158655313
413.981398139814,0.205431415830087
414.041404140414,0.207465314433924
414.101410141014,0.209591602665311
414.161416141614,0.211717890896699
414.221422142214,0.213844179128088
414.281428142814,0.215970467359477
414.341434143414,0.218096755590864
414.401440144014,0.22022304382225
414.461446144614,0.222349332053639
414.521452145215,0.224475620285028
414.581458145815,0.226601908516415
414.641464146415,0.228728196747803
414.701470147015,0.23085448497919
414.761476147615,0.232980773210579
414.821482148215,0.235107061441968
414.881488148815,0.237233349673354
414.941494149415,0.239359637904743
415.001500150015,0.241492502141247
415.061506150615,0.243881830577311
415.121512151215,0.246271159013376
415.181518151815,0.248660487449439
415.241524152415,0.251049815885504
415.301530153015,0.253439144321566
415.361536153615,0.255828472757631
415.421542154215,0.258217801193696
415.481548154815,0.260607129629758
415.541554155416,0.262996458065823
415.601560156016,0.265385786501886
415.661566156616,0.267775114937951
415.721572157216,0.270164443374015
415.781578157816,0.272553771810078
415.841584158416,0.274943100246141
415.901590159016,0.277332428682205
415.961596159616,0.27972175711827
416.021602160216,0.282222704787238
416.081608160816,0.284922086648032
416.141614161416,0.287621468508825
416.201620162016,0.290320850369621
416.261626162616,0.293020232230417
416.321632163216,0.295719614091213
416.381638163816,0.298418995952006
416.441644164416,0.301118377812799
416.501650165016,0.303817759673595
416.561656165617,0.306517141534391
416.621662166217,0.309216523395187
416.681668166817,0.31191590525598
416.741674167417,0.314615287116774
416.801680168017,0.317314668977569
416.861686168617,0.320014050838365
416.921692169217,0.322713432699161
416.981698169817,0.325412814559955
417.041704170417,0.328386599376883
417.101710171017,0.331480805634995
417.161716171617,0.334575011893108
417.221722172217,0.33766921815122
417.281728172817,0.34076342440933
417.341734173417,0.343857630667439
417.401740174017,0.346951836925552
417.461746174617,0.350046043183664
417.521752175218,0.353140249441777
417.581758175818,0.356234455699886
417.641764176418,0.359328661957996
417.701770177018,0.362422868216108
417.761776177618,0.365517074474221
417.821782178218,0.368611280732333
417.881788178818,0.371705486990443
417.941794179418,0.374799693248552
418.001800180018,0.377906173250315
418.061806180618,0.381409504296757
418.121812181218,0.384912835343199
418.181818181818,0.388416166389637
418.241824182418,0.391919497436076
418.301830183018,0.395422828482518
418.361836183618,0.39892615952896
418.421842184218,0.402429490575398
418.481848184818,0.40593282162184
418.541854185419,0.409436152668279
418.601860186019,0.412939483714721
418.661866186619,0.416442814761163
418.721872187219,0.419946145807601
418.781878187819,0.423449476854043
418.841884188419,0.426952807900482
418.901890189019,0.430456138946924
418.961896189619,0.433959469993365
419.021902190219,0.437621945563376
419.081908190819,0.441561289003165
419.141914191419,0.445500632442951
419.201920192019,0.449439975882741
419.261926192619,0.453379319322531
419.321932193219,0.457318662762317
419.381938193819,0.461258006202106
419.441944194419,0.465197349641892
419.50195019502,0.469136693081682
419.56195619562,0.473076036521471
419.62196219622,0.477015379961257
419.68196819682,0.480954723401043
419.74197419742,0.484894066840833
419.80198019802,0.488833410280622
419.86198619862,0.492772753720412
419.92199219922,0.496712097160198
419.98199819982,0.500651440599984
420.04200420042,0.504937086785031
420.10201020102,0.509371148432331
420.16201620162,0.513805210079632
420.22202220222,0.518239271726928
420.28202820282,0.522673333374224
420.34203420342,0.527107395021525
420.40204020402,0.531541456668825
420.46204620462,0.535975518316126
420.522052205221,0.540409579963422
420.582058205821,0.544843641610718
420.642064206421,0.549277703258019
420.702070207021,0.553711764905319
420.762076207621,0.55814582655262
420.822082208221,0.562579888199916
420.882088208821,0.567013949847212
420.942094209421,0.571448011494513
421.002100210021,0.575899237252076
421.062106210621,0.580823702049736
421.122112211221,0.585748166847391
421.182118211821,0.590672631645045
421.242124212421,0.595597096442705
421.302130213021,0.600521561240365
421.362136213621,0.605446026038024
421.422142214221,0.610370490835679
421.482148214821,0.615294955633334
421.542154215422,0.620219420430994
421.602160216022,0.625143885228653
421.662166216622,0.630068350026313
421.722172217222,0.634992814823968
421.782178217822,0.639917279621623
421.842184218422,0.644841744419283
421.902190219022,0.649766209216942
421.962196219622,0.654690674014602
422.022202220222,0.659824204797201
422.082208220822,0.665313712797407
422.142214221422,0.670803220797618
422.202220222022,0.676292728797829
422.262226222622,0.681782236798035
422.322232223222,0.687271744798246
422.382238223822,0.692761252798452
422.442244224422,0.698250760798663
422.502250225023,0.703740268798875
422.562256225623,0.709229776799081
422.622262226223,0.714719284799292
422.682268226823,0.720208792799498
422.742274227423,0.725698300799709
422.802280228023,0.73118780879992
422.862286228623,0.736677316800126
422.922292229223,0.742166824800337
422.982298229823,0.747656332800543
423.042304230423,0.753565545859461
423.102310231023,0.75965038018408
423.162316231623,0.765735214508693
423.222322232223,0.771820048833311
423.282328232823,0.777904883157924
423.342334233423,0.783989717482542
423.402340234023,0.790074551807161
423.462346234623,0.796159386131773
423.522352235223,0.802244220456386
423.582358235824,0.808329054781005
423.642364236424,0.814413889105623
423.702370237024,0.820498723430242
423.762376237624,0.826583557754854
423.822382238224,0.832668392079467
423.882388238824,0.838753226404086
423.942394239424,0.844838060728704
424.002400240024,0.850949107394426
424.062406240624,0.857689250246618
424.122412241224,0.86442939309881
424.182418241824,0.871169535951008
424.242424242424,0.877909678803206
424.302430243024,0.884649821655404
424.362436243624,0.891389964507596
424.422442244224,0.898130107359788
424.482448244824,0.904870250211986
424.542454245425,0.911610393064184
424.602460246025,0.918350535916383
424.662466246625,0.925090678768574
424.722472247225,0.931830821620766
424.782478247825,0.938570964472965
424.842484248425,0.945311107325163
424.902490249025,0.952051250177361
424.962496249625,0.958791393029553
425.022502250225,0.96580238594561
425.082508250825,0.973264795634783
425.142514251425,0.980727205323956
425.202520252025,0.98818961501313
425.262526252625,0.995652024702296
425.322532253225,1.00311443439146
425.382538253825,1.01057684408064
425.442544254425,1.01803925376981
425.502550255026,1.02550166345898
425.562556255626,1.03296407314815
425.622562256226,1.04042648283731
425.682568256826,1.04788889252649
425.742574257426,1.05535130221566
425.802580258026,1.06281371190483
425.862586258626,1.070276121594
425.922592259226,1.07773853128317
425.982598259826,1.08520094097234
426.042604260426,1.09320071415174
426.102610261026,1.10141997382714
426.162616261626,1.10963923350255
426.222622262226,1.11785849317795
426.282628262826,1.12607775285336
426.342634263426,1.13429701252877
426.402640264026,1.14251627220417
426.462646264626,1.15073553187958
426.522652265226,1.15895479155498
426.582658265827,1.16717405123039
426.642664266427,1.17539331090579
426.702670267027,1.18361257058119
426.762676267627,1.1918318302566
426.822682268227,1.200051089932
426.882688268827,1.20827034960741
426.942694269427,1.21648960928282
427.002700270027,1.22474292732275
427.062706270627,1.23371903954314
427.122712271227,1.24269515176353
427.182718271827,1.25167126398393
427.242724272427,1.26064737620433
427.302730273027,1.26962348842472
427.362736273627,1.27859960064511
427.422742274227,1.28757571286551
427.482748274827,1.29655182508591
427.542754275428,1.30552793730631
427.602760276028,1.3145040495267
427.662766276628,1.32348016174708
427.722772277228,1.33245627396748
427.782778277828,1.34143238618788
427.842784278428,1.35040849840828
427.902790279028,1.35938461062867
427.962796279628,1.36836072284906
428.022802280228,1.37762286198371
428.082808280828,1.38735167661004
428.142814281428,1.39708049123636
428.202820282028,1.40680930586268
428.262826282628,1.416538120489
428.322832283228,1.42626693511532
428.382838283828,1.43599574974165
428.442844284428,1.44572456436797
428.502850285029,1.45545337899429
428.562856285629,1.46518219362061
428.622862286229,1.47491100824693
428.682868286829,1.48463982287326
428.742874287429,1.49436863749958
428.802880288029,1.5040974521259
428.862886288629,1.51382626675222
428.922892289229,1.52355508137854
428.982898289829,1.53328389600487
429.042904290429,1.54353473889159
429.102910291029,1.55399366297301
429.162916291629,1.56445258705443
429.222922292229,1.57491151113586
429.282928292829,1.58537043521728
429.342934293429,1.59582935929871
429.402940294029,1.60628828338013
429.462946294629,1.61674720746155
429.52295229523,1.62720613154297
429.58295829583,1.6376650556244
429.64296429643,1.64812397970583
429.70297029703,1.65858290378725
429.76297629763,1.66904182786866
429.82298229823,1.67950075195009
429.88298829883,1.68995967603152
429.94299429943,1.70041860011293
430.00300030003,1.71092046986076
430.06300630063,1.72223830727019
430.12301230123,1.73355614467963
430.18301830183,1.74487398208907
430.24302430243,1.7561918194985
430.30303030303,1.76750965690793
430.36303630363,1.77882749431736
430.42304230423,1.7901453317268
430.483048304831,1.80146316913624
430.543054305431,1.81278100654567
430.603060306031,1.82409884395511
430.663066306631,1.83541668136453
430.723072307231,1.84673451877397
430.783078307831,1.85805235618341
430.843084308431,1.86937019359284
430.903090309031,1.88068803100228
430.963096309631,1.8920058684117
431.023102310231,1.90363902259678
431.083108310831,1.91577586461825
431.143114311431,1.92791270663971
431.203120312031,1.94004954866118
431.263126312631,1.95218639068265
431.323132313231,1.96432323270412
431.383138313831,1.9764600747256
431.443144314431,1.98859691674706
431.503150315031,2.00073375876852
431.563156315632,2.01287060079
431.623162316232,2.02500744281147
431.683168316832,2.03714428483295
431.743174317432,2.04928112685441
431.803180318032,2.06141796887587
431.863186318632,2.07355481089735
431.923192319232,2.08569165291882
431.983198319832,2.09782849494029
432.043204320432,2.11065118631646
432.103210321032,2.12374059688613
432.163216321632,2.13683000745581
432.223222322232,2.14991941802549
432.283228322832,2.16300882859517
432.343234323432,2.17609823916484
432.403240324032,2.1891876497345
432.463246324632,2.20227706030418
432.523252325233,2.21536647087386
432.583258325833,2.22845588144354
432.643264326433,2.24154529201321
432.703270327033,2.25463470258287
432.763276327633,2.26772411315255
432.823282328233,2.28081352372223
432.883288328833,2.29390293429191
432.943294329433,2.30699234486158
433.003300330033,2.32014519721208
433.063306330633,2.33438809470609
433.123312331233,2.34863099220009
433.183318331833,2.3628738896941
433.243324332433,2.37711678718809
433.303330333033,2.39135968468208
433.363336333633,2.40560258217609
433.423342334233,2.41984547967009
433.483348334834,2.4340883771641
433.543354335434,2.44833127465809
433.603360336034,2.46257417215208
433.663366336634,2.47681706964609
433.723372337234,2.49105996714009
433.783378337834,2.50530286463409
433.843384338434,2.51954576212809
433.903390339034,2.53378865962208
433.963396339634,2.54803155711609
434.023402340234,2.56283752124435
434.083408340834,2.578524179339
434.143414341434,2.59421083743366
434.203420342034,2.6098974955283
434.263426342634,2.62558415362297
434.323432343234,2.64127081171763
434.383438343834,2.65695746981227
434.443444344434,2.67264412790693
434.503450345034,2.68833078600158
434.563456345635,2.70401744409624
434.623462346235,2.7197041021909
434.683468346835,2.73539076028555
434.743474347435,2.75107741838021
434.803480348035,2.76676407647486
434.863486348635,2.78245073456952
434.923492349235,2.79813739266418
434.983498349835,2.81382405075883
435.043504350435,2.83083468030093
435.103510351035,2.84834750590932
435.163516351635,2.86586033151772
435.223522352235,2.88337315712611
435.283528352835,2.90088598273449
435.343534353435,2.91839880834287
435.403540354035,2.93591163395126
435.463546354635,2.95342445955966
435.523552355236,2.97093728516805
435.583558355836,2.98845011077643
435.643564356436,3.00596293638481
435.703570357036,3.0234757619932
435.763576357636,3.04098858760159
435.823582358236,3.05850141320999
435.883588358836,3.07601423881837
435.943594359436,3.09352706442674
436.003600360036,3.11117409366243
436.063606360636,3.13092364639229
436.123612361236,3.15067319912216
436.183618361836,3.17042275185201
436.243624362436,3.19017230458186
436.303630363036,3.20992185731173
436.363636363636,3.22967141004159
436.423642364236,3.24942096277146
436.483648364836,3.26917051550131
436.543654365437,3.28892006823116
436.603660366037,3.30866962096102
436.663666366637,3.32841917369089
436.723672367237,3.34816872642076
436.783678367837,3.36791827915061
436.843684368437,3.38766783188046
436.903690369037,3.40741738461032
436.963696369637,3.42716693734019
437.023702370237,3.44794247789196
437.083708370837,3.47028946814563
437.143714371437,3.49263645839929
437.203720372037,3.51498344865297
437.263726372637,3.53733043890665
437.323732373237,3.55967742916033
437.383738373837,3.58202441941399
437.443744374437,3.60437140966766
437.503750375037,3.62671839992134
437.563756375638,3.64906539017502
437.623762376238,3.67141238042868
437.683768376838,3.69375937068236
437.743774377438,3.71610636093602
437.803780378038,3.73845335118971
437.863786378638,3.76080034144339
437.923792379238,3.78314733169705
437.983798379838,3.80549432195073
438.043804380438,3.82997148639126
438.103810381038,3.85523652347626
438.163816381638,3.88050156056127
438.223822382238,3.90576659764625
438.283828382838,3.93103163473125
438.343834383438,3.95629667181623
438.403840384038,3.98156170890124
438.463846384638,4.00682674598624
438.523852385239,4.03209178307123
438.583858385839,4.05735682015623
438.643864386439,4.08262185724121
438.703870387039,4.10788689432622
438.763876387639,4.13315193141122
438.823882388239,4.1584169684962
438.883888388839,4.18368200558119
438.943894389439,4.20894704266619
439.003900390039,4.23442408050719
439.063906390639,4.26295066768435
439.123912391239,4.29147725486148
439.183918391839,4.32000384203861
439.243924392439,4.34853042921577
439.303930393039,4.37705701639293
439.363936393639,4.40558360357009
439.423942394239,4.43411019074723
439.483948394839,4.46263677792436
439.54395439544,4.49116336510152
439.60396039604,4.51968995227868
439.66396639664,4.54821653945584
439.72397239724,4.57674312663297
439.78397839784,4.60526971381011
439.84398439844,4.63379630098727
439.90399039904,4.66232288816443
439.96399639964,4.69084947534159
440.02400240024,4.72080616568989
440.08400840084,4.75290801079495
440.14401440144,4.78500985590003
440.20402040204,4.81711170100512
440.26402640264,4.84921354611021
440.32403240324,4.88131539121527
440.38403840384,4.91341723632032
440.44404440444,4.94551908142541
440.504050405041,4.9776209265305
440.564056405641,5.00972277163559
440.624062406241,5.04182461674064
440.684068406841,5.0739264618457
440.744074407441,5.10602830695079
440.804080408041,5.13813015205588
440.864086408641,5.17023199716096
440.924092409241,5.20233384226602
440.984098409841,5.23443568737108
441.044104410441,5.26920549275801
441.104110411041,5.30493721579759
441.164116411641,5.34066893883717
441.224122412241,5.37640066187671
441.284128412841,5.41213238491625
441.344134413441,5.44786410795583
441.404140414041,5.48359583099541
441.464146414641,5.51932755403495
441.524152415242,5.55505927707453
441.584158415842,5.59079100011407
441.644164416442,5.62652272315365
441.704170417042,5.66225444619323
441.764176417642,5.69798616923277
441.824182418242,5.73371789227235
441.884188418842,5.76944961531189
441.944194419442,5.80518133835147
442.004200420042,5.84113595415887
442.064206420642,5.88005185959587
442.124212421242,5.91896776503292
442.184218421842,5.95788367046993
442.244224422442,5.99679957590697
442.304230423042,6.03571548134402
442.364236423642,6.07463138678102
442.424242424242,6.11354729221807
442.484248424842,6.15246319765508
442.544254425443,6.19137910309212
442.604260426043,6.23029500852916
442.664266426643,6.26921091396617
442.724272427243,6.30812681940318
442.784278427843,6.34704272484023
442.844284428443,6.38595863027727
442.904290429043,6.42487453571431
442.964296429643,6.46379044115132
443.024302430243,6.50359003590395
443.084308430843,6.54468789026845
443.144314431443,6.58578574463295
443.204320432043,6.62688359899745
443.264326432643,6.66798145336191
443.324332433243,6.70907930772637
443.384338433843,6.75017716209087
443.444344434443,6.79127501645537
443.504350435044,6.83237287081987
443.564356435644,6.87347072518433
443.624362436244,6.91456857954879
443.684368436844,6.95566643391329
443.744374437444,6.99676428827779
443.804380438044,7.03786214264229
443.864386438644,7.07895999700675
443.924392439244,7.12005785137121
443.984398439844,7.16115570573571
444.044404440444,7.20281733734467
444.104410441044,7.24467705285033
444.164416441644,7.28653676835595
444.224422442244,7.32839648386157
444.284428442844,7.37025619936724
444.344434443444,7.4121159148729
444.404440444044,7.45397563037856
444.464446444644,7.49583534588418
444.524452445244,7.53769506138981
444.584458445845,7.57955477689547
444.644464446445,7.62141449240113
444.704470447045,7.6632742079068
444.764476447645,7.70513392341242
444.824482448245,7.74699363891804
444.884488448845,7.78885335442371
444.944494449445,7.83071306992937
445.004500450045,7.8725062686013
445.064506450645,7.91347909299054
445.124512451245,7.95445191737978
445.184518451845,7.99542474176906
445.244524452445,8.03639756615834
445.304530453045,8.07737039054758
445.364536453645,8.11834321493686
445.424542454245,8.1593160393261
445.484548454845,8.20028886371538
445.544554455446,8.24126168810466
445.604560456046,8.2822345124939
445.664566456646,8.32320733688318
445.724572457246,8.36418016127242
445.784578457846,8.4051529856617
445.844584458446,8.44612581005098
445.904590459046,8.48709863444022
445.964596459646,8.5280714588295
446.024602460246,8.56796328662366
446.084608460846,8.60629953395177
446.144614461446,8.64463578127987
446.204620462046,8.68297202860794
446.264626462646,8.72130827593604
446.324632463246,8.75964452326411
446.384638463846,8.79798077059222
446.444644464446,8.83631701792032
446.504650465046,8.87465326524839
446.564656465647,8.91298951257646
446.624662466247,8.95132575990456
446.684668466847,8.98966200723267
446.744674467447,9.02799825456077
446.804680468047,9.06633450188884
446.864686468647,9.10467074921691
446.924692469247,9.14300699654502
446.984698469847,9.18134324387312
447.044704470447,9.21639999369098
447.104710471047,9.25033423093819
447.164716471647,9.2842684681854
447.224722472247,9.31820270543265
447.284728472847,9.35213694267989
447.344734473447,9.38607117992713
447.404740474047,9.42000541717434
447.464746474647,9.45393965442156
447.524752475248,9.4878738916688
447.584758475848,9.52180812891604
447.644764476448,9.55574236616328
447.704770477048,9.5896766034105
447.764776477648,9.62361084065771
447.824782478248,9.65754507790495
447.884788478848,9.6914793151522
447.944794479448,9.72541355239944
448.004800480048,9.7588633805546
448.064806480648,9.78674250415125
448.124812481248,9.81462162774792
448.184818481848,9.84250075134459
448.244824482448,9.87037987494126
448.304830483048,9.8982589985379
448.364836483648,9.92613812213455
448.424842484248,9.95401724573122
448.484848484848,9.98189636932789
448.544854485449,10.0097754929246
448.604860486049,10.0376546165212
448.664866486649,10.0655337401178
448.724872487249,10.0934128637145
448.784878487849,10.1212919873112
448.844884488449,10.1491711109079
448.904890489049,10.1770502345045
448.964896489649,10.2049293581011
449.024902490249,10.2297379360612
449.084908490849,10.2502181545093
449.144914491449,10.2706983729573
449.204920492049,10.2911785914054
449.264926492649,10.3116588098535
449.324932493249,10.3321390283016
449.384938493849,10.3526192467497
449.444944494449,10.3730994651978
449.50495049505,10.3935796836459
449.56495649565,10.414059902094
449.62496249625,10.4345401205421
449.68496849685,10.4550203389902
449.74497449745,10.4755005574383
449.80498049805,10.4959807758864
449.86498649865,10.5164609943345
449.92499249925,10.5369412127826
449.98499849985,10.5574214312307
450.04500450045,10.571715991574
450.10501050105,10.5839486658824
450.16501650165,10.5961813401908
450.22502250225,10.6084140144992
450.28502850285,10.6206466888076
450.34503450345,10.6328793631159
450.40504050405,10.6451120374243
450.46504650465,10.6573447117327
450.525052505251,10.6695773860411
450.585058505851,10.6818100603495
450.645064506451,10.6940427346579
450.705070507051,10.7062754089663
450.765076507651,10.7185080832747
450.825082508251,10.730740757583
450.885088508851,10.7429734318914
450.945094509451,10.7552061061998
451.005100510051,10.7667140717765
451.065106510651,10.7704207610066
451.125112511251,10.7741274502366
451.185118511851,10.7778341394666
451.245124512451,10.7815408286966
451.305130513051,10.7852475179266
451.365136513651,10.7889542071566
451.425142514251,10.7926608963866
451.485148514852,10.7963675856166
451.545154515452,10.8000742748466
451.605160516052,10.8037809640766
451.665166516652,10.8074876533066
451.725172517252,10.8111943425367
451.785178517852,10.8149010317667
451.845184518452,10.8186077209967
451.905190519052,10.8223144102267
451.965196519652,10.8260210994567
452.025202520252,10.8262525613509
452.085208520852,10.8216848997814
452.145214521452,10.8171172382119
452.205220522052,10.8125495766424
452.265226522652,10.8079819150729
452.325232523252,10.8034142535034
452.385238523852,10.798846591934
452.445244524452,10.7942789303645
452.505250525052,10.789711268795
452.565256525653,10.7851436072255
452.625262526253,10.780575945656
452.685268526853,10.7760082840865
452.745274527453,10.771440622517
452.805280528053,10.7668729609475
452.865286528653,10.762305299378
452.925292529253,10.7577376378085
452.985298529853,10.753169976239
453.045304530453,10.7428878997768
453.105310531053,10.7307514767599
453.165316531653,10.7186150537431
453.225322532253,10.7064786307262
453.285328532853,10.6943422077094
453.345334533453,10.6822057846925
453.405340534053,10.6700693616756
453.465346534653,10.6579329386588
453.525352535254,10.6457965156419
453.585358535854,10.6336600926251
453.645364536454,10.6215236696082
453.705370537054,10.6093872465914
453.765376537654,10.5972508235745
453.825382538254,10.5851144005576
453.885388538854,10.5729779775408
453.945394539454,10.5608415545239
454.005400540054,10.5481221576088
454.065406540654,10.5295082468334
454.125412541254,10.5108943360581
454.185418541854,10.4922804252827
454.245424542454,10.4736665145074
454.305430543054,10.455052603732
454.365436543654,10.4364386929566
454.425442544254,10.4178247821812
454.485448544854,10.3992108714059
454.545454545455,10.3805969606305
454.605460546055,10.3619830498551
454.665466546655,10.3433691390798
454.725472547255,10.3247552283044
454.785478547855,10.306141317529
454.845484548455,10.2875274067537
454.905490549055,10.2689134959783
454.965496549655,10.2502995852029
455.025502550255,10.2295207334863
455.085508550855,10.2058128440257
455.145514551455,10.1821049545651
455.205520552055,10.1583970651045
455.265526552655,10.1346891756439
455.325532553255,10.1109812861833
455.385538553855,10.0872733967227
455.445544554455,10.0635655072621
455.505550555055,10.0398576178014
455.565556555656,10.0161497283408
455.625562556256,9.9924418388802
455.685568556856,9.9687339494196
455.745574557456,9.945026059959
455.805580558056,9.92131817049838
455.865586558656,9.89761028103776
455.925592559256,9.87390239157713
455.985598559856,9.85019450211654
456.045604560456,9.82378793874089
456.105610561056,9.79652916255001
456.165616561656,9.76927038635909
456.225622562256,9.74201161016821
456.285628562856,9.71475283397729
456.345634563456,9.6874940577864
456.405640564056,9.66023528159549
456.465646564656,9.63297650540458
456.525652565257,9.60571772921369
456.585658565857,9.57845895302278
456.645664566457,9.55120017683189
456.705670567057,9.52394140064098
456.765676567657,9.49668262445007
456.825682568257,9.46942384825918
456.885688568857,9.44216507206827
456.945694569457,9.41490629587738
457.005700570057,9.38746157419149
457.065706570657,9.35824547700085
457.125712571257,9.32902937981023
457.185718571857,9.29981328261959
457.245724572457,9.27059718542897
457.305730573057,9.24138108823833
457.365736573657,9.21216499104769
457.425742574257,9.18294889385707
457.485748574857,9.15373279666643
457.545754575458,9.12451669947581
457.605760576058,9.09530060228517
457.665766576658,9.06608450509453
457.725772577258,9.03686840790391
457.785778577858,9.00765231071327
457.845784578458,8.97843621352265
457.905790579058,8.94922011633201
457.965796579658,8.92000401914137
458.025802580258,8.89063157765534
458.085808580858,8.86105188908001
458.145814581458,8.83147220050471
458.205820582058,8.80189251192938
458.265826582658,8.77231282335406
458.325832583258,8.74273313477876
458.385838583858,8.71315344620343
458.445844584458,8.68357375762813
458.505850585059,8.6539940690528
458.565856585659,8.62441438047751
458.625862586259,8.59483469190218
458.685868586859,8.56525500332685
458.745874587459,8.53567531475155
458.805880588059,8.50609562617622
458.865886588659,8.47651593760092
458.925892589259,8.4469362490256
458.985898589859,8.41735656045027
459.045904590459,8.38865612176144
459.105910591059,8.36022577944294
459.165916591659,8.33179543712446
459.225922592259,8.30336509480596
459.285928592859,8.27493475248746
459.345934593459,8.24650441016898
459.405940594059,8.21807406785048
459.465946594659,8.189643725532
459.52595259526,8.1612133832135
459.58595859586,8.13278304089499
459.64596459646,8.10435269857652
459.70597059706,8.07592235625802
459.76597659766,8.04749201393954
459.82598259826,8.01906167162104
459.88598859886,7.99063132930253
459.94599459946,7.96220098698406
460.00600060006,7.93400797850313
460.06600660066,7.9079509745604
460.12601260126,7.88189397061764
460.18601860186,7.85583696667491
460.24602460246,7.82977996273215
460.30603060306,7.8037229587894
460.36603660366,7.77766595484667
460.42604260426,7.75160895090391
460.48604860486,7.72555194696118
460.546054605461,7.69949494301842
460.606060606061,7.67343793907567
460.666066606661,7.64738093513294
460.726072607261,7.62132393119018
460.786078607861,7.59526692724745
460.846084608461,7.56920992330469
460.906090609061,7.54315291936194
460.966096609661,7.51709591541921
461.026102610261,7.49236898920695
461.086108610861,7.4693696352194
461.146114611461,7.44637028123182
461.206120612061,7.42337092724424
461.266126612661,7.40037157325669
461.326132613261,7.37737221926911
461.386138613861,7.35437286528155
461.446144614461,7.33137351129397
461.506150615062,7.3083741573064
461.566156615662,7.28537480331884
461.626162616262,7.26237544933126
461.686168616862,7.23937609534371
461.746174617462,7.21637674135613
461.806180618062,7.19337738736855
461.866186618662,7.17037803338099
461.926192619262,7.14737867939342
461.986198619862,7.12437932540586
462.046204620462,7.10378256537495
462.106210621062,7.08390346327914
462.166216621662,7.06402436118335
462.226222622262,7.04414525908755
462.286228622862,7.02426615699176
462.346234623462,7.00438705489596
462.406240624062,6.98450795280017
462.466246624662,6.96462885070437
462.526252625263,6.94474974860856
462.586258625863,6.92487064651278
462.646264626463,6.90499154441697
462.706270627063,6.88511244232119
462.766276627663,6.86523334022538
462.826282628263,6.84535423812958
462.886288628863,6.82547513603379
462.946294629463,6.80559603393799
463.006300630063,6.7860034726333
463.066306630663,6.76885333045278
463.126312631263,6.75170318827225
463.186318631863,6.73455304609174
463.246324632463,6.71740290391121
463.306330633063,6.7002527617307
463.366336633663,6.68310261955017
463.426342634263,6.66595247736964
463.486348634863,6.64880233518913
463.546354635464,6.6316521930086
463.606360636064,6.61450205082809
463.666366636664,6.59735190864757
463.726372637264,6.58020176646704
463.786378637864,6.56305162428653
463.846384638464,6.545901482106
463.906390639064,6.52875133992549
463.966396639664,6.51160119774496
464.026402640264,6.49539766722651
464.086408640864,6.48039891518705
464.146414641464,6.46540016314758
464.206420642064,6.45040141110813
464.266426642664,6.43540265906866
464.326432643264,6.42040390702921
464.386438643864,6.40540515498974
464.446444644464,6.39040640295027
464.506450645064,6.37540765091082
464.566456645665,6.36040889887135
464.626462646265,6.3454101468319
464.686468646865,6.33041139479243
464.746474647465,6.31541264275296
464.806480648065,6.30041389071351
464.866486648665,6.28541513867404
464.926492649265,6.27041638663459
464.986498649865,6.25541763459512
465.046504650465,6.24162732434969
465.106510651065,6.22818785204447
465.166516651665,6.21474837973924
465.226522652265,6.20130890743402
465.286528652865,6.1878694351288
465.346534653465,6.17442996282357
465.406540654065,6.16099049051835
465.466546654665,6.14755101821312
465.526552655266,6.1341115459079
465.586558655866,6.12067207360267
465.646564656466,6.10723260129744
465.706570657066,6.09379312899223
465.766576657666,6.080353656687
465.826582658266,6.06691418438178
465.886588658866,6.05347471207655
465.946594659466,6.04003523977132
466.006600660066,6.0267055538744
466.066606660666,6.01426413982635
466.126612661266,6.00182272577831
466.186618661866,5.98938131173026
466.246624662466,5.97693989768222
466.306630663066,5.96449848363417
466.366636663666,5.95205706958613
466.426642664266,5.93961565553809
466.486648664866,5.92717424149004
466.546654665467,5.914732827442
466.606660666067,5.90229141339395
466.666666666667,5.8898499993459
466.726672667267,5.87740858529787
466.786678667867,5.86496717124982
466.846684668467,5.85252575720178
466.906690669067,5.84008434315373
466.966696669667,5.82764292910568
467.026702670267,5.81542381040646
467.086708670867,5.80348193646812
467.146714671467,5.79154006252978
467.206720672067,5.77959818859144
467.266726672667,5.76765631465309
467.326732673267,5.75571444071476
467.386738673867,5.74377256677641
467.446744674467,5.73183069283808
467.506750675068,5.71988881889974
467.566756675668,5.70794694496139
467.626762676268,5.69600507102306
467.686768676868,5.68406319708471
467.746774677468,5.67212132314638
467.806780678068,5.66017944920803
467.866786678668,5.6482375752697
467.926792679268,5.63629570133136
467.986798679868,5.62435382739301
468.046804680468,5.61252939477862
468.106810681068,5.60073808664021
468.166816681668,5.5889467785018
468.226822682268,5.57715547036338
468.286828682868,5.56536416222497
468.346834683468,5.55357285408656
468.406840684068,5.54178154594815
468.466846684668,5.52999023780974
468.526852685269,5.51819892967133
468.586858685869,5.50640762153291
468.646864686469,5.4946163133945
468.706870687069,5.48282500525609
468.766876687669,5.47103369711768
468.826882688269,5.45924238897927
468.886888688869,5.44745108084085
468.946894689469,5.43565977270245
469.006900690069,5.42387171791404
469.066906690669,5.41210869977569
469.126912691269,5.40034568163733
469.186918691869,5.38858266349897
469.246924692469,5.37681964536062
469.306930693069,5.36505662722226
469.366936693669,5.35329360908392
469.426942694269,5.34153059094556
469.48694869487,5.3297675728072
469.54695469547,5.31800455466885
469.60696069607,5.30624153653049
469.66696669667,5.29447851839214
469.72697269727,5.28271550025378
469.78697869787,5.27095248211542
469.84698469847,5.25918946397708
469.90699069907,5.24742644583872
469.96699669967,5.23566342770037
470.02700270027,5.22395140981259
470.08700870087,5.21230172556442
470.14701470147,5.20065204131624
470.20702070207,5.18900235706806
470.26702670267,5.17735267281989
470.32703270327,5.1657029885717
470.38703870387,5.15405330432353
470.44704470447,5.14240362007535
470.507050705071,5.13075393582717
470.567056705671,5.119104251579
470.627062706271,5.10745456733082
470.687068706871,5.09580488308265
470.747074707471,5.08415519883447
470.807080708071,5.07250551458629
470.867086708671,5.06085583033811
470.927092709271,5.04920614608993
470.987098709871,5.03755646184176
471.047104710471,5.02615402389734
471.107110711071,5.01481930309344
471.167116711671,5.00348458228954
471.227122712271,4.99214986148564
471.287128712871,4.98081514068175
471.347134713471,4.96948041987784
471.407140714071,4.95814569907394
471.467146714671,4.94681097827005
471.527152715272,4.93547625746614
471.587158715872,4.92414153666225
471.647164716472,4.91280681585835
471.707170717072,4.90147209505445
471.767176717672,4.89013737425055
471.827182718272,4.87880265344665
471.887188718872,4.86746793264275
471.947194719472,4.85613321183885
472.007200720072,4.84486688623025
472.067206720672,4.83410212538715
472.127212721272,4.82333736454405
472.187218721872,4.81257260370095
472.247224722472,4.80180784285785
472.307230723072,4.79104308201476
472.367236723672,4.78027832117165
472.427242724272,4.76951356032855
472.487248724872,4.75874879948546
472.547254725473,4.74798403864235
472.607260726073,4.73721927779926
472.667266726673,4.72645451695616
472.727272727273,4.71568975611305
472.787278727873,4.70492499526996
472.847284728473,4.69416023442686
472.907290729073,4.68339547358376
472.967296729673,4.67263071274066
473.027302730273,4.66226190065641
473.087308730873,4.65236735686574
473.147314731473,4.64247281307506
473.207320732073,4.6325782692844
473.267326732673,4.62268372549372
473.327332733273,4.61278918170304
473.387338733873,4.60289463791237
473.447344734473,4.59300009412169
473.507350735073,4.58310555033103
473.567356735674,4.57321100654035
473.627362736274,4.56331646274967
473.687368736874,4.553421918959
473.747374737474,4.54352737516832
473.807380738074,4.53363283137766
473.867386738674,4.52373828758698
473.927392739274,4.51384374379631
473.987398739874,4.50394920000563
474.047404740474,4.49499452355929
474.107410741074,4.48628968526777
474.167416741674,4.47758484697625
474.227422742274,4.46888000868473
474.287428742874,4.46017517039321
474.347434743474,4.45147033210169
474.407440744074,4.44276549381017
474.467446744674,4.43406065551865
474.527452745275,4.42535581722713
474.587458745875,4.41665097893561
474.647464746475,4.40794614064409
474.707470747075,4.39924130235257
474.767476747675,4.39053646406105
474.827482748275,4.38183162576953
474.887488748875,4.37312678747801
474.947494749475,4.36442194918649
475.007500750075,4.35589704553198
475.067506750675,4.34863168433657
475.127512751275,4.34136632314115
475.187518751875,4.33410096194573
475.247524752475,4.32683560075032
475.307530753075,4.3195702395549
475.367536753675,4.31230487835948
475.427542754275,4.30503951716407
475.487548754875,4.29777415596865
475.547554755476,4.29050879477324
475.607560756076,4.28324343357782
475.667566756676,4.2759780723824
475.727572757276,4.26871271118699
475.787578757876,4.26144734999157
475.847584758476,4.25418198879616
475.907590759076,4.24691662760074
475.967596759676,4.23965126640532
476.027602760276,4.23309393600556
476.087608760876,4.227367772192
476.147614761476,4.22164160837844
476.207620762076,4.21591544456487
476.267626762676,4.2101892807513
476.327632763276,4.20446311693774
476.387638763876,4.19873695312418
476.447644764476,4.19301078931062
476.507650765077,4.18728462549705
476.567656765677,4.18155846168349
476.627662766277,4.17583229786992
476.687668766877,4.17010613405636
476.747674767477,4.1643799702428
476.807680768077,4.15865380642923
476.867686768677,4.15292764261567
476.927692769277,4.14720147880211
476.987698769877,4.14147531498854
477.047704770477,4.13695307710575
477.107710771077,4.13274128553216
477.167716771677,4.12852949395856
477.227722772277,4.12431770238497
477.287728772877,4.12010591081137
477.347734773477,4.11589411923778
477.407740774077,4.11168232766419
477.467746774677,4.10747053609059
477.527752775278,4.103258744517
477.587758775878,4.0990469529434
477.647764776478,4.09483516136981
477.707770777078,4.09062336979621
477.767776777678,4.08641157822262
477.827782778278,4.08219978664903
477.887788778878,4.07798799507543
477.947794779478,4.07377620350184
478.007800780078,4.0697557003097
478.067806780678,4.06701535782425
478.127812781278,4.0642750153388
478.187818781878,4.06153467285335
478.247824782478,4.0587943303679
478.307830783078,4.05605398788244
478.367836783678,4.05331364539699
478.427842784278,4.05057330291154
478.487848784879,4.04783296042609
478.547854785479,4.04509261794064
478.607860786079,4.04235227545519
478.667866786679,4.03961193296974
478.727872787279,4.03687159048428
478.787878787879,4.03413124799883
478.847884788479,4.03139090551338
478.907890789079,4.02865056302793
478.967896789679,4.02591022054248
479.027902790279,4.0238492820346
479.087908790879,4.02257002337189
479.147914791479,4.02129076470918
479.207920792079,4.02001150604647
479.267926792679,4.01873224738376
479.327932793279,4.01745298872105
479.387938793879,4.01617373005835
479.447944794479,4.01489447139564
479.50795079508,4.01361521273293
479.56795679568,4.01233595407022
479.62796279628,4.01105669540751
479.68796879688,4.0097774367448
479.74797479748,4.00849817808209
479.80798079808,4.00721891941938
479.86798679868,4.00593966075667
479.92799279928,4.00466040209396
479.98799879988,4.00338114343125
480.04800480048,4.00322908393116
480.10801080108,4.00335882422173
480.16801680168,4.00348856451229
480.22802280228,4.00361830480286
480.28802880288,4.00374804509343
480.34803480348,4.00387778538399
480.40804080408,4.00400752567456
480.46804680468,4.00413726596512
480.528052805281,4.00426700625569
480.588058805881,4.00439674654626
480.648064806481,4.00452648683682
480.708070807081,4.00465622712739
480.768076807681,4.00478596741795
480.828082808281,4.00491570770852
480.888088808881,4.00504544799908
480.948094809481,4.00517518828965
481.008100810081,4.00546996766169
481.068106810681,4.00682221966686
481.128112811281,4.00817447167202
481.188118811881,4.00952672367719
481.248124812481,4.01087897568236
481.308130813081,4.01223122768753
481.368136813681,4.01358347969269
481.428142814281,4.01493573169786
481.488148814881,4.01628798370303
481.548154815482,4.0176402357082
481.608160816082,4.01899248771336
481.668166816682,4.02034473971853
481.728172817282,4.0216969917237
481.788178817882,4.02304924372887
481.848184818482,4.02440149573404
481.908190819082,4.0257537477392
481.968196819682,4.02710599974437
482.028202820282,4.02889689266384
482.088208820882,4.03118242321007
482.148214821482,4.03346795375631
482.208220822082,4.03575348430254
482.268226822682,4.03803901484878
482.328232823282,4.04032454539501
482.388238823882,4.04261007594124
482.448244824482,4.04489560648748
482.508250825082,4.04718113703371
482.568256825683,4.04946666757995
482.628262826283,4.05175219812618
482.688268826883,4.05403772867241
482.748274827483,4.05632325921865
482.808280828083,4.05860878976488
482.868286828683,4.06089432031112
482.928292829283,4.06317985085735
482.988298829883,4.06546538140358
483.048304830483,4.06829359903225
483.108310831083,4.0712532750225
483.168316831683,4.07421295101276
483.228322832283,4.07717262700301
483.288328832883,4.08013230299326
483.348334833483,4.08309197898351
483.408340834083,4.08605165497376
483.468346834683,4.08901133096402
483.528352835283,4.09197100695427
483.588358835884,4.09493068294452
483.648364836484,4.09789035893477
483.708370837084,4.10085003492502
483.768376837684,4.10380971091528
483.828382838284,4.10676938690553
483.888388838884,4.10972906289578
483.948394839484,4.11268873888603
484.008400840084,4.11572260343852
484.068406840684,4.11921219773045
484.128412841284,4.12270179202237
484.188418841884,4.1261913863143
484.248424842484,4.12968098060623
484.308430843084,4.13317057489815
484.368436843684,4.13666016919008
484.428442844284,4.14014976348201
484.488448844884,4.14363935777393
484.548454845485,4.14712895206586
484.608460846085,4.15061854635779
484.668466846685,4.15410814064971
484.728472847285,4.15759773494164
484.788478847885,4.16108732923357
484.848484848485,4.1645769235255
484.908490849085,4.16806651781742
484.968496849685,4.17155611210935
485.028502850285,4.17527298393077
485.088508850885,4.17924105723218
485.148514851485,4.18320913053358
485.208520852085,4.18717720383498
485.268526852685,4.19114527713639
485.328532853285,4.19511335043779
485.388538853885,4.19908142373919
485.448544854485,4.20304949704059
485.508550855086,4.20701757034199
485.568556855686,4.2109856436434
485.628562856286,4.2149537169448
485.688568856886,4.2189217902462
485.748574857486,4.2228898635476
485.808580858086,4.22685793684901
485.868586858686,4.23082601015041
485.928592859286,4.23479408345181
485.988598859886,4.23876215675321
486.048604860486,4.24311602124589
486.108610861086,4.24756037996863
486.168616861686,4.25200473869136
486.228622862286,4.2564490974141
486.288628862886,4.26089345613683
486.348634863486,4.26533781485956
486.408640864086,4.2697821735823
486.468646864686,4.27422653230503
486.528652865287,4.27867089102776
486.588658865887,4.2831152497505
486.648664866487,4.28755960847323
486.708670867087,4.29200396719597
486.768676867687,4.2964483259187
486.828682868287,4.30089268464143
486.888688868887,4.30533704336417
486.948694869487,4.3097814020869
487.008700870087,4.31430150191129
487.068706870687,4.31926821305919
487.128712871287,4.32423492420709
487.188718871887,4.32920163535499
487.248724872487,4.33416834650289
487.308730873087,4.3391350576508
487.368736873687,4.3441017687987
487.428742874287,4.3490684799466
487.488748874888,4.35403519109451
487.548754875488,4.3590019022424
487.608760876088,4.36396861339031
487.668766876688,4.36893532453821
487.728772877288,4.37390203568611
487.788778877888,4.37886874683402
487.848784878488,4.38383545798192
487.908790879088,4.38880216912982
487.968796879688,4.39376888027772
488.028802880288,4.39902539346436
488.088808880888,4.40459585885962
488.148814881488,4.41016632425488
488.208820882088,4.41573678965014
488.268826882688,4.4213072550454
488.328832883288,4.42687772044067
488.388838883888,4.43244818583593
488.448844884488,4.43801865123119
488.508850885089,4.44358911662645
488.568856885689,4.44915958202171
488.628862886289,4.45473004741697
488.688868886889,4.46030051281224
488.748874887489,4.4658709782075
488.808880888089,4.47144144360276
488.868886888689,4.47701190899802
488.928892889289,4.48258237439329
488.988898889889,4.48815283978855
489.048904890489,4.49424463821505
489.108910891089,4.50045477604129
489.168916891689,4.50666491386752
489.228922892289,4.51287505169376
489.288928892889,4.51908518951999
489.348934893489,4.52529532734623
489.408940894089,4.53150546517247
489.468946894689,4.5377156029987
489.52895289529,4.54392574082493
489.58895889589,4.55013587865117
489.64896489649,4.5563460164774
489.70897089709,4.56255615430364
489.76897689769,4.56876629212987
489.82898289829,4.57497642995611
489.88898889889,4.58118656778234
489.94899489949,4.58739670560858
490.00900090009,4.59368948996334
490.06900690069,4.60045060464636
490.12901290129,4.60721171932939
490.18901890189,4.61397283401242
490.24902490249,4.62073394869545
490.30903090309,4.62749506337848
490.36903690369,4.63425617806151
490.42904290429,4.64101729274454
490.48904890489,4.64777840742756
490.549054905491,4.6545395221106
490.609060906091,4.66130063679363
490.669066906691,4.66806175147665
490.729072907291,4.67482286615969
490.789078907891,4.68158398084271
490.849084908491,4.68834509552574
490.909090909091,4.69510621020877
490.969096909691,4.7018673248918
491.029102910291,4.70881197476713
491.089108910891,4.71595151252705
491.149114911491,4.72309105028698
491.209120912091,4.7302305880469
491.269126912691,4.73737012580683
491.329132913291,4.74450966356675
491.389138913891,4.75164920132667
491.449144914491,4.7587887390866
491.509150915091,4.76592827684652
491.569156915692,4.77306781460645
491.629162916292,4.78020735236638
491.689168916892,4.7873468901263
491.749174917492,4.79448642788623
491.809180918092,4.80162596564615
491.869186918692,4.80876550340608
491.929192919292,4.81590504116601
491.989198919892,4.82304457892593
492.049204920492,4.83040323993944
492.109210921092,4.83781000117935
492.169216921692,4.84521676241925
492.229222922292,4.85262352365916
492.289228922892,4.86003028489906
492.349234923492,4.86743704613897
492.409240924092,4.87484380737888
492.469246924692,4.88225056861878
492.529252925293,4.88965732985869
492.589258925893,4.89706409109859
492.649264926493,4.9044708523385
492.709270927093,4.9118776135784
492.769276927693,4.91928437481831
492.829282928293,4.92669113605822
492.889288928893,4.93409789729812
492.949294929493,4.94150465853803
493.009300930093,4.94895856254614
493.069306930693,4.95666947067772
493.129312931293,4.96438037880928
493.189318931893,4.97209128694086
493.249324932493,4.97980219507243
493.309330933093,4.987513103204
493.369336933693,4.99522401133558
493.429342934293,5.00293491946714
493.489348934893,5.01064582759872
493.549354935494,5.0183567357303
493.609360936094,5.02606764386186
493.669366936694,5.03377855199344
493.729372937294,5.04148946012501
493.789378937894,5.04920036825658
493.849384938494,5.05691127638816
493.909390939094,5.06462218451972
493.969396939694,5.0723330926513
494.029402940294,5.08024451764897
494.089408940894,5.08836464387462
494.149414941494,5.09648477010027
494.209420942094,5.10460489632592
494.269426942694,5.11272502255157
494.329432943294,5.12084514877722
494.389438943894,5.12896527500287
494.449444944494,5.13708540122852
494.509450945094,5.14520552745417
494.569456945695,5.15332565367982
494.629462946295,5.16144577990547
494.689468946895,5.16956590613112
494.749474947495,5.17768603235677
494.809480948095,5.18580615858242
494.869486948695,5.19392628480807
494.929492949295,5.20204641103372
494.989498949895,5.21016653725937
495.049504950495,5.21863991337921
495.109510951095,5.2271882212948
495.169516951695,5.23573652921038
495.229522952295,5.24428483712596
495.289528952895,5.25283314504155
495.349534953495,5.26138145295712
495.409540954095,5.26992976087271
495.469546954695,5.27847806878829
495.529552955296,5.28702637670387
495.589558955896,5.29557468461946
495.649564956496,5.30412299253504
495.709570957096,5.31267130045062
495.769576957696,5.32121960836621
495.829582958296,5.32976791628178
495.889588958896,5.33831622419737
495.949594959496,5.34686453211295
496.009600960096,5.35546246789897
496.069606960696,5.3643209500048
496.129612961296,5.37317943211061
496.189618961896,5.38203791421644
496.249624962496,5.39089639632225
496.309630963096,5.39975487842808
496.369636963696,5.4086133605339
496.429642964296,5.41747184263972
496.489648964897,5.42633032474554
496.549654965497,5.43518880685136
496.609660966097,5.44404728895718
496.669666966697,5.45290577106301
496.729672967297,5.46176425316882
496.789678967897,5.47062273527465
496.849684968497,5.47948121738047
496.909690969097,5.48833969948629
496.969696969697,5.49719818159211
497.029702970297,5.50613139474338
497.089708970897,5.5151408486582
497.149714971497,5.52415030257301
497.209720972097,5.53315975648783
497.269726972697,5.54216921040264
497.329732973297,5.55117866431746
497.389738973897,5.56018811823228
497.449744974497,5.56919757214709
497.509750975098,5.57820702606191
497.569756975698,5.58721647997672
497.629762976298,5.59622593389154
497.689768976898,5.60523538780636
497.749774977498,5.61424484172117
497.809780978098,5.62325429563599
497.869786978698,5.63226374955081
497.929792979298,5.64127320346562
497.989798979898,5.65028265738044
498.049804980498,5.65934696917077
498.109810981098,5.6684225169115
498.169816981698,5.67749806465223
498.229822982298,5.68657361239296
498.289828982898,5.6956491601337
498.349834983498,5.70472470787442
498.409840984098,5.71380025561516
498.469846984698,5.72287580335588
498.529852985299,5.73195135109662
498.589858985899,5.74102689883735
498.649864986499,5.75010244657808
498.709870987099,5.75917799431882
498.769876987699,5.76825354205954
498.829882988299,5.77732908980028
498.889888988899,5.786404637541
498.949894989499,5.79548018528174
499.009900990099,5.80456691693298
499.069906990699,5.81371024594947
499.129912991299,5.82285357496598
499.189918991899,5.83199690398247
499.249924992499,5.84114023299898
499.309930993099,5.85028356201548
499.369936993699,5.85942689103198
499.429942994299,5.86857022004849
499.489948994899,5.87771354906498
499.5499549955,5.88685687808149
499.6099609961,5.89600020709799
499.6699669967,5.90514353611449
499.7299729973,5.91428686513099
499.7899789979,5.92343019414749
499.8499849985,5.932573523164
499.9099909991,5.9417168521805
499.9699969997,5.950860181197
500.0300030003,5.96004596841053
500.0900090009,5.96927421382107
500.1500150015,5.97850245923163
500.2100210021,5.98773070464218
500.2700270027,5.99695895005273
500.3300330033,6.00618719546328
500.3900390039,6.01541544087383
500.4500450045,6.02464368628438
500.510051005101,6.03387193169494
500.570057005701,6.04310017710548
500.630063006301,6.05232842251604
500.690069006901,6.06155666792658
500.750075007501,6.07078491333714
500.810081008101,6.08001315874768
500.870087008701,6.08924140415824
500.930093009301,6.09846964956879
500.990099009901,6.10769789497934
501.050105010501,6.11697645658462
501.110111011101,6.12626496091101
501.170117011701,6.1355534652374
501.230123012301,6.1448419695638
501.290129012901,6.15413047389019
501.350135013501,6.16341897821658
501.410141014101,6.17270748254297
501.470147014701,6.18199598686936
501.530153015302,6.19128449119576
501.590159015902,6.20057299552215
501.650165016502,6.20986149984854
501.710171017102,6.21915000417493
501.770177017702,6.22843850850133
501.830183018302,6.23772701282772
501.890189018902,6.24701551715411
501.950195019502,6.25630402148051
502.010201020102,6.26559025900448
502.070207020702,6.27486542919907
502.130213021302,6.28414059939366
502.190219021902,6.29341576958823
502.250225022502,6.30269093978282
502.310231023102,6.3119661099774
502.370237023702,6.32124128017198
502.430243024302,6.33051645036656
502.490249024902,6.33979162056114
502.550255025503,6.34906679075573
502.610261026103,6.35834196095031
502.670267026703,6.36761713114489
502.730273027303,6.37689230133947
502.790279027903,6.38616747153405
502.850285028503,6.39544264172864
502.910291029103,6.40471781192322
502.970297029703,6.4139929821178
503.030303030303,6.42320866887516
503.090309030903,6.43236605008514
503.150315031503,6.44152343129513
503.210321032103,6.45068081250511
503.270327032703,6.4598381937151
503.330333033303,6.46899557492508
503.390339033903,6.47815295613506
503.450345034503,6.48731033734505
503.510351035103,6.49646771855503
503.570357035704,6.50562509976502
503.630363036304,6.514782480975
503.690369036904,6.52393986218498
503.750375037504,6.53309724339497
503.810381038104,6.54225462460495
503.870387038704,6.55141200581494
503.930393039304,6.56056938702492
503.990399039904,6.5697267682349
504.050405040504,6.57870714455321
504.110411041104,6.58765380565404
504.170417041704,6.59660046675489
504.230423042304,6.60554712785572
504.290429042904,6.61449378895656
504.350435043504,6.62344045005741
504.410441044104,6.63238711115824
504.470447044704,6.64133377225908
504.530453045305,6.65028043335992
504.590459045905,6.65922709446076
504.650465046505,6.6681737555616
504.710471047105,6.67712041666244
504.770477047705,6.68606707776328
504.830483048305,6.69501373886412
504.890489048905,6.70396039996496
504.950495049505,6.71290706106579
505.010501050105,6.7218151610123
505.070507050705,6.73054147265981
505.130513051305,6.7392677843073
505.190519051905,6.74799409595481
505.250525052505,6.75672040760231
505.310531053105,6.76544671924981
505.370537053705,6.77417303089732
505.430543054305,6.78289934254481
505.490549054906,6.79162565419232
505.550555055506,6.80035196583982
505.610561056106,6.80907827748732
505.670567056706,6.81780458913483
505.730573057306,6.82653090078232
505.790579057906,6.83525721242983
505.850585058506,6.84398352407733
505.910591059106,6.85270983572483
505.970597059706,6.86143614737234
506.030603060306,6.87010650231026
506.090609060906,6.87872309491937
506.150615061506,6.88733968752847
506.210621062106,6.89595628013759
506.270627062706,6.9045728727467
506.330633063306,6.91318946535581
506.390639063906,6.92180605796492
506.450645064506,6.93042265057403
506.510651065107,6.93903924318314
506.570657065707,6.94765583579225
506.630663066307,6.95627242840136
506.690669066907,6.96488902101048
506.750675067507,6.97350561361958
506.810681068107,6.9821222062287
506.870687068707,6.9907387988378
506.930693069307,6.99935539144692
506.990699069907,7.00797198405603
507.050705070507,7.016623497611
507.110711071107,7.02528141678325
507.170717071707,7.03393933595551
507.230723072307,7.04259725512777
507.290729072907,7.05125517430003
507.350735073507,7.05991309347228
507.410741074107,7.06857101264454
507.470747074707,7.07722893181679
507.530753075308,7.08588685098905
507.590759075908,7.09454477016131
507.650765076508,7.10320268933356
507.710771077108,7.11186060850582
507.770777077708,7.12051852767808
507.830783078308,7.12917644685034
507.890789078908,7.1378343660226
507.950795079508,7.14649228519485
508.010801080108,7.15516361934265
508.070807080708,7.16389606615679
508.130813081308,7.17262851297095
508.190819081908,7.1813609597851
508.250825082508,7.19009340659924
508.310831083108,7.1988258534134
508.370837083708,7.20755830022754
508.430843084308,7.21629074704169
508.490849084908,7.22502319385584
508.550855085509,7.23375564066999
508.610861086109,7.24248808748414
508.670867086709,7.25122053429829
508.730873087309,7.25995298111244
508.790879087909,7.26868542792659
508.850885088509,7.27741787474074
508.910891089109,7.28615032155489
508.970897089709,7.29488276836904
509.030903090309,7.30357354739865
509.090909090909,7.31222508589329
509.150915091509,7.32087662438794
509.210921092109,7.3295281628826
509.270927092709,7.33817970137724
509.330933093309,7.3468312398719
509.390939093909,7.35548277836654
509.450945094509,7.36413431686119
509.51095109511,7.37278585535585
509.57095709571,7.38143739385049
509.63096309631,7.39008893234514
509.69096909691,7.39874047083979
509.75097509751,7.40739200933444
509.81098109811,7.4160435478291
509.87098709871,7.42469508632374
509.93099309931,7.43334662481839
509.99099909991,7.44199816331304
510.05100510051,7.45039645364358
510.11101110111,7.45875005312162
510.17101710171,7.46710365259967
510.23102310231,7.47545725207772
510.29102910291,7.48381085155576
510.35103510351,7.4921644510338
510.41104110411,7.50051805051184
510.47104710471,7.50887164998989
510.531053105311,7.51722524946794
510.591059105911,7.52557884894598
510.651065106511,7.53393244842403
510.711071107111,7.54228604790207
510.771077107711,7.55063964738012
510.831083108311,7.55899324685817
510.891089108911,7.56734684633621
510.951095109511,7.57570044581425
511.011101110111,7.5839870553327
511.071107110711,7.59197854692107
511.131113111311,7.59997003850944
511.191119111911,7.6079615300978
511.251125112511,7.61595302168616
511.311131113111,7.62394451327452
511.371137113711,7.63193600486289
511.431143114311,7.63992749645126
511.491149114911,7.64791898803962
511.551155115512,7.65591047962798
511.611161116112,7.66390197121634
511.671167116712,7.67189346280471
511.731173117312,7.67988495439307
511.791179117912,7.68787644598143
511.851185118512,7.6958679375698
511.911191119112,7.70385942915816
511.971197119712,7.71185092074653
512.031203120312,7.71973393952076
512.091209120912,7.72751682954346
512.151215121512,7.7352997195662
512.211221122112,7.74308260958891
512.271227122712,7.75086549961163
512.331233123312,7.75864838963435
512.391239123912,7.76643127965706
512.451245124513,7.7742141696798
512.511251125112,7.7819970597025
512.571257125713,7.78977994972522
512.631263126313,7.79756283974795
512.691269126913,7.80534572977065
512.751275127513,7.81312861979339
512.811281128113,7.8209115098161
512.871287128713,7.82869439983882
512.931293129313,7.83647728986154
512.991299129913,7.84426017988425
513.051305130513,7.85204263392317
513.111311131113,7.85982501402329
513.171317131713,7.86760739412342
513.231323132313,7.87538977422356
513.291329132913,7.88317215432367
513.351335133513,7.89095453442382
513.411341134113,7.89873691452394
513.471347134713,7.90651929462407
513.531353135314,7.91430167472421
513.591359135914,7.92208405482433
513.651365136514,7.92986643492447
513.711371137114,7.93764881502459
513.771377137714,7.94543119512473
513.831383138314,7.95321357522486
513.891389138914,7.96099595532498
513.951395139514,7.96877833542511
514.011401140114,7.97657231556878
514.071407140714,7.98441574852964
514.131413141314,7.9922591814905
514.191419141914,8.00010261445135
514.251425142514,8.00794604741221
514.311431143114,8.01578948037307
514.371437143714,8.02363291333393
514.431443144314,8.0314763462948
514.491449144914,8.03931977925564
514.551455145515,8.0471632122165
514.611461146115,8.05500664517736
514.671467146715,8.06285007813822
514.731473147315,8.07069351109909
514.791479147915,8.07853694405993
514.851485148515,8.08638037702079
514.911491149115,8.09422380998165
514.971497149715,8.10206724294252
515.031503150315,8.10989027309297
515.091509150915,8.1176948435578
515.151515151515,8.12549941402265
515.211521152115,8.1333039844875
515.271527152715,8.14110855495235
515.331533153315,8.1489131254172
515.391539153915,8.15671769588203
515.451545154515,8.16452226634688
515.511551155116,8.17232683681172
515.571557155716,8.18013140727657
515.631563156316,8.18793597774142
515.691569156916,8.19574054820625
515.751575157516,8.2035451186711
515.811581158116,8.21134968913595
515.871587158716,8.2191542596008
515.931593159316,8.22695883006564
515.991599159916,8.23476340053048
516.051605160516,8.24244628012913
516.111611161116,8.25010934958678
516.171617161716,8.25777241904441
516.231623162316,8.26543548850207
516.291629162916,8.2730985579597
516.351635163516,8.28076162741735
516.411641164116,8.28842469687499
516.471647164716,8.29608776633262
516.531653165317,8.30375083579028
516.591659165917,8.31141390524791
516.651665166517,8.31907697470556
516.711671167117,8.32674004416321
516.771677167717,8.33440311362084
516.831683168317,8.3420661830785
516.891689168917,8.34972925253613
516.951695169517,8.35739232199377
517.011701170117,8.36503188054905
517.071707170717,8.37257438127654
517.131713171317,8.38011688200406
517.191719171917,8.38765938273156
517.251725172517,8.39520188345907
517.311731173117,8.40274438418658
517.371737173717,8.41028688491407
517.431743174317,8.4178293856416
517.491749174917,8.42537188636909
517.551755175518,8.4329143870966
517.611761176118,8.44045688782411
517.671767176718,8.44799938855161
517.731773177318,8.45554188927913
517.791779177918,8.46308439000663
517.851785178518,8.47062689073414
517.911791179118,8.47816939146165
517.971797179718,8.48571189218914
518.031803180318,8.49324992292499
518.091809180918,8.50078398970592
518.151815181518,8.50831805648686
518.211821182118,8.51585212326781
518.271827182718,8.52338619004874
518.331833183318,8.5309202568297
518.391839183918,8.53845432361063
518.451845184518,8.54598839039157
518.511851185119,8.55352245717252
518.571857185718,8.56105652395345
518.631863186319,8.56859059073441
518.691869186919,8.57612465751534
518.751875187519,8.58365872429628
518.811881188119,8.59119279107723
518.871887188719,8.59872685785816
518.931893189319,8.60626092463912
518.991899189919,8.61379499142005
519.051905190519,8.62140476244416
519.111911191119,8.62902634858137
519.171917191719,8.63664793471856
519.231923192319,8.64426952085578
519.291929192919,8.65189110699297
519.351935193519,8.65951269313018
519.411941194119,8.66713427926739
519.471947194719,8.67475586540458
519.53195319532,8.6823774515418
519.59195919592,8.68999903767899
519.65196519652,8.6976206238162
519.71197119712,8.70524220995341
519.77197719772,8.7128637960906
519.83198319832,8.72048538222782
519.89198919892,8.72810696836501
519.95199519952,8.73572855450222
520.01200120012,8.74337346759969
520.07200720072,8.75111168853822
520.13201320132,8.75884990947678
520.19201920192,8.76658813041531
520.25202520252,8.77432635135386
520.31203120312,8.78206457229241
520.37203720372,8.78980279323094
520.432043204321,8.7975410141695
520.49204920492,8.80527923510803
520.552055205521,8.81301745604657
520.612061206121,8.82075567698512
520.672067206721,8.82849389792365
520.732073207321,8.83623211886221
520.792079207921,8.84397033980074
520.852085208521,8.85170856073928
520.912091209121,8.85944678167783
520.972097209721,8.86718500261636
521.032103210321,8.8749697443491
521.092109210921,8.88279492004311
521.152115211521,8.89062009573714
521.212121212121,8.89844527143117
521.272127212721,8.90627044712518
521.332133213321,8.91409562281922
521.392139213921,8.92192079851323
521.452145214521,8.92974597420726
521.512151215122,8.93757114990128
521.572157215722,8.9453963255953
521.632163216322,8.95322150128932
521.692169216922,8.96104667698335
521.752175217522,8.96887185267738
521.812181218122,8.9766970283714
521.872187218722,8.98452220406541
521.932193219322,8.99234737975944
521.992199219922,9.00017255545347
522.052205220522,9.00800650675707
522.112211221122,9.01584176935865
522.172217221722,9.02367703196022
522.232223222322,9.0315122945618
522.292229222922,9.03934755716338
522.352235223522,9.04718281976497
522.412241224122,9.05501808236655
522.472247224722,9.06285334496812
522.532253225323,9.0706886075697
522.592259225923,9.07852387017128
522.652265226523,9.08635913277287
522.712271227123,9.09419439537445
522.772277227723,9.10202965797602
522.832283228323,9.1098649205776
522.892289228923,9.11770018317918
522.952295229523,9.12553544578077
523.012301230123,9.13335592873229
523.072307230723,9.14111909547993
523.132313231323,9.14888226222759
523.192319231923,9.15664542897524
523.252325232523,9.16440859572289
523.312331233123,9.17217176247055
523.372337233723,9.17993492921819
523.432343234323,9.18769809596584
523.492349234923,9.1954612627135
523.552355235524,9.20322442946115
523.612361236124,9.2109875962088
523.672367236724,9.21875076295644
523.732373237324,9.2265139297041
523.792379237924,9.23427709645175
523.852385238524,9.24204026319939
523.912391239124,9.24980342994706
523.972397239724,9.2575665966947
524.032403240324,9.26529519602166
524.092409240924,9.2729943490273
524.152415241524,9.28069350203293
524.212421242124,9.28839265503859
524.272427242724,9.29609180804421
524.332433243324,9.30379096104985
524.392439243924,9.31149011405549
524.452445244524,9.31918926706112
524.512451245125,9.32688842006678
524.572457245725,9.3345875730724
524.632463246325,9.34228672607804
524.692469246925,9.34998587908369
524.752475247525,9.35768503208931
524.812481248125,9.36538418509497
524.872487248725,9.37308333810059
524.932493249325,9.38078249110623
524.992499249925,9.38848164411188
525.052505250525,9.39624360044578
525.112511251125,9.40401452868375
525.172517251725,9.41178545692169
525.232523252325,9.41955638515965
525.292529252925,9.42732731339761
525.352535253525,9.43509824163555
525.412541254125,9.44286916987352
525.472547254725,9.45064009811147
525.532553255326,9.45841102634942
525.592559255926,9.46618195458738
525.652565256526,9.47395288282532
525.712571257126,9.4817238110633
525.772577257726,9.48949473930124
525.832583258326,9.4972656675392
525.892589258926,9.50503659577715
525.952595259526,9.5128075240151
526.012601260126,9.52062247477063
526.072607260726,9.52860303404457
526.132613261326,9.53658359331852
526.192619261926,9.54456415259247
526.252625262526,9.55254471186641
526.312631263126,9.56052527114038
526.372637263726,9.56850583041432
526.432643264326,9.57648638968827
526.492649264927,9.58446694896223
526.552655265526,9.59244750823616
526.612661266127,9.60042806751013
526.672667266727,9.60840862678407
526.732673267327,9.61638918605802
526.792679267927,9.62436974533198
526.852685268527,9.63235030460591
526.912691269127,9.64033086387988
526.972697269727,9.64831142315382
527.032703270327,9.65639022314078
527.092709270927,9.66455104060373
527.152715271527,9.67271185806667
527.212721272127,9.68087267552964
527.272727272727,9.68903349299258
527.332733273327,9.69719431045554
527.392739273927,9.70535512791849
527.452745274527,9.71351594538143
527.512751275128,9.7216767628444
527.572757275728,9.72983758030734
527.632763276328,9.7379983977703
527.692769276928,9.74615921523325
527.752775277528,9.75432003269619
527.812781278128,9.76248085015916
527.872787278728,9.7706416676221
527.932793279328,9.77880248508506
527.992799279928,9.78696330254801
528.052805280528,9.79512185315194
528.112811281128,9.80328009463877
528.172817281728,9.81143833612556
528.232823282328,9.81959657761237
528.292829282928,9.82775481909918
528.352835283528,9.83591306058598
528.412841284128,9.8440713020728
528.472847284728,9.85222954355959
528.532853285329,9.8603877850464
528.592859285929,9.86854602653321
528.652865286529,9.87670426802001
528.712871287129,9.88486250950683
528.772877287729,9.89302075099363
528.832883288329,9.90117899248044
528.892889288929,9.90933723396724
528.952895289529,9.91749547545404
529.012901290129,9.92562586450262
529.072907290729,9.93365455976503
529.132913291329,9.94168325502745
529.192919291929,9.94971195028987
529.252925292529,9.95774064555228
529.312931293129,9.9657693408147
529.372937293729,9.97379803607712
529.432943294329,9.98182673133954
529.49294929493,9.98985542660196
529.55295529553,9.99788412186437
529.61296129613,10.0059128171268
529.67296729673,10.0139415123892
529.73297329733,10.0219702076516
529.79297929793,10.0299989029141
529.85298529853,10.0380275981765
529.91299129913,10.0460562934389
529.97299729973,10.0540849887013
530.03300330033,10.0620909544933
530.09300930093,10.0700783234458
530.15301530153,10.0780656923983
530.21302130213,10.0860530613507
530.27302730273,10.0940404303032
530.33303330333,10.1020277992557
530.39303930393,10.1100151682082
530.45304530453,10.1180025371607
530.51305130513,10.1259899061132
530.573057305731,10.1339772750657
530.633063306331,10.1419646440182
530.693069306931,10.1499520129707
530.753075307531,10.1579393819232
530.813081308131,10.1659267508757
530.873087308731,10.1739141198282
530.933093309331,10.1819014887807
530.993099309931,10.1898888577332
531.053105310531,10.198029952759
531.113111311131,10.2061910234893
531.173117311731,10.2143520942195
531.233123312331,10.2225131649498
531.293129312931,10.2306742356801
531.353135313531,10.2388353064104
531.413141314131,10.2469963771406
531.473147314731,10.2551574478709
531.533153315331,10.2633185186012
531.593159315932,10.2714795893315
531.653165316532,10.2796406600617
531.713171317132,10.287801730792
531.773177317732,10.2959628015223
531.833183318332,10.3041238722525
531.893189318932,10.3122849429828
531.953195319532,10.3204460137131
532.013201320132,10.328667855284
532.073207320732,10.3371051571081
532.133213321332,10.3455424589322
532.193219321932,10.3539797607563
532.253225322532,10.3624170625804
532.313231323132,10.3708543644045
532.373237323732,10.3792916662286
532.433243324332,10.3877289680527
532.493249324933,10.3961662698768
532.553255325533,10.4046035717009
532.613261326133,10.413040873525
532.673267326733,10.4214781753491
532.733273327333,10.4299154771732
532.793279327933,10.4383527789973
532.853285328533,10.4467900808214
532.913291329133,10.4552273826455
532.973297329733,10.4636646844696
533.033303330333,10.4721869487835
533.093309330933,10.480777336175
533.153315331533,10.4893677235664
533.213321332133,10.4979581109579
533.273327332733,10.5065484983493
533.333333333333,10.5151388857407
533.393339333933,10.5237292731322
533.453345334533,10.5323196605236
533.513351335134,10.540910047915
533.573357335734,10.5495004353065
533.633363336334,10.5580908226979
533.693369336934,10.5666812100894
533.753375337534,10.5752715974808
533.813381338134,10.5838619848722
533.873387338734,10.5924523722637
533.933393339334,10.6010427596551
533.993399339934,10.6096331470465
534.053405340534,10.6181784777238
534.113411341134,10.6267182395936
534.173417341734,10.6352580014634
534.233423342334,10.6437977633333
534.293429342934,10.6523375252031
534.353435343534,10.660877287073
534.413441344134,10.6694170489428
534.473447344734,10.6779568108126
534.533453345334,10.6864965726825
534.593459345935,10.6950363345523
534.653465346535,10.7035760964222
534.713471347135,10.712115858292
534.773477347735,10.7206556201619
534.833483348335,10.7291953820317
534.893489348935,10.7377351439015
534.953495349535,10.7462749057714
535.013501350135,10.7547924260238
535.073507350735,10.7632333362607
535.133513351335,10.7716742464976
535.193519351935,10.7801151567345
535.253525352535,10.7885560669714
535.313531353135,10.7969969772083
535.373537353735,10.8054378874452
535.433543354335,10.813878797682
535.493549354936,10.8223197079189
535.553555355536,10.8307606181558
535.613561356136,10.8392015283927
535.673567356736,10.8476424386296
535.733573357336,10.8560833488665
535.793579357936,10.8645242591034
535.853585358536,10.8729651693403
535.913591359136,10.8814060795772
535.973597359736,10.8898469898141
536.033603360336,10.8983233910026
536.093609360936,10.9068276779389
536.153615361536,10.9153319648751
536.213621362136,10.9238362518114
536.273627362736,10.9323405387476
536.333633363336,10.9408448256838
536.393639363936,10.9493491126201
536.453645364536,10.9578533995563
536.513651365137,10.9663576864926
536.573657365737,10.9748619734289
536.633663366337,10.9833662603651
536.693669366937,10.9918705473014
536.753675367537,11.0003748342376
536.813681368137,11.0088791211738
536.873687368737,11.0173834081101
536.933693369337,11.0258876950463
536.993699369937,11.0343919819826
537.053705370537,11.0431241986137
537.113711371137,11.0518831556
537.173717371737,11.0606421125863
537.233723372337,11.0694010695726
537.293729372937,11.078160026559
537.353735373537,11.0869189835453
537.413741374137,11.0956779405316
537.473747374738,11.1044368975179
537.533753375337,11.1131958545042
537.593759375938,11.1219548114906
537.653765376538,11.1307137684769
537.713771377138,11.1394727254632
537.773777377738,11.1482316824496
537.833783378338,11.1569906394359
537.893789378938,11.1657495964222
537.953795379538,11.1745085534085
538.013801380138,11.1833320105168
538.073807380738,11.192371402816
538.133813381338,11.2014107951151
538.193819381938,11.2104501874143
538.253825382538,11.2194895797135
538.313831383138,11.2285289720126
538.373837383738,11.2375683643118
538.433843384338,11.246607756611
538.493849384938,11.2556471489101
538.553855385539,11.2646865412093
538.613861386139,11.2737259335085
538.673867386739,11.2827653258076
538.733873387339,11.2918047181068
538.793879387939,11.300844110406
538.853885388539,11.3098835027051
538.913891389139,11.3189228950043
538.973897389739,11.3279622873035
539.033903390339,11.3370858746216
539.093909390939,11.3462742846536
539.153915391539,11.3554626946856
539.213921392139,11.3646511047175
539.273927392739,11.3738395147495
539.333933393339,11.3830279247814
539.393939393939,11.3922163348134
539.453945394539,11.4014047448453
539.513951395139,11.4105931548773
539.57395739574,11.4197815649092
539.63396339634,11.4289699749412
539.69396939694,11.4381583849731
539.75397539754,11.4473467950051
539.81398139814,11.456535205037
539.87398739874,11.465723615069
539.93399339934,11.4749120251009
539.99399939994,11.4841004351329
540.05400540054,11.4933026787531
540.11401140114,11.5025064594386
540.17401740174,11.5117102401242
540.23402340234,11.5209140208097
540.29402940294,11.5301178014953
540.35403540354,11.5393215821809
540.41404140414,11.5485253628664
540.474047404741,11.557729143552
540.534053405341,11.5669329242375
540.594059405941,11.576136704923
540.654065406541,11.5853404856086
540.714071407141,11.5945442662941
540.774077407741,11.6037480469797
540.834083408341,11.6129518276652
540.894089408941,11.6221556083508
540.954095409541,11.6313593890364
541.014101410141,11.6405557406667
541.074107410741,11.6497279083516
541.134113411341,11.6589000760364
541.194119411941,11.6680722437213
541.254125412541,11.6772444114061
541.314131413141,11.686416579091
541.374137413741,11.6955887467758
541.434143414341,11.7047609144607
541.494149414941,11.7139330821455
541.554155415542,11.7231052498304
541.614161416142,11.7322774175152
541.674167416742,11.7414495852001
541.734173417342,11.7506217528849
541.794179417942,11.7597939205698
541.854185418542,11.7689660882546
541.914191419142,11.7781382559395
541.974197419742,11.7873104236243
542.034203420342,11.7964682846865
542.094209420942,11.8056153530334
542.154215421542,11.8147624213804
542.214221422142,11.8239094897272
542.274227422742,11.8330565580742
542.334233423342,11.8422036264211
542.394239423942,11.851350694768
542.454245424542,11.8604977631149
542.514251425142,11.8696448314618
542.574257425743,11.8787918998087
542.634263426343,11.8879389681556
542.694269426943,11.8970860365025
542.754275427543,11.9062331048494
542.814281428143,11.9153801731963
542.874287428743,11.9245272415432
542.934293429343,11.9336743098901
542.994299429943,11.942821378237
543.054305430543,11.9519758466038
543.114311431143,11.9611310917682
543.174317431743,11.9702863369327
543.234323432343,11.9794415820971
543.294329432943,11.9885968272615
543.354335433543,11.997752072426
543.414341434143,12.0069073175904
543.474347434744,12.0160625627548
543.534353435344,12.0252178079192
543.594359435944,12.0343730530837
543.654365436544,12.0435282982481
543.714371437144,12.0526835434125
543.774377437744,12.061838788577
543.834383438344,12.0709940337414
543.894389438944,12.0801492789058
543.954395439544,12.0893045240702
544.014401440144,12.0984821577497
544.074407440744,12.1077306883937
544.134413441344,12.1169792190376
544.194419441944,12.1262277496815
544.254425442544,12.1354762803254
544.314431443144,12.1447248109693
544.374437443744,12.1539733416132
544.434443444344,12.1632218722571
544.494449444945,12.172470402901
544.554455445545,12.181718933545
544.614461446145,12.1909674641889
544.674467446745,12.2002159948328
544.734473447345,12.2094645254767
544.794479447945,12.2187130561206
544.854485448545,12.2279615867645
544.914491449145,12.2372101174084
544.974497449745,12.2464586480523
545.034503450345,12.2558178867411
545.094509450945,12.2652589531151
545.154515451545,12.2747000194892
545.214521452145,12.2841410858632
545.274527452745,12.2935821522373
545.334533453345,12.3030232186113
545.394539453945,12.3124642849854
545.454545454545,12.3219053513595
545.514551455145,12.3313464177335
545.574557455746,12.3407874841076
545.634563456346,12.3502285504816
545.694569456946,12.3596696168557
545.754575457546,12.3691106832297
545.814581458146,12.3785517496038
545.874587458746,12.3879928159778
545.934593459346,12.3974338823519
545.994599459946,12.4068749487259
546.054605460546,12.4164831055455
546.114611461146,12.4261077877938
546.174617461746,12.435732470042
546.234623462346,12.4453571522903
546.294629462946,12.4549818345386
546.354635463546,12.4646065167868
546.414641464146,12.4742311990351
546.474647464746,12.4838558812834
546.534653465347,12.4934805635316
546.594659465947,12.5031052457799
546.654665466547,12.5127299280282
546.714671467147,12.5223546102764
546.774677467747,12.5319792925247
546.834683468347,12.5416039747729
546.894689468947,12.5512286570212
546.954695469547,12.5608533392695
547.014701470147,12.5704868614951
547.074707470747,12.5801476252838
547.134713471347,12.5898083890724
547.194719471947,12.5994691528611
547.254725472547,12.6091299166498
547.314731473147,12.6187906804384
547.374737473747,12.6284514442271
547.434743474347,12.6381122080157
547.494749474947,12.6477729718044
547.554755475548,12.6574337355931
547.614761476148,12.6670944993817
547.674767476748,12.6767552631704
547.734773477348,12.686416026959
547.794779477948,12.6960767907477
547.854785478548,12.7057375545364
547.914791479148,12.715398318325
547.974797479748,12.7250590821137
548.034803480348,12.7346636868198
548.094809480948,12.744227624604
548.154815481548,12.7537915623882
548.214821482148,12.7633555001725
548.274827482748,12.7729194379567
548.334833483348,12.7824833757409
548.394839483948,12.7920473135252
548.454845484549,12.8016112513094
548.514851485148,12.8111751890936
548.574857485749,12.8207391268779
548.634863486349,12.8303030646621
548.694869486949,12.8398670024463
548.754875487549,12.8494309402306
548.814881488149,12.8589948780148
548.874887488749,12.8685588157991
548.934893489349,12.8781227535833
548.994899489949,12.8876866913675
549.054905490549,12.897191041817
549.114911491149,12.906689856831
549.174917491749,12.9161886718449
549.234923492349,12.9256874868589
549.294929492949,12.9351863018729
549.354935493549,12.9446851168869
549.414941494149,12.9541839319008
549.474947494749,12.9636827469148
549.53495349535,12.9731815619288
549.59495949595,12.9826803769428
549.65496549655,12.9921791919568
549.71497149715,13.0016780069707
549.77497749775,13.0111768219847
549.83498349835,13.0206756369987
549.89498949895,13.0301744520126
549.95499549955,13.0396732670266
550.01500150015,13.0491913515024
550.07500750075,13.0587672443638
550.13501350135,13.0683431372251
550.19501950195,13.0779190300864
550.25502550255,13.0874949229478
550.31503150315,13.0970708158091
550.37503750375,13.1066467086705
550.43504350435,13.1162226015318
550.49504950495,13.1257984943931
550.555055505551,13.1353743872545
550.615061506151,13.1449502801158
550.675067506751,13.1545261729772
550.735073507351,13.1641020658385
550.795079507951,13.1736779586998
550.855085508551,13.1832538515612
550.915091509151,13.1928297444225
550.975097509751,13.2024056372838
551.035103510351,13.2120727123026
551.095109510951,13.2218044720996
551.155115511551,13.2315362318967
551.215121512151,13.2412679916937
551.275127512751,13.2509997514907
551.335133513351,13.2607315112878
551.395139513951,13.2704632710848
551.455145514552,13.2801950308819
551.515151515152,13.2899267906789
551.575157515752,13.2996585504759
551.635163516352,13.309390310273
551.695169516952,13.31912207007
551.755175517552,13.3288538298671
551.815181518152,13.3385855896641
551.875187518752,13.3483173494612
551.935193519352,13.3580491092582
551.995199519952,13.3677808690552
552.055205520552,13.3776060785796
552.115211521152,13.3874394141672
552.175217521752,13.3972727497549
552.235223522352,13.4071060853425
552.295229522952,13.4169394209301
552.355235523552,13.4267727565177
552.415241524152,13.4366060921053
552.475247524752,13.446439427693
552.535253525353,13.4562727632806
552.595259525953,13.4661060988682
552.655265526553,13.4759394344558
552.715271527153,13.4857727700434
552.775277527753,13.4956061056311
552.835283528353,13.5054394412187
552.895289528953,13.5152727768063
552.955295529553,13.5251061123939
553.015301530153,13.5349398926773
553.075307530753,13.5447749721698
553.135313531353,13.5546100516622
553.195319531953,13.5644451311547
553.255325532553,13.5742802106472
553.315331533153,13.5841152901397
553.375337533753,13.5939503696321
553.435343534353,13.6037854491246
553.495349534953,13.6136205286171
553.555355535554,13.6234556081096
553.615361536154,13.633290687602
553.675367536754,13.6431257670945
553.735373537354,13.652960846587
553.795379537954,13.6627959260795
553.855385538554,13.6726310055719
553.915391539154,13.6824660850644
553.975397539754,13.6923011645569
554.035403540354,13.7021209598103
554.095409540954,13.7119301338128
554.155415541554,13.7217393078154
554.215421542154,13.7315484818179
554.275427542754,13.7413576558205
554.335433543354,13.751166829823
554.395439543954,13.7609760038256
554.455445544554,13.7707851778281
554.515451545155,13.7805943518307
554.575457545754,13.7904035258332
554.635463546355,13.8002126998358
554.695469546955,13.8100218738383
554.755475547555,13.8198310478408
554.815481548155,13.8296402218434
554.875487548755,13.8394493958459
554.935493549355,13.8492585698485
554.995499549955,13.859067743851
555.055505550555,13.8689225711119
555.115511551155,13.8787810999884
555.175517551755,13.8886396288649
555.235523552355,13.8984981577414
555.295529552955,13.9083566866178
555.355535553555,13.9182152154943
555.415541554155,13.9280737443708
555.475547554755,13.9379322732472
555.535553555356,13.9477908021237
555.595559555956,13.9576493310002
555.655565556556,13.9675078598767
555.715571557156,13.9773663887531
555.775577557756,13.9872249176296
555.835583558356,13.9970834465061
555.895589558956,14.0069419753825
555.955595559556,14.016800504259
556.015601560156,14.0266977744943
556.075607560756,14.0367053085971
556.135613561356,14.0467128426999
556.195619561956,14.0567203768026
556.255625562556,14.0667279109054
556.315631563156,14.0767354450082
556.375637563756,14.0867429791109
556.435643564356,14.0967505132137
556.495649564956,14.1067580473164
556.555655565557,14.1167655814192
556.615661566157,14.126773115522
556.675667566757,14.1367806496247
556.735673567357,14.1467881837275
556.795679567957,14.1567957178303
556.855685568557,14.166803251933
556.915691569157,14.1768107860358
556.975697569757,14.1868183201386
557.035703570357,14.1969144490474
557.095709570957,14.2070708819838
557.155715571557,14.2172273149203
557.215721572157,14.2273837478568
557.275727572757,14.2375401807932
557.335733573357,14.2476966137297
557.395739573957,14.2578530466661
557.455745574557,14.2680094796026
557.515751575158,14.2781659125391
557.575757575758,14.2883223454755
557.635763576358,14.298478778412
557.695769576958,14.3086352113484
557.755775577558,14.3187916442849
557.815781578158,14.3289480772214
557.875787578758,14.3391045101578
557.935793579358,14.3492609430943
557.995799579958,14.3594173760307
558.055805580558,14.3695758387008
558.115811581158,14.3797344541465
558.175817581758,14.3898930695922
558.235823582358,14.4000516850379
558.295829582958,14.4102103004836
558.355835583558,14.4203689159293
558.415841584158,14.430527531375
558.475847584758,14.4406861468207
558.535853585359,14.4508447622664
558.595859585959,14.4610033777121
558.655865586559,14.4711619931578
558.715871587159,14.4813206086035
558.775877587759,14.4914792240492
558.835883588359,14.5016378394949
558.895889588959,14.5117964549406
558.955895589559,14.5219550703863
559.015901590159,14.5320647713419
559.075907590759,14.5420388038062
559.135913591359,14.5520128362706
559.195919591959,14.5619868687349
559.255925592559,14.5719609011992
559.315931593159,14.5819349336635
559.375937593759,14.5919089661278
559.43594359436,14.6018829985922
559.495949594959,14.6118570310565
559.55595559556,14.6218310635208
559.61596159616,14.6318050959851
559.67596759676,14.6417791284494
559.73597359736,14.6517531609137
559.79597959796,14.661727193378
559.85598559856,14.6717012258423
559.91599159916,14.6816752583067
559.97599759976,14.691649290771
560.03600360036,14.7014777765122
560.09600960096,14.7112092311047
560.15601560156,14.7209406856971
560.21602160216,14.7306721402896
560.27602760276,14.740403594882
560.33603360336,14.7501350494745
560.39603960396,14.759866504067
560.45604560456,14.7695979586595
560.516051605161,14.7793294132519
560.576057605761,14.7890608678444
560.636063606361,14.7987923224369
560.696069606961,14.8085237770293
560.756075607561,14.8182552316218
560.816081608161,14.8279866862143
560.876087608761,14.8377181408067
560.936093609361,14.8474495953992
560.996099609961,14.8571810499917
561.056105610561,14.8667946906268
561.116111611161,14.8764001409867
561.176117611761,14.8860055913466
561.236123612361,14.8956110417066
561.296129612961,14.9052164920665
561.356135613561,14.9148219424265
561.416141614161,14.9244273927864
561.476147614761,14.9340328431464
561.536153615362,14.9436382935063
561.596159615962,14.9532437438663
561.656165616562,14.9628491942262
561.716171617162,14.9724546445862
561.776177617762,14.9820600949461
561.836183618362,14.991665545306
561.896189618962,15.001270995666
561.956195619562,15.0108764460259
562.016201620162,15.0204923685843
562.076207620762,15.0301366048642
562.136213621362,15.0397808411442
562.196219621962,15.0494250774241
562.256225622562,15.0590693137041
562.316231623162,15.068713549984
562.376237623762,15.078357786264
562.436243624362,15.0880020225439
562.496249624963,15.0976462588239
562.556255625562,15.1072904951038
562.616261626163,15.1169347313838
562.676267626763,15.1265789676637
562.736273627363,15.1362232039436
562.796279627963,15.1458674402236
562.856285628563,15.1555116765035
562.916291629163,15.1651559127835
562.976297629763,15.1748001490634
563.036303630363,15.1845071253363
563.096309630963,15.194255064084
563.156315631563,15.2040030028317
563.216321632163,15.2137509415794
563.276327632763,15.223498880327
563.336333633363,15.2332468190747
563.396339633963,15.2429947578224
563.456345634563,15.25274269657
563.516351635164,15.2624906353177
563.576357635764,15.2722385740654
563.636363636364,15.281986512813
563.696369636964,15.2917344515607
563.756375637564,15.3014823903084
563.816381638164,15.311230329056
563.876387638764,15.3209782678037
563.936393639364,15.3307262065514
563.996399639964,15.340474145299
564.056405640564,15.35025916481
564.116411641164,15.3600465511783
564.176417641764,15.3698339375465
564.236423642364,15.3796213239148
564.296429642964,15.389408710283
564.356435643564,15.3991960966512
564.416441644164,15.4089834830195
564.476447644764,15.4187708693877
564.536453645365,15.428558255756
564.596459645965,15.4383456421242
564.656465646565,15.4481330284924
564.716471647165,15.4579204148607
564.776477647765,15.4677078012289
564.836483648365,15.4774951875971
564.896489648965,15.4872825739654
564.956495649565,15.4970699603336
565.016501650165,15.5068319078869
565.076507650765,15.5165267894733
565.136513651365,15.5262216710597
565.196519651965,15.5359165526462
565.256525652565,15.5456114342326
565.316531653165,15.555306315819
565.376537653765,15.5650011974055
565.436543654365,15.5746960789919
565.496549654966,15.5843909605783
565.556555655565,15.5940858421648
565.616561656166,15.6037807237512
565.676567656766,15.6134756053376
565.736573657366,15.6231704869241
565.796579657966,15.6328653685105
565.856585658566,15.6425602500969
565.916591659166,15.6522551316834
565.976597659766,15.6619500132698
566.036603660366,15.6715083640868
566.096609660966,15.6809794247398
566.156615661566,15.6904504853928
566.216621662166,15.6999215460458
566.276627662766,15.7093926066988
566.336633663366,15.7188636673517
566.396639663966,15.7283347280047
566.456645664566,15.7378057886577
566.516651665167,15.7472768493107
566.576657665767,15.7567479099637
566.636663666367,15.7662189706167
566.696669666967,15.7756900312697
566.756675667567,15.7851610919226
566.816681668167,15.7946321525756
566.876687668767,15.8041032132286
566.936693669367,15.8135742738816
566.996699669967,15.8230453345346
567.056705670567,15.8322484840242
567.116711671167,15.8414360408006
567.176717671767,15.850623597577
567.236723672367,15.8598111543534
567.296729672967,15.8689987111297
567.356735673567,15.8781862679061
567.416741674167,15.8873738246825
567.476747674767,15.8965613814589
567.536753675368,15.9057489382353
567.596759675968,15.9149364950117
567.656765676568,15.9241240517881
567.716771677168,15.9333116085644
567.776777677768,15.9424991653408
567.836783678368,15.9516867221172
567.896789678968,15.9608742788936
567.956795679568,15.97006183567
568.016801680168,15.9791921856535
568.076807680768,15.9881754324551
568.136813681368,15.9971586792568
568.196819681968,16.0061419260584
568.256825682568,16.0151251728601
568.316831683168,16.0241084196617
568.376837683768,16.0330916664634
568.436843684368,16.0420749132651
568.496849684969,16.0510581600667
568.556855685569,16.0600414068684
568.616861686169,16.06902465367
568.676867686769,16.0780079004717
568.736873687369,16.0869911472733
568.796879687969,16.095974394075
568.856885688569,16.1049576408766
568.916891689169,16.1139408876783
568.976897689769,16.12292413448
569.036903690369,16.1318945882038
569.096909690969,16.1408570332529
569.156915691569,16.149819478302
569.216921692169,16.1587819233511
569.276927692769,16.1677443684002
569.336933693369,16.1767068134493
569.396939693969,16.1856692584985
569.456945694569,16.1946317035476
569.516951695169,16.2035941485967
569.57695769577,16.2125565936458
569.63696369637,16.2215190386949
569.69696969697,16.230481483744
569.75697569757,16.2394439287931
569.81698169817,16.2484063738422
569.87698769877,16.2573688188913
569.93699369937,16.2663312639404
569.99699969997,16.2752937089896
570.05700570057,16.2843421567771
570.11701170117,16.2933951310245
570.17701770177,16.3024481052719
570.23702370237,16.3115010795193
570.29702970297,16.3205540537668
570.35703570357,16.3296070280142
570.41704170417,16.3386600022616
570.47704770477,16.3477129765091
570.53705370537,16.3567659507565
570.597059705971,16.3658189250039
570.657065706571,16.3748718992513
570.717071707171,16.3839248734988
570.777077707771,16.3929778477462
570.837083708371,16.4020308219936
570.897089708971,16.4110837962411
570.957095709571,16.4201367704885
571.017101710171,16.4291857801106
571.077107710771,16.438224843392
571.137113711371,16.4472639066734
571.197119711971,16.4563029699548
571.257125712571,16.4653420332362
571.317131713171,16.4743810965176
571.377137713771,16.483420159799
571.437143714371,16.4924592230804
571.497149714972,16.5014982863618
571.557155715572,16.5105373496432
571.617161716172,16.5195764129246
571.677167716772,16.528615476206
571.737173717372,16.5376545394874
571.797179717972,16.5466936027688
571.857185718572,16.5557326660502
571.917191719172,16.5647717293316
571.977197719772,16.573810792613
572.037203720372,16.5827038890551
572.097209720972,16.5915075219506
572.157215721572,16.6003111548461
572.217221722172,16.6091147877416
572.277227722772,16.6179184206372
572.337233723372,16.6267220535327
572.397239723972,16.6355256864282
572.457245724572,16.6443293193237
572.517251725173,16.6531329522192
572.577257725773,16.6619365851147
572.637263726373,16.6707402180102
572.697269726973,16.6795438509058
572.757275727573,16.6883474838013
572.817281728173,16.6971511166968
572.877287728773,16.7059547495923
572.937293729373,16.7147583824878
572.997299729973,16.7235620153833
573.057305730573,16.7320699283797
573.117311731173,16.7405639069306
573.177317731773,16.7490578854815
573.237323732373,16.7575518640324
573.297329732973,16.7660458425833
573.357335733573,16.7745398211342
573.417341734173,16.7830337996851
573.477347734774,16.791527778236
573.537353735373,16.8000217567869
573.597359735974,16.8085157353378
573.657365736574,16.8170097138887
573.717371737174,16.8255036924396
573.777377737774,16.8339976709906
573.837383738374,16.8424916495414
573.897389738974,16.8509856280924
573.957395739574,16.8594796066433
574.017401740174,16.8679362719978
574.077407740774,16.8763015843545
574.137413741374,16.8846668967111
574.197419741974,16.8930322090678
574.257425742574,16.9013975214244
574.317431743174,16.9097628337811
574.377437743774,16.9181281461377
574.437443744374,16.9264934584944
574.497449744975,16.9348587708511
574.557455745575,16.9432240832077
574.617461746175,16.9515893955643
574.677467746775,16.959954707921
574.737473747375,16.9683200202776
574.797479747975,16.9766853326343
574.857485748575,16.9850506449909
574.917491749175,16.9934159573476
574.977497749775,17.0017812697043
575.037503750375,17.0102102162847
575.097509750975,17.0186773433995
575.157515751575,17.0271444705143
575.217521752175,17.0356115976291
575.277527752775,17.0440787247439
575.337533753375,17.0525458518587
575.397539753975,17.0610129789734
575.457545754575,17.0694801060882
575.517551755176,17.077947233203
575.577557755776,17.0864143603178
575.637563756376,17.0948814874326
575.697569756976,17.1033486145474
575.757575757576,17.1118157416622
575.817581758176,17.120282868777
575.877587758776,17.1287499958917
575.937593759376,17.1372171230065
575.997599759976,17.1456842501213
576.057605760576,17.1542500748283
576.117611761176,17.1628200119349
576.177617761776,17.1713899490416
576.237623762376,17.1799598861482
576.297629762976,17.1885298232549
576.357635763576,17.1970997603616
576.417641764176,17.2056696974682
576.477647764777,17.2142396345749
576.537653765376,17.2228095716815
576.597659765977,17.2313795087882
576.657665766577,17.2399494458948
576.717671767177,17.2485193830015
576.777677767777,17.2570893201082
576.837683768377,17.2656592572148
576.897689768977,17.2742291943214
576.957695769577,17.2827991314281
577.017701770177,17.2913305292759
577.077707770777,17.2997698248269
577.137713771377,17.3082091203779
577.197719771977,17.3166484159289
577.257725772577,17.3250877114799
577.317731773177,17.3335270070309
577.377737773777,17.3419663025819
577.437743774377,17.3504055981329
577.497749774977,17.3588448936839
577.557755775578,17.3672841892349
577.617761776178,17.3757234847859
577.677767776778,17.384162780337
577.737773777378,17.392602075888
577.797779777978,17.401041371439
577.857785778578,17.40948066699
577.917791779178,17.417919962541
577.977797779778,17.426359258092
578.037803780378,17.4345905411464
578.097809780978,17.4426996581313
578.157815781578,17.4508087751162
578.217821782178,17.4589178921011
578.277827782778,17.467027009086
578.337833783378,17.4751361260709
578.397839783978,17.4832452430558
578.457845784578,17.4913543600407
578.517851785178,17.4994634770255
578.577857785779,17.5075725940105
578.637863786379,17.5156817109953
578.697869786979,17.5237908279802
578.757875787579,17.5318999449651
578.817881788179,17.54000906195
578.877887788779,17.5481181789349
578.937893789379,17.5562272959198
578.997899789979,17.5643364129047
579.057905790579,17.5721548065804
579.117911791179,17.5799626558872
579.177917791779,17.5877705051942
579.237923792379,17.595578354501
579.297929792979,17.6033862038079
579.357935793579,17.6111940531148
579.417941794179,17.6190019024217
579.47794779478,17.6268097517286
579.53795379538,17.6346176010355
579.59795979598,17.6424254503424
579.65796579658,17.6502332996493
579.71797179718,17.6580411489562
579.77797779778,17.6658489982631
579.83798379838,17.67365684757
579.89798979898,17.6814646968769
579.95799579958,17.6892725461838
580.01800180018,17.6970362967856
580.07800780078,17.704697150409
580.13801380138,17.7123580040324
580.19801980198,17.7200188576557
580.25802580258,17.7276797112791
580.31803180318,17.7353405649025
580.37803780378,17.7430014185259
580.43804380438,17.7506622721492
580.49804980498,17.7583231257726
580.558055805581,17.765983979396
580.618061806181,17.7736448330193
580.678067806781,17.7813056866427
580.738073807381,17.7889665402661
580.798079807981,17.7966273938895
580.858085808581,17.8042882475128
580.918091809181,17.8119491011362
580.978097809781,17.8196099547596
581.038103810381,17.8272135613254
581.098109810981,17.8347842621022
581.158115811581,17.842354962879
581.218121812181,17.8499256636558
581.278127812781,17.8574963644327
581.338133813381,17.8650670652095
581.398139813981,17.8726377659863
581.458145814581,17.8802084667631
581.518151815181,17.8877791675399
581.578157815782,17.8953498683168
581.638163816382,17.9029205690936
581.698169816982,17.9104912698704
581.758175817582,17.9180619706472
581.818181818182,17.925632671424
581.878187818782,17.9332033722009
581.938193819382,17.9407740729777
581.998199819982,17.9483447737545
582.058205820582,17.9557434558344
582.118211821182,17.9631368177483
582.178217821782,17.9705301796623
582.238223822382,17.9779235415763
582.298229822982,17.9853169034902
582.358235823582,17.9927102654042
582.418241824182,18.0001036273182
582.478247824783,18.0074969892321
582.538253825383,18.0148903511461
582.598259825983,18.0222837130601
582.658265826583,18.029677074974
582.718271827183,18.037070436888
582.778277827783,18.044463798802
582.838283828383,18.051857160716
582.898289828983,18.0592505226299
582.958295829583,18.0666438845439
583.018301830183,18.0739567480789
583.078307830783,18.0810861808815
583.138313831383,18.0882156136842
583.198319831983,18.0953450464868
583.258325832583,18.1024744792895
583.318331833183,18.1096039120921
583.378337833783,18.1167333448948
583.438343834383,18.1238627776974
583.498349834984,18.1309922105001
583.558355835584,18.1381216433027
583.618361836184,18.1452510761054
583.678367836784,18.152380508908
583.738373837384,18.1595099417107
583.798379837984,18.1666393745133
583.858385838584,18.173768807316
583.918391839184,18.1808982401186
583.978397839784,18.1880276729212
584.038403840384,18.1949996139969
584.098409840984,18.201882965976
584.158415841584,18.2087663179552
584.218421842184,18.2156496699343
584.278427842784,18.2225330219134
584.338433843384,18.2294163738926
584.398439843984,18.2362997258717
584.458445844585,18.2431830778509
584.518451845184,18.25006642983
584.578457845785,18.2569497818092
584.638463846385,18.2638331337883
584.698469846985,18.2707164857675
584.758475847585,18.2775998377466
584.818481848185,18.2844831897258
584.878487848785,18.2913665417049
584.938493849385,18.2982498936841
584.998499849985,18.3051332456632
585.058505850585,18.3118353668727
585.118511851185,18.3185328411394
585.178517851785,18.3252303154061
585.238523852385,18.3319277896728
585.298529852985,18.3386252639394
585.358535853585,18.3453227382061
585.418541854185,18.3520202124728
585.478547854785,18.3587176867395
585.538553855386,18.3654151610061
585.598559855986,18.3721126352728
585.658565856586,18.3788101095395
585.718571857186,18.3855075838062
585.778577857786,18.3922050580729
585.838583858386,18.3989025323395
585.898589858986,18.4056000066062
585.958595859586,18.4122974808729
586.018601860186,18.4189401566255
586.078607860786,18.425460861492
586.138613861386,18.4319815663585
586.198619861986,18.438502271225
586.258625862586,18.4450229760916
586.318631863186,18.4515436809581
586.378637863786,18.4580643858246
586.438643864386,18.4645850906911
586.498649864986,18.4711057955576
586.558655865587,18.4776265004241
586.618661866187,18.4841472052906
586.678667866787,18.4906679101571
586.738673867387,18.4971886150236
586.798679867987,18.5037093198901
586.858685868587,18.5102300247567
586.918691869187,18.5167507296232
586.978697869787,18.5232714344897
587.038703870387,18.529667181707
587.098709870987,18.5359941537841
587.158715871587,18.5423211258612
587.218721872187,18.5486480979383
587.278727872787,18.5549750700154
587.338733873387,18.5613020420924
587.398739873987,18.5676290141695
587.458745874588,18.5739559862466
587.518751875187,18.5802829583237
587.578757875788,18.5866099304008
587.638763876388,18.5929369024779
587.698769876988,18.5992638745549
587.758775877588,18.605590846632
587.818781878188,18.6119178187091
587.878787878788,18.6182447907862
587.938793879388,18.6245717628633
587.998799879988,18.6308987349404
588.058805880588,18.6370509488357
588.118811881188,18.6431995962375
588.178817881788,18.6493482436393
588.238823882388,18.6554968910411
588.298829882988,18.6616455384429
588.358835883588,18.6677941858447
588.418841884188,18.6739428332465
588.478847884788,18.6800914806483
588.538853885389,18.6862401280501
588.598859885989,18.6923887754519
588.658865886589,18.6985374228537
588.718871887189,18.7046860702555
588.778877887789,18.7108347176573
588.838883888389,18.7169833650592
588.898889888989,18.7231320124609
588.958895889589,18.7292806598628
589.018901890189,18.7353681207113
589.078907890789,18.7413225250869
589.138913891389,18.7472769294625
589.198919891989,18.7532313338381
589.258925892589,18.7591857382137
589.318931893189,18.7651401425893
589.378937893789,18.7710945469649
589.438943894389,18.7770489513405
589.498949894989,18.7830033557161
589.55895589559,18.7889577600917
589.61896189619,18.7949121644673
589.67896789679,18.8008665688429
589.73897389739,18.8068209732185
589.79897989799,18.8127753775941
589.85898589859,18.8187297819697
589.91899189919,18.8246841863453
589.97899789979,18.8306385907209
590.03900390039,18.8363747108571
590.09900990099,18.8419932933258
590.15901590159,18.8476118757946
590.21902190219,18.8532304582633
590.27902790279,18.858849040732
590.33903390339,18.8644676232008
590.39903990399,18.8700862056695
590.459045904591,18.8757047881382
590.519051905191,18.881323370607
590.579057905791,18.8869419530757
590.639063906391,18.8925605355445
590.699069906991,18.8981791180132
590.759075907591,18.9037977004819
590.819081908191,18.9094162829507
590.879087908791,18.9150348654194
590.939093909391,18.9206534478881
590.999099909991,18.9262720303569
591.059105910591,18.931394160675
591.119111911191,18.9365087308081
591.179117911791,18.9416233009411
591.239123912391,18.9467378710742
591.299129912991,18.9518524412073
591.359135913591,18.9569670113404
591.419141914191,18.9620815814735
591.479147914791,18.9671961516066
591.539153915392,18.9723107217396
591.599159915992,18.9774252918727
591.659165916592,18.9825398620058
591.719171917192,18.9876544321389
591.779177917792,18.992769002272
591.839183918392,18.997883572405
591.899189918992,19.0029981425381
591.959195919592,19.0081127126712
592.019201920192,19.0130793125132
592.079207920792,19.0177314754867
592.139213921392,19.0223836384601
592.199219921992,19.0270358014336
592.259225922592,19.0316879644071
592.319231923192,19.0363401273805
592.379237923792,19.040992290354
592.439243924392,19.0456444533275
592.499249924992,19.0502966163009
592.559255925593,19.0549487792744
592.619261926193,19.0596009422479
592.679267926793,19.0642531052213
592.739273927393,19.0689052681948
592.799279927993,19.0735574311683
592.859285928593,19.0782095941417
592.919291929193,19.0828617571152
592.979297929793,19.0875139200887
593.039303930393,19.0920513300072
593.099309930993,19.0965282974769
593.159315931593,19.1010052649467
593.219321932193,19.1054822324164
593.279327932793,19.1099591998861
593.339333933393,19.1144361673559
593.399339933993,19.1189131348256
593.459345934593,19.1233901022954
593.519351935194,19.1278670697651
593.579357935793,19.1323440372348
593.639363936394,19.1368210047046
593.699369936994,19.1412979721743
593.759375937594,19.145774939644
593.819381938194,19.1502519071138
593.879387938794,19.1547288745835
593.939393939394,19.1592058420533
593.999399939994,19.163682809523
594.059405940594,19.1682162195347
594.119411941194,19.172750199673
594.179417941794,19.1772841798114
594.239423942394,19.1818181599498
594.299429942994,19.1863521400881
594.359435943594,19.1908861202265
594.419441944194,19.1954201003649
594.479447944794,19.1999540805032
594.539453945395,19.2044880606416
594.599459945995,19.2090220407799
594.659465946595,19.2135560209183
594.719471947195,19.2180900010567
594.779477947795,19.222623981195
594.839483948395,19.2271579613334
594.899489948995,19.2316919414717
594.959495949595,19.2362259216101
595.019501950195,19.2407345190333
595.079507950795,19.2451903985097
595.139513951395,19.2496462779861
595.199519951995,19.2541021574625
595.259525952595,19.258558036939
595.319531953195,19.2630139164154
595.379537953795,19.2674697958918
595.439543954396,19.2719256753682
595.499549954995,19.2763815548446
595.559555955596,19.280837434321
595.619561956196,19.2852933137974
595.679567956796,19.2897491932738
595.739573957396,19.2942050727502
595.799579957996,19.2986609522266
595.859585958596,19.303116831703
595.919591959196,19.3075727111794
595.979597959796,19.3120285906558
596.039603960396,19.3161578801194
596.099609960996,19.320118926243
596.159615961596,19.3240799723666
596.219621962196,19.3280410184902
596.279627962796,19.3320020646138
596.339633963396,19.3359631107374
596.399639963996,19.3399241568611
596.459645964596,19.3438852029847
596.519651965197,19.3478462491083
596.579657965797,19.3518072952319
596.639663966397,19.3557683413555
596.699669966997,19.3597293874791
596.759675967597,19.3636904336027
596.819681968197,19.3676514797263
596.879687968797,19.37161252585
596.939693969397,19.3755735719736
596.999699969997,19.3795346180972
597.059705970597,19.3827349423242
597.119711971197,19.3859314438282
597.179717971797,19.3891279453322
597.239723972397,19.3923244468361
597.299729972997,19.3955209483401
597.359735973597,19.3987174498441
597.419741974197,19.401913951348
597.479747974797,19.405110452852
597.539753975398,19.408306954356
597.599759975998,19.4115034558599
597.659765976598,19.4146999573639
597.719771977198,19.4178964588679
597.779777977798,19.4210929603718
597.839783978398,19.4242894618758
597.899789978998,19.4274859633798
597.959795979598,19.4306824648837
598.019801980198,19.4336731154316
598.079807980798,19.4362458261594
598.139813981398,19.4388185368872
598.199819981998,19.441391247615
598.259825982598,19.4439639583428
598.319831983198,19.4465366690706
598.379837983798,19.4491093797984
598.439843984398,19.4516820905262
598.499849984998,19.454254801254
598.559855985599,19.4568275119818
598.619861986199,19.4594002227096
598.679867986799,19.4619729334374
598.739873987399,19.4645456441653
598.799879987999,19.4671183548931
598.859885988599,19.4696910656209
598.919891989199,19.4722637763487
598.979897989799,19.4748364870765
599.039903990399,19.4772101253499
599.099909990999,19.4794834790033
599.159915991599,19.4817568326568
599.219921992199,19.4840301863103
599.279927992799,19.4863035399638
599.339933993399,19.4885768936172
599.399939993999,19.4908502472707
599.459945994599,19.4931236009242
599.5199519952,19.4953969545777
599.5799579958,19.4976703082312
599.6399639964,19.4999436618846
599.699969997,19.5022170155381
599.7599759976,19.5044903691916
599.8199819982,19.5067637228451
599.8799879988,19.5090370764985
599.9399939994,19.511310430152
600,19.5135837838055
600.0600060006,19.5156474753978
600.1200120012,19.51771116699
600.1800180018,19.5197748585823
600.2400240024,19.5218385501745
600.300030003,19.5239022417668
600.3600360036,19.525965933359
600.4200420042,19.5280296249513
600.4800480048,19.5300933165435
600.540054005401,19.5321570081358
600.600060006001,19.534220699728
600.660066006601,19.5362843913203
600.720072007201,19.5383480829125
600.780078007801,19.5404117745048
600.840084008401,19.542475466097
600.900090009001,19.5445391576893
600.960096009601,19.5466028492815
601.020102010201,19.5485122507425
601.080108010801,19.5501153747788
601.140114011401,19.551718498815
601.200120012001,19.5533216228512
601.260126012601,19.5549247468875
601.320132013201,19.5565278709237
601.380138013801,19.5581309949599
601.440144014401,19.5597341189962
601.500150015002,19.5613372430324
601.560156015601,19.5629403670686
601.620162016202,19.5645434911049
601.680168016802,19.5661466151411
601.740174017402,19.5677497391773
601.800180018002,19.5693528632135
601.860186018602,19.5709559872498
601.920192019202,19.572559111286
601.980198019802,19.5741622353222
602.040204020402,19.575307911848
602.100210021002,19.5762282784058
602.160216021602,19.5771486449637
602.220222022202,19.5780690115215
602.280228022802,19.5789893780794
602.340234023402,19.5799097446373
602.400240024002,19.5808301111951
602.460246024602,19.581750477753
602.520252025203,19.5826708443108
602.580258025803,19.5835912108687
602.640264026403,19.5845115774265
602.700270027003,19.5854319439844
602.760276027603,19.5863523105423
602.820282028203,19.5872726771001
602.880288028803,19.588193043658
602.940294029403,19.5891134102158
603.000300030003,19.5900305999575
603.060306030603,19.5903156032745
603.120312031203,19.5906006065915
603.180318031803,19.5908856099086
603.240324032403,19.5911706132256
603.300330033003,19.5914556165426
603.360336033603,19.5917406198596
603.420342034203,19.5920256231766
603.480348034803,19.5923106264937
603.540354035404,19.5925956298107
603.600360036004,19.5928806331277
603.660366036604,19.5931656364447
603.720372037204,19.5934506397618
603.780378037804,19.5937356430788
603.840384038404,19.5940206463958
603.900390039004,19.5943056497128
603.960396039604,19.5945906530299
604.020402040204,19.59473395916
604.080408040804,19.5946022060451
604.140414041404,19.5944704529301
604.200420042004,19.5943386998151
604.260426042604,19.5942069467002
604.320432043204,19.5940751935852
604.380438043804,19.5939434404703
604.440444044404,19.5938116873553
604.500450045005,19.5936799342403
604.560456045604,19.5935481811254
604.620462046205,19.5934164280104
604.680468046805,19.5932846748955
604.740474047405,19.5931529217805
604.800480048005,19.5930211686655
604.860486048605,19.5928894155506
604.920492049205,19.5927576624356
604.980498049805,19.5926259093207
605.040504050405,19.5923203874773
605.100510051005,19.591931199209
605.160516051605,19.5915420109408
605.220522052205,19.5911528226726
605.280528052805,19.5907636344044
605.340534053405,19.5903744461361
605.400540054005,19.5899852578679
605.460546054605,19.5895960695997
605.520552055206,19.5892068813315
605.580558055806,19.5888176930633
605.640564056406,19.588428504795
605.700570057006,19.5880393165268
605.760576057606,19.5876501282586
605.820582058206,19.5872609399904
605.880588058806,19.5868717517222
605.940594059406,19.5864825634539
606.000600060006,19.5860902499059
606.060606060606,19.5853885336552
606.120612061206,19.5846868174046
606.180618061806,19.5839851011539
606.240624062406,19.5832833849032
606.300630063006,19.5825816686525
606.360636063606,19.5818799524019
606.420642064206,19.5811782361512
606.480648064806,19.5804765199005
606.540654065407,19.5797748036499
606.600660066007,19.5790730873992
606.660666066607,19.5783713711485
606.720672067207,19.5776696548979
606.780678067807,19.5769679386472
606.840684068407,19.5762662223965
606.900690069007,19.5755645061459
606.960696069607,19.5748627898952
607.020702070207,19.57399825401
607.080708070807,19.5728245967896
607.140714071407,19.5716509395692
607.200720072007,19.5704772823488
607.260726072607,19.5693036251284
607.320732073207,19.568129967908
607.380738073807,19.5669563106876
607.440744074407,19.5657826534672
607.500750075008,19.5646089962468
607.560756075608,19.5634353390264
607.620762076208,19.562261681806
607.680768076808,19.5610880245856
607.740774077408,19.5599143673652
607.800780078008,19.5587407101448
607.860786078608,19.5575670529244
607.920792079208,19.556393395704
607.980798079808,19.5552197384836
608.040804080408,19.5536222712766
608.100810081008,19.551825364076
608.160816081608,19.5500284568753
608.220822082208,19.5482315496747
608.280828082808,19.546434642474
608.340834083408,19.5446377352733
608.400840084008,19.5428408280727
608.460846084608,19.541043920872
608.520852085209,19.5392470136713
608.580858085809,19.5374501064707
608.640864086409,19.53565319927
608.700870087009,19.5338562920693
608.760876087609,19.5320593848687
608.820882088209,19.530262477668
608.880888088809,19.5284655704673
608.940894089409,19.5266686632667
609.000900090009,19.5248620182296
609.060906090609,19.5224159219342
609.120912091209,19.5199698256389
609.180918091809,19.5175237293435
609.240924092409,19.5150776330482
609.300930093009,19.5126315367529
609.360936093609,19.5101854404575
609.420942094209,19.5077393441622
609.480948094809,19.5052932478668
609.540954095409,19.5028471515715
609.60096009601,19.5004010552761
609.66096609661,19.4979549589808
609.72097209721,19.4955088626854
609.78097809781,19.4930627663901
609.84098409841,19.4906166700948
609.90099009901,19.4881705737994
609.96099609961,19.4857244775041
610.02100210021,19.4830753645416
610.08100810081,19.4800492206259
610.14101410141,19.4770230767103
610.20102010201,19.4739969327946
610.26102610261,19.4709707888789
610.32103210321,19.4679446449632
610.38103810381,19.4649185010476
610.44104410441,19.4618923571319
610.501050105011,19.4588662132162
610.561056105611,19.4558400693006
610.621062106211,19.4528139253849
610.681068106811,19.4497877814692
610.741074107411,19.4467616375535
610.801080108011,19.4437354936379
610.861086108611,19.4407093497222
610.921092109211,19.4376832058065
610.981098109811,19.4346570618908
611.041104110411,19.4313640421357
611.101110111011,19.4279482984545
611.161116111611,19.4245325547732
611.221122112211,19.4211168110919
611.281128112811,19.4177010674106
611.341134113411,19.4142853237294
611.401140114011,19.4108695800481
611.461146114611,19.4074538363668
611.521152115212,19.4040380926856
611.581158115812,19.4006223490043
611.641164116412,19.397206605323
611.701170117012,19.3937908616417
611.761176117612,19.3903751179605
611.821182118212,19.3869593742792
611.881188118812,19.3835436305979
611.941194119412,19.3801278869167
612.001200120012,19.3767086914642
612.061206120612,19.3731203592248
612.121212121212,19.3695320269855
612.181218121812,19.3659436947461
612.241224122412,19.3623553625067
612.301230123012,19.3587670302673
612.361236123612,19.355178698028
612.421242124212,19.3515903657886
612.481248124813,19.3480020335492
612.541254125412,19.3444137013098
612.601260126013,19.3408253690704
612.661266126613,19.3372370368311
612.721272127213,19.3336487045917
612.781278127813,19.3300603723523
612.841284128413,19.326472040113
612.901290129013,19.3228837078736
612.961296129613,19.3192953756342
613.021302130213,19.3156448636274
613.081308130813,19.3118813771135
613.141314131413,19.3081178905996
613.201320132013,19.3043544040858
613.261326132613,19.3005909175719
613.321332133213,19.296827431058
613.381338133813,19.2930639445442
613.441344134413,19.2893004580303
613.501350135014,19.2855369715164
613.561356135614,19.2817734850026
613.621362136214,19.2780099984887
613.681368136814,19.2742465119748
613.741374137414,19.270483025461
613.801380138014,19.2667195389471
613.861386138614,19.2629560524332
613.921392139214,19.2591925659194
613.981398139814,19.2554290794055
614.041404140414,19.2514228116672
614.101410141014,19.2473074683062
614.161416141614,19.2431921249453
614.221422142214,19.2390767815843
614.281428142814,19.2349614382234
614.341434143414,19.2308460948624
614.401440144014,19.2267307515015
614.461446144614,19.2226154081406
614.521452145215,19.2185000647796
614.581458145815,19.2143847214187
614.641464146415,19.2102693780577
614.701470147015,19.2061540346968
614.761476147615,19.2020386913358
614.821482148215,19.1979233479749
614.881488148815,19.193808004614
614.941494149415,19.189692661253
615.001500150015,19.1855644994803
615.061506150615,19.1809364196479
615.121512151215,19.1763083398155
615.181518151815,19.1716802599831
615.241524152415,19.1670521801508
615.301530153015,19.1624241003184
615.361536153615,19.157796020486
615.421542154215,19.1531679406536
615.481548154816,19.1485398608212
615.541554155415,19.1439117809888
615.601560156016,19.1392837011564
615.661566156616,19.1346556213241
615.721572157216,19.1300275414917
615.781578157816,19.1253994616593
615.841584158416,19.1207713818269
615.901590159016,19.1161433019945
615.961596159616,19.1115152221621
616.021602160216,19.1066494779778
616.081608160816,19.1013612193901
616.141614161416,19.0960729608025
616.201620162016,19.0907847022148
616.261626162616,19.0854964436271
616.321632163216,19.0802081850394
616.381638163816,19.0749199264517
616.441644164416,19.069631667864
616.501650165016,19.0643434092763
616.561656165617,19.0590551506886
616.621662166217,19.053766892101
616.681668166817,19.0484786335133
616.741674167417,19.0431903749256
616.801680168017,19.0379021163379
616.861686168617,19.0326138577502
616.921692169217,19.0273255991625
616.981698169817,19.0220373405748
617.041704170417,19.0163739403651
617.101710171017,19.0105459096594
617.161716171617,19.0047178789537
617.221722172217,18.9988898482479
617.281728172817,18.9930618175422
617.341734173417,18.9872337868365
617.401740174017,18.9814057561307
617.461746174617,18.975577725425
617.521752175217,18.9697496947193
617.581758175818,18.9639216640135
617.641764176418,18.9580936333078
617.701770177018,18.9522656026021
617.761776177618,18.9464375718964
617.821782178218,18.9406095411906
617.881788178818,18.9347815104849
617.941794179418,18.9289534797792
618.001800180018,18.9231157951145
618.061806180618,18.916965965779
618.121812181218,18.9108161364434
618.181818181818,18.9046663071078
618.241824182418,18.8985164777722
618.301830183018,18.8923666484366
618.361836183618,18.8862168191011
618.421842184218,18.8800669897655
618.481848184819,18.8739171604299
618.541854185419,18.8677673310943
618.601860186019,18.8616175017588
618.661866186619,18.8554676724232
618.721872187219,18.8493178430876
618.781878187819,18.843168013752
618.841884188419,18.8370181844165
618.901890189019,18.8308683550809
618.961896189619,18.8247185257453
619.021902190219,18.8185448442087
619.081908190819,18.8123296663773
619.141914191419,18.8061144885458
619.201920192019,18.7998993107144
619.261926192619,18.7936841328829
619.321932193219,18.7874689550515
619.381938193819,18.78125377722
619.441944194419,18.7750385993885
619.50195019502,18.7688234215571
619.56195619562,18.7626082437256
619.62196219622,18.7563930658942
619.68196819682,18.7501778880627
619.74197419742,18.7439627102313
619.80198019802,18.7377475323998
619.86198619862,18.7315323545683
619.92199219922,18.7253171767369
619.98199819982,18.7191019989054
620.04200420042,18.7126826432751
620.10201020102,18.7061757828738
620.16201620162,18.6996689224724
620.22202220222,18.6931620620711
620.28202820282,18.6866552016698
620.34203420342,18.6801483412685
620.40204020402,18.6736414808672
620.46204620462,18.6671346204658
620.52205220522,18.6606277600645
620.582058205821,18.6541208996632
620.642064206421,18.6476140392619
620.702070207021,18.6411071788606
620.762076207621,18.6346003184592
620.822082208221,18.6280934580579
620.882088208821,18.6215865976566
620.942094209421,18.6150797372553
621.002100210021,18.6085572235704
621.062106210621,18.6016031264969
621.122112211221,18.5946490294235
621.182118211821,18.58769493235
621.242124212421,18.5807408352765
621.302130213021,18.573786738203
621.362136213621,18.5668326411296
621.422142214221,18.5598785440561
621.482148214821,18.5529244469826
621.542154215422,18.5459703499091
621.602160216022,18.5390162528357
621.662166216622,18.5320621557622
621.722172217222,18.5251080586887
621.782178217822,18.5181539616152
621.842184218422,18.5111998645417
621.902190219022,18.5042457674683
621.962196219622,18.4972916703948
622.022202220222,18.4901228426198
622.082208220822,18.4825883922989
622.142214221422,18.475053941978
622.202220222022,18.4675194916571
622.262226222622,18.4599850413362
622.322232223222,18.4524505910153
622.382238223822,18.4449161406944
622.442244224422,18.4373816903736
622.502250225023,18.4298472400527
622.562256225623,18.4223127897318
622.622262226223,18.4147783394109
622.682268226823,18.40724388909
622.742274227423,18.3997094387691
622.802280228023,18.3921749884482
622.862286228623,18.3846405381273
622.922292229223,18.3771060878065
622.982298229823,18.3695716374856
623.042304230423,18.3617320186292
623.102310231023,18.3537647051374
623.162316231623,18.3457973916457
623.222322232223,18.3378300781539
623.282328232823,18.3298627646621
623.342334233423,18.3218954511704
623.402340234023,18.3139281376786
623.462346234624,18.3059608241868
623.522352235223,18.2979935106951
623.582358235824,18.2900261972033
623.642364236424,18.2820588837115
623.702370237024,18.2740915702198
623.762376237624,18.266124256728
623.822382238224,18.2581569432362
623.882388238824,18.2501896297445
623.942394239424,18.2422223162527
624.002400240024,18.2342474638039
624.062406240624,18.2260916763858
624.122412241224,18.2179358889677
624.182418241824,18.2097801015497
624.242424242424,18.2016243141316
624.302430243024,18.1934685267135
624.362436243624,18.1853127392954
624.422442244224,18.1771569518774
624.482448244824,18.1690011644593
624.542454245425,18.1608453770412
624.602460246025,18.1526895896232
624.662466246625,18.1445338022051
624.722472247225,18.136378014787
624.782478247825,18.1282222273689
624.842484248425,18.1200664399508
624.902490249025,18.1119106525328
624.962496249625,18.1037548651147
625.022502250225,18.0955265079464
625.082508250825,18.0871772011945
625.142514251425,18.0788278944425
625.202520252025,18.0704785876906
625.262526252625,18.0621292809386
625.322532253225,18.0537799741867
625.382538253825,18.0454306674347
625.442544254425,18.0370813606828
625.502550255025,18.0287320539309
625.562556255626,18.0203827471789
625.622562256226,18.012033440427
625.682568256826,18.003684133675
625.742574257426,17.9953348269231
625.802580258026,17.9869855201711
625.862586258626,17.9786362134192
625.922592259226,17.9702869066672
625.982598259826,17.9619375999153
626.042604260426,17.9533963023725
626.102610261026,17.944776586056
626.162616261626,17.9361568697395
626.222622262226,17.927537153423
626.282628262826,17.9189174371065
626.342634263426,17.91029772079
626.402640264026,17.9016780044736
626.462646264627,17.8930582881571
626.522652265226,17.8844385718406
626.582658265827,17.8758188555241
626.642664266427,17.8671991392076
626.702670267027,17.8585794228911
626.762676267627,17.8499597065746
626.822682268227,17.8413399902581
626.882688268827,17.8327202739416
626.942694269427,17.8241005576251
627.002700270027,17.8154628573199
627.062706270627,17.8064434968082
627.122712271227,17.7974241362965
627.182718271827,17.7884047757848
627.242724272427,17.7793854152731
627.302730273027,17.7703660547614
627.362736273627,17.7613466942497
627.422742274227,17.7523273337381
627.482748274827,17.7433079732264
627.542754275428,17.7342886127147
627.602760276028,17.725269252203
627.662766276628,17.7162498916913
627.722772277228,17.7072305311796
627.782778277828,17.6982111706679
627.842784278428,17.6891918101562
627.902790279028,17.6801724496445
627.962796279628,17.6711530891328
628.022802280228,17.6619412696044
628.082808280828,17.652415437996
628.142814281428,17.6428896063876
628.202820282028,17.6333637747793
628.262826282628,17.6238379431709
628.322832283228,17.6143121115625
628.382838283828,17.6047862799541
628.442844284428,17.5952604483457
628.502850285028,17.5857346167374
628.562856285629,17.576208785129
628.622862286229,17.5666829535206
628.682868286829,17.5571571219122
628.742874287429,17.5476312903038
628.802880288029,17.5381054586954
628.862886288629,17.528579627087
628.922892289229,17.5190537954787
628.982898289829,17.5095279638703
629.042904290429,17.4997413895457
629.102910291029,17.4898508828097
629.162916291629,17.4799603760738
629.222922292229,17.4700698693378
629.282928292829,17.4601793626018
629.342934293429,17.4502888558659
629.402940294029,17.4403983491299
629.462946294629,17.430507842394
629.52295229523,17.420617335658
629.58295829583,17.410726828922
629.64296429643,17.4008363221861
629.70297029703,17.3909458154501
629.76297629763,17.3810553087142
629.82298229823,17.3711648019782
629.88298829883,17.3612742952422
629.94299429943,17.3513837885063
630.00300030003,17.3414851067617
630.06300630063,17.3314310998527
630.12301230123,17.3213770929438
630.18301830183,17.3113230860349
630.24302430243,17.301269079126
630.30303030303,17.2912150722171
630.36303630363,17.2811610653082
630.42304230423,17.2711070583992
630.483048304831,17.2610530514903
630.543054305431,17.2509990445814
630.603060306031,17.2409450376725
630.663066306631,17.2308910307636
630.723072307231,17.2208370238546
630.783078307831,17.2107830169457
630.843084308431,17.2007290100368
630.903090309031,17.1906750031279
630.963096309631,17.180620996219
631.023102310231,17.170513421919
631.083108310831,17.1603202789294
631.143114311431,17.1501271359398
631.203120312031,17.1399339929502
631.263126312631,17.1297408499606
631.323132313231,17.119547706971
631.383138313831,17.1093545639814
631.443144314431,17.0991614209918
631.503150315031,17.0889682780022
631.563156315632,17.0787751350126
631.623162316232,17.068581992023
631.683168316832,17.0583888490334
631.743174317432,17.0481957060438
631.803180318032,17.0380025630542
631.863186318632,17.0278094200646
631.923192319232,17.017616277075
631.983198319832,17.0074231340854
632.043204320432,16.9970992097235
632.103210321032,16.9867244259392
632.163216321632,16.9763496421548
632.223222322232,16.9659748583704
632.283228322832,16.955600074586
632.343234323432,16.9452252908016
632.403240324032,16.9348505070173
632.463246324632,16.9244757232329
632.523252325233,16.9141009394485
632.583258325833,16.9037261556641
632.643264326433,16.8933513718797
632.703270327033,16.8829765880954
632.763276327633,16.872601804311
632.823282328233,16.8622270205266
632.883288328833,16.8518522367422
632.943294329433,16.8414774529578
633.003300330033,16.831089561207
633.063306330633,16.8204764507601
633.123312331233,16.8098633403132
633.183318331833,16.7992502298662
633.243324332433,16.7886371194193
633.303330333033,16.7780240089724
633.363336333633,16.7674108985254
633.423342334233,16.7567977880785
633.483348334833,16.7461846776316
633.543354335434,16.7355715671846
633.603360336034,16.7249584567377
633.663366336634,16.7143453462908
633.723372337234,16.7037322358438
633.783378337834,16.6931191253969
633.843384338434,16.68250601495
633.903390339034,16.6718929045031
633.963396339634,16.6612797940561
634.023402340234,16.6505438069486
634.083408340834,16.6396156281413
634.143414341434,16.6286874493338
634.203420342034,16.6177592705265
634.263426342634,16.6068310917191
634.323432343234,16.5959029129117
634.383438343834,16.5849747341043
634.443444344435,16.5740465552969
634.503450345034,16.5631183764896
634.563456345635,16.5521901976822
634.623462346235,16.5412620188748
634.683468346835,16.5303338400674
634.743474347435,16.51940566126
634.803480348035,16.5084774824527
634.863486348635,16.4975493036453
634.923492349235,16.4866211248379
634.983498349835,16.4756929460305
635.043504350435,16.4646212061468
635.103510351035,16.4534950120617
635.163516351635,16.4423688179765
635.223522352235,16.4312426238914
635.283528352835,16.4201164298063
635.343534353435,16.4089902357211
635.403540354035,16.397864041636
635.463546354635,16.3867378475509
635.523552355236,16.3756116534657
635.583558355836,16.3644854593806
635.643564356436,16.3533592652955
635.703570357036,16.3422330712103
635.763576357636,16.3311068771252
635.823582358236,16.3199806830401
635.883588358836,16.308854488955
635.943594359436,16.2977282948698
636.003600360036,16.2865854427501
636.063606360636,16.2751816147557
636.123612361236,16.2637777867613
636.183618361836,16.2523739587669
636.243624362436,16.2409701307724
636.303630363036,16.229566302778
636.363636363636,16.2181624747835
636.423642364236,16.2067586467891
636.483648364836,16.1953548187947
636.543654365437,16.1839509908002
636.603660366037,16.1725471628058
636.663666366637,16.1611433348114
636.723672367237,16.1497395068169
636.783678367837,16.1383356788225
636.843684368437,16.1269318508281
636.903690369037,16.1155280228337
636.963696369637,16.1041241948392
637.023702370237,16.0926038341245
637.083708370837,16.080904986585
637.143714371437,16.0692061390455
637.203720372037,16.057507291506
637.263726372637,16.0458084439665
637.323732373237,16.034109596427
637.383738373837,16.0224107488875
637.443744374437,16.010711901348
637.503750375037,15.9990130538085
637.563756375638,15.987314206269
637.623762376238,15.9756153587295
637.683768376838,15.9639165111901
637.743774377438,15.9522176636506
637.803780378038,15.9405188161111
637.863786378638,15.9288199685716
637.923792379238,15.9171211210321
637.983798379838,15.9054222734926
638.043804380438,15.8936155303091
638.103810381038,15.8817688805176
638.163816381638,15.8699222307261
638.223822382238,15.8580755809345
638.283828382838,15.846228931143
638.343834383438,15.8343822813515
638.403840384038,15.82253563156
638.463846384638,15.8106889817685
638.523852385239,15.798842331977
638.583858385839,15.7869956821855
638.643864386439,15.7751490323939
638.703870387039,15.7633023826024
638.763876387639,15.7514557328109
638.823882388239,15.7396090830194
638.883888388839,15.7277624332279
638.943894389439,15.7159157834364
639.003900390039,15.7040747468862
639.063906390639,15.6923144546539
639.123912391239,15.6805541624215
639.183918391839,15.6687938701892
639.243924392439,15.6570335779568
639.303930393039,15.6452732857245
639.363936393639,15.6335129934922
639.423942394239,15.6217527012598
639.483948394839,15.6099924090275
639.54395439544,15.5982321167951
639.60396039604,15.5864718245628
639.66396639664,15.5747115323304
639.72397239724,15.5629512400981
639.78397839784,15.5511909478657
639.84398439844,15.5394306556334
639.90399039904,15.527670363401
639.96399639964,15.5159100711687
640.02400240024,15.5040346352856
640.08400840084,15.4919864839265
640.14401440144,15.4799383325673
640.20402040204,15.4678901812082
640.26402640264,15.455842029849
640.32403240324,15.4437938784899
640.38403840384,15.4317457271307
640.44404440444,15.4196975757716
640.504050405041,15.4076494244124
640.56405640564,15.3956012730533
640.624062406241,15.3835531216941
640.684068406841,15.371504970335
640.744074407441,15.3594568189758
640.804080408041,15.3474086676166
640.864086408641,15.3353605162575
640.924092409241,15.3233123648983
640.984098409841,15.3112642135392
641.044104410441,15.2990809388622
641.104110411041,15.2868489462542
641.164116411641,15.2746169536463
641.224122412241,15.2623849610383
641.284128412841,15.2501529684303
641.344134413441,15.2379209758224
641.404140414041,15.2256889832144
641.464146414641,15.2134569906065
641.524152415242,15.2012249979985
641.584158415842,15.1889930053905
641.644164416442,15.1767610127826
641.704170417042,15.1645290201746
641.764176417642,15.1522970275667
641.824182418242,15.1400650349587
641.884188418842,15.1278330423508
641.944194419442,15.1156010497428
642.004200420042,15.1033710788131
642.064206420642,15.0911679673225
642.124212421242,15.0789648558319
642.184218421842,15.0667617443413
642.244224422442,15.0545586328507
642.304230423042,15.0423555213601
642.364236423642,15.0301524098695
642.424242424242,15.0179492983789
642.484248424842,15.0057461868883
642.544254425443,14.9935430753977
642.604260426043,14.9813399639071
642.664266426643,14.9691368524165
642.724272427243,14.9569337409259
642.784278427843,14.9447306294353
642.844284428443,14.9325275179447
642.904290429043,14.9203244064541
642.964296429643,14.9081212949635
643.024302430243,14.8958725106352
643.084308430843,14.883556626706
643.144314431443,14.8712407427767
643.204320432043,14.8589248588475
643.264326432643,14.8466089749182
643.324332433243,14.8342930909889
643.384338433843,14.8219772070597
643.444344434443,14.8096613231304
643.504350435044,14.7973454392012
643.564356435644,14.7850295552719
643.624362436244,14.7727136713426
643.684368436844,14.7603977874134
643.744374437444,14.7480819034841
643.804380438044,14.7357660195549
643.864386438644,14.7234501356256
643.924392439244,14.7111342516964
643.984398439844,14.6988183677671
644.044404440444,14.686445248102
644.104410441044,14.6740520185838
644.164416441644,14.6616587890655
644.224422442244,14.6492655595473
644.284428442844,14.636872330029
644.344434443444,14.6244791005108
644.404440444044,14.6120858709925
644.464446444644,14.5996926414743
644.524452445244,14.5872994119561
644.584458445845,14.5749061824378
644.644464446445,14.5625129529196
644.704470447045,14.5501197234013
644.764476447645,14.5377264938831
644.824482448245,14.5253332643649
644.884488448845,14.5129400348466
644.944494449445,14.5005468053284
645.004500450045,14.4881341831428
645.064506450645,14.4754823847268
645.124512451245,14.4628305863109
645.184518451845,14.4501787878949
645.244524452445,14.4375269894789
645.304530453045,14.424875191063
645.364536453645,14.412223392647
645.424542454245,14.399571594231
645.484548454845,14.3869197958151
645.544554455446,14.3742679973991
645.604560456046,14.3616161989831
645.664566456646,14.3489644005672
645.724572457246,14.3363126021512
645.784578457846,14.3236608037352
645.844584458446,14.3110090053193
645.904590459046,14.2983572069033
645.964596459646,14.2857054084873
646.024602460246,14.273030894462
646.084608460846,14.2603236921206
646.144614461446,14.2476164897793
646.204620462046,14.234909287438
646.264626462646,14.2222020850967
646.324632463246,14.2094948827554
646.384638463846,14.1967876804141
646.444644464446,14.1840804780728
646.504650465047,14.1713732757314
646.564656465647,14.1586660733901
646.624662466247,14.1459588710488
646.684668466847,14.1332516687075
646.744674467447,14.1205444663662
646.804680468047,14.1078372640249
646.864686468647,14.0951300616836
646.924692469247,14.0824228593423
646.984698469847,14.0697156570009
647.044704470447,14.0568583678163
647.104710471047,14.0439497066249
647.164716471647,14.0310410454336
647.224722472247,14.0181323842422
647.284728472847,14.0052237230508
647.344734473447,13.9923150618595
647.404740474047,13.979406400668
647.464746474647,13.9664977394767
647.524752475248,13.9535890782853
647.584758475848,13.9406804170939
647.644764476448,13.9277717559026
647.704770477048,13.9148630947112
647.764776477648,13.9019544335198
647.824782478248,13.8890457723284
647.884788478848,13.876137111137
647.944794479448,13.8632284499457
648.004800480048,13.8503178579597
648.064806480648,13.8373850618366
648.124812481248,13.8244522657134
648.184818481848,13.8115194695902
648.244824482448,13.798586673467
648.304830483048,13.7856538773438
648.364836483648,13.7727210812206
648.424842484248,13.7597882850974
648.484848484848,13.7468554889743
648.544854485448,13.7339226928511
648.604860486049,13.7209898967279
648.664866486649,13.7080571006047
648.724872487249,13.6951243044815
648.784878487849,13.6821915083583
648.844884488449,13.6692587122352
648.904890489049,13.6563259161119
648.964896489649,13.6433931199888
649.024902490249,13.630494644132
649.084908490849,13.6176445474461
649.144914491449,13.6047944507602
649.204920492049,13.5919443540742
649.264926492649,13.5790942573883
649.324932493249,13.5662441607024
649.384938493849,13.5533940640165
649.444944494449,13.5405439673306
649.50495049505,13.5276938706446
649.56495649565,13.5148437739587
649.62496249625,13.5019936772728
649.68496849685,13.4891435805868
649.74497449745,13.4762934839009
649.80498049805,13.463443387215
649.86498649865,13.450593290529
649.92499249925,13.4377431938431
649.98499849985,13.4248930971572
650.04500450045,13.4118063807188
650.10501050105,13.3986407910296
650.16501650165,13.3854752013404
650.22502250225,13.3723096116512
650.28502850285,13.3591440219619
650.34503450345,13.3459784322728
650.40504050405,13.3328128425835
650.46504650465,13.3196472528943
650.525052505251,13.3064816632051
650.585058505851,13.2933160735159
650.645064506451,13.2801504838267
650.705070507051,13.2669848941375
650.765076507651,13.2538193044483
650.825082508251,13.2406537147591
650.885088508851,13.2274881250698
650.945094509451,13.2143225353806
651.005100510051,13.201154395877
651.065106510651,13.1879588083712
651.125112511251,13.1747632208653
651.185118511851,13.1615676333595
651.245124512451,13.1483720458537
651.305130513051,13.1351764583478
651.365136513651,13.121980870842
651.425142514251,13.1087852833361
651.485148514852,13.0955896958303
651.545154515451,13.0823941083245
651.605160516052,13.0691985208186
651.665166516652,13.0560029333128
651.725172517252,13.0428073458069
651.785178517852,13.0296117583011
651.845184518452,13.0164161707953
651.905190519052,13.0032205832894
651.965196519652,12.9900249957836
652.025202520252,12.9768618495127
652.085208520852,12.9637435030424
652.145214521452,12.9506251565721
652.205220522052,12.9375068101019
652.265226522652,12.9243884636316
652.325232523252,12.9112701171613
652.385238523852,12.898151770691
652.445244524452,12.8850334242207
652.505250525052,12.8719150777505
652.565256525653,12.8587967312802
652.625262526253,12.8456783848099
652.685268526853,12.8325600383396
652.745274527453,12.8194416918693
652.805280528053,12.8063233453991
652.865286528653,12.7932049989288
652.925292529253,12.7800866524585
652.985298529853,12.7669683059882
653.045304530453,12.7538564282441
653.105310531053,12.7407466496229
653.165316531653,12.7276368710018
653.225322532253,12.7145270923807
653.285328532853,12.7014173137596
653.345334533453,12.6883075351385
653.405340534053,12.6751977565174
653.465346534653,12.6620879778962
653.525352535254,12.6489781992751
653.585358535854,12.635868420654
653.645364536454,12.6227586420329
653.705370537054,12.6096488634118
653.765376537654,12.5965390847907
653.825382538254,12.5834293061695
653.885388538854,12.5703195275484
653.945394539454,12.5572097489273
654.005400540054,12.5441072358058
654.065406540654,12.5310781849584
654.125412541254,12.5180491341109
654.185418541854,12.5050200832634
654.245424542454,12.491991032416
654.305430543054,12.4789619815685
654.365436543654,12.465932930721
654.425442544254,12.4529038798736
654.485448544855,12.4398748290261
654.545454545455,12.4268457781787
654.605460546055,12.4138167273312
654.665466546655,12.4007876764837
654.725472547255,12.3877586256363
654.785478547855,12.3747295747888
654.845484548455,12.3617005239413
654.905490549055,12.3486714730939
654.965496549655,12.3356424222464
655.025502550255,12.322658154753
655.085508550855,12.3097344765032
655.145514551455,12.2968107982535
655.205520552055,12.2838871200037
655.265526552655,12.270963441754
655.325532553255,12.2580397635042
655.385538553855,12.2451160852544
655.445544554455,12.2321924070047
655.505550555055,12.219268728755
655.565556555656,12.2063450505052
655.625562556256,12.1934213722555
655.685568556856,12.1804976940057
655.745574557456,12.167574015756
655.805580558056,12.1546503375062
655.865586558656,12.1417266592564
655.925592559256,12.1288029810067
655.985598559856,12.1158793027569
656.045604560456,12.1029361742727
656.105610561056,12.0899869036091
656.165616561656,12.0770376329455
656.225622562256,12.0640883622819
656.285628562856,12.0511390916183
656.345634563456,12.0381898209548
656.405640564056,12.0252405502912
656.465646564656,12.0122912796276
656.525652565256,11.999342008964
656.585658565857,11.9863927383004
656.645664566457,11.9734434676369
656.705670567057,11.9604941969733
656.765676567657,11.9475449263097
656.825682568257,11.9345956556461
656.885688568857,11.9216463849825
656.945694569457,11.9086971143189
657.005700570057,11.8957558638838
657.065706570657,11.8828910166774
657.125712571257,11.8700261694711
657.185718571857,11.8571613222647
657.245724572457,11.8442964750583
657.305730573057,11.831431627852
657.365736573657,11.8185667806456
657.425742574257,11.8057019334392
657.485748574858,11.7928370862328
657.545754575458,11.7799722390265
657.605760576058,11.7671073918201
657.665766576658,11.7542425446138
657.725772577258,11.7413776974074
657.785778577858,11.728512850201
657.845784578458,11.7156480029947
657.905790579058,11.7027831557883
657.965796579658,11.6899183085819
658.025802580258,11.6771301950463
658.085808580858,11.6644437982369
658.145814581458,11.6517574014275
658.205820582058,11.6390710046181
658.265826582658,11.6263846078087
658.325832583258,11.6136982109994
658.385838583858,11.60101181419
658.445844584458,11.5883254173806
658.505850585059,11.5756390205712
658.565856585659,11.5629526237619
658.625862586259,11.5502662269525
658.685868586859,11.5375798301431
658.745874587459,11.5248934333337
658.805880588059,11.5122070365243
658.865886588659,11.499520639715
658.925892589259,11.4868342429056
658.985898589859,11.4741478460962
659.045904590459,11.4615797601464
659.105910591059,11.4490480180555
659.165916591659,11.4365162759645
659.225922592259,11.4239845338736
659.285928592859,11.4114527917826
659.345934593459,11.3989210496917
659.405940594059,11.3863893076007
659.465946594659,11.3738575655098
659.525952595259,11.3613258234188
659.58595859586,11.3487940813278
659.64596459646,11.3362623392369
659.70597059706,11.323730597146
659.76597659766,11.311198855055
659.82598259826,11.2986671129641
659.88598859886,11.2861353708731
659.94599459946,11.2736036287822
660.00600060006,11.261067865884
660.06600660066,11.2484959157208
660.12601260126,11.2359239655576
660.18601860186,11.2233520153945
660.24602460246,11.2107800652313
660.30603060306,11.1982081150681
660.36603660366,11.1856361649049
660.42604260426,11.1730642147418
660.48604860486,11.1604922645786
660.546054605461,11.1479203144154
660.606060606061,11.1353483642522
660.666066606661,11.1227764140891
660.726072607261,11.1102044639259
660.786078607861,11.0976325137627
660.846084608461,11.0850605635995
660.906090609061,11.0724886134364
660.966096609661,11.0599166632732
661.026102610261,11.0473972420693
661.086108610861,11.0349460481343
661.146114611461,11.0224948541993
661.206120612061,11.0100436602642
661.266126612661,10.9975924663292
661.326132613261,10.9851412723942
661.386138613861,10.9726900784592
661.446144614461,10.9602388845242
661.506150615062,10.9477876905892
661.566156615662,10.9353364966542
661.626162616262,10.9228853027192
661.686168616862,10.9104341087842
661.746174617462,10.8979829148492
661.806180618062,10.8855317209142
661.866186618662,10.8730805269792
661.926192619262,10.8606293330442
661.986198619862,10.8481781391092
662.046204620462,10.8359126915807
662.106210621062,10.8237027267451
662.166216621662,10.8114927619095
662.226222622262,10.7992827970739
662.286228622862,10.7870728322383
662.346234623462,10.7748628674026
662.406240624062,10.7626529025671
662.466246624663,10.7504429377314
662.526252625262,10.7382329728958
662.586258625863,10.7260230080602
662.646264626463,10.7138130432246
662.706270627063,10.701603078389
662.766276627663,10.6893931135534
662.826282628263,10.6771831487178
662.886288628863,10.6649731838822
662.946294629463,10.6527632190466
663.006300630063,10.6405597577827
663.066306630663,10.6284117317256
663.126312631263,10.6162637056685
663.186318631863,10.6041156796114
663.246324632463,10.5919676535542
663.306330633063,10.5798196274972
663.366336633663,10.56767160144
663.426342634263,10.5555235753829
663.486348634863,10.5433755493258
663.546354635464,10.5312275232687
663.606360636064,10.5190794972116
663.666366636664,10.5069314711544
663.726372637264,10.4947834450973
663.786378637864,10.4826354190402
663.846384638464,10.4704873929831
663.906390639064,10.458339366926
663.966396639664,10.4461913408689
664.026402640264,10.4340375863697
664.086408640864,10.4218765411261
664.146414641464,10.4097154958825
664.206420642064,10.397554450639
664.266426642664,10.3853934053954
664.326432643264,10.3732323601518
664.386438643864,10.3610713149082
664.446444644464,10.3489102696646
664.506450645064,10.336749224421
664.566456645665,10.3245881791774
664.626462646265,10.3124271339338
664.686468646865,10.3002660886903
664.746474647465,10.2881050434467
664.806480648065,10.2759439982031
664.866486648665,10.2637829529595
664.926492649265,10.2516219077159
664.986498649865,10.2394608624723
665.046504650465,10.2273908654693
665.106510651065,10.2153473018264
665.166516651665,10.2033037381835
665.226522652265,10.1912601745406
665.286528652865,10.1792166108977
665.346534653465,10.1671730472549
665.406540654065,10.155129483612
665.466546654666,10.1430859199691
665.526552655266,10.1310423563262
665.586558655866,10.1189987926833
665.646564656466,10.1069552290405
665.706570657066,10.0949116653976
665.766576657666,10.0828681017547
665.826582658266,10.0708245381118
665.886588658866,10.0587809744689
665.946594659466,10.0467374108261
666.006600660066,10.0346967037937
666.066606660666,10.0226791093372
666.126612661266,10.0106615148808
666.186618661866,9.99864392042436
666.246624662466,9.98662632596792
666.306630663066,9.97460873151149
666.366636663666,9.96259113705502
666.426642664266,9.9505735425986
666.486648664866,9.93855594814215
666.546654665467,9.9265383536857
666.606660666067,9.91452075922928
666.666666666667,9.9025031647728
666.726672667267,9.89048557031638
666.786678667867,9.87846797585993
666.846684668467,9.86645038140349
666.906690669067,9.85443278694706
666.966696669667,9.84241519249059
667.026702670267,9.83050363998091
667.086708670867,9.818724342034
667.146714671467,9.80694504408708
667.206720672067,9.79516574614019
667.266726672667,9.78338644819325
667.326732673267,9.77160715024636
667.386738673867,9.75982785229945
667.446744674467,9.74804855435254
667.506750675067,9.73626925640564
667.566756675668,9.72448995845873
667.626762676268,9.71271066051182
667.686768676868,9.7009313625649
667.746774677468,9.68915206461799
667.806780678068,9.6773727666711
667.866786678668,9.66559346872418
667.926792679268,9.65381417077727
667.986798679868,9.64203487283036
668.046804680468,9.63040222886231
668.106810681068,9.61881094883704
668.166816681668,9.60721966881176
668.226822682268,9.59562838878647
668.286828682868,9.58403710876118
668.346834683468,9.57244582873589
668.406840684068,9.56085454871062
668.466846684668,9.54926326868533
668.526852685269,9.53767198866004
668.586858685869,9.52608070863475
668.646864686469,9.51448942860946
668.706870687069,9.5028981485842
668.766876687669,9.49130686855891
668.826882688269,9.47971558853362
668.886888688869,9.46812430850833
668.946894689469,9.45653302848304
669.006900690069,9.44493614458369
669.066906690669,9.43329613521859
669.126912691269,9.4216561258535
669.186918691869,9.4100161164884
669.246924692469,9.3983761071233
669.306930693069,9.38673609775822
669.366936693669,9.37509608839312
669.426942694269,9.36345607902803
669.48694869487,9.35181606966293
669.54695469547,9.34017606029783
669.60696069607,9.32853605093275
669.66696669667,9.31689604156765
669.72697269727,9.30525603220256
669.78697869787,9.29361602283748
669.84698469847,9.28197601347236
669.90699069907,9.27033600410728
669.96699669967,9.25869599474218
670.02700270027,9.24694776238368
670.08700870087,9.2350672574777
670.14701470147,9.22318675257168
670.20702070207,9.2113062476657
670.26702670267,9.19942574275969
670.32703270327,9.18754523785369
670.38703870387,9.17566473294771
670.44704470447,9.16378422804169
670.50705070507,9.15190372313571
670.567056705671,9.14002321822971
670.627062706271,9.1281427133237
670.687068706871,9.11626220841772
670.747074707471,9.1043817035117
670.807080708071,9.09250119860572
670.867086708671,9.08062069369972
670.927092709271,9.06874018879371
670.987098709871,9.05685968388774
671.047104710471,9.04524279979731
671.107110711071,9.03369811758637
671.167116711671,9.0221534353754
671.227122712271,9.01060875316443
671.287128712871,8.99906407095349
671.347134713471,8.9875193887425
671.407140714071,8.97597470653155
671.467146714671,8.96443002432058
671.527152715272,8.95288534210962
671.587158715872,8.94134065989867
671.647164716472,8.92979597768768
671.707170717072,8.91825129547674
671.767176717672,8.90670661326577
671.827182718272,8.8951619310548
671.887188718872,8.88361724884385
671.947194719472,8.87207256663287
672.007200720072,8.86054846940518
672.067206720672,8.8491753287214
672.127212721272,8.83780218803761
672.187218721872,8.82642904735384
672.247224722472,8.81505590667004
672.307230723072,8.80368276598627
672.367236723672,8.79230962530248
672.427242724272,8.7809364846187
672.487248724872,8.76956334393493
672.547254725473,8.75819020325113
672.607260726073,8.74681706256736
672.667266726673,8.73544392188357
672.727272727273,8.72407078119979
672.787278727873,8.71269764051602
672.847284728473,8.70132449983221
672.907290729073,8.68995135914845
672.967296729673,8.67857821846466
673.027302730273,8.6672786552924
673.087308730873,8.65606722342516
673.147314731473,8.64485579155788
673.207320732073,8.63364435969064
673.267326732673,8.62243292782339
673.327332733273,8.61122149595613
673.387338733873,8.60001006408889
673.447344734474,8.58879863222161
673.507350735073,8.57758720035438
673.567356735674,8.56637576848712
673.627362736274,8.55516433661986
673.687368736874,8.54395290475262
673.747374737474,8.53274147288534
673.807380738074,8.52153004101811
673.867386738674,8.51031860915085
673.927392739274,8.49910717728359
673.987398739874,8.48789574541635
674.047404740474,8.47685485040362
674.107410741074,8.4658592879725
674.167416741674,8.45486372554137
674.227422742274,8.44386816311023
674.287428742874,8.43287260067912
674.347434743474,8.42187703824797
674.407440744074,8.41088147581686
674.467446744674,8.39988591338572
674.527452745275,8.38889035095459
674.587458745875,8.37789478852348
674.647464746475,8.36689922609232
674.707470747075,8.35590366366121
674.767476747675,8.34490810123008
674.827482748275,8.33391253879894
674.887488748875,8.32291697636783
674.947494749475,8.31192141393668
675.007500750075,8.30093610240178
675.067506750675,8.29002254714041
675.127512751275,8.27910899187904
675.187518751875,8.26819543661769
675.247524752475,8.25728188135632
675.307530753075,8.24636832609495
675.367536753675,8.23545477083358
675.427542754275,8.22454121557221
675.487548754875,8.21362766031086
675.547554755476,8.20271410504949
675.607560756076,8.19180054978812
675.667566756676,8.18088699452675
675.727572757276,8.16997343926538
675.787578757876,8.15905988400403
675.847584758476,8.14814632874266
675.907590759076,8.13723277348129
675.967596759676,8.12631921821992
676.027602760276,8.11548744304943
676.087608760876,8.10475167059434
676.147614761476,8.09401589813923
676.207620762076,8.08328012568413
676.267626762676,8.07254435322902
676.327632763276,8.06180858077391
676.387638763876,8.05107280831883
676.447644764476,8.04033703586372
676.507650765077,8.02960126340862
676.567656765677,8.01886549095351
676.627662766277,8.0081297184984
676.687668766877,7.99739394604332
676.747674767477,7.98665817358821
676.807680768077,7.9759224011331
676.867686768677,7.965186628678
676.927692769277,7.95445085622289
676.987698769877,7.9437150837678
677.047704770477,7.93305328003681
677.107710771077,7.92241055000196
677.167716771677,7.91176781996712
677.227722772277,7.90112508993227
677.287728772877,7.89048235989745
677.347734773477,7.87983962986261
677.407740774077,7.86919689982776
677.467746774677,7.85855416979294
677.527752775278,7.84791143975807
677.587758775878,7.83726870972325
677.647764776478,7.82662597968841
677.707770777078,7.81598324965356
677.767776777678,7.80534051961874
677.827782778278,7.79469778958387
677.887788778878,7.78405505954905
677.947794779478,7.7734123295142
678.007800780078,7.76279349604303
678.067806780678,7.75233458572875
678.127812781278,7.74187567541443
678.187818781878,7.73141676510014
678.247824782478,7.72095785478584
678.307830783078,7.71049894447154
678.367836783678,7.70004003415726
678.427842784278,7.68958112384293
678.487848784878,7.67912221352865
678.547854785479,7.66866330321435
678.607860786079,7.65820439290005
678.667866786679,7.64774548258576
678.727872787279,7.63728657227144
678.787878787879,7.62682766195716
678.847884788479,7.61636875164286
678.907890789079,7.60590984132856
678.967896789679,7.59545093101427
679.027902790279,7.58503626495152
679.087908790879,7.57467250356533
679.147914791479,7.56430874217913
679.207920792079,7.55394498079292
679.267926792679,7.54358121940674
679.327932793279,7.53321745802051
679.387938793879,7.52285369663433
679.447944794479,7.51248993524813
679.50795079508,7.50212617386192
679.567956795679,7.49176241247574
679.62796279628,7.48139865108951
679.68796879688,7.47103488970333
679.74797479748,7.46067112831712
679.80798079808,7.45030736693092
679.86798679868,7.43994360554473
679.92799279928,7.42957984415851
679.98799879988,7.41921608277232
680.04800480048,7.40897884065628
680.10801080108,7.39877322835777
680.16801680168,7.38856761605928
680.22802280228,7.37836200376076
680.28802880288,7.36815639146227
680.34803480348,7.35795077916376
680.40804080408,7.34774516686525
680.46804680468,7.33753955456676
680.528052805281,7.32733394226824
680.588058805881,7.31712832996975
680.648064806481,7.30692271767124
680.708070807081,7.29671710537274
680.768076807681,7.28651149307425
680.828082808281,7.27630588077572
680.888088808881,7.26610026847723
680.948094809481,7.25589465617873
681.008100810081,7.24571025230816
681.068106810681,7.23566173947592
681.128112811281,7.22561322664363
681.188118811881,7.21556471381139
681.248124812481,7.20551620097912
681.308130813081,7.19546768814686
681.368136813681,7.18541917531461
681.428142814282,7.17537066248233
681.488148814881,7.16532214965008
681.548154815482,7.15527363681782
681.608160816082,7.14522512398556
681.668166816682,7.13517661115331
681.728172817282,7.12512809832103
681.788178817882,7.11507958548878
681.848184818482,7.10503107265652
681.908190819082,7.09498255982425
681.968196819682,7.08493404699201
682.028202820282,7.07497064172029
682.088208820882,7.06510320880415
682.148214821482,7.05523577588799
682.208220822082,7.04536834297183
682.268226822682,7.03550091005569
682.328232823282,7.02563347713951
682.388238823882,7.01576604422337
682.448244824482,7.00589861130721
682.508250825083,6.99603117839105
682.568256825683,6.98616374547491
682.628262826283,6.97629631255873
682.688268826883,6.96642887964259
682.748274827483,6.95656144672643
682.808280828083,6.94669401381026
682.868286828683,6.93682658089412
682.928292829283,6.92695914797796
682.988298829883,6.9170917150618
683.048304830483,6.90736284288335
683.108310831083,6.89766753510719
683.168316831683,6.88797222733105
683.228322832283,6.87827691955489
683.288328832883,6.86858161177874
683.348334833483,6.85888630400258
683.408340834083,6.84919099622642
683.468346834683,6.83949568845028
683.528352835283,6.82980038067413
683.588358835884,6.82010507289797
683.648364836484,6.81040976512181
683.708370837084,6.80071445734566
683.768376837684,6.79101914956952
683.828382838284,6.78132384179336
683.888388838884,6.77162853401721
683.948394839484,6.76193322624105
684.008400840084,6.75226788940961
684.068406840684,6.74278665981005
684.128412841284,6.73330543021047
684.188418841884,6.72382420061089
684.248424842484,6.71434297101131
684.308430843084,6.70486174141173
684.368436843684,6.69538051181217
684.428442844284,6.68589928221259
684.488448844884,6.67641805261301
684.548454845485,6.66693682301343
684.608460846085,6.65745559341385
684.668466846685,6.64797436381429
684.728472847285,6.63849313421471
684.788478847885,6.62901190461513
684.848484848485,6.61953067501555
684.908490849085,6.61004944541598
684.968496849685,6.60056821581641
685.028502850285,6.59126677290291
685.088508850885,6.58216404158981
685.148514851485,6.57306131027672
685.208520852085,6.5639585789636
685.268526852685,6.55485584765051
685.328532853285,6.5457531163374
685.388538853885,6.5366503850243
685.448544854485,6.52754765371121
685.508550855086,6.51844492239809
685.568556855686,6.509342191085
685.628562856286,6.5002394597719
685.688568856886,6.49113672845879
685.748574857486,6.48203399714571
685.808580858086,6.47293126583258
685.868586858686,6.4638285345195
685.928592859286,6.45472580320639
685.988598859886,6.44562307189329
686.048604860486,6.43652008529924
686.108610861086,6.42741703882445
686.168616861686,6.41831399234969
686.228622862286,6.40921094587491
686.288628862886,6.40010789940013
686.348634863486,6.39100485292537
686.408640864086,6.38190180645057
686.468646864686,6.37279875997581
686.528652865287,6.36369571350103
686.588658865887,6.35459266702625
686.648664866487,6.34548962055149
686.708670867087,6.3363865740767
686.768676867687,6.32728352760193
686.828682868287,6.31818048112715
686.888688868887,6.30907743465238
686.948694869487,6.29997438817761
687.008700870087,6.29091334799667
687.068706870687,6.28210000010023
687.128712871287,6.27328665220377
687.188718871887,6.26447330430731
687.248724872487,6.25565995641087
687.308730873087,6.24684660851439
687.368736873687,6.23803326061795
687.428742874287,6.22921991272149
687.488748874888,6.22040656482503
687.548754875487,6.21159321692859
687.608760876088,6.20277986903211
687.668766876688,6.19396652113567
687.728772877288,6.18515317323921
687.788778877888,6.17633982534275
687.848784878488,6.16752647744631
687.908790879088,6.15871312954983
687.968796879688,6.14989978165339
688.028802880288,6.14108955190442
688.088808880888,6.13228270014857
688.148814881488,6.12347584839273
688.208820882088,6.11466899663686
688.268826882688,6.10586214488102
688.328832883288,6.09705529312516
688.388838883888,6.08824844136931
688.448844884488,6.07944158961347
688.508850885089,6.0706347378576
688.568856885689,6.06182788610176
688.628862886289,6.0530210343459
688.688868886889,6.04421418259005
688.748874887489,6.03540733083421
688.808880888089,6.02660047907834
688.868886888689,6.0177936273225
688.928892889289,6.00898677556664
688.988898889889,6.00017992381079
689.048904890489,5.99143709992543
689.108910891089,5.98270880997383
689.168916891689,5.97398052002226
689.228922892289,5.96525223007067
689.288928892889,5.95652394011909
689.348934893489,5.94779565016752
689.408940894089,5.93906736021592
689.468946894689,5.93033907026435
689.52895289529,5.92161078031276
689.58895889589,5.91288249036117
689.64896489649,5.90415420040961
689.70897089709,5.895425910458
689.76897689769,5.88669762050643
689.82898289829,5.87796933055485
689.88898889889,5.86924104060326
689.94899489949,5.86051275065169
690.00900090009,5.85180880317526
690.06900690069,5.84324279639148
690.12901290129,5.83467678960768
690.18901890189,5.82611078282388
690.24902490249,5.81754477604009
690.30903090309,5.80897876925628
690.36903690369,5.80041276247249
690.42904290429,5.79184675568869
690.489048904891,5.78328074890489
690.54905490549,5.77471474212111
690.609060906091,5.76614873533731
690.669066906691,5.75758272855351
690.729072907291,5.74901672176971
690.789078907891,5.74045071498591
690.849084908491,5.73188470820213
690.909090909091,5.72331870141833
690.969096909691,5.71475269463453
691.029102910291,5.70627396550199
691.089108910891,5.69788791263832
691.149114911491,5.68950185977467
691.209120912091,5.681115806911
691.269126912691,5.67272975404733
691.329132913291,5.66434370118366
691.389138913891,5.65595764831999
691.449144914491,5.64757159545633
691.509150915091,5.63918554259266
691.569156915692,5.63079948972899
691.629162916292,5.62241343686533
691.689168916892,5.61402738400166
691.749174917492,5.605641331138
691.809180918092,5.59725527827433
691.869186918692,5.58886922541066
691.929192919292,5.58048317254699
691.989198919892,5.57209711968332
692.049204920492,5.56388125918342
692.109210921092,5.55570275798287
692.169216921692,5.54752425678231
692.229222922292,5.53934575558175
692.289228922892,5.5311672543812
692.349234923492,5.52298875318066
692.409240924092,5.5148102519801
692.469246924692,5.50663175077954
692.529252925293,5.49845324957899
692.589258925893,5.49027474837843
692.649264926493,5.48209624717789
692.709270927093,5.47391774597733
692.769276927693,5.46573924477678
692.829282928293,5.45756074357624
692.889288928893,5.44938224237566
692.949294929493,5.44120374117512
693.009300930093,5.43304912554068
693.069306930693,5.42502472476666
693.129312931293,5.41700032399266
693.189318931893,5.40897592321862
693.249324932493,5.40095152244462
693.309330933093,5.3929271216706
693.369336933693,5.38490272089658
693.429342934293,5.37687832012258
693.489348934894,5.36885391934854
693.549354935494,5.36082951857454
693.609360936094,5.35280511780052
693.669366936694,5.3447807170265
693.729372937294,5.33675631625249
693.789378937894,5.32873191547846
693.849384938494,5.32070751470446
693.909390939094,5.31268311393044
693.969396939694,5.30465871315642
694.029402940294,5.2967085494363
694.089408940894,5.28883565285387
694.149414941494,5.28096275627146
694.209420942094,5.27308985968905
694.269426942694,5.26521696310663
694.329432943294,5.25734406652423
694.389438943894,5.2494711699418
694.449444944494,5.2415982733594
694.509450945094,5.23372537677698
694.569456945695,5.22585248019456
694.629462946295,5.21797958361216
694.689468946895,5.21010668702973
694.749474947495,5.20223379044733
694.809480948095,5.19436089386491
694.869486948695,5.1864879972825
694.929492949295,5.1786151007001
694.989498949895,5.17074220411766
695.049504950495,5.16291427838608
695.109510951095,5.15509589192588
695.169516951695,5.14727750546567
695.229522952295,5.13945911900548
695.289528952895,5.13164073254525
695.349534953495,5.12382234608506
695.409540954095,5.11600395962485
695.469546954695,5.10818557316465
695.529552955295,5.10036718670445
695.589558955896,5.09254880024423
695.649564956496,5.08473041378404
695.709570957096,5.07691202732383
695.769576957696,5.06909364086362
695.829582958296,5.06127525440343
695.889588958896,5.05345686794321
695.949594959496,5.04563848148302
696.009600960096,5.03786848010532
696.069606960696,5.03035250041081
696.129612961296,5.02283652071632
696.189618961896,5.0153205410218
696.249624962496,5.00780456132731
696.309630963096,5.0002885816328
696.369636963696,4.99277260193829
696.429642964296,4.9852566222438
696.489648964897,4.97774064254928
696.549654965497,4.97022466285479
696.609660966097,4.96270868316028
696.669666966697,4.95519270346577
696.729672967297,4.94767672377128
696.789678967897,4.94016074407676
696.849684968497,4.93264476438226
696.909690969097,4.92512878468776
696.969696969697,4.91761280499325
697.029702970297,4.91011612939239
697.089708970897,4.90263914786681
697.149714971497,4.89516216634127
697.209720972097,4.88768518481571
697.269726972697,4.88020820329015
697.329732973297,4.8727312217646
697.389738973897,4.86525424023903
697.449744974497,4.85777725871348
697.509750975098,4.85030027718792
697.569756975698,4.84282329566236
697.629762976298,4.83534631413681
697.689768976898,4.82786933261124
697.749774977498,4.82039235108569
697.809780978098,4.81291536956013
697.869786978698,4.80543838803457
697.929792979298,4.79796140650903
697.989798979898,4.79048442498345
698.049804980498,4.78313411953459
698.109810981098,4.77580975978817
698.169816981698,4.76848540004175
698.229822982298,4.76116104029534
698.289828982898,4.75383668054892
698.349834983498,4.7465123208025
698.409840984098,4.73918796105607
698.469846984699,4.73186360130965
698.529852985298,4.72453924156324
698.589858985899,4.71721488181682
698.649864986499,4.7098905220704
698.709870987099,4.70256616232398
698.769876987699,4.69524180257755
698.829882988299,4.68791744283115
698.889888988899,4.68059308308472
698.949894989499,4.6732687233383
699.009900990099,4.66597441037855
699.069906990699,4.65883215236952
699.129912991299,4.6516898943605
699.189918991899,4.64454763635147
699.249924992499,4.63740537834244
699.309930993099,4.63026312033341
699.369936993699,4.62312086232439
699.429942994299,4.61597860431537
699.489948994899,4.60883634630634
699.5499549955,4.60169408829731
699.6099609961,4.59455183028828
699.6699669967,4.58740957227925
699.7299729973,4.58026731427024
699.7899789979,4.57312505626121
699.8499849985,4.56598279825218
699.9099909991,4.55884054024315
699.9699969997,4.55169828223412
700.0300030003,4.54459732579596
700.0900090009,4.53753767092864
700.1500150015,4.53047801606133
700.2100210021,4.52341836119401
700.2700270027,4.5163587063267
700.3300330033,4.50929905145939
700.3900390039,4.50223939659208
700.4500450045,4.49517974172476
700.5100510051,4.48812008685746
700.570057005701,4.48106043199013
700.630063006301,4.47400077712283
700.690069006901,4.46694112225551
700.750075007501,4.4598814673882
700.810081008101,4.4528218125209
700.870087008701,4.44576215765357
700.930093009301,4.43870250278626
700.990099009901,4.43164284791895
701.050105010501,4.42468556100151
701.110111011101,4.41774850248136
701.170117011701,4.41081144396119
701.230123012301,4.40387438544104
701.290129012901,4.39693732692088
701.350135013501,4.39000026840072
701.410141014101,4.38306320988058
701.470147014702,4.3761261513604
701.530153015301,4.36918909284026
701.590159015902,4.3622520343201
701.650165016502,4.35531497579994
701.710171017102,4.34837791727979
701.770177017702,4.34144085875962
701.830183018302,4.33450380023947
701.890189018902,4.32756674171931
701.950195019502,4.32062968319915
702.010201020102,4.31373094384417
702.070207020702,4.30701929217796
702.130213021302,4.30030764051177
702.190219021902,4.29359598884557
702.250225022502,4.28688433717937
702.310231023102,4.28017268551319
702.370237023702,4.27346103384697
702.430243024302,4.26674938218078
702.490249024902,4.26003773051458
702.550255025503,4.25332607884838
702.610261026103,4.24661442718219
702.670267026703,4.23990277551598
702.730273027303,4.23319112384979
702.790279027903,4.22647947218359
702.850285028503,4.21976782051739
702.910291029103,4.2130561688512
702.970297029703,4.20634451718499
703.030303030303,4.19967593695469
703.090309030903,4.19304957526055
703.150315031503,4.1864232135664
703.210321032103,4.17979685187227
703.270327032703,4.17317049017811
703.330333033303,4.16654412848398
703.390339033903,4.15991776678983
703.450345034503,4.15329140509569
703.510351035103,4.14666504340155
703.570357035704,4.1400386817074
703.630363036304,4.13341232001326
703.690369036904,4.12678595831912
703.750375037504,4.12015959662497
703.810381038104,4.11353323493084
703.870387038704,4.10690687323668
703.930393039304,4.10028051154255
703.990399039904,4.0936541498484
704.050405040504,4.08722915291366
704.110411041104,4.0808425111712
704.170417041704,4.07445586942872
704.230423042304,4.06806922768626
704.290429042904,4.06168258594379
704.350435043504,4.05529594420132
704.410441044104,4.04890930245886
704.470447044705,4.04252266071638
704.530453045305,4.03613601897392
704.590459045905,4.02974937723145
704.650465046505,4.02336273548898
704.710471047105,4.01697609374652
704.770477047705,4.01058945200403
704.830483048305,4.00420281026158
704.890489048905,3.9978161685191
704.950495049505,3.99142952677663
705.010501050105,3.98507784757729
705.070507050705,3.97889099179548
705.130513051305,3.97270413601369
705.190519051905,3.96651728023189
705.250525052505,3.96033042445009
705.310531053105,3.95414356866831
705.370537053705,3.94795671288649
705.430543054305,3.94176985710471
705.490549054906,3.93558300132291
705.550555055506,3.92939614554111
705.610561056106,3.92320928975932
705.670567056706,3.91702243397751
705.730573057306,3.91083557819572
705.790579057906,3.90464872241392
705.850585058506,3.89846186663212
705.910591059106,3.89227501085033
705.970597059706,3.88608815506853
706.030603060306,3.87991483007941
706.090609060906,3.87375450526365
706.150615061506,3.86759418044788
706.210621062106,3.86143385563213
706.270627062706,3.85527353081637
706.330633063306,3.8491132060006
706.390639063906,3.84295288118484
706.450645064506,3.83679255636908
706.510651065106,3.83063223155332
706.570657065707,3.82447190673756
706.630663066307,3.81831158192179
706.690669066907,3.81215125710603
706.750675067507,3.80599093229027
706.810681068107,3.79983060747451
706.870687068707,3.79367028265875
706.930693069307,3.78750995784299
706.990699069907,3.78134963302722
707.050705070507,3.77532427441151
707.110711071107,3.76932367290942
707.170717071707,3.76332307140733
707.230723072307,3.75732246990523
707.290729072907,3.75132186840314
707.350735073507,3.74532126690104
707.410741074107,3.73932066539896
707.470747074707,3.73332006389686
707.530753075308,3.72731946239477
707.590759075908,3.72131886089267
707.650765076508,3.71531825939058
707.710771077108,3.70931765788849
707.770777077708,3.7033170563864
707.830783078308,3.6973164548843
707.890789078908,3.69131585338221
707.950795079508,3.68531525188011
708.010801080108,3.67933063398422
708.070807080708,3.67341883029431
708.130813081308,3.6675070266044
708.190819081908,3.66159522291451
708.250825082508,3.65568341922459
708.310831083108,3.64977161553469
708.370837083708,3.64385981184478
708.430843084308,3.63794800815487
708.490849084908,3.63203620446497
708.550855085509,3.62612440077505
708.610861086109,3.62021259708516
708.670867086709,3.61430079339525
708.730873087309,3.60838898970534
708.790879087909,3.60247718601544
708.850885088509,3.59656538232552
708.910891089109,3.59065357863562
708.970897089709,3.58474177494572
709.030903090309,3.57890178804921
709.090909090909,3.57312943444358
709.150915091509,3.56735708083794
709.210921092109,3.56158472723231
709.270927092709,3.55581237362668
709.330933093309,3.55004002002104
709.390939093909,3.54426766641542
709.45094509451,3.53849531280977
709.510951095109,3.53272295920415
709.57095709571,3.52695060559851
709.63096309631,3.52117825199287
709.69096909691,3.51540589838725
709.75097509751,3.5096335447816
709.81098109811,3.50386119117598
709.87098709871,3.49808883757034
709.93099309931,3.49231648396471
709.99099909991,3.48654413035908
710.05100510051,3.48091715350204
710.11101110111,3.47531583136536
710.17101710171,3.46971450922867
710.23102310231,3.46411318709198
710.29102910291,3.4585118649553
710.35103510351,3.4529105428186
710.41104110411,3.44730922068192
710.47104710471,3.44170789854523
710.531053105311,3.43610657640854
710.591059105911,3.43050525427186
710.651065106511,3.42490393213516
710.711071107111,3.41930260999848
710.771077107711,3.41370128786179
710.831083108311,3.4080999657251
710.891089108911,3.40249864358842
710.951095109511,3.39689732145172
711.011101110111,3.39131081765837
711.071107110711,3.3857895946748
711.131113111311,3.38026837169122
711.191119111911,3.37474714870766
711.251125112511,3.36922592572407
711.311131113111,3.3637047027405
711.371137113711,3.35818347975693
711.431143114311,3.35266225677335
711.491149114911,3.34714103378979
711.551155115512,3.3416198108062
711.611161116112,3.33609858782264
711.671167116712,3.33057736483906
711.731173117312,3.32505614185549
711.791179117912,3.31953491887192
711.851185118512,3.31401369588834
711.911191119112,3.30849247290477
711.971197119712,3.3029712499212
712.031203120312,3.29755948312021
712.091209120912,3.29224875279546
712.151215121512,3.28693802247073
712.211221122112,3.28162729214598
712.271227122712,3.27631656182124
712.331233123312,3.27100583149649
712.391239123912,3.26569510117174
712.451245124512,3.26038437084701
712.511251125112,3.25507364052226
712.571257125713,3.24976291019752
712.631263126313,3.24445217987277
712.691269126913,3.23914144954803
712.751275127513,3.23383071922329
712.811281128113,3.22851998889854
712.871287128713,3.2232092585738
712.931293129313,3.21789852824905
712.991299129913,3.21258779792431
713.051305130513,3.20735180959079
713.111311131113,3.20212849679963
713.171317131713,3.19690518400848
713.231323132313,3.19168187121732
713.291329132913,3.18645855842618
713.351335133513,3.18123524563502
713.411341134113,3.17601193284387
713.471347134713,3.17078862005271
713.531353135314,3.16556530726155
713.591359135914,3.16034199447041
713.651365136514,3.15511868167925
713.711371137114,3.1498953688881
713.771377137714,3.14467205609694
713.831383138314,3.13944874330579
713.891389138914,3.13422543051464
713.951395139514,3.12900211772349
714.011401140114,3.12379479432788
714.071407140714,3.11865563625015
714.131413141314,3.11351647817242
714.191419141914,3.10837732009471
714.251425142514,3.10323816201698
714.311431143114,3.09809900393925
714.371437143714,3.09295984586152
714.431443144314,3.08782068778379
714.491449144914,3.08268152970607
714.551455145515,3.07754237162834
714.611461146115,3.07240321355061
714.671467146715,3.06726405547288
714.731473147315,3.06212489739515
714.791479147915,3.05698573931744
714.851485148515,3.05184658123971
714.911491149115,3.04670742316198
714.971497149715,3.04156826508425
715.031503150315,3.03652479765223
715.091509150915,3.0315679074711
715.151515151515,3.02661101728997
715.211521152115,3.02165412710883
715.271527152715,3.01669723692769
715.331533153315,3.01174034674655
715.391539153915,3.00678345656543
715.451545154515,3.00182656638429
715.511551155116,2.99686967620315
715.571557155716,2.99191278602201
715.631563156316,2.98695589584088
715.691569156916,2.98199900565975
715.751575157516,2.97704211547861
715.811581158116,2.97208522529747
715.871587158716,2.96712833511634
715.931593159316,2.9621714449352
715.991599159916,2.95721455475407
716.051605160516,2.95240157179695
716.111611161116,2.94761201559723
716.171617161716,2.94282245939751
716.231623162316,2.93803290319779
716.291629162916,2.93324334699808
716.351635163516,2.92845379079835
716.411641164116,2.92366423459863
716.471647164717,2.91887467839891
716.531653165317,2.91408512219919
716.591659165917,2.90929556599948
716.651665166517,2.90450600979975
716.711671167117,2.89971645360003
716.771677167717,2.89492689740031
716.831683168317,2.8901373412006
716.891689168917,2.88534778500088
716.951695169517,2.88055822880116
717.011701170117,2.87577963665748
717.071707170717,2.87104630638618
717.131713171317,2.86631297611488
717.191719171917,2.86157964584358
717.251725172517,2.85684631557228
717.311731173117,2.85211298530098
717.371737173717,2.84737965502968
717.431743174317,2.84264632475839
717.491749174917,2.83791299448709
717.551755175518,2.83317966421579
717.611761176118,2.82844633394449
717.671767176718,2.82371300367319
717.731773177318,2.8189796734019
717.791779177918,2.8142463431306
717.851785178518,2.8095130128593
717.911791179118,2.804779682588
717.971797179718,2.8000463523167
718.031803180318,2.79540843116617
718.091809180918,2.79085511810387
718.151815181518,2.78630180504156
718.211821182118,2.78174849197926
718.271827182718,2.77719517891695
718.331833183318,2.77264186585466
718.391839183918,2.76808855279235
718.451845184518,2.76353523973005
718.511851185119,2.75898192666774
718.571857185719,2.75442861360544
718.631863186319,2.74987530054314
718.691869186919,2.74532198748084
718.751875187519,2.74076867441853
718.811881188119,2.73621536135623
718.871887188719,2.73166204829392
718.931893189319,2.72710873523163
718.991899189919,2.72255542216932
719.051905190519,2.71811047209076
719.111911191119,2.71368243415416
719.171917191719,2.70925439621757
719.231923192319,2.70482635828098
719.291929192919,2.70039832034439
719.351935193519,2.69597028240779
719.411941194119,2.6915422444712
719.47194719472,2.6871142065346
719.531953195319,2.68268616859802
719.59195919592,2.67825813066142
719.65196519652,2.67383009272483
719.71197119712,2.66940205478823
719.77197719772,2.66497401685164
719.83198319832,2.66054597891505
719.89198919892,2.65611794097846
719.95199519952,2.65168990304186
720.01200120012,2.64725483130646
720.07200720072,2.64279162437583
720.13201320132,2.63832841744521
720.19201920192,2.63386521051458
720.25202520252,2.62940200358395
720.31203120312,2.62493879665332
720.37203720372,2.6204755897227
720.43204320432,2.61601238279207
720.49204920492,2.61154917586144
720.552055205521,2.60708596893081
720.612061206121,2.60262276200018
720.672067206721,2.59815955506956
720.732073207321,2.59369634813893
720.792079207921,2.5892331412083
720.852085208521,2.58476993427767
720.912091209121,2.58030672734704
720.972097209721,2.57584352041642
721.032103210321,2.57158945946758
721.092109210921,2.56751717960572
721.152115211521,2.56344489974387
721.212121212121,2.55937261988201
721.272127212721,2.55530034002016
721.332133213321,2.55122806015831
721.392139213921,2.54715578029645
721.452145214521,2.5430835004346
721.512151215122,2.53901122057274
721.572157215722,2.53493894071089
721.632163216322,2.53086666084904
721.692169216922,2.52679438098718
721.752175217522,2.52272210112533
721.812181218122,2.51864982126347
721.872187218722,2.51457754140162
721.932193219322,2.51050526153977
721.992199219922,2.50643298167791
722.052205220522,2.50243187823491
722.112211221122,2.49844141034876
722.172217221722,2.49445094246261
722.232223222322,2.49046047457645
722.292229222922,2.48647000669029
722.352235223522,2.48247953880413
722.412241224122,2.47848907091798
722.472247224722,2.47449860303183
722.532253225323,2.47050813514567
722.592259225923,2.46651766725951
722.652265226523,2.46252719937335
722.712271227123,2.4585367314872
722.772277227723,2.45454626360105
722.832283228323,2.45055579571489
722.892289228923,2.44656532782873
722.952295229523,2.44257485994257
723.012301230123,2.43856285594812
723.072307230723,2.43446733387518
723.132313231323,2.43037181180223
723.192319231923,2.42627628972929
723.252325232523,2.42218076765634
723.312331233123,2.41808524558339
723.372337233723,2.41398972351045
723.432343234323,2.4098942014375
723.492349234923,2.40579867936456
723.552355235524,2.40170315729161
723.612361236124,2.39760763521866
723.672367236724,2.39351211314572
723.732373237324,2.38941659107277
723.792379237924,2.38532106899982
723.852385238524,2.38122554692688
723.912391239124,2.37713002485393
723.972397239724,2.37303450278099
724.032403240324,2.36903227811179
724.092409240924,2.36510952900874
724.152415241524,2.36118677990569
724.212421242124,2.35726403080265
724.272427242724,2.35334128169961
724.332433243324,2.34941853259656
724.392439243924,2.34549578349351
724.452445244524,2.34157303439047
724.512451245124,2.33765028528743
724.572457245725,2.33372753618438
724.632463246325,2.32980478708133
724.692469246925,2.32588203797829
724.752475247525,2.32195928887524
724.812481248125,2.3180365397722
724.872487248725,2.31411379066915
724.932493249325,2.31019104156611
724.992499249925,2.30626829246306
725.052505250525,2.30258914361344
725.112511251125,2.29894479480004
725.172517251725,2.29530044598663
725.232523252325,2.29165609717322
725.292529252925,2.2880117483598
725.352535253525,2.28436739954639
725.412541254125,2.28072305073299
725.472547254725,2.27707870191958
725.532553255326,2.27343435310617
725.592559255926,2.26979000429275
725.652565256526,2.26614565547934
725.712571257126,2.26250130666594
725.772577257726,2.25885695785253
725.832583258326,2.25521260903911
725.892589258926,2.2515682602257
725.952595259526,2.24792391141229
726.012601260126,2.24428073053458
726.072607260726,2.24064194331971
726.132613261326,2.23700315610485
726.192619261926,2.23336436888998
726.252625262526,2.22972558167511
726.312631263126,2.22608679446025
726.372637263726,2.22244800724538
726.432643264326,2.21880922003052
726.492649264927,2.21517043281565
726.552655265527,2.21153164560078
726.612661266127,2.20789285838592
726.672667266727,2.20425407117105
726.732673267327,2.20061528395619
726.792679267927,2.19697649674132
726.852685268527,2.19333770952645
726.912691269127,2.18969892231159
726.972697269727,2.18606013509673
727.032703270327,2.18246902240196
727.092709270927,2.17891771137077
727.152715271527,2.17536640033958
727.212721272127,2.17181508930839
727.272727272727,2.1682637782772
727.332733273327,2.16471246724601
727.392739273927,2.16116115621482
727.452745274528,2.15760984518362
727.512751275127,2.15405853415244
727.572757275728,2.15050722312125
727.632763276328,2.14695591209006
727.692769276928,2.14340460105886
727.752775277528,2.13985329002767
727.812781278128,2.13630197899649
727.872787278728,2.13275066796529
727.932793279328,2.1291993569341
727.992799279928,2.12564804590291
728.052805280528,2.12211909189296
728.112811281128,2.11859318656771
728.172817281728,2.11506728124247
728.232823282328,2.11154137591722
728.292829282928,2.10801547059198
728.352835283528,2.10448956526674
728.412841284128,2.10096365994149
728.472847284728,2.09743775461624
728.532853285329,2.093911849291
728.592859285929,2.09038594396575
728.652865286529,2.08686003864051
728.712871287129,2.08333413331527
728.772877287729,2.07980822799002
728.832883288329,2.07628232266478
728.892889288929,2.07275641733953
728.952895289529,2.06923051201429
729.012901290129,2.06573870167856
729.072907290729,2.06237137769991
729.132913291329,2.05900405372125
729.192919291929,2.0556367297426
729.252925292529,2.05226940576395
729.312931293129,2.0489020817853
729.372937293729,2.04553475780664
729.432943294329,2.04216743382799
729.49294929493,2.03880010984933
729.55295529553,2.03543278587069
729.61296129613,2.03206546189203
729.67296729673,2.02869813791338
729.73297329733,2.02533081393472
729.79297929793,2.02196348995607
729.85298529853,2.01859616597742
729.91299129913,2.01522884199877
729.97299729973,2.01186151802011
730.03300330033,2.00853660629735
730.09300930093,2.00524639551123
730.15301530153,2.00195618472511
730.21302130213,1.99866597393898
730.27302730273,1.99537576315286
730.33303330333,1.99208555236674
730.39303930393,1.98879534158061
730.45304530453,1.98550513079449
730.51305130513,1.98221492000837
730.573057305731,1.97892470922225
730.633063306331,1.97563449843612
730.693069306931,1.97234428765
730.753075307531,1.96905407686388
730.813081308131,1.96576386607775
730.873087308731,1.96247365529163
730.933093309331,1.95918344450551
730.993099309931,1.95589323371938
731.053105310531,1.9526314499892
731.113111311131,1.94937336017023
731.173117311731,1.94611527035126
731.233123312331,1.9428571805323
731.293129312931,1.93959909071333
731.353135313531,1.93634100089437
731.413141314131,1.9330829110754
731.473147314731,1.92982482125644
731.533153315332,1.92656673143747
731.593159315932,1.9233086416185
731.653165316532,1.92005055179954
731.713171317132,1.91679246198058
731.773177317732,1.91353437216161
731.833183318332,1.91027628234264
731.893189318932,1.90701819252368
731.953195319532,1.90376010270472
732.013201320132,1.90052993150687
732.073207320732,1.89739874451118
732.133213321332,1.8942675575155
732.193219321932,1.89113637051981
732.253225322532,1.88800518352413
732.313231323132,1.88487399652844
732.373237323732,1.88174280953275
732.433243324332,1.87861162253706
732.493249324932,1.87548043554138
732.553255325533,1.8723492485457
732.613261326133,1.86921806155001
732.673267326733,1.86608687455432
732.733273327333,1.86295568755863
732.793279327933,1.85982450056295
732.853285328533,1.85669331356726
732.913291329133,1.85356212657158
732.973297329733,1.85043093957589
733.033303330333,1.84731652026687
733.093309330933,1.84421554531924
733.153315331533,1.8411145703716
733.213321332133,1.83801359542396
733.273327332733,1.83491262047633
733.333333333333,1.83181164552869
733.393339333933,1.82871067058106
733.453345334533,1.82560969563342
733.513351335134,1.82250872068578
733.573357335734,1.81940774573814
733.633363336334,1.81630677079051
733.693369336934,1.81320579584287
733.753375337534,1.81010482089524
733.813381338134,1.8070038459476
733.873387338734,1.80390287099996
733.933393339334,1.80080189605232
733.993399339934,1.79770092110469
734.053405340534,1.79468903820397
734.113411341134,1.79168816667984
734.173417341734,1.7886872951557
734.233423342334,1.78568642363157
734.293429342934,1.78268555210744
734.353435343534,1.77968468058331
734.413441344134,1.77668380905917
734.473447344734,1.77368293753504
734.533453345335,1.7706820660109
734.593459345935,1.76768119448677
734.653465346535,1.76468032296264
734.713471347135,1.76167945143851
734.773477347735,1.75867857991437
734.833483348335,1.75567770839024
734.893489348935,1.75267683686611
734.953495349535,1.74967596534197
735.013501350135,1.74669406511741
735.073507350735,1.74377751048026
735.133513351335,1.7408609558431
735.193519351935,1.73794440120595
735.253525352535,1.7350278465688
735.313531353135,1.73211129193165
735.373537353735,1.72919473729449
735.433543354335,1.72627818265734
735.493549354935,1.72336162802019
735.553555355536,1.72044507338304
735.613561356136,1.71752851874588
735.673567356736,1.71461196410873
735.733573357336,1.71169540947158
735.793579357936,1.70877885483443
735.853585358536,1.70586230019727
735.913591359136,1.70294574556012
735.973597359736,1.70002919092297
736.033603360336,1.69717150291651
736.093609360936,1.69436006726273
736.153615361536,1.69154863160895
736.213621362136,1.68873719595518
736.273627362736,1.6859257603014
736.333633363336,1.68311432464763
736.393639363936,1.68030288899385
736.453645364536,1.67749145334007
736.513651365137,1.6746800176863
736.573657365737,1.67186858203252
736.633663366337,1.66905714637875
736.693669366937,1.66624571072497
736.753675367537,1.66343427507119
736.813681368137,1.66062283941741
736.873687368737,1.65781140376364
736.933693369337,1.65499996810987
736.993699369937,1.65218853245609
737.053705370537,1.64945728552611
737.113711371137,1.64673544621177
737.173717371737,1.64401360689743
737.233723372337,1.64129176758309
737.293729372937,1.63856992826875
737.353735373537,1.63584808895441
737.413741374137,1.63312624964007
737.473747374738,1.63040441032573
737.533753375337,1.6276825710114
737.593759375938,1.62496073169706
737.653765376538,1.62223889238272
737.713771377138,1.61951705306838
737.773777377738,1.61679521375404
737.833783378338,1.6140733744397
737.893789378938,1.61135153512536
737.953795379538,1.60862969581102
738.013801380138,1.60593069798799
738.073807380738,1.60330816950542
738.133813381338,1.60068564102286
738.193819381938,1.5980631125403
738.253825382538,1.59544058405773
738.313831383138,1.59281805557517
738.373837383738,1.5901955270926
738.433843384338,1.58757299861004
738.493849384938,1.58495047012747
738.553855385539,1.58232794164491
738.613861386139,1.57970541316234
738.673867386739,1.57708288467978
738.733873387339,1.57446035619722
738.793879387939,1.57183782771465
738.853885388539,1.56921529923208
738.913891389139,1.56659277074952
738.973897389739,1.56397024226695
739.033903390339,1.56136431200962
739.093909390939,1.55877116091684
739.153915391539,1.55617800982407
739.213921392139,1.55358485873129
739.273927392739,1.55099170763851
739.333933393339,1.54839855654574
739.393939393939,1.54580540545296
739.453945394539,1.54321225436018
739.51395139514,1.5406191032674
739.57395739574,1.53802595217462
739.63396339634,1.53543280108185
739.69396939694,1.53283964998907
739.75397539754,1.5302464988963
739.81398139814,1.52765334780352
739.87398739874,1.52506019671074
739.93399339934,1.52246704561797
739.99399939994,1.51987389452519
740.05400540054,1.51742584527852
740.11401140114,1.5149939184592
740.17401740174,1.51256199163989
740.23402340234,1.51013006482057
740.29402940294,1.50769813800124
740.35403540354,1.50526621118192
740.41404140414,1.5028342843626
740.47404740474,1.50040235754329
740.534053405341,1.49797043072397
740.594059405941,1.49553850390465
740.654065406541,1.49310657708533
740.714071407141,1.49067465026601
740.774077407741,1.48824272344669
740.834083408341,1.48581079662737
740.894089408941,1.48337886980805
740.954095409541,1.48094694298873
741.014101410141,1.47854141023984
741.074107410741,1.47622179861383
741.134113411341,1.47390218698781
741.194119411941,1.4715825753618
741.254125412541,1.46926296373579
741.314131413141,1.46694335210978
741.374137413741,1.46462374048377
741.434143414341,1.46230412885775
741.494149414941,1.45998451723174
741.554155415542,1.45766490560573
741.614161416142,1.45534529397972
741.674167416742,1.45302568235371
741.734173417342,1.45070607072769
741.794179417942,1.44838645910168
741.854185418542,1.44606684747567
741.914191419142,1.44374723584966
741.974197419742,1.44142762422365
742.034203420342,1.43904269389661
742.094209420942,1.43660848805827
742.154215421542,1.43417428221993
742.214221422142,1.43174007638159
742.274227422742,1.42930587054326
742.334233423342,1.42687166470492
742.394239423942,1.42443745886658
742.454245424542,1.42200325302824
742.514251425143,1.4195690471899
742.574257425743,1.41713484135156
742.634263426343,1.41470063551322
742.694269426943,1.41226642967488
742.754275427543,1.40983222383654
742.814281428143,1.40739801799821
742.874287428743,1.40496381215987
742.934293429343,1.40252960632153
742.994299429943,1.40009540048319
743.054305430543,1.39772223655897
743.114311431143,1.39535548034949
743.174317431743,1.39298872414001
743.234323432343,1.39062196793053
743.294329432943,1.38825521172105
743.354335433543,1.38588845551157
743.414341434143,1.3835216993021
743.474347434743,1.38115494309262
743.534353435344,1.37878818688314
743.594359435944,1.37642143067366
743.654365436544,1.37405467446418
743.714371437144,1.3716879182547
743.774377437744,1.36932116204522
743.834383438344,1.36695440583574
743.894389438944,1.36458764962626
743.954395439544,1.36222089341678
744.014401440144,1.35988844948977
744.074407440744,1.3576646611239
744.134413441344,1.35544087275803
744.194419441944,1.35321708439216
744.254425442544,1.35099329602628
744.314431443144,1.34876950766041
744.374437443744,1.34654571929454
744.434443444344,1.34432193092867
744.494449444945,1.3420981425628
744.554455445545,1.33987435419693
744.614461446145,1.33765056583106
744.674467446745,1.33542677746518
744.734473447345,1.33320298909931
744.794479447945,1.33097920073344
744.854485448545,1.32875541236757
744.914491449145,1.3265316240017
744.974497449745,1.32430783563583
745.034503450345,1.32216868364944
745.094509450945,1.32009208898703
745.154515451545,1.31801549432462
745.214521452145,1.31593889966221
745.274527452745,1.31386230499979
745.334533453345,1.31178571033738
745.394539453945,1.30970911567496
745.454545454545,1.30763252101255
745.514551455145,1.30555592635014
745.574557455746,1.30347933168773
745.634563456346,1.30140273702531
745.694569456946,1.2993261423629
745.754575457546,1.29724954770049
745.814581458146,1.29517295303808
745.874587458746,1.29309635837566
745.934593459346,1.29101976371325
745.994599459946,1.28894316905084
746.054605460546,1.28676669687915
746.114611461146,1.28458034671205
746.174617461746,1.28239399654494
746.234623462346,1.28020764637783
746.294629462946,1.27802129621072
746.354635463546,1.27583494604361
746.414641464146,1.27364859587651
746.474647464746,1.2714622457094
746.534653465347,1.26927589554229
746.594659465947,1.26708954537518
746.654665466547,1.26490319520807
746.714671467147,1.26271684504097
746.774677467747,1.26053049487386
746.834683468347,1.25834414470675
746.894689468947,1.25615779453964
746.954695469547,1.25397144437253
747.014701470147,1.2518146786121
747.074707470747,1.24974908112527
747.134713471347,1.24768348363844
747.194719471947,1.2456178861516
747.254725472547,1.24355228866477
747.314731473147,1.24148669117795
747.374737473747,1.23942109369111
747.434743474347,1.23735549620428
747.494749474948,1.23528989871745
747.554755475547,1.23322430123062
747.614761476148,1.23115870374379
747.674767476748,1.22909310625696
747.734773477348,1.22702750877013
747.794779477948,1.2249619112833
747.854785478548,1.22289631379647
747.914791479148,1.22083071630964
747.974797479748,1.21876511882281
748.034803480348,1.21667438511206
748.094809480948,1.21456544930813
748.154815481548,1.2124565135042
748.214821482148,1.21034757770027
748.274827482748,1.20823864189634
748.334833483348,1.20612970609241
748.394839483948,1.20402077028848
748.454845484548,1.20191183448455
748.514851485148,1.19980289868062
748.574857485749,1.19769396287669
748.634863486349,1.19558502707276
748.694869486949,1.19347609126882
748.754875487549,1.1913671554649
748.814881488149,1.18925821966097
748.874887488749,1.18714928385703
748.934893489349,1.1850403480531
748.994899489949,1.18293141224917
749.054905490549,1.18092721306143
749.114911491149,1.17893274350469
749.174917491749,1.17693827394795
749.234923492349,1.17494380439121
749.294929492949,1.17294933483448
749.354935493549,1.17095486527774
749.414941494149,1.16896039572101
749.474947494749,1.16696592616427
749.53495349535,1.16497145660753
749.59495949595,1.16297698705079
749.65496549655,1.16098251749406
749.71497149715,1.15898804793732
749.77497749775,1.15699357838058
749.83498349835,1.15499910882385
749.89498949895,1.15300463926711
749.95499549955,1.15101016971037
750.01500150015,1.14900715043724
750.07500750075,1.1469784820149
750.13501350135,1.14494981359256
750.19501950195,1.14292114517022
750.25502550255,1.14089247674789
750.31503150315,1.13886380832555
750.37503750375,1.13683513990321
750.43504350435,1.13480647148087
750.495049504951,1.13277780305854
750.555055505551,1.1307491346362
750.615061506151,1.12872046621386
750.675067506751,1.12669179779153
750.735073507351,1.12466312936919
750.795079507951,1.12263446094685
750.855085508551,1.12060579252452
750.915091509151,1.11857712410218
750.975097509751,1.11654845567984
751.035103510351,1.11459393072471
751.095109510951,1.11269200327195
751.155115511551,1.11079007581919
751.215121512151,1.10888814836643
751.275127512751,1.10698622091367
751.335133513351,1.10508429346091
751.395139513951,1.10318236600816
751.455145514551,1.1012804385554
751.515151515152,1.09937851110264
751.575157515752,1.09747658364988
751.635163516352,1.09557465619712
751.695169516952,1.09367272874436
751.755175517552,1.09177080129161
751.815181518152,1.08986887383885
751.875187518752,1.08796694638609
751.935193519352,1.08606501893333
751.995199519952,1.08416309148057
752.055205520552,1.0823632094283
752.115211521152,1.0805722008891
752.175217521752,1.07878119234991
752.235223522352,1.07699018381072
752.295229522952,1.07519917527153
752.355235523552,1.07340816673234
752.415241524152,1.07161715819315
752.475247524752,1.06982614965396
752.535253525353,1.06803514111477
752.595259525953,1.06624413257558
752.655265526553,1.06445312403639
752.715271527153,1.0626621154972
752.775277527753,1.06087110695801
752.835283528353,1.05908009841882
752.895289528953,1.05728908987963
752.955295529553,1.05549808134044
753.015301530153,1.05370265614693
753.075307530753,1.05189432739473
753.135313531353,1.05008599864254
753.195319531953,1.04827766989034
753.255325532553,1.04646934113815
753.315331533153,1.04466101238595
753.375337533753,1.04285268363376
753.435343534353,1.04104435488156
753.495349534953,1.03923602612937
753.555355535554,1.03742769737717
753.615361536154,1.03561936862497
753.675367536754,1.03381103987278
753.735373537354,1.03200271112058
753.795379537954,1.03019438236839
753.855385538554,1.02838605361619
753.915391539154,1.026577724864
753.975397539754,1.0247693961118
754.035403540354,1.02303069769088
754.095409540954,1.02134038644933
754.155415541554,1.01965007520777
754.215421542154,1.01795976396621
754.275427542754,1.01626945272465
754.335433543354,1.0145791414831
754.395439543954,1.01288883024154
754.455445544554,1.01119851899998
754.515451545155,1.00950820775843
754.575457545755,1.00781789651687
754.635463546355,1.00612758527531
754.695469546955,1.00443727403376
754.755475547555,1.0027469627922
754.815481548155,1.00105665155064
754.875487548755,0.999366340309085
754.935493549355,0.997676029067528
754.995499549955,0.995985717825974
755.055505550555,0.994242793728199
755.115511551155,0.992495603723164
755.175517551755,0.990748413718129
755.235523552355,0.989001223713097
755.295529552955,0.987254033708062
755.355535553555,0.985506843703026
755.415541554155,0.983759653697991
755.475547554756,0.982012463692956
755.535553555355,0.980265273687924
755.595559555956,0.978518083682888
755.655565556556,0.976770893677853
755.715571557156,0.975023703672818
755.775577557756,0.973276513667782
755.835583558356,0.97152932366275
755.895589558956,0.969782133657715
755.955595559556,0.96803494365268
756.015601560156,0.966350228553957
756.075607560756,0.964843326650122
756.135613561356,0.96333642474629
756.195619561956,0.961829522842455
756.255625562556,0.96032262093862
756.315631563156,0.958815719034786
756.375637563756,0.957308817130951
756.435643564356,0.955801915227119
756.495649564956,0.954295013323284
756.555655565557,0.952788111419449
756.615661566157,0.951281209515615
756.675667566757,0.94977430761178
756.735673567357,0.948267405707948
756.795679567957,0.946760503804113
756.855685568557,0.945253601900278
756.915691569157,0.943746699996444
756.975697569757,0.942239798092609
757.035703570357,0.940711518953062
757.095709570957,0.939168688921974
757.155715571557,0.937625858890887
757.215721572157,0.936083028859799
757.275727572757,0.934540198828712
757.335733573357,0.932997368797627
757.395739573957,0.93145453876654
757.455745574557,0.929911708735453
757.515751575158,0.928368878704365
757.575757575758,0.926826048673278
757.635763576358,0.925283218642193
757.695769576958,0.923740388611106
757.755775577558,0.922197558580018
757.815781578158,0.920654728548931
757.875787578758,0.919111898517844
757.935793579358,0.917569068486759
757.995799579958,0.916026238455672
758.055805580558,0.914586345433576
758.115811581158,0.913154200358394
758.175817581758,0.911722055283212
758.235823582358,0.910289910208032
758.295829582958,0.90885776513285
758.355835583558,0.907425620057668
758.415841584158,0.905993474982486
758.475847584759,0.904561329907304
758.535853585358,0.903129184832124
758.595859585959,0.901697039756942
758.655865586559,0.90026489468176
758.715871587159,0.898832749606578
758.775877587759,0.897400604531399
758.835883588359,0.895968459456217
758.895889588959,0.894536314381034
758.955895589559,0.893104169305852
759.015901590159,0.891664259404677
759.075907590759,0.890202813099337
759.135913591359,0.888741366793994
759.195919591959,0.887279920488651
759.255925592559,0.885818474183308
759.315931593159,0.884357027877965
759.375937593759,0.882895581572624
759.435943594359,0.881434135267281
759.495949594959,0.879972688961938
759.55595559556,0.878511242656595
759.61596159616,0.877049796351252
759.67596759676,0.875588350045912
759.73597359736,0.874126903740569
759.79597959796,0.872665457435226
759.85598559856,0.871204011129883
759.91599159916,0.86974256482454
759.97599759976,0.868281118519199
760.03600360036,0.866861718615729
760.09600960096,0.865470349646841
760.15601560156,0.864078980677953
760.21602160216,0.862687611709064
760.27602760276,0.861296242740179
760.33603360336,0.85990487377129
760.39603960396,0.858513504802402
760.45604560456,0.857122135833514
760.516051605161,0.855730766864626
760.576057605761,0.85433939789574
760.636063606361,0.852948028926852
760.696069606961,0.851556659957963
760.756075607561,0.850165290989075
760.816081608161,0.848773922020187
760.876087608761,0.847382553051301
760.936093609361,0.845991184082413
760.996099609961,0.844599815113525
761.056105610561,0.84320459748999
761.116111611161,0.841809112312923
761.176117611761,0.840413627135859
761.236123612361,0.839018141958792
761.296129612961,0.837622656781725
761.356135613561,0.836227171604658
761.416141614161,0.834831686427592
761.476147614761,0.833436201250527
761.536153615362,0.832040716073461
761.596159615962,0.830645230896394
761.656165616562,0.829249745719327
761.716171617162,0.82785426054226
761.776177617762,0.826458775365196
761.836183618362,0.825063290188129
761.896189618962,0.823667805011063
761.956195619562,0.822272319833996
762.016201620162,0.820904233562096
762.076207620762,0.819610225811574
762.136213621362,0.818316218061051
762.196219621962,0.817022210310527
762.256225622562,0.815728202560004
762.316231623162,0.81443419480948
762.376237623762,0.813140187058959
762.436243624362,0.811846179308435
762.496249624963,0.810552171557912
762.556255625563,0.809258163807388
762.616261626163,0.807964156056864
762.676267626763,0.806670148306343
762.736273627363,0.80537614055582
762.796279627963,0.804082132805296
762.856285628563,0.802788125054772
762.916291629163,0.801494117304251
762.976297629763,0.800200109553727
763.036303630363,0.798948643781678
763.096309630963,0.797724953350946
763.156315631563,0.796501262920215
763.216321632163,0.795277572489485
763.276327632763,0.794053882058753
763.336333633363,0.792830191628022
763.396339633963,0.79160650119729
763.456345634563,0.790382810766558
763.516351635163,0.789159120335829
763.576357635764,0.787935429905097
763.636363636364,0.786711739474365
763.696369636964,0.785488049043634
763.756375637564,0.784264358612902
763.816381638164,0.783040668182173
763.876387638764,0.781816977751441
763.936393639364,0.780593287320709
763.996399639964,0.779369596889978
764.056405640564,0.778181876731132
764.116411641164,0.776996452547089
764.176417641764,0.775811028363045
764.236423642364,0.774625604179
764.296429642964,0.773440179994956
764.356435643564,0.772254755810911
764.416441644164,0.771069331626869
764.476447644764,0.769883907442824
764.536453645365,0.76869848325878
764.596459645965,0.767513059074735
764.656465646565,0.766327634890691
764.716471647165,0.765142210706648
764.776477647765,0.763956786522604
764.836483648365,0.762771362338559
764.896489648965,0.761585938154515
764.956495649565,0.76040051397047
765.016501650165,0.759222148870352
765.076507650765,0.758062394082396
765.136513651365,0.756902639294439
765.196519651965,0.755742884506483
765.256525652565,0.754583129718526
765.316531653165,0.753423374930572
765.376537653765,0.752263620142615
765.436543654365,0.751103865354659
765.496549654966,0.749944110566703
765.556555655566,0.748784355778746
765.616561656166,0.747624600990792
765.676567656766,0.746464846202835
765.736573657366,0.745305091414879
765.796579657966,0.744145336626922
765.856585658566,0.742985581838966
765.916591659166,0.741825827051012
765.976597659766,0.740666072263055
766.036603660366,0.73946825595748
766.096609660966,0.738246105239002
766.156615661566,0.737023954520524
766.216621662166,0.735801803802048
766.276627662766,0.73457965308357
766.336633663366,0.733357502365091
766.396639663966,0.732135351646613
766.456645664566,0.730913200928137
766.516651665166,0.729691050209659
766.576657665767,0.72846889949118
766.636663666367,0.727246748772702
766.696669666967,0.726024598054224
766.756675667567,0.724802447335748
766.816681668167,0.72358029661727
766.876687668767,0.722358145898791
766.936693669367,0.721135995180313
766.996699669967,0.719913844461835
767.056705670567,0.718786618034572
767.116711671167,0.717664916301505
767.176717671767,0.716543214568437
767.236723672367,0.71542151283537
767.296729672967,0.714299811102303
767.356735673567,0.713178109369238
767.416741674167,0.71205640763617
767.476747674767,0.710934705903103
767.536753675368,0.709813004170036
767.596759675968,0.708691302436969
767.656765676568,0.707569600703903
767.716771677168,0.706447898970836
767.776777677768,0.705326197237769
767.836783678368,0.704204495504702
767.896789678968,0.703082793771634
767.956795679568,0.701961092038569
768.016801680168,0.700839085920238
768.076807680768,0.699716297096943
768.136813681368,0.698593508273649
768.196819681968,0.697470719450354
768.256825682568,0.696347930627061
768.316831683168,0.695225141803766
768.376837683768,0.694102352980472
768.436843684368,0.692979564157177
768.496849684969,0.691856775333882
768.556855685569,0.69073398651059
768.616861686169,0.689611197687295
768.676867686769,0.688488408864
768.736873687369,0.687365620040705
768.796879687969,0.68624283121741
768.856885688569,0.685120042394118
768.916891689169,0.683997253570823
768.976897689769,0.682874464747528
769.036903690369,0.681802346624393
769.096909690969,0.680761949183472
769.156915691569,0.679721551742553
769.216921692169,0.678681154301632
769.276927692769,0.677640756860711
769.336933693369,0.67660035941979
769.396939693969,0.675559961978869
769.456945694569,0.674519564537949
769.516951695169,0.673479167097028
769.57695769577,0.672438769656107
769.63696369637,0.671398372215186
769.69696969697,0.670357974774265
769.75697569757,0.669317577333346
769.81698169817,0.668277179892425
769.87698769877,0.667236782451503
769.93699369937,0.666196385010582
769.99699969997,0.665155987569661
770.05700570057,0.664137813948746
770.11701170117,0.663120810002566
770.17701770177,0.662103806056386
770.23702370237,0.661086802110206
770.29702970297,0.660069798164026
770.35703570357,0.659052794217848
770.41704170417,0.658035790271668
770.47704770477,0.657018786325488
770.537053705371,0.656001782379308
770.597059705971,0.654984778433129
770.657065706571,0.653967774486949
770.717071707171,0.652950770540769
770.777077707771,0.651933766594589
770.837083708371,0.650916762648409
770.897089708971,0.649899758702231
770.957095709571,0.648882754756051
771.017101710171,0.647875395631096
771.077107710771,0.646892233162897
771.137113711371,0.645909070694698
771.197119711971,0.644925908226501
771.257125712571,0.643942745758303
771.317131713171,0.642959583290104
771.377137713771,0.641976420821905
771.437143714371,0.640993258353707
771.497149714971,0.64001009588551
771.557155715572,0.639026933417311
771.617161716172,0.638043770949112
771.677167716772,0.637060608480914
771.737173717372,0.636077446012715
771.797179717972,0.635094283544518
771.857185718572,0.63411112107632
771.917191719172,0.633127958608121
771.977197719772,0.632144796139922
772.037203720372,0.631181765803538
772.097209720972,0.630231074515686
772.157215721572,0.629280383227833
772.217221722172,0.62832969193998
772.277227722772,0.627379000652127
772.337233723372,0.626428309364274
772.397239723972,0.625477618076423
772.457245724572,0.624526926788569
772.517251725173,0.623576235500716
772.577257725773,0.622625544212863
772.637263726373,0.62167485292501
772.697269726973,0.620724161637159
772.757275727573,0.619773470349306
772.817281728173,0.618822779061453
772.877287728773,0.6178720877736
772.937293729373,0.616921396485746
772.997299729973,0.615970705197895
773.057305730573,0.615049715253029
773.117311731173,0.614130124847884
773.177317731773,0.61321053444274
773.237323732373,0.612290944037596
773.297329732973,0.611371353632453
773.357335733573,0.610451763227309
773.417341734173,0.609532172822164
773.477347734774,0.60861258241702
773.537353735374,0.607692992011876
773.597359735974,0.606773401606733
773.657365736574,0.605853811201589
773.717371737174,0.604934220796444
773.777377737774,0.6040146303913
773.837383738374,0.603095039986155
773.897389738974,0.602175449581013
773.957395739574,0.601255859175868
774.017401740174,0.600344890640395
774.077407740774,0.599455030820323
774.137413741374,0.598565171000253
774.197419741974,0.597675311180181
774.257425742574,0.596785451360109
774.317431743174,0.595895591540037
774.377437743774,0.595005731719965
774.437443744374,0.594115871899894
774.497449744974,0.593226012079822
774.557455745575,0.59233615225975
774.617461746175,0.591446292439678
774.677467746775,0.590556432619606
774.737473747375,0.589666572799536
774.797479747975,0.588776712979464
774.857485748575,0.587886853159391
774.917491749175,0.586996993339319
774.977497749775,0.586107133519247
775.037503750375,0.585234998878824
775.097509750975,0.584373499346188
775.157515751575,0.583511999813552
775.217521752175,0.582650500280915
775.277527752775,0.581789000748279
775.337533753375,0.580927501215644
775.397539753975,0.580066001683008
775.457545754575,0.579204502150371
775.517551755176,0.578343002617735
775.577557755776,0.577481503085098
775.637563756376,0.576620003552464
775.697569756976,0.575758504019827
775.757575757576,0.574897004487191
775.817581758176,0.574035504954554
775.877587758776,0.573174005421918
775.937593759376,0.572312505889283
775.997599759976,0.571451006356647
776.057605760576,0.570615417214217
776.117611761176,0.56978090767138
776.177617761776,0.568946398128543
776.237623762376,0.568111888585707
776.297629762976,0.56727737904287
776.357635763576,0.566442869500032
776.417641764176,0.565608359957195
776.477647764777,0.564773850414358
776.537653765376,0.563939340871522
776.597659765977,0.563104831328685
776.657665766577,0.562270321785847
776.717671767177,0.56143581224301
776.777677767777,0.560601302700173
776.837683768377,0.559766793157337
776.897689768977,0.558932283614499
776.957695769577,0.558097774071662
777.017701770177,0.557270822338013
777.077707770777,0.556461932487338
777.137713771377,0.555653042636665
777.197719771977,0.55484415278599
777.257725772577,0.554035262935315
777.317731773177,0.55322637308464
777.377737773777,0.552417483233965
777.437743774377,0.551608593383292
777.497749774977,0.550799703532617
777.557755775578,0.549990813681942
777.617761776178,0.549181923831267
777.677767776778,0.548373033980593
777.737773777378,0.547564144129919
777.797779777978,0.546755254279244
777.857785778578,0.54594636442857
777.917791779178,0.545137474577895
777.977797779778,0.54432858472722
778.037803780378,0.543534971995098
778.097809780978,0.542750331538949
778.157815781578,0.5419656910828
778.217821782178,0.541181050626652
778.277827782778,0.540396410170504
778.337833783378,0.539611769714355
778.397839783978,0.538827129258207
778.457845784578,0.538042488802058
778.517851785179,0.537257848345909
778.577857785779,0.536473207889762
778.637863786379,0.535688567433613
778.697869786979,0.534903926977464
778.757875787579,0.534119286521315
778.817881788179,0.533334646065166
778.877887788779,0.532550005609019
778.937893789379,0.53176536515287
778.997899789979,0.530980724696721
779.057905790579,0.530218162569071
779.117911791179,0.529456401209811
779.177917791779,0.528694639850553
779.237923792379,0.527932878491293
779.297929792979,0.527171117132033
779.357935793579,0.526409355772774
779.417941794179,0.525647594413514
779.477947794779,0.524885833054256
779.53795379538,0.524124071694996
779.59795979598,0.523362310335737
779.65796579658,0.522600548976477
779.71797179718,0.521838787617217
779.77797779778,0.521077026257959
779.83798379838,0.5203152648987
779.89798979898,0.51955350353944
779.95799579958,0.51879174218018
780.01800180018,0
780.07800780078,0
780.13801380138,0
780.19801980198,0
780.25802580258,0
780.31803180318,0
780.37803780378,0
780.43804380438,0
780.49804980498,0
780.558055805581,0
780.618061806181,0
780.678067806781,0
780.738073807381,0
780.798079807981,0
780.858085808581,0
780.918091809181,0
780.978097809781,0
781.038103810381,0
781.098109810981,0
781.158115811581,0
781.218121812181,0
781.278127812781,0
781.338133813381,0
781.398139813981,0
781.458145814581,0
781.518151815182,0
781.578157815782,0
781.638163816382,0
781.698169816982,0
781.758175817582,0
781.818181818182,0
781.878187818782,0
781.938193819382,0
781.998199819982,0
782.058205820582,0
782.118211821182,0
782.178217821782,0
782.238223822382,0
782.298229822982,0
782.358235823582,0
782.418241824182,0
782.478247824782,0
782.538253825383,0
782.598259825983,0
782.658265826583,0
782.718271827183,0
782.778277827783,0
782.838283828383,0
782.898289828983,0
782.958295829583,0
783.018301830183,0
783.078307830783,0
783.138313831383,0
783.198319831983,0
783.258325832583,0
783.318331833183,0
783.378337833783,0
783.438343834383,0
783.498349834984,0
783.558355835584,0
783.618361836184,0
783.678367836784,0
783.738373837384,0
783.798379837984,0
783.858385838584,0
783.918391839184,0
783.978397839784,0
784.038403840384,0
784.098409840984,0
784.158415841584,0
784.218421842184,0
784.278427842784,0
784.338433843384,0
784.398439843984,0
784.458445844585,0
784.518451845184,0
784.578457845785,0
784.638463846385,0
784.698469846985,0
784.758475847585,0
784.818481848185,0
784.878487848785,0
784.938493849385,0
784.998499849985,0
785.058505850585,0
785.118511851185,0
785.178517851785,0
785.238523852385,0
785.298529852985,0
785.358535853585,0
785.418541854185,0
785.478547854785,0
785.538553855386,0
785.598559855986,0
785.658565856586,0
785.718571857186,0
785.778577857786,0
785.838583858386,0
785.898589858986,0
785.958595859586,0
786.018601860186,0
786.078607860786,0
786.138613861386,0
786.198619861986,0
786.258625862586,0
786.318631863186,0
786.378637863786,0
786.438643864386,0
786.498649864987,0
786.558655865587,0
786.618661866187,0
786.678667866787,0
786.738673867387,0
786.798679867987,0
786.858685868587,0
786.918691869187,0
786.978697869787,0
787.038703870387,0
787.098709870987,0
787.158715871587,0
787.218721872187,0
787.278727872787,0
787.338733873387,0
787.398739873987,0
787.458745874587,0
787.518751875187,0
787.578757875788,0
787.638763876388,0
787.698769876988,0
787.758775877588,0
787.818781878188,0
787.878787878788,0
787.938793879388,0
787.998799879988,0
788.058805880588,0
788.118811881188,0
788.178817881788,0
788.238823882388,0
788.298829882988,0
788.358835883588,0
788.418841884188,0
788.478847884788,0
788.538853885389,0
788.598859885989,0
788.658865886589,0
788.718871887189,0
788.778877887789,0
788.838883888389,0
788.898889888989,0
788.958895889589,0
789.018901890189,0
789.078907890789,0
789.138913891389,0
789.198919891989,0
789.258925892589,0
789.318931893189,0
789.378937893789,0
789.438943894389,0
789.498949894989,0
789.55895589559,0
789.61896189619,0
789.67896789679,0
789.73897389739,0
789.79897989799,0
789.85898589859,0
789.91899189919,0
789.97899789979,0
790.03900390039,0
790.09900990099,0
790.15901590159,0
790.21902190219,0
790.27902790279,0
790.33903390339,0
790.39903990399,0
790.45904590459,0
790.519051905191,0
790.579057905791,0
790.639063906391,0
790.699069906991,0
790.759075907591,0
790.819081908191,0
790.879087908791,0
790.939093909391,0
790.999099909991,0
791.059105910591,0
791.119111911191,0
791.179117911791,0
791.239123912391,0
791.299129912991,0
791.359135913591,0
791.419141914191,0
791.479147914791,0
791.539153915392,0
791.599159915992,0
791.659165916592,0
791.719171917192,0
791.779177917792,0
791.839183918392,0
791.899189918992,0
791.959195919592,0
792.019201920192,0
792.079207920792,0
792.139213921392,0
792.199219921992,0
792.259225922592,0
792.319231923192,0
792.379237923792,0
792.439243924392,0
792.499249924992,0
792.559255925593,0
792.619261926193,0
792.679267926793,0
792.739273927393,0
792.799279927993,0
792.859285928593,0
792.919291929193,0
792.979297929793,0
793.039303930393,0
793.099309930993,0
793.159315931593,0
793.219321932193,0
793.279327932793,0
793.339333933393,0
793.399339933993,0
793.459345934593,0
793.519351935194,0
793.579357935794,0
793.639363936394,0
793.699369936994,0
793.759375937594,0
793.819381938194,0
793.879387938794,0
793.939393939394,0
793.999399939994,0
794.059405940594,0
794.119411941194,0
794.179417941794,0
794.239423942394,0
794.299429942994,0
794.359435943594,0
794.419441944194,0
794.479447944795,0
794.539453945394,0
794.599459945995,0
794.659465946595,0
794.719471947195,0
794.779477947795,0
794.839483948395,0
794.899489948995,0
794.959495949595,0
795.019501950195,0
795.079507950795,0
795.139513951395,0
795.199519951995,0
795.259525952595,0
795.319531953195,0
795.379537953795,0
795.439543954395,0
795.499549954995,0
795.559555955596,0
795.619561956196,0
795.679567956796,0
795.739573957396,0
795.799579957996,0
795.859585958596,0
795.919591959196,0
795.979597959796,0
796.039603960396,0
796.099609960996,0
796.159615961596,0
796.219621962196,0
796.279627962796,0
796.339633963396,0
796.399639963996,0
796.459645964596,0
796.519651965197,0
796.579657965797,0
796.639663966397,0
796.699669966997,0
796.759675967597,0
796.819681968197,0
796.879687968797,0
796.939693969397,0
796.999699969997,0
797.059705970597,0
797.119711971197,0
797.179717971797,0
797.239723972397,0
797.299729972997,0
797.359735973597,0
797.419741974197,0
797.479747974797,0
797.539753975398,0
797.599759975998,0
797.659765976598,0
797.719771977198,0
797.779777977798,0
797.839783978398,0
797.899789978998,0
797.959795979598,0
798.019801980198,0
798.079807980798,0
798.139813981398,0
798.199819981998,0
798.259825982598,0
798.319831983198,0
798.379837983798,0
798.439843984398,0
798.499849984998,0
798.559855985599,0
798.619861986199,0
798.679867986799,0
798.739873987399,0
798.799879987999,0
798.859885988599,0
798.919891989199,0
798.979897989799,0
799.039903990399,0
799.099909990999,0
799.159915991599,0
799.219921992199,0
799.279927992799,0
799.339933993399,0
799.399939993999,0
799.459945994599,0
799.5199519952,0
799.5799579958,0
799.6399639964,0
799.699969997,0
799.7599759976,0
799.8199819982,0
799.8799879988,0
799.9399939994,0
800,0
