wavelength_nm,intensity
200,0
200.0600060006,0
200.1200120012,0
200.1800180018,0
200.2400240024,0
200.300030003,0
200.3600360036,0
200.4200420042,0
200.4800480048,0
200.540054005401,0
200.600060006001,0
200.660066006601,0
200.720072007201,0
200.780078007801,0
200.840084008401,0
200.900090009001,0
200.960096009601,0
201.020102010201,0
201.080108010801,0
201.140114011401,0
201.200120012001,0
201.260126012601,0
201.320132013201,0
201.380138013801,0
201.440144014401,0
201.500150015002,0
201.560156015602,0
201.620162016202,0
201.680168016802,0
201.740174017402,0
201.800180018002,0
201.860186018602,0
201.920192019202,0
201.980198019802,0
202.040204020402,0
202.100210021002,0
202.160216021602,0
202.220222022202,0
202.280228022802,0
202.340234023402,0
202.400240024002,0
202.460246024602,0
202.520252025203,0
202.580258025803,0
202.640264026403,0
202.700270027003,0
202.760276027603,0
202.820282028203,0
202.880288028803,0
202.940294029403,0
203.000300030003,0
203.060306030603,0
203.120312031203,0
203.180318031803,0
203.240324032403,0
203.300330033003,0
203.360336033603,0
203.420342034203,0
203.480348034803,0
203.540354035404,0
203.600360036004,0
203.660366036604,0
203.720372037204,0
203.780378037804,0
203.840384038404,0
203.900390039004,0
203.960396039604,0
204.020402040204,0
204.080408040804,0
204.140414041404,0
204.200420042004,0
204.260426042604,0
204.320432043204,0
204.380438043804,0
204.440444044404,0
204.500450045004,0
204.560456045605,0
204.620462046205,0
204.680468046805,0
204.740474047405,0
204.800480048005,0
204.860486048605,0
204.920492049205,0
204.980498049805,0
205.040504050405,0
205.100510051005,0
205.160516051605,0
205.220522052205,0
205.280528052805,0
205.340534053405,0
205.400540054005,0
205.460546054605,0
205.520552055206,0
205.580558055806,0
205.640564056406,0
205.700570057006,0
205.760576057606,0
205.820582058206,0
205.880588058806,0
205.940594059406,0
206.000600060006,0
206.060606060606,0
206.120612061206,0
206.180618061806,0
206.240624062406,0
206.300630063006,0
206.360636063606,0
206.420642064206,0
206.480648064806,0
206.540654065407,0
206.600660066007,0
206.660666066607,0
206.720672067207,0
206.780678067807,0
206.840684068407,0
206.900690069007,0
206.960696069607,0
207.020702070207,0
207.080708070807,0
207.140714071407,0
207.200720072007,0
207.260726072607,0
207.320732073207,0
207.380738073807,0
207.440744074407,0
207.500750075007,0
207.560756075608,0
207.620762076208,0
207.680768076808,0
207.740774077408,0
207.800780078008,0
207.860786078608,0
207.920792079208,0
207.980798079808,0
208.040804080408,0
208.100810081008,0
208.160816081608,0
208.220822082208,0
208.280828082808,0
208.340834083408,0
208.400840084008,0
208.460846084608,0
208.520852085209,0
208.580858085809,0
208.640864086409,0
208.700870087009,0
208.760876087609,0
208.820882088209,0
208.880888088809,0
208.940894089409,0
209.000900090009,0
209.060906090609,0
209.120912091209,0
209.180918091809,0
209.240924092409,0
209.300930093009,0
209.360936093609,0
209.420942094209,0
209.480948094809,0
209.54095409541,0
209.60096009601,0
209.66096609661,0
209.72097209721,0
209.78097809781,0
209.84098409841,0
209.90099009901,0
209.96099609961,0
210.02100210021,0
210.08100810081,0
210.14101410141,0
210.20102010201,0
210.26102610261,0
210.32103210321,0
210.38103810381,0
210.44104410441,0
210.501050105011,0
210.561056105611,0
210.621062106211,0
210.681068106811,0
210.741074107411,0
210.801080108011,0
210.861086108611,0
210.921092109211,0
210.981098109811,0
211.041104110411,0
211.101110111011,0
211.161116111611,0
211.221122112211,0
211.281128112811,0
211.341134113411,0
211.401140114011,0
211.461146114611,0
211.521152115212,0
211.581158115812,0
211.641164116412,0
211.701170117012,0
211.761176117612,0
211.821182118212,0
211.881188118812,0
211.941194119412,0
212.001200120012,0
212.061206120612,0
212.121212121212,0
212.181218121812,0
212.241224122412,0
212.301230123012,0
212.361236123612,0
212.421242124212,0
212.481248124812,0
212.541254125413,0
212.601260126013,0
212.661266126613,0
212.721272127213,0
212.781278127813,0
212.841284128413,0
212.901290129013,0
212.961296129613,0
213.021302130213,0
213.081308130813,0
213.141314131413,0
213.201320132013,0
213.261326132613,0
213.321332133213,0
213.381338133813,0
213.441344134413,0
213.501350135013,0
213.561356135614,0
213.621362136214,0
213.681368136814,0
213.741374137414,0
213.801380138014,0
213.861386138614,0
213.921392139214,0
213.981398139814,0
214.041404140414,0
214.101410141014,0
214.161416141614,0
214.221422142214,0
214.281428142814,0
214.341434143414,0
214.401440144014,0
214.461446144614,0
214.521452145215,0
214.581458145815,0
214.641464146415,0
214.701470147015,0
214.761476147615,0
214.821482148215,0
214.881488148815,0
214.941494149415,0
215.001500150015,0
215.061506150615,0
215.121512151215,0
215.181518151815,0
215.241524152415,0
215.301530153015,0
215.361536153615,0
215.421542154215,0
215.481548154815,0
215.541554155416,0
215.601560156016,0
215.661566156616,0
215.721572157216,0
215.781578157816,0
215.841584158416,0
215.901590159016,0
215.961596159616,0
216.021602160216,0
216.081608160816,0
216.141614161416,0
216.201620162016,0
216.261626162616,0
216.321632163216,0
216.381638163816,0
216.441644164416,0
216.501650165016,0
216.561656165617,0
216.621662166217,0
216.681668166817,0
216.741674167417,0
216.801680168017,0
216.861686168617,0
216.921692169217,0
216.981698169817,0
217.041704170417,0
217.101710171017,0
217.161716171617,0
217.221722172217,0
217.281728172817,0
217.341734173417,0
217.401740174017,0
217.461746174617,0
217.521752175218,0
217.581758175818,0
217.641764176418,0
217.701770177018,0
217.761776177618,0
217.821782178218,0
217.881788178818,0
217.941794179418,0
218.001800180018,0
218.061806180618,0
218.121812181218,0
218.181818181818,0
218.241824182418,0
218.301830183018,0
218.361836183618,0
218.421842184218,0
218.481848184818,0
218.541854185419,0
218.601860186019,0
218.661866186619,0
218.721872187219,0
218.781878187819,0
218.841884188419,0
218.901890189019,0
218.961896189619,0
219.021902190219,0
219.081908190819,0
219.141914191419,0
219.201920192019,0
219.261926192619,0
219.321932193219,0
219.381938193819,0
219.441944194419,0
219.50195019502,0
219.56195619562,0
219.62196219622,0
219.68196819682,0
219.74197419742,0
219.80198019802,0
219.86198619862,0
219.92199219922,0
219.98199819982,0
220.04200420042,0
220.10201020102,0
220.16201620162,0
220.22202220222,0
220.28202820282,0
220.34203420342,0
220.40204020402,0
220.46204620462,0
220.522052205221,0
220.582058205821,0
220.642064206421,0
220.702070207021,0
220.762076207621,0
220.822082208221,0
220.882088208821,0
220.942094209421,0
221.002100210021,0
221.062106210621,0
221.122112211221,0
221.182118211821,0
221.242124212421,0
221.302130213021,0
221.362136213621,0
221.422142214221,0
221.482148214821,0
221.542154215422,0
221.602160216022,0
221.662166216622,0
221.722172217222,0
221.782178217822,0
221.842184218422,0
221.902190219022,0
221.962196219622,0
222.022202220222,0
222.082208220822,0
222.142214221422,0
222.202220222022,0
222.262226222622,0
222.322232223222,0
222.382238223822,0
222.442244224422,0
222.502250225022,0
222.562256225623,0
222.622262226223,0
222.682268226823,0
222.742274227423,0
222.802280228023,0
222.862286228623,0
222.922292229223,0
222.982298229823,0
223.042304230423,0
223.102310231023,0
223.162316231623,0
223.222322232223,0
223.282328232823,0
223.342334233423,0
223.402340234023,0
223.462346234623,0
223.522352235224,0
223.582358235824,0
223.642364236424,0
223.702370237024,0
223.762376237624,0
223.822382238224,0
223.882388238824,0
223.942394239424,0
224.002400240024,0
224.062406240624,0
224.122412241224,0
224.182418241824,0
224.242424242424,0
224.302430243024,0
224.362436243624,0
224.422442244224,0
224.482448244824,0
224.542454245425,0
224.602460246025,0
224.662466246625,0
224.722472247225,0
224.782478247825,0
224.842484248425,0
224.902490249025,0
224.962496249625,0
225.022502250225,0
225.082508250825,0
225.142514251425,0
225.202520252025,0
225.262526252625,0
225.322532253225,0
225.382538253825,0
225.442544254425,0
225.502550255026,0
225.562556255626,0
225.622562256226,0
225.682568256826,0
225.742574257426,0
225.802580258026,0
225.862586258626,0
225.922592259226,0
225.982598259826,0
226.042604260426,0
226.102610261026,0
226.162616261626,0
226.222622262226,0
226.282628262826,0
226.342634263426,0
226.402640264026,0
226.462646264626,0
226.522652265227,0
226.582658265827,0
226.642664266427,0
226.702670267027,0
226.762676267627,0
226.822682268227,0
226.882688268827,0
226.942694269427,0
227.002700270027,0
227.062706270627,0
227.122712271227,0
227.182718271827,0
227.242724272427,0
227.302730273027,0
227.362736273627,0
227.422742274227,0
227.482748274827,0
227.542754275428,0
227.602760276028,0
227.662766276628,0
227.722772277228,0
227.782778277828,0
227.842784278428,0
227.902790279028,0
227.962796279628,0
228.022802280228,0
228.082808280828,0
228.142814281428,0
228.202820282028,0
228.262826282628,0
228.322832283228,0
228.382838283828,0
228.442844284428,0
228.502850285029,0
228.562856285629,0
228.622862286229,0
228.682868286829,0
228.742874287429,0
228.802880288029,0
228.862886288629,0
228.922892289229,0
228.982898289829,0
229.042904290429,0
229.102910291029,0
229.162916291629,0
229.222922292229,0
229.282928292829,0
229.342934293429,0
229.402940294029,0
229.462946294629,0
229.52295229523,0
229.58295829583,0
229.64296429643,0
229.70297029703,0
229.76297629763,0
229.82298229823,0
229.88298829883,0
229.94299429943,0
230.00300030003,0
230.06300630063,0
230.12301230123,0
230.18301830183,0
230.24302430243,0
230.30303030303,0
230.36303630363,0
230.42304230423,0
230.48304830483,0
230.543054305431,0
230.603060306031,0
230.663066306631,0
230.723072307231,0
230.783078307831,0
230.843084308431,0
230.903090309031,0
230.963096309631,0
231.023102310231,0
231.083108310831,0
231.143114311431,0
231.203120312031,0
231.263126312631,0
231.323132313231,0
231.383138313831,0
231.443144314431,0
231.503150315032,0
231.563156315632,0
231.623162316232,0
231.683168316832,0
231.743174317432,0
231.803180318032,0
231.863186318632,0
231.923192319232,0
231.983198319832,0
232.043204320432,0
232.103210321032,0
232.163216321632,0
232.223222322232,0
232.283228322832,0
232.343234323432,0
232.403240324032,0
232.463246324632,0
232.523252325233,0
232.583258325833,0
232.643264326433,0
232.703270327033,0
232.763276327633,0
232.823282328233,0
232.883288328833,0
232.943294329433,0
233.003300330033,0
233.063306330633,0
233.123312331233,0
233.183318331833,0
233.243324332433,0
233.303330333033,0
233.363336333633,0
233.423342334233,0
233.483348334833,0
233.543354335434,0
233.603360336034,0
233.663366336634,0
233.723372337234,0
233.783378337834,0
233.843384338434,0
233.903390339034,0
233.963396339634,0
234.023402340234,0
234.083408340834,0
234.143414341434,0
234.203420342034,0
234.263426342634,0
234.323432343234,0
234.383438343834,0
234.443444344434,0
234.503450345035,0
234.563456345635,0
234.623462346235,0
234.683468346835,0
234.743474347435,0
234.803480348035,0
234.863486348635,0
234.923492349235,0
234.983498349835,0
235.043504350435,0
235.103510351035,0
235.163516351635,0
235.223522352235,0
235.283528352835,0
235.343534353435,0
235.403540354035,0
235.463546354635,0
235.523552355236,0
235.583558355836,0
235.643564356436,0
235.703570357036,0
235.763576357636,0
235.823582358236,0
235.883588358836,0
235.943594359436,0
236.003600360036,0
236.063606360636,0
236.123612361236,0
236.183618361836,0
236.243624362436,0
236.303630363036,0
236.363636363636,0
236.423642364236,0
236.483648364836,0
236.543654365437,0
236.603660366037,0
236.663666366637,0
236.723672367237,0
236.783678367837,0
236.843684368437,0
236.903690369037,0
236.963696369637,0
237.023702370237,0
237.083708370837,0
237.143714371437,0
237.203720372037,0
237.263726372637,0
237.323732373237,0
237.383738373837,0
237.443744374437,0
237.503750375037,0
237.563756375638,0
237.623762376238,0
237.683768376838,0
237.743774377438,0
237.803780378038,0
237.863786378638,0
237.923792379238,0
237.983798379838,0
238.043804380438,0
238.103810381038,0
238.163816381638,0
238.223822382238,0
238.283828382838,0
238.343834383438,0
238.403840384038,0
238.463846384638,0
238.523852385239,0
238.583858385839,0
238.643864386439,0
238.703870387039,0
238.763876387639,0
238.823882388239,0
238.883888388839,0
238.943894389439,0
239.003900390039,0
239.063906390639,0
239.123912391239,0
239.183918391839,0
239.243924392439,0
239.303930393039,0
239.363936393639,0
239.423942394239,0
239.48394839484,0
239.54395439544,0
239.60396039604,0
239.66396639664,0
239.72397239724,0
239.78397839784,0
239.84398439844,0
239.90399039904,0
239.96399639964,0
240.02400240024,0
240.08400840084,0
240.14401440144,0
240.20402040204,0
240.26402640264,0
240.32403240324,0
240.38403840384,0
240.44404440444,0
240.504050405041,0
240.564056405641,0
240.624062406241,0
240.684068406841,0
240.744074407441,0
240.804080408041,0
240.864086408641,0
240.924092409241,0
240.984098409841,0
241.044104410441,0
241.104110411041,0
241.164116411641,0
241.224122412241,0
241.284128412841,0
241.344134413441,0
241.404140414041,0
241.464146414641,0
241.524152415242,0
241.584158415842,0
241.644164416442,0
241.704170417042,0
241.764176417642,0
241.824182418242,0
241.884188418842,0
241.944194419442,0
242.004200420042,0
242.064206420642,0
242.124212421242,0
242.184218421842,0
242.244224422442,0
242.304230423042,0
242.364236423642,0
242.424242424242,0
242.484248424842,0
242.544254425443,0
242.604260426043,0
242.664266426643,0
242.724272427243,0
242.784278427843,0
242.844284428443,0
242.904290429043,0
242.964296429643,0
243.024302430243,0
243.084308430843,0
243.144314431443,0
243.204320432043,0
243.264326432643,0
243.324332433243,0
243.384338433843,0
243.444344434443,0
243.504350435044,0
243.564356435644,0
243.624362436244,0
243.684368436844,0
243.744374437444,0
243.804380438044,0
243.864386438644,0
243.924392439244,0
243.984398439844,0
244.044404440444,0
244.104410441044,0
244.164416441644,0
244.224422442244,0
244.284428442844,0
244.344434443444,0
244.404440444044,0
244.464446444644,0
244.524452445245,0
244.584458445845,0
244.644464446445,0
244.704470447045,0
244.764476447645,0
244.824482448245,0
244.884488448845,0
244.944494449445,0
245.004500450045,0
245.064506450645,0
245.124512451245,0
245.184518451845,0
245.244524452445,0
245.304530453045,0
245.364536453645,0
245.424542454245,0
245.484548454845,0
245.544554455446,0
245.604560456046,0
245.664566456646,0
245.724572457246,0
245.784578457846,0
245.844584458446,0
245.904590459046,0
245.964596459646,0
246.024602460246,0
246.084608460846,0
246.144614461446,0
246.204620462046,0
246.264626462646,0
246.324632463246,0
246.384638463846,0
246.444644464446,0
246.504650465046,0
246.564656465647,0
246.624662466247,0
246.684668466847,0
246.744674467447,0
246.804680468047,0
246.864686468647,0
246.924692469247,0
246.984698469847,0
247.044704470447,0
247.104710471047,0
247.164716471647,0
247.224722472247,0
247.284728472847,0
247.344734473447,0
247.404740474047,0
247.464746474647,0
247.524752475248,0
247.584758475848,0
247.644764476448,0
247.704770477048,0
247.764776477648,0
247.824782478248,0
247.884788478848,0
247.944794479448,0
248.004800480048,0
248.064806480648,0
248.124812481248,0
248.184818481848,0
248.244824482448,0
248.304830483048,0
248.364836483648,0
248.424842484248,0
248.484848484848,0
248.544854485449,0
248.604860486049,0
248.664866486649,0
248.724872487249,0
248.784878487849,0
248.844884488449,0
248.904890489049,0
248.964896489649,0
249.024902490249,0
249.084908490849,0
249.144914491449,0
249.204920492049,0
249.264926492649,0
249.324932493249,0
249.384938493849,0
249.444944494449,0
249.50495049505,0
249.56495649565,0
249.62496249625,0
249.68496849685,0
249.74497449745,0
249.80498049805,0
249.86498649865,0
249.92499249925,0
249.98499849985,0
250.04500450045,0
250.10501050105,0
250.16501650165,0
250.22502250225,0
250.28502850285,0
250.34503450345,0
250.40504050405,0
250.46504650465,0
250.525052505251,0
250.585058505851,0
250.645064506451,0
250.705070507051,0
250.765076507651,0
250.825082508251,0
250.885088508851,0
250.945094509451,0
251.005100510051,0
251.065106510651,0
251.125112511251,0
251.185118511851,0
251.245124512451,0
251.305130513051,0
251.365136513651,0
251.425142514251,0
251.485148514851,0
251.545154515452,0
251.605160516052,0
251.665166516652,0
251.725172517252,0
251.785178517852,0
251.845184518452,0
251.905190519052,0
251.965196519652,0
252.025202520252,0
252.085208520852,0
252.145214521452,0
252.205220522052,0
252.265226522652,0
252.325232523252,0
252.385238523852,0
252.445244524452,0
252.505250525053,0
252.565256525653,0
252.625262526253,0
252.685268526853,0
252.745274527453,0
252.805280528053,0
252.865286528653,0
252.925292529253,0
252.985298529853,0
253.045304530453,0
253.105310531053,0
253.165316531653,0
253.225322532253,0
253.285328532853,0
253.345334533453,0
253.405340534053,0
253.465346534653,0
253.525352535254,0
253.585358535854,0
253.645364536454,0
253.705370537054,0
253.765376537654,0
253.825382538254,0
253.885388538854,0
253.945394539454,0
254.005400540054,0
254.065406540654,0
254.125412541254,0
254.185418541854,0
254.245424542454,0
254.305430543054,0
254.365436543654,0
254.425442544254,0
254.485448544854,0
254.545454545455,0
254.605460546055,0
254.665466546655,0
254.725472547255,0
254.785478547855,0
254.845484548455,0
254.905490549055,0
254.965496549655,0
255.025502550255,0
255.085508550855,0
255.145514551455,0
255.205520552055,0
255.265526552655,0
255.325532553255,0
255.385538553855,0
255.445544554455,0
255.505550555055,0
255.565556555656,0
255.625562556256,0
255.685568556856,0
255.745574557456,0
255.805580558056,0
255.865586558656,0
255.925592559256,0
255.985598559856,0
256.045604560456,0
256.105610561056,0
256.165616561656,0
256.225622562256,0
256.285628562856,0
256.345634563456,0
256.405640564056,0
256.465646564656,0
256.525652565257,0
256.585658565857,0
256.645664566457,0
256.705670567057,0
256.765676567657,0
256.825682568257,0
256.885688568857,0
256.945694569457,0
257.005700570057,0
257.065706570657,0
257.125712571257,0
257.185718571857,0
257.245724572457,0
257.305730573057,0
257.365736573657,0
257.425742574257,0
257.485748574857,0
257.545754575458,0
257.605760576058,0
257.665766576658,0
257.725772577258,0
257.785778577858,0
257.845784578458,0
257.905790579058,0
257.965796579658,0
258.025802580258,0
258.085808580858,0
258.145814581458,0
258.205820582058,0
258.265826582658,0
258.325832583258,0
258.385838583858,0
258.445844584458,0
258.505850585059,0
258.565856585659,0
258.625862586259,0
258.685868586859,0
258.745874587459,0
258.805880588059,0
258.865886588659,0
258.925892589259,0
258.985898589859,0
259.045904590459,0
259.105910591059,0
259.165916591659,0
259.225922592259,0
259.285928592859,0
259.345934593459,0
259.405940594059,0
259.465946594659,0
259.52595259526,0
259.58595859586,0
259.64596459646,0
259.70597059706,0
259.76597659766,0
259.82598259826,0
259.88598859886,0
259.94599459946,0
260.00600060006,0
260.06600660066,0
260.12601260126,0
260.18601860186,0
260.24602460246,0
260.30603060306,0
260.36603660366,0
260.42604260426,0
260.48604860486,0
260.546054605461,0
260.606060606061,0
260.666066606661,0
260.726072607261,0
260.786078607861,0
260.846084608461,0
260.906090609061,0
260.966096609661,0
261.026102610261,0
261.086108610861,0
261.146114611461,0
261.206120612061,0
261.266126612661,0
261.326132613261,0
261.386138613861,0
261.446144614461,0
261.506150615062,0
261.566156615662,0
261.626162616262,0
261.686168616862,0
261.746174617462,0
261.806180618062,0
261.866186618662,0
261.926192619262,0
261.986198619862,0
262.046204620462,0
262.106210621062,0
262.166216621662,0
262.226222622262,0
262.286228622862,0
262.346234623462,0
262.406240624062,0
262.466246624662,0
262.526252625263,0
262.586258625863,0
262.646264626463,0
262.706270627063,0
262.766276627663,0
262.826282628263,0
262.886288628863,0
262.946294629463,0
263.006300630063,0
263.066306630663,0
263.126312631263,0
263.186318631863,0
263.246324632463,0
263.306330633063,0
263.366336633663,0
263.426342634263,0
263.486348634863,0
263.546354635464,0
263.606360636064,0
263.666366636664,0
263.726372637264,0
263.786378637864,0
263.846384638464,0
263.906390639064,0
263.966396639664,0
264.026402640264,0
264.086408640864,0
264.146414641464,0
264.206420642064,0
264.266426642664,0
264.326432643264,0
264.386438643864,0
264.446444644464,0
264.506450645064,0
264.566456645665,0
264.626462646265,0
264.686468646865,0
264.746474647465,0
264.806480648065,0
264.866486648665,0
264.926492649265,0
264.986498649865,0
265.046504650465,0
265.106510651065,0
265.166516651665,0
265.226522652265,0
265.286528652865,0
265.346534653465,0
265.406540654065,0
265.466546654665,0
265.526552655266,0
265.586558655866,0
265.646564656466,0
265.706570657066,0
265.766576657666,0
265.826582658266,0
265.886588658866,0
265.946594659466,0
266.006600660066,0
266.066606660666,0
266.126612661266,0
266.186618661866,0
266.246624662466,0
266.306630663066,0
266.366636663666,0
266.426642664266,0
266.486648664866,0
266.546654665467,0
266.606660666067,0
266.666666666667,0
266.726672667267,0
266.786678667867,0
266.846684668467,0
266.906690669067,0
266.966696669667,0
267.026702670267,0
267.086708670867,0
267.146714671467,0
267.206720672067,0
267.266726672667,0
267.326732673267,0
267.386738673867,0
267.446744674467,0
267.506750675068,0
267.566756675668,0
267.626762676268,0
267.686768676868,0
267.746774677468,0
267.806780678068,0
267.866786678668,0
267.926792679268,0
267.986798679868,0
268.046804680468,0
268.106810681068,0
268.166816681668,0
268.226822682268,0
268.286828682868,0
268.346834683468,0
268.406840684068,0
268.466846684668,0
268.526852685269,0
268.586858685869,0
268.646864686469,0
268.706870687069,0
268.766876687669,0
268.826882688269,0
268.886888688869,0
268.946894689469,0
269.006900690069,0
269.066906690669,0
269.126912691269,0
269.186918691869,0
269.246924692469,0
269.306930693069,0
269.366936693669,0
269.426942694269,0
269.48694869487,0
269.54695469547,0
269.60696069607,0
269.66696669667,0
269.72697269727,0
269.78697869787,0
269.84698469847,0
269.90699069907,0
269.96699669967,0
270.02700270027,0
270.08700870087,0
270.14701470147,0
270.20702070207,0
270.26702670267,0
270.32703270327,0
270.38703870387,0
270.44704470447,0
270.507050705071,0
270.567056705671,0
270.627062706271,0
270.687068706871,0
270.747074707471,0
270.807080708071,0
270.867086708671,0
270.927092709271,0
270.987098709871,0
271.047104710471,0
271.107110711071,0
271.167116711671,0
271.227122712271,0
271.287128712871,0
271.347134713471,0
271.407140714071,0
271.467146714671,0
271.527152715272,0
271.587158715872,0
271.647164716472,0
271.707170717072,0
271.767176717672,0
271.827182718272,0
271.887188718872,0
271.947194719472,0
272.007200720072,0
272.067206720672,0
272.127212721272,0
272.187218721872,0
272.247224722472,0
272.307230723072,0
272.367236723672,0
272.427242724272,0
272.487248724872,0
272.547254725473,0
272.607260726073,0
272.667266726673,0
272.727272727273,0
272.787278727873,0
272.847284728473,0
272.907290729073,0
272.967296729673,0
273.027302730273,0
273.087308730873,0
273.147314731473,0
273.207320732073,0
273.267326732673,0
273.327332733273,0
273.387338733873,0
273.447344734473,0
273.507350735073,0
273.567356735674,0
273.627362736274,0
273.687368736874,0
273.747374737474,0
273.807380738074,0
273.867386738674,0
273.927392739274,0
273.987398739874,0
274.047404740474,0
274.107410741074,0
274.167416741674,0
274.227422742274,0
274.287428742874,0
274.347434743474,0
274.407440744074,0
274.467446744674,0
274.527452745275,0
274.587458745875,0
274.647464746475,0
274.707470747075,0
274.767476747675,0
274.827482748275,0
274.887488748875,0
274.947494749475,0
275.007500750075,0
275.067506750675,0
275.127512751275,0
275.187518751875,0
275.247524752475,0
275.307530753075,0
275.367536753675,0
275.427542754275,0
275.487548754875,0
275.547554755476,0
275.607560756076,0
275.667566756676,0
275.727572757276,0
275.787578757876,0
275.847584758476,0
275.907590759076,0
275.967596759676,0
276.027602760276,0
276.087608760876,0
276.147614761476,0
276.207620762076,0
276.267626762676,0
276.327632763276,0
276.387638763876,0
276.447644764476,0
276.507650765077,0
276.567656765677,0
276.627662766277,0
276.687668766877,0
276.747674767477,0
276.807680768077,0
276.867686768677,0
276.927692769277,0
276.987698769877,0
277.047704770477,0
277.107710771077,0
277.167716771677,0
277.227722772277,0
277.287728772877,0
277.347734773477,0
277.407740774077,0
277.467746774677,0
277.527752775278,0
277.587758775878,0
277.647764776478,0
277.707770777078,0
277.767776777678,0
277.827782778278,0
277.887788778878,0
277.947794779478,0
278.007800780078,0
278.067806780678,0
278.127812781278,0
278.187818781878,0
278.247824782478,0
278.307830783078,0
278.367836783678,0
278.427842784278,0
278.487848784878,0
278.547854785479,0
278.607860786079,0
278.667866786679,0
278.727872787279,0
278.787878787879,0
278.847884788479,0
278.907890789079,0
278.967896789679,0
279.027902790279,0
279.087908790879,0
279.147914791479,0
279.207920792079,0
279.267926792679,0
279.327932793279,0
279.387938793879,0
279.447944794479,0
279.50795079508,0
279.56795679568,0
279.62796279628,0
279.68796879688,0
279.74797479748,0
279.80798079808,0
279.86798679868,0
279.92799279928,0
279.98799879988,0
280.04800480048,1.60925897689759e-22
280.10801080108,3.02947019802025e-22
280.16801680168,4.44968141914156e-22
280.22802280228,5.86989264026422e-22
280.28802880288,7.29010386138553e-22
280.34803480348,8.71031508250819e-22
280.40804080408,1.01305263036309e-21
280.46804680468,1.15507375247522e-21
280.528052805281,1.48086369636973e-21
280.588058805881,2.01597320732052e-21
280.648064806481,2.55108271827182e-21
280.708070807081,3.08619222922312e-21
280.768076807681,3.62130174017392e-21
280.828082808281,4.15641125112522e-21
280.888088808881,4.69152076207601e-21
280.948094809481,5.22663027302731e-21
281.008100810081,8.13481863187048e-21
281.068106810681,2.6248289978995e-20
281.128112811281,4.43617613261367e-20
281.188118811881,6.24752326732612e-20
281.248124812481,8.05887040204029e-20
281.308130813081,9.87021753675446e-20
281.368136813681,1.16815646714669e-19
281.428142814281,1.34929118061811e-19
281.488148814881,1.53042589408935e-19
281.548154815482,2.56587470747084e-19
281.608160816082,3.81157527752833e-19
281.668166816682,5.05727584758463e-19
281.728172817282,6.30297641764212e-19
281.788178817882,7.54867698769842e-19
281.848184818482,8.79437755775591e-19
281.908190819082,1.00400781278134e-18
281.968196819682,1.12857786978697e-18
282.028202820282,1.38350249024915e-18
282.088208820882,1.78542268226813e-18
282.148214821482,2.18734287428748e-18
282.208220822082,2.58926306630684e-18
282.268226822682,2.99118325832582e-18
282.328232823282,3.39310345034479e-18
282.388238823882,3.79502364236415e-18
282.448244824482,4.19694383438351e-18
282.508250825083,4.77311155115603e-18
282.568256825683,6.44228646864684e-18
282.628262826283,8.11146138613765e-18
282.688268826883,9.78063630363005e-18
282.748274827483,1.14498112211224e-17
282.808280828083,1.31189861386148e-17
282.868286828683,1.47881610561056e-17
282.928292829283,1.64573359735964e-17
282.988298829883,1.81265108910888e-17
283.048304830483,2.00854761476152e-17
283.108310831083,2.21146390639057e-17
283.168316831683,2.41438019801981e-17
283.228322832283,2.61729648964886e-17
283.288328832883,2.8202127812781e-17
283.348334833483,3.02312907290734e-17
283.408340834083,3.22604536453639e-17
283.468346834683,3.42896165616563e-17
283.528352835283,7.45628982897886e-17
283.588358835884,1.57531995199512e-16
283.648364836484,2.40501092109234e-16
283.708370837084,3.23470189018879e-16
283.768376837684,4.06439285928602e-16
283.828382838284,4.89408382838246e-16
283.888388838884,5.72377479747969e-16
283.948394839484,6.55346576657692e-16
284.008400840084,7.56252475247472e-16
284.068406840684,9.67341584158445e-16
284.128412841284,1.17843069306922e-15
284.188418841884,1.38951980198019e-15
284.248424842484,1.60060891089116e-15
284.308430843084,1.81169801980193e-15
284.368436843684,2.02278712871291e-15
284.428442844284,2.23387623762368e-15
284.488448844884,2.44496534653465e-15
284.548454845485,3.021374917492e-15
284.608460846085,3.68487326732661e-15
284.668466846685,4.34837161716185e-15
284.728472847285,5.01186996699646e-15
284.788478847885,5.67536831683169e-15
284.848484848485,6.33886666666693e-15
284.908490849085,7.00236501650154e-15
284.968496849685,7.66586336633678e-15
285.028502850285,9.98652883288188e-15
285.088508850885,1.41388000600062e-14
285.148514851485,1.82910712871305e-14
285.208520852085,2.24433425142509e-14
285.268526852685,2.65956137413752e-14
285.328532853285,3.07478849684956e-14
285.388538853885,3.49001561956199e-14
285.448544854485,3.90524274227442e-14
285.508550855086,4.42244428442833e-14
285.568556855686,5.55328136813713e-14
285.628562856286,6.68411845184487e-14
285.688568856886,7.81495553555367e-14
285.748574857486,8.94579261926248e-14
285.808580858086,1.00766297029702e-13
285.868586858686,1.1207466786679e-13
285.928592859286,1.23383038703868e-13
285.988598859886,1.34691409540956e-13
286.048604860486,2.05021926192663e-13
286.108610861086,2.89197143714368e-13
286.168616861686,3.73372361236073e-13
286.228622862286,4.57547578757857e-13
286.288628862886,5.41722796279642e-13
286.348634863486,6.25898013801426e-13
286.408640864086,7.10073231323131e-13
286.468646864686,7.94248448844836e-13
286.528652865287,9.47023210320989e-13
286.588658865887,1.17486239423947e-12
286.648664866487,1.40270157815795e-12
286.708670867087,1.63054076207621e-12
286.768676867687,1.85837994599448e-12
286.828682868287,2.08621912991295e-12
286.888688868887,2.31405831383143e-12
286.948694869487,2.5418974977497e-12
287.008700870087,2.87880783078312e-12
287.068706870687,3.85886183618311e-12
287.128712871287,4.83891584158403e-12
287.188718871887,5.81896984698495e-12
287.248724872487,6.79902385238494e-12
287.308730873087,7.77907785778585e-12
287.368736873687,8.75913186318584e-12
287.428742874287,9.73918586858676e-12
287.488748874888,1.07192398739877e-11
287.548754875488,1.59183165316514e-11
287.608760876088,2.20910138013808e-11
287.668766876688,2.82637110711043e-11
287.728772877288,3.44364083408336e-11
287.788778877888,4.0609105610563e-11
287.848784878488,4.67818028802865e-11
287.908790879088,5.29545001500158e-11
287.968796879688,5.91271974197393e-11
288.028802880288,6.86323303330328e-11
288.088808880888,8.17476018601905e-11
288.148814881488,9.48628733873358e-11
288.208820882088,1.07978144914494e-10
288.268826882688,1.21093416441639e-10
288.328832883288,1.34208687968797e-10
288.388838883888,1.47323959495954e-10
288.448844884488,1.604392310231e-10
288.508850885089,1.78541923192328e-10
288.568856885689,2.25470216021585e-10
288.628862886289,2.72398508850886e-10
288.688868886889,3.19326801680187e-10
288.748874887489,3.66255094509443e-10
288.808880888089,4.13183387338744e-10
288.868886888689,4.60111680168001e-10
288.928892889289,5.07039972997302e-10
288.988898889889,5.53968265826603e-10
289.048904890489,7.10562841284105e-10
289.108910891089,8.92050990099056e-10
289.168916891689,1.07353913891384e-09
289.228922892289,1.25502728772879e-09
289.288928892889,1.43651543654374e-09
289.348934893489,1.61800358535852e-09
289.408940894089,1.79949173417347e-09
289.468946894689,1.98097988298825e-09
289.52895289529,2.30315883588364e-09
289.58895889589,2.77623414341457e-09
289.64896489649,3.24930945094506e-09
289.70897089709,3.722384758476e-09
289.76897689769,4.19546006600648e-09
289.82898289829,4.66853537353742e-09
289.88898889889,5.14161068106835e-09
289.94899489949,5.61468598859884e-09
290.00900090009,6.15660558055749e-09
290.06900690069,7.08864278427822e-09
290.12901290129,8.02067998799895e-09
290.18901890189,8.95271719171968e-09
290.24902490249,9.88475439543953e-09
290.30903090309,1.08167915991594e-08
290.36903690369,1.17488288028801e-08
290.42904290429,1.26808660066008e-08
290.489048904891,1.36129032103216e-08
290.549054905491,1.5869697569757e-08
290.609060906091,1.84222328232809e-08
290.669066906691,2.09747680768073e-08
290.729072907291,2.35273033303336e-08
290.789078907891,2.60798385838575e-08
290.849084908491,2.86323738373839e-08
290.909090909091,3.11849090909078e-08
290.969096909691,3.37374443444341e-08
291.029102910291,3.936377077708e-08
291.089108910891,4.82540198019774e-08
291.149114911491,5.71442688268834e-08
291.209120912091,6.60345178517808e-08
291.269126912691,7.49247668766868e-08
291.329132913291,8.38150159015927e-08
291.389138913891,9.27052649264902e-08
291.449144914491,1.01595513951396e-07
291.509150915091,1.12043102310222e-07
291.569156915692,1.31145412541253e-07
291.629162916292,1.50247722772283e-07
291.689168916892,1.69350033003296e-07
291.749174917492,1.88452343234326e-07
291.809180918092,2.07554653465338e-07
291.869186918692,2.26656963696369e-07
291.929192919292,2.45759273927399e-07
291.989198919892,2.64861584158412e-07
292.049204920492,2.83902880288032e-07
292.109210921092,3.029307830783e-07
292.169216921692,3.21958685868587e-07
292.229222922292,3.40986588658873e-07
292.289228922892,3.60014491449141e-07
292.349234923492,3.79042394239428e-07
292.409240924092,3.98070297029696e-07
292.469246924692,4.17098199819982e-07
292.529252925293,4.52464446444666e-07
292.589258925893,5.0500690069006e-07
292.649264926493,5.57549354935505e-07
292.709270927093,6.100918091809e-07
292.769276927693,6.62634263426345e-07
292.829282928293,7.1517671767179e-07
292.889288928893,7.67719171917185e-07
292.949294929493,8.2026162616263e-07
293.009300930093,8.90814959495897e-07
293.069306930693,1.05955663366338e-06
293.129312931293,1.22829830783086e-06
293.189318931893,1.39703998199818e-06
293.249324932493,1.56578165616566e-06
293.309330933093,1.73452333033299e-06
293.369336933693,1.90326500450047e-06
293.429342934293,2.07200667866795e-06
293.489348934893,2.24074835283527e-06
293.549354935494,2.45861398139821e-06
293.609360936094,2.68708082808275e-06
293.669366936694,2.91554767476751e-06
293.729372937294,3.14401452145226e-06
293.789378937894,3.3724813681368e-06
293.849384938494,3.60094821482134e-06
293.909390939094,3.8294150615061e-06
293.969396939694,4.05788190819086e-06
294.029402940294,4.31651617161732e-06
294.089408940894,4.60654917491749e-06
294.149414941494,4.89658217821765e-06
294.209420942094,5.1866151815181e-06
294.269426942694,5.47664818481854e-06
294.329432943294,5.76668118811898e-06
294.389438943894,6.05671419141915e-06
294.449444944494,6.34674719471931e-06
294.509450945094,6.69881998199809e-06
294.569456945695,7.38275637563772e-06
294.629462946295,8.06669276927669e-06
294.689468946895,8.75062916291632e-06
294.749474947495,9.4345655565553e-06
294.809480948095,1.01185019501949e-05
294.869486948695,1.08024383438346e-05
294.929492949295,1.14863747374735e-05
294.989498949895,1.21703111311132e-05
295.049504950495,1.38282178217813e-05
295.109510951095,1.56927242724271e-05
295.169516951695,1.75572307230728e-05
295.229522952295,1.94217371737168e-05
295.289528952895,2.12862436243626e-05
295.349534953495,2.31507500750066e-05
295.409540954095,2.50152565256524e-05
295.469546954695,2.68797629762982e-05
295.529552955296,2.90127284728467e-05
295.589558955896,3.14223294329436e-05
295.649564956496,3.38319303930383e-05
295.709570957096,3.62415313531352e-05
295.769576957696,3.86511323132321e-05
295.829582958296,4.10607332733268e-05
295.889588958896,4.34703342334237e-05
295.949594959496,4.58799351935184e-05
296.009600960096,4.83541122112211e-05
296.069606960696,5.11673135313542e-05
296.129612961296,5.39805148514846e-05
296.189618961896,5.67937161716177e-05
296.249624962496,5.96069174917481e-05
296.309630963096,6.24201188118812e-05
296.369636963696,6.52333201320143e-05
296.429642964296,6.80465214521448e-05
296.489648964897,7.08597227722779e-05
296.549654965497,7.38729342934283e-05
296.609660966097,7.69278397839785e-05
296.669666966697,7.99827452745288e-05
296.729672967297,8.30376507650761e-05
296.789678967897,8.60925562556263e-05
296.849684968497,8.91474617461737e-05
296.909690969097,9.22023672367239e-05
296.969696969697,9.52572727272741e-05
297.029702970297,0.000102103762376237
297.089708970897,0.000112818433843387
297.149714971497,0.000123533105310528
297.209720972097,0.000134247776777679
297.269726972697,0.00014496244824483
297.329732973297,0.00015567711971197
297.389738973897,0.000166391791179121
297.449744974497,0.000177106462646262
297.509750975098,0.000188104302430245
297.569756975698,0.000200561548154822
297.629762976298,0.000213018793879387
297.689768976898,0.000225476039603953
297.749774977498,0.00023793328532853
297.809780978098,0.000250390531053107
297.869786978698,0.000262847776777685
297.929792979298,0.00027530502250225
297.989798979898,0.000287762268226815
298.049804980498,0.000296654473447343
298.109810981098,0.000304816489648966
298.169816981698,0.00031297850585059
298.229822982298,0.000321140522052205
298.289828982898,0.000329302538253821
298.349834983498,0.000337464554455444
298.409840984098,0.000345626570657068
298.469846984698,0.000353788586858683
298.529852985299,0.000365903735373538
298.589858985899,0.000382011746174609
298.649864986499,0.000398119756975695
298.709870987099,0.000414227767776782
298.769876987699,0.000430335778577853
298.829882988299,0.000446443789378939
298.889888988899,0.00046255180018001
298.949894989499,0.000478659810981096
299.009900990099,0.000499408415841597
299.069906990699,0.0005436412391239
299.129912991299,0.000587874062406245
299.189918991899,0.000632106885688549
299.249924992499,0.000676339708970894
299.309930993099,0.000720572532253239
299.369936993699,0.000764805355535542
299.429942994299,0.000809038178817888
299.489948994899,0.000853271002100191
299.5499549955,0.000876647614761475
299.6099609961,0.000895827932793286
299.6699669967,0.000915008250825078
299.7299729973,0.000934188568856889
299.7899789979,0.000953368886888681
299.8499849985,0.000972549204920492
299.9099909991,0.000991729522952302
299.9699969997,0.00101090984098409
300.0300030003,0.00103397134713472
300.0900090009,0.00106091404140413
300.1500150015,0.00108785673567357
300.2100210021,0.00111479942994301
300.2700270027,0.00114174212421242
300.3300330033,0.00116868481848185
300.3900390039,0.00119562751275127
300.4500450045,0.0012225702070207
300.510051005101,0.00125876987698773
300.570057005701,0.00134097809780977
300.630063006301,0.00142318631863188
300.690069006901,0.00150539453945392
300.750075007501,0.00158760276027603
300.810081008101,0.00166981098109815
300.870087008701,0.00175201920192018
300.930093009301,0.0018342274227423
300.990099009901,0.00191643564356433
301.050105010501,0.00200629990999101
301.110111011101,0.00209767704770481
301.170117011701,0.00218905418541854
301.230123012301,0.00228043132313234
301.290129012901,0.00237180846084606
301.350135013501,0.00246318559855987
301.410141014101,0.00255456273627367
301.470147014701,0.00264593987398739
301.530153015301,0.00270524023402339
301.590159015902,0.00273278298829882
301.650165016502,0.00276032574257426
301.710171017102,0.0027878684968497
301.770177017702,0.00281541125112511
301.830183018302,0.00284295400540052
301.890189018902,0.00287049675967596
301.950195019502,0.0028980395139514
302.010201020102,0.00294871002100219
302.070207020702,0.00311229837983799
302.130213021302,0.00327588673867378
302.190219021902,0.00343947509750972
302.250225022502,0.00360306345634567
302.310231023102,0.00376665181518146
302.370237023702,0.00393024017401741
302.430243024302,0.0040938285328532
302.490249024902,0.00425741689168915
302.550255025503,0.00456648349834992
302.610261026103,0.00490377722772267
302.670267026703,0.00524107095709573
302.730273027303,0.00557836468646848
302.790279027903,0.00591565841584155
302.850285028503,0.00625295214521462
302.910291029103,0.00659024587458736
302.970297029703,0.00692753960396043
303.030303030303,0.00720874242424232
303.090309030903,0.00743496504650463
303.150315031503,0.00766118766876695
303.210321032103,0.00788741029102905
303.270327032703,0.00811363291329136
303.330333033303,0.00833985553555346
303.390339033903,0.00856607815781577
303.450345034503,0.00879230078007808
303.510351035103,0.00898965643564355
303.570357035704,0.00904853432343235
303.630363036304,0.0091074122112211
303.690369036904,0.0091662900990099
303.750375037504,0.0092251679867987
303.810381038104,0.00928404587458745
303.870387038704,0.00934292376237625
303.930393039304,0.00940180165016499
303.990399039904,0.0094606795379538
304.050405040504,0.00972040135013513
304.110411041104,0.0100183791479147
304.170417041704,0.0103163569456946
304.230423042304,0.0106143347434742
304.290429042904,0.0109123125412541
304.350435043504,0.011210290339034
304.410441044104,0.0115082681368136
304.470447044704,0.0118062459345935
304.530453045305,0.0122276864686467
304.590459045905,0.0127689405940594
304.650465046505,0.0133101947194722
304.710471047105,0.0138514488448844
304.770477047705,0.0143927029702972
304.830483048305,0.0149339570957094
304.890489048905,0.0154752112211222
304.950495049505,0.0160164653465349
305.010501050105,0.0165103807380738
305.070507050705,0.0167811278127814
305.130513051305,0.0170518748874887
305.190519051905,0.0173226219621963
305.250525052505,0.0175933690369038
305.310531053105,0.0178641161116111
305.370537053705,0.0181348631863185
305.430543054305,0.018405610261026
305.490549054906,0.0186763573357336
305.550555055506,0.0187046423642364
305.610561056106,0.018687600660066
305.670567056706,0.0186705589558956
305.730573057306,0.0186535172517252
305.790579057906,0.0186364755475548
305.850585058506,0.0186194338433843
305.910591059106,0.0186023921392139
305.970597059706,0.0185853504350435
306.030603060306,0.0187319126912691
306.090609060906,0.0190356630663067
306.150615061506,0.019339413441344
306.210621062106,0.0196431638163817
306.270627062706,0.019946914191419
306.330633063306,0.0202506645664566
306.390639063906,0.0205544149414942
306.450645064506,0.0208581653165316
306.510651065107,0.021251597659766
306.570657065707,0.0220605985598556
306.630663066307,0.0228695994599459
306.690669066907,0.0236786003600362
306.750675067507,0.0244876012601258
306.810681068107,0.0252966021602161
306.870687068707,0.0261056030603057
306.930693069307,0.026914603960396
306.990699069907,0.0277236048604863
307.050705070507,0.0286385793579356
307.110711071107,0.0295729927992801
307.170717071707,0.0305074062406237
307.230723072307,0.0314418196819682
307.290729072907,0.0323762331233126
307.350735073507,0.0333106465646563
307.410741074107,0.0342450600060007
307.470747074707,0.0351794734473444
307.530753075308,0.0357704365436544
307.590759075908,0.0360347029702971
307.650765076508,0.0362989693969396
307.710771077108,0.0365632358235824
307.770777077708,0.0368275022502249
307.830783078308,0.0370917686768677
307.890789078908,0.0373560351035105
307.950795079508,0.037620301530153
308.010801080108,0.0379146165616563
308.070807080708,0.0383458196819681
308.130813081308,0.0387770228022803
308.190819081908,0.0392082259225924
308.250825082508,0.0396394290429042
308.310831083108,0.0400706321632164
308.370837083708,0.0405018352835282
308.430843084308,0.0409330384038404
308.490849084909,0.0413642415241526
308.550855085509,0.0413388676867687
308.610861086109,0.0412313369336933
308.670867086709,0.0411238061806181
308.730873087309,0.0410162754275427
308.790879087909,0.0409087446744674
308.850885088509,0.0408012139213921
308.910891089109,0.0406936831683168
308.970897089709,0.0405861524152415
309.030903090309,0.0407053267326733
309.090909090909,0.0410380000000002
309.150915091509,0.0413706732673267
309.210921092109,0.0417033465346533
309.270927092709,0.0420360198019801
309.330933093309,0.042368693069307
309.390939093909,0.0427013663366338
309.450945094509,0.0430340396039604
309.510951095109,0.0434731794179413
309.57095709571,0.0443892310231021
309.63096309631,0.045305282628263
309.69096909691,0.0462213342334239
309.75097509751,0.0471373858385839
309.81098109811,0.0480534374437439
309.87098709871,0.0489694890489047
309.93099309931,0.0498855406540656
309.99099909991,0.0508015922592256
310.05100510051,0.0524284509450946
310.11101110111,0.0541807461746166
310.17101710171,0.0559330414041402
310.23102310231,0.0576853366336638
310.29102910291,0.0594376318631858
310.35103510351,0.0611899270927094
310.41104110411,0.0629422223222314
310.47104710471,0.064694517551755
310.531053105311,0.0666195301530159
310.591059105911,0.0687055787578752
310.651065106511,0.0707916273627365
310.711071107111,0.0728776759675958
310.771077107711,0.0749637245724571
310.831083108311,0.0770497731773184
310.891089108911,0.0791358217821777
310.951095109511,0.081221870387039
311.011101110111,0.082947710171017
311.071107110711,0.0830866840684068
311.131113111311,0.0832256579657966
311.191119111911,0.0833646318631863
311.251125112511,0.0835036057605761
311.311131113111,0.0836425796579657
311.371137113711,0.0837815535553555
311.431143114311,0.0839205274527453
311.491149114911,0.084059501350135
311.551155115512,0.085031075907591
311.611161116112,0.0861467074707467
311.671167116712,0.0872623390339034
311.731173117312,0.0883779705970602
311.791179117912,0.0894936021602158
311.851185118512,0.0906092337233726
311.911191119112,0.0917248652865283
311.971197119712,0.092840496849685
312.031203120312,0.09372597419742
312.091209120912,0.0943990015001499
312.151215121512,0.0950720288028805
312.211221122112,0.0957450561056103
312.271227122712,0.0964180834083409
312.331233123312,0.0970911107110714
312.391239123912,0.0977641380138013
312.451245124512,0.0984371653165318
312.511251125112,0.0991718037803778
312.571257125713,0.100173423942394
312.631263126313,0.101175044104411
312.691269126913,0.102176664266427
312.751275127513,0.103178284428443
312.811281128113,0.104179904590459
312.871287128713,0.105181524752475
312.931293129313,0.106183144914492
312.991299129913,0.107184765076508
313.051305130513,0.107354626462646
313.111311131113,0.107383429342934
313.171317131713,0.107412232223222
313.231323132313,0.10744103510351
313.291329132913,0.107469837983798
313.351335133513,0.107498640864086
313.411341134113,0.107527443744374
313.471347134713,0.107556246624662
313.531353135314,0.108330000000001
313.591359135914,0.109784545454545
313.651365136514,0.11123909090909
313.711371137114,0.112693636363636
313.771377137714,0.114148181818182
313.831383138314,0.115602727272727
313.891389138914,0.117057272727273
313.951395139514,0.118511818181817
314.011401140114,0.119938772877288
314.071407140714,0.121248103810381
314.131413141314,0.122557434743474
314.191419141914,0.123866765676568
314.251425142514,0.12517609660966
314.311431143114,0.126485427542754
314.371437143714,0.127794758475848
314.431443144314,0.129104089408941
314.491449144914,0.130413420342034
314.551455145515,0.131181443144314
314.611461146115,0.131859510951095
314.671467146715,0.132537578757876
314.731473147315,0.133215646564656
314.791479147915,0.133893714371437
314.851485148515,0.134571782178218
314.911491149115,0.135249849984998
314.971497149715,0.135927917791779
315.031503150315,0.135124077407741
315.091509150915,0.132979462946294
315.151515151515,0.130834848484849
315.211521152115,0.128690234023402
315.271527152715,0.126545619561955
315.331533153315,0.12440100510051
315.391539153915,0.122256390639064
315.451545154515,0.120111776177619
315.511551155116,0.118497821782178
315.571557155716,0.119109882988299
315.631563156316,0.119721944194419
315.691569156916,0.12033400540054
315.751575157516,0.12094606660666
315.811581158116,0.121558127812781
315.871587158716,0.122170189018902
315.931593159316,0.122782250225022
315.991599159916,0.123394311431143
316.051605160516,0.126254293429342
316.111611161116,0.129480216021602
316.171617161716,0.132706138613863
316.231623162316,0.13593206120612
316.291629162916,0.139157983798381
316.351635163516,0.142383906390638
316.411641164116,0.145609828982899
316.471647164717,0.148835751575159
316.531653165317,0.151703360336033
316.591659165917,0.154250015001501
316.651665166517,0.156796669666966
316.711671167117,0.159343324332434
316.771677167717,0.161889978997901
316.831683168317,0.164436633663366
316.891689168917,0.166983288328831
316.951695169517,0.169529942994299
317.011701170117,0.171834383438344
317.071707170717,0.17313891389139
317.131713171317,0.174443444344434
317.191719171917,0.175747974797479
317.251725172517,0.177052505250525
317.311731173117,0.178357035703571
317.371737173717,0.179661566156616
317.431743174317,0.180966096609661
317.491749174917,0.182270627062706
317.551755175518,0.181776147614762
317.611761176118,0.180994869486949
317.671767176718,0.180213591359136
317.731773177318,0.179432313231323
317.791779177918,0.178651035103511
317.851785178518,0.177869756975698
317.911791179118,0.177088478847885
317.971797179718,0.176307200720072
318.031803180318,0.176574155415542
318.091809180918,0.177770675067506
318.151815181518,0.178967194719472
318.211821182118,0.180163714371437
318.271827182718,0.181360234023402
318.331833183318,0.182556753675368
318.391839183918,0.183753273327332
318.451845184518,0.184949792979298
318.511851185119,0.186355367536754
318.571857185719,0.188610393039303
318.631863186319,0.190865418541854
318.691869186919,0.193120444044403
318.751875187519,0.195375469546955
318.811881188119,0.197630495049506
318.871887188719,0.199885520552055
318.931893189319,0.202140546054606
318.991899189919,0.204395571557155
319.051905190519,0.203785430543054
319.111911191119,0.202728124812481
319.171917191719,0.201670819081908
319.231923192319,0.200613513351335
319.291929192919,0.199556207620762
319.351935193519,0.198498901890189
319.411941194119,0.197441596159616
319.471947194719,0.196384290429043
319.53195319532,0.196489441944195
319.59195919592,0.197615154515451
319.65196519652,0.198740867086709
319.71197119712,0.199866579657966
319.77197719772,0.200992292229223
319.83198319832,0.20211800480048
319.89198919892,0.203243717371737
319.95199519952,0.204369429942994
320.01200120012,0.206229615961598
320.07200720072,0.211027695769576
320.13201320132,0.215825775577559
320.19201920192,0.220623855385537
320.25202520252,0.22542193519352
320.31203120312,0.230220015001502
320.37203720372,0.235018094809481
320.43204320432,0.239816174617463
320.49204920492,0.244614254425441
320.552055205521,0.245769510951095
320.612061206121,0.246368370837084
320.672067206721,0.246967230723072
320.732073207321,0.247566090609061
320.792079207921,0.248164950495049
320.852085208521,0.248763810381038
320.912091209121,0.249362670267027
320.972097209721,0.249961530153015
321.032103210321,0.249481722172218
321.092109210921,0.248064380438044
321.152115211521,0.24664703870387
321.212121212121,0.245229696969696
321.272127212721,0.243812355235524
321.332133213321,0.242395013501351
321.392139213921,0.240977671767177
321.452145214521,0.239560330033003
321.512151215121,0.238031440144015
321.572157215722,0.236063243324332
321.632163216322,0.234095046504651
321.692169216922,0.232126849684969
321.752175217522,0.230158652865286
321.812181218122,0.228190456045605
321.872187218722,0.226222259225922
321.932193219322,0.224254062406242
321.992199219922,0.222285865586559
322.052205220522,0.221514212421242
322.112211221122,0.220921353135314
322.172217221722,0.220328493849385
322.232223222322,0.219735634563457
322.292229222922,0.219142775277528
322.352235223522,0.218549915991599
322.412241224122,0.217957056705671
322.472247224722,0.217364197419742
322.532253225323,0.216778433843385
322.592259225923,0.216198775877588
322.652265226523,0.215619117911791
322.712271227123,0.215039459945995
322.772277227723,0.214459801980198
322.832283228323,0.213880144014402
322.892289228923,0.213300486048605
322.952295229523,0.212720828082808
323.012301230123,0.213154299429942
323.072307230723,0.217516735673568
323.132313231323,0.22187917191719
323.192319231923,0.226241608160816
323.252325232523,0.230604044404442
323.312331233123,0.234966480648064
323.372337233723,0.23932891689169
323.432343234323,0.243691353135312
323.492349234923,0.248053789378938
323.552355235524,0.251412052205222
323.612361236124,0.254623573357335
323.672367236724,0.257835094509452
323.732373237324,0.261046615661565
323.792379237924,0.264258136813682
323.852385238524,0.267469657965798
323.912391239124,0.270681179117911
323.972397239724,0.273892700270028
324.032403240324,0.275878082808281
324.092409240924,0.27681897689769
324.152415241524,0.277759870987099
324.212421242124,0.278700765076508
324.272427242724,0.279641659165917
324.332433243324,0.280582553255325
324.392439243924,0.281523447344735
324.452445244524,0.282464341434144
324.512451245125,0.283103666366637
324.572457245725,0.282591215121512
324.632463246325,0.282078763876388
324.692469246925,0.281566312631263
324.752475247525,0.281053861386138
324.812481248125,0.280541410141014
324.872487248725,0.28002895889589
324.932493249325,0.279516507650765
324.992499249925,0.27900405640564
325.052505250525,0.283709576957699
325.112511251125,0.289160522052205
325.172517251725,0.294611467146712
325.232523252325,0.300062412241223
325.292529252925,0.305513357335735
325.352535253525,0.310964302430241
325.412541254125,0.316415247524753
325.472547254725,0.321866192619259
325.532553255326,0.328060654065406
325.592559255926,0.334882136213623
325.652565256526,0.341703618361834
325.712571257126,0.348525100510051
325.772577257726,0.355346582658262
325.832583258326,0.36216806480648
325.892589258926,0.368989546954697
325.952595259526,0.375811029102908
326.012601260126,0.381855769576958
326.072607260726,0.384978481848183
326.132613261326,0.388101194119412
326.192619261926,0.39122390639064
326.252625262526,0.394346618661865
326.312631263126,0.397469330933094
326.372637263726,0.400592043204319
326.432643264326,0.403714755475547
326.492649264927,0.406837467746776
326.552655265527,0.406255355535554
326.612661266127,0.40515604560456
326.672667266727,0.404056735673568
326.732673267327,0.402957425742574
326.792679267927,0.401858115811581
326.852685268527,0.400758805880588
326.912691269127,0.399659495949595
326.972697269727,0.398560186018602
327.032703270327,0.397182898289829
327.092709270927,0.395573537353735
327.152715271527,0.393964176417642
327.212721272127,0.392354815481548
327.272727272727,0.390745454545455
327.332733273327,0.389136093609361
327.392739273927,0.387526732673267
327.452745274527,0.385917371737174
327.512751275128,0.383795919591958
327.572757275728,0.379776717671768
327.632763276328,0.375757515751575
327.692769276928,0.371738313831381
327.752775277528,0.367719111911192
327.812781278128,0.363699909990998
327.872787278728,0.359680708070808
327.932793279328,0.355661506150615
327.992799279928,0.351642304230421
328.052805280528,0.353322904290429
328.112811281128,0.355780750075006
328.172817281728,0.358238595859585
328.232823282328,0.360696441644165
328.292829282928,0.363154287428744
328.352835283528,0.365612133213321
328.412841284128,0.368069978997898
328.472847284728,0.370527824782478
328.532853285329,0.374971980198021
328.592859285929,0.381057788778881
328.652865286529,0.387143597359736
328.712871287129,0.393229405940591
328.772877287729,0.399315214521451
328.832883288329,0.405401023102311
328.892889288929,0.411486831683172
328.952895289529,0.417572640264026
329.012901290129,0.423548013801377
329.072907290729,0.429120171017101
329.132913291329,0.434692328232824
329.192919291929,0.440264485448548
329.252925292529,0.445836642664267
329.312931293129,0.451408799879985
329.372937293729,0.456980957095709
329.432943294329,0.462553114311432
329.49294929493,0.468125271527156
329.55295529553,0.469056426642664
329.61296129613,0.469369657965796
329.67296729673,0.469682889288929
329.73297329733,0.469996120612061
329.79297929793,0.470309351935194
329.85298529853,0.470622583258326
329.91299129913,0.470935814581458
329.97299729973,0.47124904590459
330.03300330033,0.468525973597358
330.09300930093,0.463318652865288
330.15301530153,0.458111332133213
330.21302130213,0.452904011401142
330.27302730273,0.447696690669067
330.33303330333,0.442489369936992
330.39303930393,0.437282049204922
330.45304530453,0.432074728472846
330.51305130513,0.427337515751576
330.573057305731,0.424291611161116
330.633063306331,0.421245706570656
330.693069306931,0.418199801980199
330.753075307531,0.415153897389738
330.813081308131,0.412107992799281
330.873087308731,0.409062088208821
330.933093309331,0.406016183618361
330.993099309931,0.402970279027903
331.053105310531,0.404259891989199
331.113111311131,0.406112877287728
331.173117311731,0.407965862586259
331.233123312331,0.409818847884789
331.293129312931,0.411671833183318
331.353135313531,0.413524818481847
331.413141314131,0.415377803780377
331.473147314731,0.417230789078908
331.533153315332,0.419264791479149
331.593159315932,0.421445409540954
331.653165316532,0.423626027602759
331.713171317132,0.425806645664566
331.773177317732,0.427987263726373
331.833183318332,0.43016788178818
331.893189318932,0.432348499849985
331.953195319532,0.43452911791179
332.013201320132,0.436308151815181
332.073207320732,0.436663387338734
332.133213321332,0.437018622862286
332.193219321932,0.437373858385839
332.253225322532,0.437729093909391
332.313231323132,0.438084329432943
332.373237323732,0.438439564956496
332.433243324332,0.438794800480048
332.493249324932,0.4391500360036
332.553255325533,0.438151521152116
332.613261326133,0.436981404140414
332.673267326733,0.435811287128713
332.733273327333,0.434641170117011
332.793279327933,0.433471053105311
332.853285328533,0.43230093609361
332.913291329133,0.431130819081908
332.973297329733,0.429960702070207
333.033303330333,0.427961332133212
333.093309330933,0.425297065706571
333.153315331533,0.422632799279929
333.213321332133,0.419968532853286
333.273327332733,0.417304266426642
333.333333333333,0.414639999999998
333.393339333933,0.411975733573357
333.453345334533,0.409311467146716
333.513351335134,0.407446411641164
333.573357335734,0.408374104410441
333.633363336334,0.409301797179719
333.693369336934,0.410229489948995
333.753375337534,0.411157182718271
333.813381338134,0.412084875487549
333.873387338734,0.413012568256826
333.933393339334,0.413940261026102
333.993399339934,0.41486795379538
334.053405340534,0.41818713771377
334.113411341134,0.421801899189919
334.173417341734,0.425416660666068
334.233423342334,0.429031422142213
334.293429342934,0.432646183618362
334.353435343534,0.436260945094508
334.413441344134,0.439875706570657
334.473447344734,0.443490468046806
334.533453345335,0.446347176717671
334.593459345935,0.448602202220222
334.653465346535,0.450857227722771
334.713471347135,0.453112253225323
334.773477347735,0.455367278727874
334.833483348335,0.457622304230423
334.893489348935,0.459877329732974
334.953495349535,0.462132355235523
335.013501350135,0.463589720972097
335.073507350735,0.462299591959195
335.133513351335,0.461009462946295
335.193519351935,0.459719333933394
335.253525352535,0.458429204920492
335.313531353135,0.457139075907591
335.373537353735,0.455848946894689
335.433543354335,0.454558817881788
335.493549354935,0.453268688868888
335.553555355536,0.449066219621963
335.613561356136,0.444512964296429
335.673567356736,0.439959708970895
335.733573357336,0.435406453645365
335.793579357936,0.430853198319835
335.853585358536,0.426299942994301
335.913591359136,0.421746687668766
335.973597359736,0.417193432343232
336.033603360336,0.412968817881788
336.093609360936,0.409002421242127
336.153615361536,0.405036024602461
336.213621362136,0.401069627962796
336.273627362736,0.39710323132313
336.333633363336,0.393136834683468
336.393639363936,0.389170438043807
336.453645364536,0.385204041404141
336.513651365137,0.381912295229523
336.573657365737,0.380911395139513
336.633663366337,0.379910495049505
336.693669366937,0.378909594959496
336.753675367537,0.377908694869487
336.813681368137,0.376907794779478
336.873687368737,0.375906894689468
336.933693369337,0.37490599459946
336.993699369937,0.373905094509451
337.053705370537,0.376668940894089
337.113711371137,0.379874461446145
337.173717371737,0.383079981998202
337.233723372337,0.386285502550255
337.293729372937,0.389491023102309
337.353735373537,0.392696543654365
337.413741374137,0.395902064206421
337.473747374738,0.399107584758478
337.533753375338,0.402778226822683
337.593759375938,0.406810630063004
337.653765376538,0.41084303330333
337.713771377138,0.414875436543656
337.773777377738,0.418907839783977
337.833783378338,0.422940243024303
337.893789378938,0.426972646264625
337.953795379538,0.43100504950495
338.013801380138,0.434694074407442
338.073807380738,0.437233528352835
338.133813381338,0.43977298229823
338.193819381938,0.442312436243623
338.253825382538,0.444851890189019
338.313831383138,0.447391344134414
338.373837383738,0.449930798079807
338.433843384338,0.452470252025203
338.493849384938,0.455009705970596
338.553855385539,0.456161845184518
338.613861386139,0.457155544554456
338.673867386739,0.458149243924392
338.733873387339,0.45914294329433
338.793879387939,0.460136642664266
338.853885388539,0.461130342034203
338.913891389139,0.462124041404141
338.973897389739,0.463117740774077
339.033903390339,0.464289771977197
339.093909390939,0.465599102910291
339.153915391539,0.466908433843384
339.213921392139,0.468217764776478
339.273927392739,0.469527095709571
339.333933393339,0.470836426642663
339.393939393939,0.472145757575757
339.453945394539,0.473455088508851
339.51395139514,0.47522286228623
339.57395739574,0.47850399039904
339.63396339634,0.481785118511849
339.69396939694,0.485066246624662
339.75397539754,0.488347374737474
339.81398139814,0.491628502850287
339.87398739874,0.494909630963096
339.93399339934,0.498190759075906
339.99399939994,0.501471887188718
340.05400540054,0.501682268226823
340.11401140114,0.501551455145514
340.17401740174,0.501420642064206
340.23402340234,0.501289828982898
340.29402940294,0.50115901590159
340.35403540354,0.501028202820282
340.41404140414,0.500897389738974
340.47404740474,0.500766576657666
340.534053405341,0.498713108310833
340.594059405941,0.495194356435644
340.654065406541,0.491675604560455
340.714071407141,0.488156852685266
340.774077407741,0.484638100810081
340.834083408341,0.481119348934895
340.894089408941,0.477600597059706
340.954095409541,0.474081845184518
341.014101410141,0.471332466246625
341.074107410741,0.471087641764176
341.134113411341,0.470842817281728
341.194119411941,0.47059799279928
341.254125412541,0.470353168316832
341.314131413141,0.470108343834383
341.374137413741,0.469863519351935
341.434143414341,0.469618694869487
341.494149414941,0.469373870387039
341.554155415542,0.471515133513352
341.614161416142,0.473914173417341
341.674167416742,0.476313213321332
341.734173417342,0.478712253225321
341.794179417942,0.481111293129313
341.854185418542,0.483510333033304
341.914191419142,0.485909372937293
341.974197419742,0.488308412841285
342.034203420342,0.490593897389738
342.094209420942,0.492793717371737
342.154215421542,0.494993537353736
342.214221422142,0.497193357335733
342.274227422742,0.499393177317732
342.334233423342,0.501592997299729
342.394239423942,0.503792817281728
342.454245424542,0.505992637263727
342.514251425143,0.507875790579058
342.574257425743,0.508742277227723
342.634263426343,0.509608763876387
342.694269426943,0.510475250525052
342.754275427543,0.511341737173718
342.814281428143,0.512208223822382
342.874287428743,0.513074710471046
342.934293429343,0.513941197119712
342.994299429943,0.514807683768377
343.054305430543,0.511762007200719
343.114311431143,0.508305661566157
343.174317431743,0.504849315931595
343.234323432343,0.501392970297031
343.294329432943,0.497936624662466
343.354335433543,0.494480279027901
343.414341434143,0.49102393339334
343.474347434743,0.487567587758778
343.534353435344,0.481441293129315
343.594359435944,0.473321281128112
343.654365436544,0.465201269126909
343.714371437144,0.457081257125713
343.774377437744,0.448961245124517
343.834383438344,0.440841233123314
343.894389438944,0.432721221122111
343.954395439544,0.424601209120908
344.014401440144,0.417987587758776
344.074407440744,0.416144203420343
344.134413441344,0.414300819081909
344.194419441944,0.412457434743474
344.254425442544,0.410614050405039
344.314431443144,0.408770666066607
344.374437443744,0.406927281728174
344.434443444344,0.405083897389739
344.494449444945,0.403240513051305
344.554455445545,0.409159207920796
344.614461446145,0.415869078907891
344.674467446745,0.422578949894986
344.734473447345,0.429288820882087
344.794479447945,0.435998691869189
344.854485448545,0.44270856285629
344.914491449145,0.449418433843385
344.974497449745,0.45612830483048
345.034503450345,0.461073669366936
345.094509450945,0.464714833483349
345.154515451545,0.468355997599762
345.214521452145,0.471997161716172
345.274527452745,0.475638325832582
345.334533453345,0.479279489948995
345.394539453945,0.482920654065408
345.454545454545,0.486561818181817
345.514551455146,0.488984152415241
345.574557455746,0.487599213921393
345.634563456346,0.486214275427543
345.694569456946,0.484829336933693
345.754575457546,0.483444398439844
345.814581458146,0.482059459945994
345.874587458746,0.480674521452146
345.934593459346,0.479289582958296
345.994599459946,0.477904644464446
346.054605460546,0.478739963996399
346.114611461146,0.479794869486949
346.174617461746,0.480849774977497
346.234623462346,0.481904680468047
346.294629462946,0.482959585958596
346.354635463546,0.484014491449145
346.414641464146,0.485069396939694
346.474647464746,0.486124302430243
346.534653465347,0.487087722772277
346.594659465947,0.487984212421243
346.654665466547,0.488880702070207
346.714671467147,0.489777191719171
346.774677467747,0.490673681368136
346.834683468347,0.491570171017102
346.894689468947,0.492466660666067
346.954695469547,0.493363150315031
347.014701470147,0.493531329132915
347.074707470747,0.491455121512152
347.134713471347,0.489378913891389
347.194719471947,0.487302706270626
347.254725472547,0.485226498649865
347.314731473147,0.483150291029104
347.374737473747,0.481074083408341
347.434743474347,0.478997875787578
347.494749474948,0.476921668166816
347.554755475548,0.476561497149715
347.614761476148,0.476365877587759
347.674767476748,0.476170258025803
347.734773477348,0.475974638463846
347.794779477948,0.47577901890189
347.854785478548,0.475583399339934
347.914791479148,0.475387779777978
347.974797479748,0.475192160216022
348.034803480348,0.475684257425743
348.094809480948,0.476674356435644
348.154815481548,0.477664455445545
348.214821482148,0.478654554455445
348.274827482748,0.479644653465346
348.334833483348,0.480634752475248
348.394839483948,0.481624851485149
348.454845484548,0.48261495049505
348.514851485148,0.482833663366338
348.574857485749,0.480707050705071
348.634863486349,0.478580438043804
348.694869486949,0.476453825382537
348.754875487549,0.474327212721272
348.814881488149,0.472200600060007
348.874887488749,0.47007398739874
348.934893489349,0.467947374737473
348.994899489949,0.465820762076206
349.054905490549,0.467002754275428
349.114911491149,0.46849210321032
349.174917491749,0.469981452145214
349.234923492349,0.471470801080108
349.294929492949,0.472960150015001
349.354935493549,0.474449498949895
349.414941494149,0.475938847884788
349.474947494749,0.477428196819682
349.53495349535,0.481540456045607
349.59495949595,0.487532655265525
349.65496549655,0.493524854485449
349.71497149715,0.499517053705368
349.77497749775,0.505509252925292
349.83498349835,0.511501452145217
349.89498949895,0.517493651365135
349.95499549955,0.52348585058506
350.01500150015,0.529163018301828
350.07500750075,0.533895091509151
350.13501350135,0.538627164716474
350.19501950195,0.543359237923792
350.25502550255,0.548091311131114
350.31503150315,0.552823384338432
350.37503750375,0.557555457545755
350.43504350435,0.562287530753077
350.49504950495,0.567019603960395
350.555055505551,0.565682358235825
350.615061506151,0.563799369936994
350.675067506751,0.561916381638164
350.735073507351,0.560033393339333
350.795079507951,0.558150405040504
350.855085508551,0.556267416741675
350.915091509151,0.554384428442845
350.975097509751,0.552501440144014
351.035103510351,0.550210549054904
351.095109510951,0.547630291029103
351.155115511551,0.545050033003302
351.215121512151,0.542469774977498
351.275127512751,0.539889516951695
351.335133513351,0.537309258925891
351.395139513951,0.53472900090009
351.455145514551,0.532148742874289
351.515151515152,0.52984696969697
351.575157515752,0.528369621962196
351.635163516352,0.526892274227422
351.695169516952,0.525414926492649
351.755175517552,0.523937578757877
351.815181518152,0.522460231023103
351.875187518752,0.520982883288329
351.935193519352,0.519505535553554
351.995199519952,0.518028187818782
352.055205520552,0.514786471647167
352.115211521152,0.511391332133214
352.175217521752,0.507996192619261
352.235223522352,0.504601053105308
352.295229522952,0.501205913591359
352.355235523552,0.49781077407741
352.415241524152,0.494415634563457
352.475247524752,0.491020495049504
352.535253525353,0.491790207020704
352.595259525953,0.495484176417642
352.655265526553,0.49917814581458
352.715271527153,0.502872115211521
352.775277527753,0.506566084608462
352.835283528353,0.510260054005403
352.895289528953,0.513954023402341
352.955295529553,0.517647992799278
353.015301530153,0.521987686768676
353.075307530753,0.528213909390941
353.135313531353,0.5344401320132
353.195319531953,0.540666354635464
353.255325532553,0.546892577257723
353.315331533153,0.553118799879988
353.375337533753,0.559345022502252
353.435343534353,0.565571245124511
353.495349534954,0.571797467746776
353.555355535554,0.575900252025201
353.615361536154,0.579824644464446
353.675367536754,0.583749036903692
353.735373537354,0.587673429342934
353.795379537954,0.591597821782179
353.855385538554,0.595522214221421
353.915391539154,0.599446606660666
353.975397539754,0.603370999099912
354.035403540354,0.605445910591059
354.095409540954,0.606235589558956
354.155415541554,0.607025268526852
354.215421542154,0.60781494749475
354.275427542754,0.608604626462647
354.335433543354,0.609394305430543
354.395439543954,0.610183984398439
354.455445544554,0.610973663366336
354.515451545155,0.611555055505551
354.575457545755,0.611535853585359
354.635463546355,0.611516651665167
354.695469546955,0.611497449744975
354.755475547555,0.611478247824783
354.815481548155,0.61145904590459
354.875487548755,0.611439843984398
354.935493549355,0.611420642064206
354.995499549955,0.611401440144014
355.055505550555,0.609055445544555
355.115511551155,0.606520792079208
355.175517551755,0.60398613861386
355.235523552355,0.601451485148515
355.295529552955,0.59891683168317
355.355535553555,0.596382178217822
355.415541554155,0.593847524752475
355.475547554756,0.591312871287127
355.535553555356,0.58769099009901
355.595559555956,0.583321353135316
355.655565556556,0.578951716171618
355.715571557156,0.57458207920792
355.775577557756,0.570212442244222
355.835583558356,0.565842805280528
355.895589558956,0.561473168316834
355.955595559556,0.557103531353136
356.015601560156,0.55279505250525
356.075607560756,0.548660639063904
356.135613561356,0.544526225622562
356.195619561956,0.54039181218122
356.255625562556,0.536257398739875
356.315631563156,0.532122985298529
356.375637563756,0.527988571857183
356.435643564356,0.523854158415841
356.495649564956,0.519719744974499
356.555655565557,0.51244190519052
356.615661566157,0.504918352835282
356.675667566757,0.497394800480043
356.735673567357,0.489871248124812
356.795679567957,0.48234769576958
356.855685568557,0.474824143414342
356.915691569157,0.467300591059104
356.975697569757,0.459777038703872
357.035703570357,0.45711702670267
357.095709570957,0.457767491749175
357.155715571557,0.45841795679568
357.215721572157,0.459068421842184
357.275727572757,0.459718886888689
357.335733573357,0.460369351935194
357.395739573957,0.461019816981698
357.455745574557,0.461670282028203
357.515751575158,0.461139063906389
357.575757575758,0.45728787878788
357.635763576358,0.453436693669366
357.695769576958,0.449585508550857
357.755775577558,0.445734323432343
357.815781578158,0.44188313831383
357.875787578758,0.43803195319532
357.935793579358,0.434180768076807
357.995799579958,0.430329582958297
358.055805580558,0.426622376237624
358.115811581158,0.422926006600658
358.175817581758,0.419229636963697
358.235823582358,0.415533267326735
358.295829582958,0.41183689768977
358.355835583558,0.408140528052805
358.415841584158,0.40444415841584
358.475847584758,0.400747788778878
358.535853585358,0.404298862886283
358.595859585959,0.412732106210619
358.655865586559,0.421165349534954
358.715871587159,0.42959859285929
358.775877587759,0.438031836183618
358.835883588359,0.446465079507945
358.895889588959,0.454898322832281
358.955895589559,0.463331566156617
359.015901590159,0.472581833183324
359.075907590759,0.484098184818481
359.135913591359,0.495614536453638
359.195919591959,0.507130888088806
359.255925592559,0.518647239723974
359.315931593159,0.530163591359142
359.375937593759,0.541679942994299
359.435943594359,0.553196294629456
359.495949594959,0.564712646264624
359.55595559556,0.569147257725773
359.61596159616,0.573069249924995
359.67596759676,0.576991242124212
359.73597359736,0.58091323432343
359.79597959796,0.584835226522652
359.85598559856,0.588757218721873
359.91599159916,0.592679210921094
359.97599759976,0.596601203120312
360.03600360036,0.59580384338434
360.09600960096,0.591860249024903
360.15601560156,0.587916654665466
360.21602160216,0.583973060306028
360.27602760276,0.580029465946594
360.33603360336,0.576085871587161
360.39603960396,0.572142277227723
360.45604560456,0.568198682868286
360.516051605161,0.563863108310828
360.576057605761,0.558454167416741
360.636063606361,0.553045226522655
360.696069606961,0.547636285628563
360.756075607561,0.542227344734472
360.816081608161,0.536818403840385
360.876087608761,0.531409462946294
360.936093609361,0.526000522052208
360.996099609961,0.520591581158116
361.056105610561,0.519041584158416
361.116111611161,0.517759855985599
361.176117611761,0.516478127812781
361.236123612361,0.515196399639965
361.296129612961,0.513914671467147
361.356135613561,0.512632943294329
361.416141614161,0.511351215121512
361.476147614761,0.510069486948695
361.536153615362,0.511341650165015
361.596159615962,0.514298745874587
361.656165616562,0.51725584158416
361.716171617162,0.520212937293729
361.776177617762,0.523170033003301
361.836183618362,0.52612712871287
361.896189618962,0.529084224422442
361.956195619562,0.532041320132014
362.016201620162,0.535849324932492
362.076207620762,0.541957935793575
362.136213621362,0.548066546654663
362.196219621962,0.554175157515752
362.256225622562,0.56028376837684
362.316231623162,0.566392379237923
362.376237623762,0.572500990099006
362.436243624362,0.578609600960094
362.496249624963,0.584718211821183
362.556255625563,0.586991314131414
362.616261626163,0.589008715871587
362.676267626763,0.59102611761176
362.736273627363,0.593043519351935
362.796279627963,0.595060921092109
362.856285628563,0.597078322832284
362.916291629163,0.599095724572457
362.976297629763,0.60111312631263
363.036303630363,0.60071198019802
363.096309630963,0.598731782178217
363.156315631563,0.596751584158415
363.216321632163,0.594771386138614
363.276327632763,0.592791188118813
363.336333633363,0.59081099009901
363.396339633963,0.588830792079208
363.456345634563,0.586850594059405
363.516351635164,0.586092517251725
363.576357635764,0.58859716771677
363.636363636364,0.591101818181818
363.696369636964,0.593606468646865
363.756375637564,0.596111119111913
363.816381638164,0.598615769576958
363.876387638764,0.601120420042003
363.936393639364,0.60362507050705
363.996399639964,0.606129720972098
364.056405640564,0.605636975697569
364.116411641164,0.604952907290729
364.176417641764,0.604268838883889
364.236423642364,0.603584770477048
364.296429642964,0.602900702070207
364.356435643564,0.602216633663366
364.416441644164,0.601532565256526
364.476447644764,0.600848496849685
364.536453645365,0.602257596759676
364.596459645965,0.605019072907292
364.656465646565,0.607780549054905
364.716471647165,0.610542025202521
364.776477647765,0.613303501350134
364.836483648365,0.61606497749775
364.896489648965,0.618826453645365
364.956495649565,0.621587929792979
365.016501650165,0.625658976897691
365.076507650765,0.633182529252922
365.136513651365,0.640706081608161
365.196519651965,0.648229633963399
365.256525652565,0.65575318631863
365.316531653165,0.663276738673869
365.376537653765,0.6708002910291
365.436543654365,0.678323843384338
365.496549654966,0.685847395739577
365.556555655566,0.691826978697869
365.616561656166,0.697712367236725
365.676567656766,0.703597755775575
365.736573657366,0.709483144314432
365.796579657966,0.715368532853288
365.856585658566,0.721253921392138
365.916591659166,0.727139309930989
365.976597659766,0.733024698469845
366.036603660366,0.735412241224122
366.096609660966,0.735563456345635
366.156615661566,0.735714671467147
366.216621662166,0.735865886588659
366.276627662766,0.736017101710171
366.336633663366,0.736168316831683
366.396639663966,0.736319531953195
366.456645664566,0.736470747074707
366.516651665166,0.736122745274528
366.576657665767,0.73447498049805
366.636663666367,0.732827215721572
366.696669666967,0.731179450945094
366.756675667567,0.729531686168617
366.816681668167,0.72788392139214
366.876687668767,0.726236156615662
366.936693669367,0.724588391839184
366.996699669967,0.722940627062705
367.056705670567,0.721295130513051
367.116711671167,0.719649765976599
367.176717671767,0.718004401440144
367.236723672367,0.71635903690369
367.296729672967,0.714713672367236
367.356735673567,0.713068307830783
367.416741674167,0.71142294329433
367.476747674767,0.709777578757876
367.536753675368,0.706085769576957
367.596759675968,0.70109927092709
367.656765676568,0.696112772277228
367.716771677168,0.691126273627365
367.776777677768,0.686139774977498
367.836783678368,0.681153276327632
367.896789678968,0.676166777677765
367.956795679568,0.671180279027902
368.016801680168,0.667439120912091
368.076807680768,0.666900267026703
368.136813681368,0.666361413141314
368.196819681968,0.665822559255925
368.256825682568,0.665283705370537
368.316831683168,0.664744851485149
368.376837683768,0.66420599759976
368.436843684368,0.663667143714371
368.496849684968,0.663128289828983
368.556855685569,0.666517026702671
368.616861686169,0.670123387338732
368.676867686769,0.673729747974797
368.736873687369,0.677336108610862
368.796879687969,0.680942469246924
368.856885688569,0.684548829882989
368.916891689169,0.68815519051905
368.976897689769,0.691761551155116
369.036903690369,0.696954032403243
369.096909690969,0.703139450945093
369.156915691569,0.70932486948695
369.216921692169,0.715510288028801
369.276927692769,0.721695706570657
369.336933693369,0.727881125112514
369.396939693969,0.734066543654364
369.456945694569,0.740251962196221
369.516951695169,0.745041917191719
369.57695769577,0.746287641764176
369.63696369637,0.747533366336634
369.69696969697,0.748779090909091
369.75697569757,0.750024815481547
369.81698169817,0.751270540054005
369.87698769877,0.752516264626463
369.93699369937,0.75376198919892
369.99699969997,0.755007713771377
370.05700570057,0.746808733873393
370.11701170117,0.738112664266429
370.17701770177,0.729416594659465
370.23702370237,0.720720525052501
370.29702970297,0.712024455445545
370.35703570357,0.703328385838589
370.41704170417,0.694632316231625
370.47704770477,0.685936246624661
370.537053705371,0.683408136813682
370.597059705971,0.684700666066607
370.657065706571,0.685993195319531
370.717071707171,0.687285724572457
370.777077707771,0.688578253825383
370.837083708371,0.689870783078309
370.897089708971,0.691163312331233
370.957095709571,0.692455841584158
371.017101710171,0.694307938793879
371.077107710771,0.697563864386439
371.137113711371,0.700819789979
371.197119711971,0.704075715571557
371.257125712571,0.707331641164115
371.317131713171,0.710587566756675
371.377137713771,0.713843492349236
371.437143714371,0.717099417941796
371.497149714971,0.720355343534353
371.557155715572,0.71524367236724
371.617161716172,0.709714719471948
371.677167716772,0.704185766576656
371.737173717372,0.698656813681365
371.797179717972,0.693127860786078
371.857185718572,0.687598907890792
371.917191719172,0.6820699549955
371.977197719772,0.676541002100209
372.037203720372,0.672065658565854
372.097209720972,0.66823607560756
372.157215721572,0.664406492649267
372.217221722172,0.660576909690969
372.277227722772,0.656747326732672
372.337233723372,0.652917743774379
372.397239723972,0.649088160816081
372.457245724572,0.645258577857788
372.517251725173,0.641713303330333
372.577257725773,0.638872619261925
372.637263726373,0.63603193519352
372.697269726973,0.633191251125112
372.757275727573,0.630350567056707
372.817281728173,0.627509882988299
372.877287728773,0.624669198919891
372.937293729373,0.621828514851486
372.997299729973,0.618987830783078
373.057305730573,0.61186870087009
373.117311731173,0.60454796879688
373.177317731773,0.59722723672367
373.237323732373,0.589906504650466
373.297329732973,0.582585772577256
373.357335733573,0.575265040504053
373.417341734173,0.567944308430843
373.477347734774,0.560623576357633
373.537353735374,0.557750927092709
373.597359735974,0.557575709570957
373.657365736574,0.557400492049205
373.717371737174,0.557225274527453
373.777377737774,0.557050057005701
373.837383738374,0.556874839483948
373.897389738974,0.556699621962196
373.957395739574,0.556524404440444
374.017401740174,0.556256261626163
374.077407740774,0.555760612061206
374.137413741374,0.55526496249625
374.197419741974,0.554769312931294
374.257425742574,0.554273663366337
374.317431743174,0.55377801380138
374.377437743774,0.553282364236423
374.437443744374,0.552786714671467
374.497449744974,0.552291065106511
374.557455745575,0.556525172517251
374.617461746175,0.560969216921693
374.677467746775,0.565413261326135
374.737473747375,0.569857305730573
374.797479747975,0.574301350135011
374.857485748575,0.578745394539453
374.917491749175,0.583189438943895
374.977497749775,0.587633483348337
375.037503750375,0.593974467446745
375.097509750975,0.601453615361532
375.157515751575,0.608932763276326
375.217521752175,0.616411911191121
375.277527752775,0.623891059105915
375.337533753375,0.631370207020702
375.397539753975,0.63884935493549
375.457545754575,0.646328502850284
375.517551755176,0.652433699369938
375.577557755776,0.655215577557758
375.637563756376,0.657997455745575
375.697569756976,0.660779333933392
375.757575757576,0.663561212121212
375.817581758176,0.666343090309032
375.877587758776,0.669124968496851
375.937593759376,0.671906846684669
375.997599759976,0.674688724872486
376.057605760576,0.673544194419442
376.117611761176,0.67223606360636
376.177617761776,0.67092793279328
376.237623762376,0.669619801980198
376.297629762976,0.668311671167117
376.357635763576,0.667003540354036
376.417641764176,0.665695409540954
376.477647764776,0.664387278727873
376.537653765377,0.667541119111912
376.597659765977,0.673343699369935
376.657665766577,0.679146279627963
376.717671767177,0.684948859885991
376.777677767777,0.690751440144013
376.837683768377,0.696554020402041
376.897689768977,0.702356600660064
376.957695769577,0.708159180918092
377.017701770177,0.715163711371141
377.077707770777,0.725040699069905
377.137713771377,0.734917686768679
377.197719771977,0.744794674467443
377.257725772577,0.754671662166217
377.317731773177,0.764548649864991
377.377737773777,0.774425637563755
377.437743774377,0.784302625262519
377.497749774977,0.794179612961293
377.557755775578,0.801642409240925
377.617761776178,0.809011146114615
377.677767776778,0.816379882988298
377.737773777378,0.823748619861981
377.797779777978,0.831117356735671
377.857785778578,0.838486093609362
377.917791779178,0.845854830483052
377.977797779778,0.853223567356735
378.037803780378,0.854304023402342
378.097809780978,0.851691362136214
378.157815781578,0.849078700870087
378.217821782178,0.846466039603959
378.277827782778,0.843853378337834
378.337833783378,0.841240717071709
378.397839783978,0.838628055805581
378.457845784578,0.836015394539454
378.517851785179,0.830956324632457
378.577857785779,0.820120441044105
378.637863786379,0.809284557455752
378.697869786979,0.798448673867389
378.757875787579,0.787612790279026
378.817881788179,0.776776906690663
378.877887788779,0.76594102310231
378.937893789379,0.755105139513958
378.997899789979,0.744269255925594
379.057905790579,0.734965559555954
379.117911791179,0.725717434743469
379.177917791779,0.716469309930993
379.237923792379,0.707221185118517
379.297929792979,0.697973060306032
379.357935793579,0.688724935493547
379.417941794179,0.679476810681062
379.477947794779,0.670228685868586
379.53795379538,0.669406303630361
379.59795979598,0.673479510951095
379.65796579658,0.677552718271828
379.71797179718,0.681625925592562
379.77797779778,0.685699132913292
379.83798379838,0.689772340234021
379.89798979898,0.693845547554755
379.95799579958,0.697918754875489
380.01800180018,0.702569459945993
380.07800780078,0.708567659765977
380.13801380138,0.714565859585956
380.19801980198,0.72056405940594
380.25802580258,0.726562259225925
380.31803180318,0.732560459045903
380.37803780378,0.738558658865888
380.43804380438,0.744556858685866
380.49804980498,0.75055505850585
380.558055805581,0.752268739873988
380.618061806181,0.753838496849685
380.678067806781,0.755408253825383
380.738073807381,0.75697801080108
380.798079807981,0.758547767776778
380.858085808581,0.760117524752476
380.918091809181,0.761687281728173
380.978097809781,0.763257038703871
381.038103810381,0.758079372937297
381.098109810981,0.749023267326732
381.158115811581,0.739967161716168
381.218121812181,0.730911056105612
381.278127812781,0.721854950495056
381.338133813381,0.712798844884491
381.398139813981,0.703742739273927
381.458145814581,0.694686633663362
381.518151815182,0.684681914191421
381.578157815782,0.672489894989507
381.638163816382,0.660297875787582
381.698169816982,0.648105856585657
381.758175817582,0.635913837383733
381.818181818182,0.623721818181819
381.878187818782,0.611529798979906
381.938193819382,0.599337779777981
381.998199819982,0.587145760576056
382.058205820582,0.577564854485444
382.118211821182,0.568064704470448
382.178217821782,0.558564554455451
382.238223822382,0.549064404440446
382.298229822982,0.539564254425441
382.358235823582,0.530064104410436
382.418241824182,0.52056395439544
382.478247824782,0.511063804380444
382.538253825383,0.503593402340235
382.598259825983,0.497277170717071
382.658265826583,0.490960939093906
382.718271827183,0.484644707470747
382.778277827783,0.478328475847588
382.838283828383,0.472012244224424
382.898289828983,0.465696012601259
382.958295829583,0.459379780978094
383.018301830183,0.454459246924692
383.078307830783,0.452719072907292
383.138313831383,0.450978898889889
383.198319831983,0.449238724872487
383.258325832583,0.447498550855084
383.318331833183,0.445758376837684
383.378337833783,0.444018202820283
383.438343834383,0.44227802880288
383.498349834984,0.440537854785478
383.558355835584,0.448565280528058
383.618361836184,0.45686891089109
383.678367836784,0.465172541254121
383.738373837384,0.473476171617161
383.798379837984,0.4817798019802
383.858385838584,0.490083432343232
383.918391839184,0.498387062706272
383.978397839784,0.506690693069303
384.038403840384,0.51766108610861
384.098409840984,0.530131533153319
384.158415841584,0.542601980198017
384.218421842184,0.555072427242726
384.278427842784,0.567542874287424
384.338433843384,0.580013321332133
384.398439843984,0.592483768376842
384.458445844584,0.60495421542154
384.518451845185,0.615802745274529
384.578457845785,0.622998664866484
384.638463846385,0.630194584458446
384.698469846985,0.637390504050408
384.758475847585,0.644586423642363
384.818481848185,0.651782343234325
384.878487848785,0.65897826282628
384.938493849385,0.666174182418242
384.998499849985,0.673370102010204
385.058505850585,0.670049009900991
385.118511851185,0.666458250825085
385.178517851785,0.662867491749176
385.238523852385,0.659276732673267
385.298529852985,0.655685973597358
385.358535853585,0.652095214521453
385.418541854185,0.648504455445547
385.478547854785,0.644913696369638
385.538553855386,0.64188505250525
385.598559855986,0.63916918091809
385.658565856586,0.636453309330933
385.718571857186,0.633737437743776
385.778577857786,0.631021566156616
385.838583858386,0.628305694569457
385.898589858986,0.625589822982297
385.958595859586,0.62287395139514
386.018601860186,0.621918931893187
386.078607860786,0.624883228322832
386.138613861386,0.627847524752476
386.198619861986,0.63081182118212
386.258625862586,0.633776117611761
386.318631863186,0.636740414041402
386.378637863786,0.639704710471046
386.438643864386,0.642669006900691
386.498649864987,0.645633303330335
386.558655865587,0.646376888688869
386.618661866187,0.647069357935793
386.678667866787,0.647761827182718
386.738673867387,0.648454296429643
386.798679867987,0.649146765676568
386.858685868587,0.649839234923492
386.918691869187,0.650531704170417
386.978697869787,0.651224173417342
387.038703870387,0.6507400450045
387.098709870987,0.649608331833183
387.158715871587,0.648476618661866
387.218721872187,0.64734490549055
387.278727872787,0.646213192319232
387.338733873387,0.645081479147914
387.398739873987,0.643949765976597
387.458745874587,0.64281805280528
387.518751875187,0.641806726672668
387.578757875788,0.641060252025203
387.638763876388,0.640313777377738
387.698769876988,0.639567302730273
387.758775877588,0.638820828082808
387.818781878188,0.638074353435344
387.878787878788,0.637327878787879
387.938793879388,0.636581404140414
387.998799879988,0.63583492949295
388.058805880588,0.635295451545154
388.118811881188,0.634760198019802
388.178817881788,0.63422494449445
388.238823882388,0.633689690969097
388.298829882988,0.633154437443745
388.358835883588,0.632619183918392
388.418841884188,0.63208393039304
388.478847884788,0.631548676867687
388.538853885389,0.635561659165919
388.598859885989,0.642050708070806
388.658865886589,0.648539756975699
388.718871887189,0.655028805880586
388.778877887789,0.661517854785479
388.838883888389,0.668006903690372
388.898889888989,0.674495952595259
388.958895889589,0.680985001500145
389.018901890189,0.688237686768674
389.078907890789,0.69715097809781
389.138913891389,0.706064269426947
389.198919891989,0.714977560756075
389.258925892589,0.723890852085202
389.318931893189,0.732804143414339
389.378937893789,0.741717434743475
389.438943894389,0.750630726072611
389.498949894989,0.759544017401739
389.55895589559,0.764096930693066
389.61896189619,0.768572178217821
389.67896789679,0.773047425742575
389.73897389739,0.777522673267329
389.79897989799,0.781997920792079
389.85898589859,0.786473168316829
389.91899189919,0.790948415841583
389.97899789979,0.795423663366337
390.03900390039,0.797514212421243
390.09900990099,0.798320693069307
390.15901590159,0.799127173717371
390.21902190219,0.799933654365436
390.27902790279,0.800740135013501
390.33903390339,0.801546615661567
390.39903990399,0.802353096309631
390.45904590459,0.803159576957695
390.519051905191,0.805526408640863
390.579057905791,0.811247380738075
390.639063906391,0.816968352835287
390.699069906991,0.822689324932493
390.759075907591,0.8284102970297
390.819081908191,0.834131269126912
390.879087908791,0.839852241224124
390.939093909391,0.845573213321336
390.999099909991,0.851294185418542
391.059105910591,0.852805634563456
391.119111911191,0.85425297929793
391.179117911791,0.855700324032404
391.239123912391,0.857147668766878
391.299129912991,0.85859501350135
391.359135913591,0.860042358235823
391.419141914191,0.861489702970297
391.479147914791,0.862937047704771
391.539153915392,0.858075130513054
391.599159915992,0.84985310831083
391.659165916592,0.841631086108614
391.719171917192,0.833409063906391
391.779177917792,0.825187041704168
391.839183918392,0.816965019501952
391.899189918992,0.808742997299729
391.959195919592,0.800520975097513
392.019201920192,0.789846867686769
392.079207920792,0.773962079207915
392.139213921392,0.758077290729076
392.199219921992,0.742192502250222
392.259225922592,0.726307713771383
392.319231923192,0.710422925292529
392.379237923792,0.694538136813675
392.439243924392,0.678653348334836
392.499249924993,0.662768559855982
392.559255925593,0.640903663366344
392.619261926193,0.61896306930693
392.679267926793,0.597022475247516
392.739273927393,0.575081881188122
392.799279927993,0.553141287128728
392.859285928593,0.531200693069314
392.919291929193,0.5092600990099
392.979297929793,0.487319504950485
393.039303930393,0.472028349834985
393.099309930993,0.460239570957104
393.159315931593,0.448450792079211
393.219321932193,0.436662013201319
393.279327932793,0.424873234323427
393.339333933393,0.413084455445546
393.399339933993,0.401295676567664
393.459345934593,0.389506897689772
393.519351935194,0.385938046804682
393.579357935794,0.399637416741681
393.639363936394,0.413336786678667
393.699369936994,0.427036156615653
393.759375937594,0.440735526552652
393.819381938194,0.454434896489651
393.879387938794,0.46813426642665
393.939393939394,0.481833636363636
393.999399939994,0.495533006300622
394.059405940594,0.518028019801976
394.119411941194,0.540611878187823
394.179417941794,0.56319573657367
394.239423942394,0.585779594959496
394.299429942994,0.608363453345322
394.359435943594,0.630947311731169
394.419441944194,0.653531170117016
394.479447944795,0.676115028502864
394.539453945395,0.693624320432044
394.599459945995,0.708490207020694
394.659465946595,0.723356093609359
394.719471947195,0.738221980198023
394.779477947795,0.753087866786688
394.839483948395,0.767953753375338
394.899489948995,0.782819639963989
394.959495949595,0.797685526552653
395.019501950195,0.809773945394541
395.079507950795,0.816093777377742
395.139513951395,0.822413609360937
395.199519951995,0.828733441344131
395.259525952595,0.835053273327332
395.319531953195,0.841373105310533
395.379537953795,0.847692937293728
395.439543954395,0.854012769276928
395.499549954995,0.860332601260123
395.559555955596,0.848012610261027
395.619561956196,0.835551764176414
395.679567956796,0.823090918091812
395.739573957396,0.810630072007199
395.799579957996,0.798169225922597
395.859585958596,0.785708379837984
395.919591959196,0.773247533753371
395.979597959796,0.760786687668769
396.039603960396,0.740203069306926
396.099609960996,0.715434992499259
396.159615961596,0.690666915691569
396.219621962196,0.665898838883879
396.279627962796,0.641130762076212
396.339633963396,0.616362685268522
396.399639963996,0.591594608460855
396.459645964596,0.566826531653165
396.519651965197,0.545297098709865
396.579657965797,0.530418010801082
396.639663966397,0.5155389228923
396.699669966997,0.500659834983503
396.759675967597,0.485780747074707
396.819681968197,0.47090165916591
396.879687968797,0.456022571257127
396.939693969397,0.441143483348345
396.999699969997,0.426264395439548
397.059705970597,0.450461671167119
397.119711971197,0.474855310531065
397.179717971797,0.499248949894987
397.239723972397,0.52364258925891
397.299729972997,0.548036228622856
397.359735973597,0.572429867986802
397.419741974197,0.596823507350747
397.479747974797,0.62121714671467
397.539753975398,0.647183453345318
397.599759975998,0.673950930093003
397.659765976598,0.700718406840688
397.719771977198,0.727485883588373
397.779777977798,0.754253360336033
397.839783978398,0.781020837083693
397.899789978998,0.807788313831378
397.959795979598,0.834555790579063
398.019801980198,0.858605247524763
398.079807980798,0.877136300630063
398.139813981398,0.895667353735363
398.199819981998,0.914198406840681
398.259825982598,0.932729459945998
398.319831983198,0.951260513051316
398.379837983798,0.969791566156616
398.439843984398,0.988322619261916
398.499849984998,1.00685367236723
398.559855985599,1.0143700270027
398.619861986199,1.02185877587759
398.679867986799,1.02934752475248
398.739873987399,1.03683627362736
398.799879987999,1.04432502250225
398.859885988599,1.05181377137714
398.919891989199,1.05930252025203
398.979897989799,1.06679126912691
399.039903990399,1.07191770177018
399.099909990999,1.07585409540954
399.159915991599,1.07979048904891
399.219921992199,1.08372688268827
399.279927992799,1.08766327632763
399.339933993399,1.09159966996699
399.399939993999,1.09553606360636
399.459945994599,1.09947245724573
399.5199519952,1.10257884788479
399.5799579958,1.10401899189919
399.6399639964,1.10545913591359
399.699969997,1.10689927992799
399.7599759976,1.10833942394239
399.8199819982,1.1097795679568
399.8799879988,1.1112197119712
399.9399939994,1.1126598559856
400,1.1141
400.0600060006,1.11687227722772
400.1200120012,1.11964455445545
400.1800180018,1.12241683168317
400.2400240024,1.12518910891089
400.300030003,1.12796138613861
400.3600360036,1.13073366336634
400.4200420042,1.13350594059406
400.4800480048,1.13627821782178
400.540054005401,1.1390504950495
400.600060006001,1.14182277227723
400.660066006601,1.14459504950495
400.720072007201,1.14736732673267
400.780078007801,1.15013960396039
400.840084008401,1.15291188118812
400.900090009001,1.15568415841584
400.960096009601,1.15845643564357
401.020102010201,1.16122067206721
401.080108010801,1.16396894689469
401.140114011401,1.16671722172217
401.200120012001,1.16946549654966
401.260126012601,1.17221377137714
401.320132013201,1.17496204620462
401.380138013801,1.1777103210321
401.440144014401,1.18045859585959
401.500150015002,1.18320687068707
401.560156015602,1.18595514551455
401.620162016202,1.18870342034203
401.680168016802,1.19145169516952
401.740174017402,1.194199969997
401.800180018002,1.19694824482448
401.860186018602,1.19969651965197
401.920192019202,1.20244479447945
401.980198019802,1.20519306930693
402.040204020402,1.20429885988599
402.100210021002,1.20161059105911
402.160216021602,1.19892232223222
402.220222022202,1.19623405340534
402.280228022802,1.19354578457846
402.340234023402,1.19085751575158
402.400240024002,1.18816924692469
402.460246024602,1.18548097809781
402.520252025203,1.18279270927093
402.580258025803,1.18010444044405
402.640264026403,1.17741617161716
402.700270027003,1.17472790279028
402.760276027603,1.17203963396339
402.820282028203,1.16935136513651
402.880288028803,1.16666309630963
402.940294029403,1.16397482748275
403.000300030003,1.16130564056406
403.060306030603,1.16243375337534
403.120312031203,1.16356186618662
403.180318031803,1.1646899789979
403.240324032403,1.16581809180918
403.300330033003,1.16694620462046
403.360336033603,1.16807431743174
403.420342034203,1.16920243024302
403.480348034803,1.1703305430543
403.540354035404,1.17145865586559
403.600360036004,1.17258676867687
403.660366036604,1.17371488148815
403.720372037204,1.17484299429943
403.780378037804,1.17597110711071
403.840384038404,1.17709921992199
403.900390039004,1.17822733273327
403.960396039604,1.17935544554455
404.020402040204,1.17950834083408
404.080408040804,1.17776816681668
404.140414041404,1.17602799279928
404.200420042004,1.17428781878188
404.260426042604,1.17254764476448
404.320432043204,1.17080747074708
404.380438043804,1.16906729672967
404.440444044404,1.16732712271227
404.500450045005,1.16558694869487
404.560456045605,1.16384677467747
404.620462046205,1.16210660066007
404.680468046805,1.16036642664266
404.740474047405,1.15862625262526
404.800480048005,1.15688607860786
404.860486048605,1.15514590459046
404.920492049205,1.15340573057306
404.980498049805,1.15166555655566
405.040504050405,1.1499496849685
405.100510051005,1.14824551455145
405.160516051605,1.14654134413441
405.220522052205,1.14483717371737
405.280528052805,1.14313300330033
405.340534053405,1.14142883288329
405.400540054005,1.13972466246625
405.460546054605,1.1380204920492
405.520552055205,1.13631632163216
405.580558055806,1.13461215121512
405.640564056406,1.13290798079808
405.700570057006,1.13120381038104
405.760576057606,1.129499639964
405.820582058206,1.12779546954696
405.880588058806,1.12609129912991
405.940594059406,1.12438712871287
406.000600060006,1.12268793879388
406.060606060606,1.12148181818182
406.120612061206,1.12027569756976
406.180618061806,1.1190695769577
406.240624062406,1.11786345634563
406.300630063006,1.11665733573357
406.360636063606,1.11545121512151
406.420642064206,1.11424509450945
406.480648064806,1.11303897389739
406.540654065407,1.11183285328533
406.600660066007,1.11062673267327
406.660666066607,1.10942061206121
406.720672067207,1.10821449144915
406.780678067807,1.10700837083708
406.840684068407,1.10580225022502
406.900690069007,1.10459612961296
406.960696069607,1.1033900090009
407.020702070207,1.1036102610261
407.080708070807,1.10653855385539
407.140714071407,1.10946684668467
407.200720072007,1.11239513951395
407.260726072607,1.11532343234323
407.320732073207,1.11825172517252
407.380738073807,1.1211800180018
407.440744074407,1.12410831083108
407.500750075007,1.12703660366037
407.560756075608,1.12996489648965
407.620762076208,1.13289318931893
407.680768076808,1.13582148214821
407.740774077408,1.1387497749775
407.800780078008,1.14167806780678
407.860786078608,1.14460636063606
407.920792079208,1.14753465346535
407.980798079808,1.15046294629463
408.040804080408,1.15460312031203
408.100810081008,1.15931359135914
408.160816081608,1.16402406240624
408.220822082208,1.16873453345334
408.280828082808,1.17344500450045
408.340834083408,1.17815547554756
408.400840084008,1.18286594659466
408.460846084608,1.18757641764176
408.520852085209,1.19228688868887
408.580858085809,1.19699735973597
408.640864086409,1.20170783078308
408.700870087009,1.20641830183018
408.760876087609,1.21112877287728
408.820882088209,1.21583924392439
408.880888088809,1.2205497149715
408.940894089409,1.2252601860186
409.000900090009,1.22973672367237
409.060906090609,1.21885163516352
409.120912091209,1.20796654665467
409.180918091809,1.19708145814581
409.240924092409,1.18619636963696
409.300930093009,1.17531128112811
409.360936093609,1.16442619261927
409.420942094209,1.15354110411041
409.480948094809,1.14265601560156
409.54095409541,1.1317709270927
409.60096009601,1.12088583858386
409.66096609661,1.11000075007501
409.72097209721,1.09911566156616
409.78097809781,1.0882305730573
409.84098409841,1.07734548454845
409.90099009901,1.0664603960396
409.96099609961,1.05557530753076
410.02100210021,1.05113156315631
410.08100810081,1.0586503150315
410.14101410141,1.0661690669067
410.20102010201,1.07368781878188
410.26102610261,1.08120657065706
410.32103210321,1.08872532253225
410.38103810381,1.09624407440744
410.44104410441,1.10376282628263
410.501050105011,1.11128157815782
410.561056105611,1.118800330033
410.621062106211,1.12631908190819
410.681068106811,1.13383783378338
410.741074107411,1.14135658565856
410.801080108011,1.14887533753375
410.861086108611,1.15639408940894
410.921092109211,1.16391284128413
410.981098109811,1.17143159315932
411.041104110411,1.17684170417042
411.101110111011,1.18128214821482
411.161116111611,1.18572259225922
411.221122112211,1.19016303630363
411.281128112811,1.19460348034804
411.341134113411,1.19904392439244
411.401140114011,1.20348436843684
411.461146114611,1.20792481248125
411.521152115212,1.21236525652565
411.581158115812,1.21680570057006
411.641164116412,1.22124614461446
411.701170117012,1.22568658865887
411.761176117612,1.23012703270327
411.821182118212,1.23456747674767
411.881188118812,1.23900792079208
411.941194119412,1.24344836483648
412.001200120012,1.24773915391539
412.061206120612,1.24469684968497
412.121212121212,1.24165454545455
412.181218121812,1.23861224122412
412.241224122412,1.2355699369937
412.301230123012,1.23252763276328
412.361236123612,1.22948532853285
412.421242124212,1.22644302430243
412.481248124813,1.22340072007201
412.541254125413,1.22035841584158
412.601260126013,1.21731611161116
412.661266126613,1.21427380738074
412.721272127213,1.21123150315031
412.781278127813,1.20818919891989
412.841284128413,1.20514689468947
412.901290129013,1.20210459045905
412.961296129613,1.19906228622862
413.021302130213,1.19682520252025
413.081308130813,1.19605112511251
413.141314131413,1.19527704770477
413.201320132013,1.19450297029703
413.261326132613,1.19372889288929
413.321332133213,1.19295481548155
413.381338133813,1.19218073807381
413.441344134413,1.19140666066607
413.501350135013,1.19063258325833
413.561356135614,1.18985850585059
413.621362136214,1.18908442844284
413.681368136814,1.1883103510351
413.741374137414,1.18753627362736
413.801380138014,1.18676219621962
413.861386138614,1.18598811881188
413.921392139214,1.18521404140414
413.981398139814,1.1844399639964
414.041404140414,1.18592241224122
414.101410141014,1.18841866186619
414.161416141614,1.19091491149115
414.221422142214,1.19341116111611
414.281428142814,1.19590741074108
414.341434143414,1.19840366036604
414.401440144014,1.200899909991
414.461446144614,1.20339615961596
414.521452145215,1.20589240924092
414.581458145815,1.20838865886589
414.641464146415,1.21088490849085
414.701470147015,1.21338115811581
414.761476147615,1.21587740774077
414.821482148215,1.21837365736574
414.881488148815,1.2208699069907
414.941494149415,1.22336615661566
415.001500150015,1.22585490549055
415.061506150615,1.22805112511251
415.121512151215,1.23024734473447
415.181518151815,1.23244356435644
415.241524152415,1.2346397839784
415.301530153015,1.23683600360036
415.361536153615,1.23903222322232
415.421542154215,1.24122844284429
415.481548154815,1.24342466246625
415.541554155416,1.24562088208821
415.601560156016,1.24781710171017
415.661566156616,1.25001332133213
415.721572157216,1.2522095409541
415.781578157816,1.25440576057606
415.841584158416,1.25660198019802
415.901590159016,1.25879819981998
415.961596159616,1.26099441944194
416.021602160216,1.26172601260126
416.081608160816,1.25985382538254
416.141614161416,1.25798163816382
416.201620162016,1.25610945094509
416.261626162616,1.25423726372637
416.321632163216,1.25236507650765
416.381638163816,1.25049288928893
416.441644164416,1.24862070207021
416.501650165016,1.24674851485149
416.561656165617,1.24487632763276
416.621662166217,1.24300414041404
416.681668166817,1.24113195319532
416.741674167417,1.2392597659766
416.801680168017,1.23738757875788
416.861686168617,1.23551539153915
416.921692169217,1.23364320432043
416.981698169817,1.23177101710171
417.041704170417,1.22896882688269
417.101710171017,1.22575850585059
417.161716171617,1.22254818481848
417.221722172217,1.21933786378638
417.281728172817,1.21612754275428
417.341734173417,1.21291722172217
417.401740174017,1.20970690069007
417.461746174617,1.20649657965797
417.521752175218,1.20328625862586
417.581758175818,1.20007593759376
417.641764176418,1.19686561656166
417.701770177018,1.19365529552955
417.761776177618,1.19044497449745
417.821782178218,1.18723465346534
417.881788178818,1.18402433243324
417.941794179418,1.18081401140114
418.001800180018,1.17778658865887
418.061806180618,1.18067287728773
418.121812181218,1.18355916591659
418.181818181818,1.18644545454545
418.241824182418,1.18933174317432
418.301830183018,1.19221803180318
418.361836183618,1.19510432043204
418.421842184218,1.19799060906091
418.481848184818,1.20087689768977
418.541854185419,1.20376318631863
418.601860186019,1.20664947494749
418.661866186619,1.20953576357636
418.721872187219,1.21242205220522
418.781878187819,1.21530834083408
418.841884188419,1.21819462946295
418.901890189019,1.22108091809181
418.961896189619,1.22396720672067
419.021902190219,1.22355283528353
419.081908190819,1.21739621962196
419.141914191419,1.2112396039604
419.201920192019,1.20508298829883
419.261926192619,1.19892637263726
419.321932193219,1.1927697569757
419.381938193819,1.18661314131413
419.441944194419,1.18045652565257
419.50195019502,1.174299909991
419.56195619562,1.16814329432943
419.62196219622,1.16198667866787
419.68196819682,1.1558300630063
419.74197419742,1.14967344734474
419.80198019802,1.14351683168317
419.86198619862,1.1373602160216
419.92199219922,1.13120360036004
419.98199819982,1.12504698469847
420.04200420042,1.12960564056405
420.10201020102,1.13875655565557
420.16201620162,1.14790747074708
420.22202220222,1.15705838583858
420.28202820282,1.16620930093009
420.34203420342,1.1753602160216
420.40204020402,1.18451113111311
420.46204620462,1.19366204620463
420.522052205221,1.20281296129613
420.582058205821,1.21196387638763
420.642064206421,1.22111479147915
420.702070207021,1.23026570657066
420.762076207621,1.23941662166217
420.822082208221,1.24856753675368
420.882088208821,1.25771845184518
420.942094209421,1.26686936693669
421.002100210021,1.27566345634563
421.062106210621,1.27461935193519
421.122112211221,1.27357524752475
421.182118211821,1.27253114311431
421.242124212421,1.27148703870387
421.302130213021,1.27044293429343
421.362136213621,1.26939882988299
421.422142214221,1.26835472547255
421.482148214821,1.26731062106211
421.542154215422,1.26626651665167
421.602160216022,1.26522241224122
421.662166216622,1.26417830783078
421.722172217222,1.26313420342034
421.782178217822,1.2620900990099
421.842184218422,1.26104599459946
421.902190219022,1.26000189018902
421.962196219622,1.25895778577858
422.022202220222,1.25741413141314
422.082208220822,1.2550198919892
422.142214221422,1.25262565256526
422.202220222022,1.25023141314131
422.262226222622,1.24783717371737
422.322232223222,1.24544293429343
422.382238223822,1.24304869486949
422.442244224422,1.24065445544554
422.502250225023,1.2382602160216
422.562256225623,1.23586597659766
422.622262226223,1.23347173717372
422.682268226823,1.23107749774978
422.742274227423,1.22868325832583
422.802280228023,1.22628901890189
422.862286228623,1.22389477947795
422.922292229223,1.221500540054
422.982298229823,1.21910630063006
423.042304230423,1.21811656165617
423.102310231023,1.21771452145214
423.162316231623,1.21731248124812
423.222322232223,1.2169104410441
423.282328232823,1.21650840084008
423.342334233423,1.21610636063606
423.402340234023,1.21570432043204
423.462346234623,1.21530228022802
423.522352235223,1.214900240024
423.582358235824,1.21449819981998
423.642364236424,1.21409615961596
423.702370237024,1.21369411941194
423.762376237624,1.21329207920792
423.822382238224,1.2128900390039
423.882388238824,1.21248799879988
423.942394239424,1.21208595859586
424.002400240024,1.21178904890489
424.062406240624,1.21401527152715
424.122412241224,1.21624149414941
424.182418241824,1.21846771677168
424.242424242424,1.22069393939394
424.302430243024,1.2229201620162
424.362436243624,1.22514638463846
424.422442244224,1.22737260726072
424.482448244824,1.22959882988299
424.542454245425,1.23182505250525
424.602460246025,1.23405127512751
424.662466246625,1.23627749774977
424.722472247225,1.23850372037204
424.782478247825,1.2407299429943
424.842484248425,1.24295616561656
424.902490249025,1.24518238823883
424.962496249625,1.24740861086109
425.022502250225,1.24800567056706
425.082508250825,1.24588745874587
425.142514251425,1.24376924692469
425.202520252025,1.24165103510351
425.262526252625,1.23953282328233
425.322532253225,1.23741461146115
425.382538253825,1.23529639963996
425.442544254425,1.23317818781878
425.502550255026,1.2310599759976
425.562556255626,1.22894176417642
425.622562256226,1.22682355235524
425.682568256826,1.22470534053405
425.742574257426,1.22258712871287
425.802580258026,1.22046891689169
425.862586258626,1.21835070507051
425.922592259226,1.21623249324933
425.982598259826,1.21411428142814
426.042604260426,1.21174896489649
426.102610261026,1.20928271827183
426.162616261626,1.20681647164716
426.222622262226,1.2043502250225
426.282628262826,1.20188397839784
426.342634263426,1.19941773177318
426.402640264026,1.19695148514852
426.462646264626,1.19448523852385
426.522652265226,1.19201899189919
426.582658265827,1.18955274527453
426.642664266427,1.18708649864986
426.702670267027,1.1846202520252
426.762676267627,1.18215400540054
426.822682268227,1.17968775877588
426.882688268827,1.17722151215122
426.942694269427,1.17475526552655
427.002700270027,1.17243105310531
427.062706270627,1.17312112211221
427.122712271227,1.17381119111911
427.182718271827,1.17450126012601
427.242724272427,1.17519132913291
427.302730273027,1.17588139813981
427.362736273627,1.17657146714671
427.422742274227,1.17726153615362
427.482748274827,1.17795160516052
427.542754275428,1.17864167416742
427.602760276028,1.17933174317432
427.662766276628,1.18002181218122
427.722772277228,1.18071188118812
427.782778277828,1.18140195019502
427.842784278428,1.18209201920192
427.902790279028,1.18278208820882
427.962796279628,1.18347215721572
428.022802280228,1.18190252025203
428.082808280828,1.17664599459946
428.142814281428,1.17138946894689
428.202820282028,1.16613294329433
428.262826282628,1.16087641764177
428.322832283228,1.1556198919892
428.382838283828,1.15036336633663
428.442844284428,1.14510684068407
428.502850285029,1.1398503150315
428.562856285629,1.13459378937894
428.622862286229,1.12933726372637
428.682868286829,1.12408073807381
428.742874287429,1.11882421242124
428.802880288029,1.11356768676868
428.862886288629,1.10831116111611
428.922892289229,1.10305463546355
428.982898289829,1.09779810981098
429.042904290429,1.08678897689768
429.102910291029,1.07348684668467
429.162916291629,1.06018471647165
429.222922292229,1.04688258625863
429.282928292829,1.0335804560456
429.342934293429,1.02027832583258
429.402940294029,1.00697619561956
429.462946294629,0.993674065406547
429.52295229523,0.980371935193521
429.58295829583,0.967069804980495
429.64296429643,0.953767674767468
429.70297029703,0.940465544554454
429.76297629763,0.92716341434144
429.82298229823,0.913861284128414
429.88298829883,0.900559153915388
429.94299429943,0.887257023702374
430.00300030003,0.874377935793579
430.06300630063,0.869536651665169
430.12301230123,0.864695367536754
430.18301830183,0.859854083408339
430.24302430243,0.855012799279929
430.30303030303,0.850171515151514
430.36303630363,0.845330231023104
430.42304230423,0.84048894689469
430.483048304831,0.835647662766275
430.543054305431,0.830806378637865
430.603060306031,0.82596509450945
430.663066306631,0.82112381038104
430.723072307231,0.816282526252625
430.783078307831,0.811441242124211
430.843084308431,0.8065999579958
430.903090309031,0.801758673867386
430.963096309631,0.796917389738976
431.023102310231,0.806109372937294
431.083108310831,0.837718133813394
431.143114311431,0.869326894689464
431.203120312031,0.900935655565534
431.263126312631,0.932544416441634
431.323132313231,0.964153177317733
431.383138313831,0.995761938193833
431.443144314431,1.0273706990699
431.503150315031,1.05897945994597
431.563156315632,1.09058822082207
431.623162316232,1.12219698169817
431.683168316832,1.15380574257427
431.743174317432,1.18541450345034
431.803180318032,1.21702326432641
431.863186318632,1.24863202520251
431.923192319232,1.28024078607861
431.983198319832,1.31184954695471
432.043204320432,1.3167295229523
432.103210321032,1.31121497149715
432.163216321632,1.30570042004201
432.223222322232,1.30018586858686
432.283228322832,1.29467131713171
432.343234323432,1.28915676567657
432.403240324032,1.28364221422143
432.463246324632,1.27812766276628
432.523252325233,1.27261311131113
432.583258325833,1.26709855985598
432.643264326433,1.26158400840084
432.703270327033,1.2560694569457
432.763276327633,1.25055490549055
432.823282328233,1.2450403540354
432.883288328833,1.23952580258025
432.943294329433,1.23401125112511
433.003300330033,1.22849108910891
433.063306330633,1.22287452745275
433.123312331233,1.21725796579658
433.183318331833,1.21164140414041
433.243324332433,1.20602484248425
433.303330333033,1.20040828082809
433.363336333633,1.19479171917192
433.423342334233,1.18917515751575
433.483348334834,1.18355859585958
433.543354335434,1.17794203420342
433.603360336034,1.17232547254726
433.663366336634,1.16670891089109
433.723372337234,1.16109234923492
433.783378337834,1.15547578757876
433.843384338434,1.14985922592259
433.903390339034,1.14424266426643
433.963396339634,1.13862610261026
434.023402340234,1.13777425742574
434.083408340834,1.14437491749175
434.143414341434,1.15097557755776
434.203420342034,1.15757623762376
434.263426342634,1.16417689768977
434.323432343234,1.17077755775578
434.383438343834,1.17737821782178
434.443444344434,1.18397887788779
434.503450345034,1.19057953795379
434.563456345635,1.1971801980198
434.623462346235,1.20378085808581
434.683468346835,1.21038151815181
434.743474347435,1.21698217821782
434.803480348035,1.22358283828383
434.863486348635,1.23018349834984
434.923492349235,1.23678415841584
434.983498349835,1.24338481848185
435.043504350435,1.2504509750975
435.103510351035,1.25769369936993
435.163516351635,1.26493642364236
435.223522352235,1.27217914791479
435.283528352835,1.27942187218722
435.343534353435,1.28666459645964
435.403540354035,1.29390732073207
435.463546354635,1.3011500450045
435.523552355236,1.30839276927693
435.583558355836,1.31563549354935
435.643564356436,1.32287821782178
435.703570357036,1.33012094209421
435.763576357636,1.33736366636664
435.823582358236,1.34460639063907
435.883588358836,1.35184911491149
435.943594359436,1.35909183918391
436.003600360036,1.36600225022502
436.063606360636,1.36770642064206
436.123612361236,1.36941059105911
436.183618361836,1.37111476147615
436.243624362436,1.37281893189319
436.303630363036,1.37452310231023
436.363636363636,1.37622727272727
436.423642364236,1.37793144314432
436.483648364836,1.37963561356136
436.543654365437,1.3813397839784
436.603660366037,1.38304395439544
436.663666366637,1.38474812481248
436.723672367237,1.38645229522952
436.783678367837,1.38815646564656
436.843684368437,1.38986063606361
436.903690369037,1.39156480648065
436.963696369637,1.39326897689769
437.023702370237,1.39025874587458
437.083708370837,1.38002772277228
437.143714371437,1.36979669966997
437.203720372037,1.35956567656766
437.263726372637,1.34933465346534
437.323732373237,1.33910363036303
437.383738373837,1.32887260726073
437.443744374437,1.31864158415842
437.503750375037,1.30841056105611
437.563756375638,1.29817953795379
437.623762376238,1.28794851485149
437.683768376838,1.27771749174917
437.743774377438,1.26748646864687
437.803780378038,1.25725544554456
437.863786378638,1.24702442244224
437.923792379238,1.23679339933994
437.983798379838,1.22656237623762
438.043804380438,1.22177185718572
438.103810381038,1.21899357935794
438.163816381638,1.21621530153015
438.223822382238,1.21343702370237
438.283828382838,1.21065874587459
438.343834383438,1.20788046804681
438.403840384038,1.20510219021902
438.463846384638,1.20232391239124
438.523852385239,1.19954563456346
438.583858385839,1.19676735673567
438.643864386439,1.19398907890789
438.703870387039,1.19121080108011
438.763876387639,1.18843252325232
438.823882388239,1.18565424542454
438.883888388839,1.18287596759676
438.943894389439,1.18009768976898
439.003900390039,1.17817242724272
439.063906390639,1.18851746174618
439.123912391239,1.19886249624962
439.183918391839,1.20920753075307
439.243924392439,1.21955256525652
439.303930393039,1.22989759975998
439.363936393639,1.24024263426343
439.423942394239,1.25058766876688
439.483948394839,1.26093270327032
439.54395439544,1.27127773777377
439.60396039604,1.28162277227723
439.66396639664,1.29196780678068
439.72397239724,1.30231284128413
439.78397839784,1.31265787578757
439.84398439844,1.32300291029103
439.90399039904,1.33334794479448
439.96399639964,1.34369297929794
440.02400240024,1.34945355535554
440.08400840084,1.34833744374438
440.14401440144,1.34722133213321
440.20402040204,1.34610522052205
440.26402640264,1.34498910891089
440.32403240324,1.34387299729973
440.38403840384,1.34275688568857
440.44404440444,1.34164077407741
440.504050405041,1.34052466246625
440.564056405641,1.33940855085508
440.624062406241,1.33829243924392
440.684068406841,1.33717632763276
440.744074407441,1.3360602160216
440.804080408041,1.33494410441044
440.864086408641,1.33382799279928
440.924092409241,1.33271188118812
440.984098409841,1.33159576957696
441.044104410441,1.33543258325833
441.104110411041,1.34105514551455
441.164116411641,1.34667770777078
441.224122412241,1.352300270027
441.284128412841,1.35792283228323
441.344134413441,1.36354539453945
441.404140414041,1.36916795679568
441.464146414641,1.3747905190519
441.524152415242,1.38041308130813
441.584158415842,1.38603564356435
441.644164416442,1.39165820582058
441.704170417042,1.39728076807681
441.764176417642,1.40290333033303
441.824182418242,1.40852589258926
441.884188418842,1.41414845484548
441.944194419442,1.41977101710171
442.004200420042,1.42508526852685
442.064206420642,1.42630339033903
442.124212421242,1.42752151215122
442.184218421842,1.4287396339634
442.244224422442,1.42995775577558
442.304230423042,1.43117587758776
442.364236423642,1.43239399939994
442.424242424242,1.43361212121212
442.484248424842,1.4348302430243
442.544254425443,1.43604836483648
442.604260426043,1.43726648664867
442.664266426643,1.43848460846085
442.724272427243,1.43970273027303
442.784278427843,1.44092085208521
442.844284428443,1.44213897389739
442.904290429043,1.44335709570957
442.964296429643,1.44457521752175
443.024302430243,1.44440324032403
443.084308430843,1.44218901890189
443.144314431443,1.43997479747975
443.204320432043,1.4377605760576
443.264326432643,1.43554635463546
443.324332433243,1.43333213321332
443.384338433843,1.43111791179118
443.444344434443,1.42890369036904
443.504350435044,1.42668946894689
443.564356435644,1.42447524752475
443.624362436244,1.42226102610261
443.684368436844,1.42004680468047
443.744374437444,1.41783258325833
443.804380438044,1.41561836183618
443.864386438644,1.41340414041404
443.924392439244,1.4111899189919
443.984398439844,1.40897569756976
444.044404440444,1.41077563756376
444.104410441044,1.41398595859586
444.164416441644,1.41719627962796
444.224422442244,1.42040660066006
444.284428442844,1.42361692169217
444.344434443444,1.42682724272427
444.404440444044,1.43003756375638
444.464446444644,1.43324788478848
444.524452445244,1.43645820582058
444.584458445845,1.43966852685268
444.644464446445,1.44287884788479
444.704470447045,1.44608916891689
444.764476447645,1.449299489949
444.824482448245,1.4525098109811
444.884488448845,1.4557201320132
444.944494449445,1.45893045304531
445.004500450045,1.46121998199819
445.064506450645,1.45215307530753
445.124512451245,1.44308616861687
445.184518451845,1.43401926192619
445.244524452445,1.42495235523552
445.304530453045,1.41588544854486
445.364536453645,1.40681854185418
445.424542454245,1.39775163516352
445.484548454845,1.38868472847285
445.544554455446,1.37961782178218
445.604560456046,1.37055091509151
445.664566456646,1.36148400840084
445.724572457246,1.35241710171017
445.784578457846,1.3433501950195
445.844584458446,1.33428328832883
445.904590459046,1.32521638163817
445.964596459646,1.31614947494749
446.024602460246,1.31521614161416
446.084608460846,1.32598721872187
446.144614461446,1.33675829582959
446.204620462046,1.34752937293729
446.264626462646,1.35830045004501
446.324632463246,1.36907152715271
446.384638463846,1.37984260426043
446.444644464446,1.39061368136814
446.504650465046,1.40138475847585
446.564656465647,1.41215583558355
446.624662466247,1.42292691269127
446.684668466847,1.43369798979898
446.744674467447,1.4444690669067
446.804680468047,1.4552401440144
446.864686468647,1.4660112211221
446.924692469247,1.47678229822982
446.984698469847,1.48755337533753
447.044704470447,1.49109573957396
447.104710471047,1.49216384638464
447.164716471647,1.49323195319532
447.224722472247,1.494300060006
447.284728472847,1.49536816681668
447.344734473447,1.49643627362736
447.404740474047,1.49750438043804
447.464746474647,1.49857248724872
447.524752475248,1.49964059405941
447.584758475848,1.50070870087009
447.644764476448,1.50177680768077
447.704770477048,1.50284491449145
447.764776477648,1.50391302130213
447.824782478248,1.50498112811281
447.884788478848,1.50604923492349
447.944794479448,1.50711734173417
448.004800480048,1.50808271827183
448.064806480648,1.50786669666967
448.124812481248,1.50765067506751
448.184818481848,1.50743465346535
448.244824482448,1.50721863186319
448.304830483048,1.50700261026103
448.364836483648,1.50678658865887
448.424842484248,1.50657056705671
448.484848484848,1.50635454545455
448.544854485449,1.50613852385239
448.604860486049,1.50592250225022
448.664866486649,1.50570648064806
448.724872487249,1.5054904590459
448.784878487849,1.50527443744374
448.844884488449,1.50505841584158
448.904890489049,1.50484239423942
448.964896489649,1.50462637263726
449.024902490249,1.5058696369637
449.084908490849,1.5091699669967
449.144914491449,1.5124702970297
449.204920492049,1.51577062706271
449.264926492649,1.51907095709571
449.324932493249,1.52237128712871
449.384938493849,1.52567161716172
449.444944494449,1.52897194719472
449.50495049505,1.53227227722772
449.56495649565,1.53557260726072
449.62496249625,1.53887293729373
449.68496849685,1.54217326732673
449.74497449745,1.54547359735974
449.80498049805,1.54877392739274
449.86498649865,1.55207425742574
449.92499249925,1.55537458745875
449.98499849985,1.55867491749175
450.04500450045,1.56210126012601
450.10501050105,1.5655696069607
450.16501650165,1.56903795379538
450.22502250225,1.57250630063006
450.28502850285,1.57597464746475
450.34503450345,1.57944299429943
450.40504050405,1.58291134113411
450.46504650465,1.5863796879688
450.525052505251,1.58984803480348
450.585058505851,1.59331638163817
450.645064506451,1.59678472847285
450.705070507051,1.60025307530753
450.765076507651,1.60372142214221
450.825082508251,1.6071897689769
450.885088508851,1.61065811581158
450.945094509451,1.61412646264626
451.005100510051,1.61694755475548
451.065106510651,1.61280114011401
451.125112511251,1.60865472547255
451.185118511851,1.60450831083108
451.245124512451,1.60036189618962
451.305130513051,1.59621548154816
451.365136513651,1.59206906690669
451.425142514251,1.58792265226523
451.485148514852,1.58377623762376
451.545154515452,1.5796298229823
451.605160516052,1.57548340834084
451.665166516652,1.57133699369937
451.725172517252,1.56719057905791
451.785178517852,1.56304416441644
451.845184518452,1.55889774977498
451.905190519052,1.55475133513352
451.965196519652,1.55060492049205
452.025202520252,1.54521350135013
452.085208520852,1.53810279027902
452.145214521452,1.53099207920792
452.205220522052,1.52388136813682
452.265226522652,1.51677065706571
452.325232523252,1.5096599459946
452.385238523852,1.50254923492349
452.445244524452,1.49543852385238
452.505250525052,1.48832781278128
452.565256525653,1.48121710171017
452.625262526253,1.47410639063906
452.685268526853,1.46699567956795
452.745274527453,1.45988496849685
452.805280528053,1.45277425742575
452.865286528653,1.44566354635464
452.925292529253,1.43855283528353
452.985298529853,1.43144212421242
453.045304530453,1.43440261026103
453.105310531053,1.44063123312331
453.165316531653,1.4468598559856
453.225322532253,1.45308847884789
453.285328532853,1.45931710171017
453.345334533453,1.46554572457246
453.405340534053,1.47177434743474
453.465346534653,1.47800297029703
453.525352535254,1.48423159315932
453.585358535854,1.4904602160216
453.645364536454,1.49668883888389
453.705370537054,1.50291746174617
453.765376537654,1.50914608460846
453.825382538254,1.51537470747075
453.885388538854,1.52160333033303
453.945394539454,1.52783195319532
454.005400540054,1.5334400540054
454.065406540654,1.53277398739874
454.125412541254,1.53210792079208
454.185418541854,1.53144185418542
454.245424542454,1.53077578757876
454.305430543054,1.5301097209721
454.365436543654,1.52944365436544
454.425442544254,1.52877758775878
454.485448544854,1.52811152115212
454.545454545455,1.52744545454545
454.605460546055,1.52677938793879
454.665466546655,1.52611332133213
454.725472547255,1.52544725472547
454.785478547855,1.52478118811881
454.845484548455,1.52411512151215
454.905490549055,1.52344905490549
454.965496549655,1.52278298829883
455.025502550255,1.52367512751275
455.085508550855,1.52667542754275
455.145514551455,1.52967572757276
455.205520552055,1.53267602760276
455.265526552655,1.53567632763276
455.325532553255,1.53867662766277
455.385538553855,1.54167692769277
455.445544554455,1.54467722772277
455.505550555055,1.54767752775277
455.565556555656,1.55067782778278
455.625562556256,1.55367812781278
455.685568556856,1.55667842784278
455.745574557456,1.55967872787279
455.805580558056,1.56267902790279
455.865586558656,1.56567932793279
455.925592559256,1.5686796279628
455.985598559856,1.5716799279928
456.045604560456,1.57299285928593
456.105610561056,1.57377293729373
456.165616561656,1.57455301530153
456.225622562256,1.57533309330933
456.285628562856,1.57611317131713
456.345634563456,1.57689324932493
456.405640564056,1.57767332733273
456.465646564656,1.57845340534053
456.525652565257,1.57923348334833
456.585658565857,1.58001356135614
456.645664566457,1.58079363936394
456.705670567057,1.58157371737174
456.765676567657,1.58235379537954
456.825682568257,1.58313387338734
456.885688568857,1.58391395139514
456.945694569457,1.58469402940294
457.005700570057,1.58520618061806
457.065706570657,1.58316597659766
457.125712571257,1.58112577257726
457.185718571857,1.57908556855686
457.245724572457,1.57704536453645
457.305730573057,1.57500516051605
457.365736573657,1.57296495649565
457.425742574257,1.57092475247525
457.485748574857,1.56888454845485
457.545754575458,1.56684434443444
457.605760576058,1.56480414041404
457.665766576658,1.56276393639364
457.725772577258,1.56072373237324
457.785778577858,1.55868352835283
457.845784578458,1.55664332433243
457.905790579058,1.55460312031203
457.965796579658,1.55256291629163
458.025802580258,1.55108262826283
458.085808580858,1.55034455445545
458.145814581458,1.54960648064806
458.205820582058,1.54886840684068
458.265826582658,1.5481303330333
458.325832583258,1.54739225922592
458.385838583858,1.54665418541854
458.445844584458,1.54591611161116
458.505850585059,1.54517803780378
458.565856585659,1.5444399639964
458.625862586259,1.54370189018902
458.685868586859,1.54296381638164
458.745874587459,1.54222574257426
458.805880588059,1.54148766876688
458.865886588659,1.5407495949595
458.925892589259,1.54001152115212
458.985898589859,1.53927344734473
459.045904590459,1.53864095409541
459.105910591059,1.53804089408941
459.165916591659,1.53744083408341
459.225922592259,1.53684077407741
459.285928592859,1.53624071407141
459.345934593459,1.53564065406541
459.405940594059,1.53504059405941
459.465946594659,1.53444053405341
459.52595259526,1.5338404740474
459.58595859586,1.5332404140414
459.64596459646,1.5326403540354
459.70597059706,1.5320402940294
459.76597659766,1.5314402340234
459.82598259826,1.5308401740174
459.88598859886,1.5302401140114
459.94599459946,1.5296400540054
460.00600060006,1.52942163216322
460.06600660066,1.53263795379538
460.12601260126,1.53585427542754
460.18601860186,1.5390705970597
460.24602460246,1.54228691869187
460.30603060306,1.54550324032403
460.36603660366,1.54871956195619
460.42604260426,1.55193588358836
460.48604860486,1.55515220522052
460.546054605461,1.55836852685269
460.606060606061,1.56158484848485
460.666066606661,1.56480117011701
460.726072607261,1.56801749174918
460.786078607861,1.57123381338134
460.846084608461,1.5744501350135
460.906090609061,1.57766645664567
460.966096609661,1.58088277827783
461.026102610261,1.58308631863186
461.086108610861,1.58397440744074
461.146114611461,1.58486249624962
461.206120612061,1.58575058505851
461.266126612661,1.58663867386739
461.326132613261,1.58752676267627
461.386138613861,1.58841485148515
461.446144614461,1.58930294029403
461.506150615062,1.59019102910291
461.566156615662,1.59107911791179
461.626162616262,1.59196720672067
461.686168616862,1.59285529552955
461.746174617462,1.59374338433843
461.806180618062,1.59463147314732
461.866186618662,1.5955195619562
461.926192619262,1.59640765076508
461.986198619862,1.59729573957396
462.046204620462,1.59775874587459
462.106210621062,1.59809477947795
462.166216621662,1.59843081308131
462.226222622262,1.59876684668467
462.286228622862,1.59910288028803
462.346234623462,1.59943891389139
462.406240624062,1.59977494749475
462.466246624662,1.60011098109811
462.526252625263,1.60044701470147
462.586258625863,1.60078304830483
462.646264626463,1.60111908190819
462.706270627063,1.60145511551155
462.766276627663,1.60179114911491
462.826282628263,1.60212718271827
462.886288628863,1.60246321632163
462.946294629463,1.60279924992499
463.006300630063,1.60279315931593
463.066306630663,1.59987086708671
463.126312631263,1.59694857485748
463.186318631863,1.59402628262826
463.246324632463,1.59110399039904
463.306330633063,1.58818169816982
463.366336633663,1.58525940594059
463.426342634263,1.58233711371137
463.486348634863,1.57941482148215
463.546354635464,1.57649252925292
463.606360636064,1.5735702370237
463.666366636664,1.57064794479448
463.726372637264,1.56772565256526
463.786378637864,1.56480336033603
463.846384638464,1.56188106810681
463.906390639064,1.55895877587759
463.966396639664,1.55603648364836
464.026402640264,1.55388778877888
464.086408640864,1.55272367236724
464.146414641464,1.5515595559556
464.206420642064,1.55039543954395
464.266426642664,1.54923132313231
464.326432643264,1.54806720672067
464.386438643864,1.54690309030903
464.446444644464,1.54573897389739
464.506450645064,1.54457485748575
464.566456645665,1.54341074107411
464.626462646265,1.54224662466247
464.686468646865,1.54108250825083
464.746474647465,1.53991839183918
464.806480648065,1.53875427542754
464.866486648665,1.5375901590159
464.926492649265,1.53642604260426
464.986498649865,1.53526192619262
465.046504650465,1.53650210021002
465.106510651065,1.5384402940294
465.166516651665,1.54037848784879
465.226522652265,1.54231668166817
465.286528652865,1.54425487548755
465.346534653465,1.54619306930693
465.406540654065,1.54813126312631
465.466546654665,1.55006945694569
465.526552655266,1.55200765076508
465.586558655866,1.55394584458446
465.646564656466,1.55588403840384
465.706570657066,1.55782223222322
465.766576657666,1.5597604260426
465.826582658266,1.56169861986199
465.886588658866,1.56363681368137
465.946594659466,1.56557500750075
466.006600660066,1.56683795379538
466.066606660666,1.56263753375337
466.126612661266,1.55843711371137
466.186618661866,1.55423669366937
466.246624662466,1.55003627362736
466.306630663066,1.54583585358536
466.366636663666,1.54163543354335
466.426642664266,1.53743501350135
466.486648664866,1.53323459345935
466.546654665467,1.52903417341734
466.606660666067,1.52483375337534
466.666666666667,1.52063333333333
466.726672667267,1.51643291329133
466.786678667867,1.51223249324932
466.846684668467,1.50803207320732
466.906690669067,1.50383165316532
466.966696669667,1.49963123312331
467.026702670267,1.49902499249925
467.086708670867,1.50290138013801
467.146714671467,1.50677776777678
467.206720672067,1.51065415541554
467.266726672667,1.51453054305431
467.326732673267,1.51840693069307
467.386738673867,1.52228331833183
467.446744674467,1.5261597059706
467.506750675068,1.53003609360936
467.566756675668,1.53391248124813
467.626762676268,1.53778886888689
467.686768676868,1.54166525652565
467.746774677468,1.54554164416442
467.806780678068,1.54941803180318
467.866786678668,1.55329441944194
467.926792679268,1.55717080708071
467.986798679868,1.56104719471947
468.046804680468,1.56219486948695
468.106810681068,1.56257290729073
468.166816681668,1.56295094509451
468.226822682268,1.56332898289829
468.286828682868,1.56370702070207
468.346834683468,1.56408505850585
468.406840684068,1.56446309630963
468.466846684668,1.56484113411341
468.526852685269,1.56521917191719
468.586858685869,1.56559720972097
468.646864686469,1.56597524752475
468.706870687069,1.56635328532853
468.766876687669,1.56673132313231
468.826882688269,1.56710936093609
468.886888688869,1.56748739873987
468.946894689469,1.56786543654365
469.006900690069,1.56778250825082
469.066906690669,1.56415214521452
469.126912691269,1.56052178217822
469.186918691869,1.55689141914191
469.246924692469,1.55326105610561
469.306930693069,1.54963069306931
469.366936693669,1.546000330033
469.426942694269,1.5423699669967
469.48694869487,1.53873960396039
469.54695469547,1.53510924092409
469.60696069607,1.53147887788779
469.66696669667,1.52784851485149
469.72697269727,1.52421815181518
469.78697869787,1.52058778877888
469.84698469847,1.51695742574257
469.90699069907,1.51332706270627
469.96699669967,1.50969669966997
470.02700270027,1.50838586858686
470.08700870087,1.5099100210021
470.14701470147,1.51143417341734
470.20702070207,1.51295832583258
470.26702670267,1.51448247824782
470.32703270327,1.51600663066307
470.38703870387,1.51753078307831
470.44704470447,1.51905493549355
470.507050705071,1.52057908790879
470.567056705671,1.52210324032403
470.627062706271,1.52362739273927
470.687068706871,1.52515154515451
470.747074707471,1.52667569756976
470.807080708071,1.528199849985
470.867086708671,1.52972400240024
470.927092709271,1.53124815481548
470.987098709871,1.53277230723072
471.047104710471,1.53684482448245
471.107110711071,1.54161530153015
471.167116711671,1.54638577857786
471.227122712271,1.55115625562556
471.287128712871,1.55592673267327
471.347134713471,1.56069720972097
471.407140714071,1.56546768676868
471.467146714671,1.57023816381638
471.527152715272,1.57500864086409
471.587158715872,1.57977911791179
471.647164716472,1.5845495949595
471.707170717072,1.5893200720072
471.767176717672,1.5940905490549
471.827182718272,1.59886102610261
471.887188718872,1.60363150315031
471.947194719472,1.60840198019802
472.007200720072,1.61214851485149
472.067206720672,1.60838613861386
472.127212721272,1.60462376237624
472.187218721872,1.60086138613861
472.247224722472,1.59709900990099
472.307230723072,1.59333663366337
472.367236723672,1.58957425742574
472.427242724272,1.58581188118812
472.487248724872,1.5820495049505
472.547254725473,1.57828712871287
472.607260726073,1.57452475247525
472.667266726673,1.57076237623762
472.727272727273,1.567
472.787278727873,1.56323762376238
472.847284728473,1.55947524752475
472.907290729073,1.55571287128713
472.967296729673,1.55195049504951
473.027302730273,1.5503696069607
473.087308730873,1.55140171017102
473.147314731473,1.55243381338134
473.207320732073,1.55346591659166
473.267326732673,1.55449801980198
473.327332733273,1.5555301230123
473.387338733873,1.55656222622262
473.447344734473,1.55759432943294
473.507350735073,1.55862643264326
473.567356735674,1.55965853585359
473.627362736274,1.56069063906391
473.687368736874,1.56172274227423
473.747374737474,1.56275484548455
473.807380738074,1.56378694869487
473.867386738674,1.56481905190519
473.927392739274,1.56585115511551
473.987398739874,1.56688325832583
474.047404740474,1.56953660366037
474.107410741074,1.57262091209121
474.167416741674,1.57570522052205
474.227422742274,1.57878952895289
474.287428742874,1.58187383738374
474.347434743474,1.58495814581458
474.407440744074,1.58804245424542
474.467446744674,1.59112676267627
474.527452745275,1.59421107110711
474.587458745875,1.59729537953795
474.647464746475,1.6003796879688
474.707470747075,1.60346399639964
474.767476747675,1.60654830483048
474.827482748275,1.60963261326133
474.887488748875,1.61271692169217
474.947494749475,1.61580123012301
475.007500750075,1.61808445844585
475.067506750675,1.6147601260126
475.127512751275,1.61143579357936
475.187518751875,1.60811146114611
475.247524752475,1.60478712871287
475.307530753075,1.60146279627963
475.367536753675,1.59813846384638
475.427542754275,1.59481413141314
475.487548754875,1.5914897989799
475.547554755476,1.58816546654666
475.607560756076,1.58484113411341
475.667566756676,1.58151680168017
475.727572757276,1.57819246924693
475.787578757876,1.57486813681368
475.847584758476,1.57154380438044
475.907590759076,1.56821947194719
475.967596759676,1.56489513951395
476.027602760276,1.56335670567057
476.087608760876,1.56391476147615
476.147614761476,1.56447281728173
476.207620762076,1.56503087308731
476.267626762676,1.56558892889289
476.327632763276,1.56614698469847
476.387638763876,1.56670504050405
476.447644764476,1.56726309630963
476.507650765077,1.56782115211521
476.567656765677,1.56837920792079
476.627662766277,1.56893726372637
476.687668766877,1.56949531953195
476.747674767477,1.57005337533753
476.807680768077,1.57061143114311
476.867686768677,1.5711694869487
476.927692769277,1.57172754275428
476.987698769877,1.57228559855986
477.047704770477,1.57481386138614
477.107710771077,1.5778501650165
477.167716771677,1.58088646864687
477.227722772277,1.58392277227723
477.287728772877,1.58695907590759
477.347734773477,1.58999537953795
477.407740774077,1.59303168316832
477.467746774677,1.59606798679868
477.527752775278,1.59910429042904
477.587758775878,1.60214059405941
477.647764776478,1.60517689768977
477.707770777078,1.60821320132013
477.767776777678,1.61124950495049
477.827782778278,1.61428580858086
477.887788778878,1.61732211221122
477.947794779478,1.62035841584158
478.007800780078,1.62275505550555
478.067806780678,1.62087086708671
478.127812781278,1.61898667866787
478.187818781878,1.61710249024902
478.247824782478,1.61521830183018
478.307830783078,1.61333411341134
478.367836783678,1.6114499249925
478.427842784278,1.60956573657366
478.487848784879,1.60768154815481
478.547854785479,1.60579735973597
478.607860786079,1.60391317131713
478.667866786679,1.60202898289829
478.727872787279,1.60014479447945
478.787878787879,1.59826060606061
478.847884788479,1.59637641764176
478.907890789079,1.59449222922292
478.967896789679,1.59260804080408
479.027902790279,1.59233942394239
479.087908790879,1.5939295829583
479.147914791479,1.5955197419742
479.207920792079,1.5971099009901
479.267926792679,1.598700060006
479.327932793279,1.6002902190219
479.387938793879,1.6018803780378
479.447944794479,1.60347053705371
479.50795079508,1.60506069606961
479.56795679568,1.60665085508551
479.62796279628,1.60824101410141
479.68796879688,1.60983117311731
479.74797479748,1.61142133213321
479.80798079808,1.61301149114912
479.86798679868,1.61460165016502
479.92799279928,1.61619180918092
479.98799879988,1.61778196819682
480.04800480048,1.61808079807981
480.10801080108,1.61805679567957
480.16801680168,1.61803279327933
480.22802280228,1.61800879087909
480.28802880288,1.61798478847885
480.34803480348,1.61796078607861
480.40804080408,1.61793678367837
480.46804680468,1.61791278127813
480.528052805281,1.61788877887789
480.588058805881,1.61786477647765
480.648064806481,1.61784077407741
480.708070807081,1.61781677167717
480.768076807681,1.61779276927693
480.828082808281,1.61776876687669
480.888088808881,1.61774476447645
480.948094809481,1.61772076207621
481.008100810081,1.61774779477948
481.068106810681,1.61810183018302
481.128112811281,1.61845586558656
481.188118811881,1.6188099009901
481.248124812481,1.61916393639364
481.308130813081,1.61951797179718
481.368136813681,1.61987200720072
481.428142814281,1.62022604260426
481.488148814881,1.6205800780078
481.548154815482,1.62093411341134
481.608160816082,1.62128814881488
481.668166816682,1.62164218421842
481.728172817282,1.62199621962196
481.788178817882,1.6223502550255
481.848184818482,1.62270429042904
481.908190819082,1.62305832583258
481.968196819682,1.62341236123612
482.028202820282,1.62304158415842
482.088208820882,1.62185346534653
482.148214821482,1.62066534653465
482.208220822082,1.61947722772277
482.268226822682,1.61828910891089
482.328232823282,1.61710099009901
482.388238823882,1.61591287128713
482.448244824482,1.61472475247525
482.508250825082,1.61353663366337
482.568256825683,1.61234851485149
482.628262826283,1.6111603960396
482.688268826883,1.60997227722772
482.748274827483,1.60878415841584
482.808280828083,1.60759603960396
482.868286828683,1.60640792079208
482.928292829283,1.6052198019802
482.988298829883,1.60403168316832
483.048304830483,1.60233153315331
483.108310831083,1.60050735073507
483.168316831683,1.59868316831683
483.228322832283,1.59685898589859
483.288328832883,1.59503480348035
483.348334833483,1.59321062106211
483.408340834083,1.59138643864386
483.468346834683,1.58956225622562
483.528352835283,1.58773807380738
483.588358835884,1.58591389138914
483.648364836484,1.5840897089709
483.708370837084,1.58226552655266
483.768376837684,1.58044134413441
483.828382838284,1.57861716171617
483.888388838884,1.57679297929793
483.948394839484,1.57496879687969
484.008400840084,1.57335715571557
484.068406840684,1.57305112511251
484.128412841284,1.57274509450945
484.188418841884,1.57243906390639
484.248424842484,1.57213303330333
484.308430843084,1.57182700270027
484.368436843684,1.57152097209721
484.428442844284,1.57121494149415
484.488448844884,1.57090891089109
484.548454845485,1.57060288028803
484.608460846085,1.57029684968497
484.668466846685,1.56999081908191
484.728472847285,1.56968478847885
484.788478847885,1.56937875787579
484.848484848485,1.56907272727273
484.908490849085,1.56876669666967
484.968496849685,1.56846066606661
485.028502850285,1.55984320432044
485.088508850885,1.54203942394239
485.148514851485,1.52423564356435
485.208520852085,1.50643186318632
485.268526852685,1.48862808280828
485.328532853285,1.47082430243025
485.388538853885,1.4530205220522
485.448544854485,1.43521674167418
485.508550855086,1.41741296129613
485.568556855686,1.39960918091809
485.628562856286,1.38180540054006
485.688568856886,1.36400162016201
485.748574857486,1.34619783978399
485.808580858086,1.32839405940594
485.868586858686,1.3105902790279
485.928592859286,1.29278649864987
485.988598859886,1.27498271827182
486.048604860486,1.27901224122412
486.108610861086,1.28816315631563
486.168616861686,1.29731407140714
486.228622862286,1.30646498649865
486.288628862886,1.31561590159016
486.348634863486,1.32476681668166
486.408640864086,1.33391773177318
486.468646864686,1.34306864686469
486.528652865287,1.35221956195619
486.588658865887,1.36137047704771
486.648664866487,1.37052139213921
486.708670867087,1.37967230723072
486.768676867687,1.38882322232224
486.828682868287,1.39797413741374
486.888688868887,1.40712505250525
486.948694869487,1.41627596759676
487.008700870087,1.4251197419742
487.068706870687,1.43215244524452
487.128712871287,1.43918514851485
487.188718871887,1.44621785178518
487.248724872487,1.4532505550555
487.308730873087,1.46028325832583
487.368736873687,1.46731596159616
487.428742874287,1.47434866486649
487.488748874888,1.48138136813682
487.548754875488,1.48841407140714
487.608760876088,1.49544677467747
487.668766876688,1.50247947794779
487.728772877288,1.50951218121812
487.788778877888,1.51654488448845
487.848784878488,1.52357758775877
487.908790879088,1.5306102910291
487.968796879688,1.53764299429943
488.028802880288,1.53872502250225
488.088808880888,1.5333604860486
488.148814881488,1.52799594959496
488.208820882088,1.52263141314131
488.268826882688,1.51726687668767
488.328832883288,1.51190234023402
488.388838883888,1.50653780378038
488.448844884488,1.50117326732673
488.508850885089,1.49580873087309
488.568856885689,1.49044419441944
488.628862886289,1.4850796579658
488.688868886889,1.47971512151215
488.748874887489,1.47435058505851
488.808880888089,1.46898604860486
488.868886888689,1.46362151215122
488.928892889289,1.45825697569757
488.988898889889,1.45289243924392
489.048904890489,1.46023828382838
489.108910891089,1.4704693069307
489.168916891689,1.480700330033
489.228922892289,1.49093135313531
489.288928892889,1.50116237623762
489.348934893489,1.51139339933993
489.408940894089,1.52162442244225
489.468946894689,1.53185544554455
489.52895289529,1.54208646864687
489.58895889589,1.55231749174917
489.64896489649,1.56254851485148
489.70897089709,1.5727795379538
489.76897689769,1.5830105610561
489.82898289829,1.59324158415842
489.88898889889,1.60347260726072
489.94899489949,1.61370363036304
490.00900090009,1.62183384338434
490.06900690069,1.6180594659466
490.12901290129,1.61428508850885
490.18901890189,1.61051071107111
490.24902490249,1.60673633363336
490.30903090309,1.60296195619562
490.36903690369,1.59918757875788
490.42904290429,1.59541320132013
490.48904890489,1.59163882388239
490.549054905491,1.58786444644464
490.609060906091,1.5840900690069
490.669066906691,1.58031569156916
490.729072907291,1.57654131413141
490.789078907891,1.57276693669367
490.849084908491,1.56899255925593
490.909090909091,1.56521818181818
490.969096909691,1.56144380438044
491.029102910291,1.55738712871287
491.089108910891,1.55303069306931
491.149114911491,1.54867425742574
491.209120912091,1.54431782178218
491.269126912691,1.53996138613861
491.329132913291,1.53560495049505
491.389138913891,1.53124851485149
491.449144914491,1.52689207920792
491.509150915091,1.52253564356436
491.569156915692,1.51817920792079
491.629162916292,1.51382277227723
491.689168916892,1.50946633663366
491.749174917492,1.5051099009901
491.809180918092,1.50075346534654
491.869186918692,1.49639702970297
491.929192919292,1.4920405940594
491.989198919892,1.48768415841584
492.049204920492,1.49198778877888
492.109210921092,1.49819240924092
492.169216921692,1.50439702970297
492.229222922292,1.51060165016502
492.289228922892,1.51680627062706
492.349234923492,1.52301089108911
492.409240924092,1.52921551155115
492.469246924692,1.5354201320132
492.529252925293,1.54162475247525
492.589258925893,1.54782937293729
492.649264926493,1.55403399339934
492.709270927093,1.56023861386138
492.769276927693,1.56644323432343
492.829282928293,1.57264785478548
492.889288928893,1.57885247524752
492.949294929493,1.58505709570957
493.009300930093,1.58994842484248
493.069306930693,1.5876801980198
493.129312931293,1.58541197119712
493.189318931893,1.58314374437444
493.249324932493,1.58087551755175
493.309330933093,1.57860729072907
493.369336933693,1.57633906390639
493.429342934293,1.57407083708371
493.489348934893,1.57180261026103
493.549354935494,1.56953438343834
493.609360936094,1.56726615661566
493.669366936694,1.56499792979298
493.729372937294,1.5627297029703
493.789378937894,1.56046147614761
493.849384938494,1.55819324932493
493.909390939094,1.55592502250225
493.969396939694,1.55365679567957
494.029402940294,1.55532268226822
494.089408940894,1.56108325832583
494.149414941494,1.56684383438344
494.209420942094,1.57260441044104
494.269426942694,1.57836498649865
494.329432943294,1.58412556255625
494.389438943894,1.58988613861386
494.449444944494,1.59564671467147
494.509450945094,1.60140729072907
494.569456945695,1.60716786678668
494.629462946295,1.61292844284428
494.689468946895,1.61868901890189
494.749474947495,1.62444959495949
494.809480948095,1.6302101710171
494.869486948695,1.63597074707471
494.929492949295,1.64173132313231
494.989498949895,1.64749189918992
495.049504950495,1.64449504950495
495.109510951095,1.63964056405641
495.169516951695,1.63478607860786
495.229522952295,1.62993159315932
495.289528952895,1.62507710771077
495.349534953495,1.62022262226223
495.409540954095,1.61536813681368
495.469546954695,1.61051365136514
495.529552955296,1.60565916591659
495.589558955896,1.60080468046805
495.649564956496,1.5959501950195
495.709570957096,1.59109570957096
495.769576957696,1.58624122412241
495.829582958296,1.58138673867387
495.889588958896,1.57653225322532
495.949594959496,1.57167776777678
496.009600960096,1.56785730573057
496.069606960696,1.56946546654666
496.129612961296,1.57107362736274
496.189618961896,1.57268178817882
496.249624962496,1.5742899489949
496.309630963096,1.57589810981098
496.369636963696,1.57750627062706
496.429642964296,1.57911443144314
496.489648964897,1.58072259225923
496.549654965497,1.58233075307531
496.609660966097,1.58393891389139
496.669666966697,1.58554707470747
496.729672967297,1.58715523552355
496.789678967897,1.58876339633963
496.849684968497,1.59037155715572
496.909690969097,1.5919797179718
496.969696969697,1.59358787878788
497.029702970297,1.59310792079208
497.089708970897,1.59049765976598
497.149714971497,1.58788739873987
497.209720972097,1.58527713771377
497.269726972697,1.58266687668767
497.329732973297,1.58005661566157
497.389738973897,1.57744635463546
497.449744974497,1.57483609360936
497.509750975098,1.57222583258326
497.569756975698,1.56961557155716
497.629762976298,1.56700531053105
497.689768976898,1.56439504950495
497.749774977498,1.56178478847885
497.809780978098,1.55917452745274
497.869786978698,1.55656426642664
497.929792979298,1.55395400540054
497.989798979898,1.55134374437444
498.049804980498,1.5508900390039
498.109810981098,1.55087803780378
498.169816981698,1.55086603660366
498.229822982298,1.55085403540354
498.289828982898,1.55084203420342
498.349834983498,1.5508300330033
498.409840984098,1.55081803180318
498.469846984698,1.55080603060306
498.529852985299,1.55079402940294
498.589858985899,1.55078202820282
498.649864986499,1.5507700270027
498.709870987099,1.55075802580258
498.769876987699,1.55074602460246
498.829882988299,1.55073402340234
498.889888988899,1.55072202220222
498.949894989499,1.5507100210021
499.009900990099,1.55064455445545
499.069906990699,1.55030852085209
499.129912991299,1.54997248724872
499.189918991899,1.54963645364536
499.249924992499,1.549300420042
499.309930993099,1.54896438643864
499.369936993699,1.54862835283528
499.429942994299,1.54829231923192
499.489948994899,1.54795628562856
499.5499549955,1.5476202520252
499.6099609961,1.54728421842184
499.6699669967,1.54694818481848
499.7299729973,1.54661215121512
499.7899789979,1.54627611761176
499.8499849985,1.5459400840084
499.9099909991,1.54560405040504
499.9699969997,1.54526801680168
500.0300030003,1.54368085808581
500.0900090009,1.54084257425743
500.1500150015,1.53800429042904
500.2100210021,1.53516600660066
500.2700270027,1.53232772277228
500.3300330033,1.52948943894389
500.3900390039,1.52665115511551
500.4500450045,1.52381287128713
500.510051005101,1.52097458745874
500.570057005701,1.51813630363036
500.630063006301,1.51529801980198
500.690069006901,1.5124597359736
500.750075007501,1.50962145214521
500.810081008101,1.50678316831683
500.870087008701,1.50394488448845
500.930093009301,1.50110660066007
500.990099009901,1.49826831683168
501.050105010501,1.4977398739874
501.110111011101,1.49766786678668
501.170117011701,1.49759585958596
501.230123012301,1.49752385238524
501.290129012901,1.49745184518452
501.350135013501,1.4973798379838
501.410141014101,1.49730783078308
501.470147014701,1.49723582358236
501.530153015302,1.49716381638164
501.590159015902,1.49709180918092
501.650165016502,1.4970198019802
501.710171017102,1.49694779477948
501.770177017702,1.49687578757876
501.830183018302,1.49680378037804
501.890189018902,1.49673177317732
501.950195019502,1.4966597659766
502.010201020102,1.49730081008101
502.070207020702,1.50142322232223
502.130213021302,1.50554563456346
502.190219021902,1.50966804680468
502.250225022502,1.51379045904591
502.310231023102,1.51791287128713
502.370237023702,1.52203528352835
502.430243024302,1.52615769576957
502.490249024902,1.5302801080108
502.550255025503,1.53440252025203
502.610261026103,1.53852493249325
502.670267026703,1.54264734473447
502.730273027303,1.5467697569757
502.790279027903,1.55089216921692
502.850285028503,1.55501458145815
502.910291029103,1.55913699369937
502.970297029703,1.56325940594059
503.030303030303,1.5620696969697
503.090309030903,1.55567305730573
503.150315031503,1.54927641764176
503.210321032103,1.5428797779778
503.270327032703,1.53648313831383
503.330333033303,1.53008649864987
503.390339033903,1.5236898589859
503.450345034503,1.51729321932193
503.510351035103,1.51089657965797
503.570357035704,1.504499939994
503.630363036304,1.49810330033004
503.690369036904,1.49170666066607
503.750375037504,1.4853100210021
503.810381038104,1.47891338133814
503.870387038704,1.47251674167417
503.930393039304,1.4661201020102
503.990399039904,1.45972346234623
504.050405040504,1.46398244824483
504.110411041104,1.47027107710771
504.170417041704,1.4765597059706
504.230423042304,1.48284833483348
504.290429042904,1.48913696369637
504.350435043504,1.49542559255926
504.410441044104,1.50171422142214
504.470447044704,1.50800285028503
504.530453045305,1.51429147914791
504.590459045905,1.5205801080108
504.650465046505,1.52686873687368
504.710471047105,1.53315736573657
504.770477047705,1.53944599459946
504.830483048305,1.54573462346234
504.890489048905,1.55202325232523
504.950495049505,1.55831188118812
505.010501050105,1.5641605160516
505.070507050705,1.56793489348935
505.130513051305,1.57170927092709
505.190519051905,1.57548364836484
505.250525052505,1.57925802580258
505.310531053105,1.58303240324032
505.370537053705,1.58680678067807
505.430543054305,1.59058115811581
505.490549054906,1.59435553555356
505.550555055506,1.5981299129913
505.610561056106,1.60190429042904
505.670567056706,1.60567866786679
505.730573057306,1.60945304530453
505.790579057906,1.61322742274227
505.850585058506,1.61700180018002
505.910591059106,1.62077617761776
505.970597059706,1.62455055505551
506.030603060306,1.62424554455446
506.090609060906,1.62002112211221
506.150615061506,1.61579669966997
506.210621062106,1.61157227722772
506.270627062706,1.60734785478548
506.330633063306,1.60312343234323
506.390639063906,1.59889900990099
506.450645064506,1.59467458745875
506.510651065107,1.5904501650165
506.570657065707,1.58622574257426
506.630663066307,1.58200132013201
506.690669066907,1.57777689768977
506.750675067507,1.57355247524753
506.810681068107,1.56932805280528
506.870687068707,1.56510363036304
506.930693069307,1.56087920792079
506.990699069907,1.55665478547855
507.050705070507,1.55399714971497
507.110711071107,1.55162691269127
507.170717071707,1.54925667566757
507.230723072307,1.54688643864386
507.290729072907,1.54451620162016
507.350735073507,1.54214596459646
507.410741074107,1.53977572757276
507.470747074707,1.53740549054906
507.530753075308,1.53503525352535
507.590759075908,1.53266501650165
507.650765076508,1.53029477947795
507.710771077108,1.52792454245424
507.770777077708,1.52555430543054
507.830783078308,1.52318406840684
507.890789078908,1.52081383138314
507.950795079508,1.51844359435944
508.010801080108,1.51728631863186
508.070807080708,1.52165475547555
508.130813081308,1.52602319231923
508.190819081908,1.53039162916292
508.250825082508,1.5347600660066
508.310831083108,1.53912850285029
508.370837083708,1.54349693969397
508.430843084308,1.54786537653765
508.490849084908,1.55223381338134
508.550855085509,1.55660225022502
508.610861086109,1.56097068706871
508.670867086709,1.56533912391239
508.730873087309,1.56970756075608
508.790879087909,1.57407599759976
508.850885088509,1.57844443444344
508.910891089109,1.58281287128713
508.970897089709,1.58718130813081
509.030903090309,1.58802679267927
509.090909090909,1.58555454545455
509.150915091509,1.58308229822982
509.210921092109,1.5806100510051
509.270927092709,1.57813780378038
509.330933093309,1.57566555655566
509.390939093909,1.57319330933093
509.450945094509,1.57072106210621
509.51095109511,1.56824881488149
509.57095709571,1.56577656765677
509.63096309631,1.56330432043204
509.69096909691,1.56083207320732
509.75097509751,1.5583598259826
509.81098109811,1.55588757875787
509.87098709871,1.55341533153315
509.93099309931,1.55094308430843
509.99099909991,1.54847083708371
510.05100510051,1.54956894689469
510.11101110111,1.55129711971197
510.17101710171,1.55302529252925
510.23102310231,1.55475346534654
510.29102910291,1.55648163816382
510.35103510351,1.5582098109811
510.41104110411,1.55993798379838
510.47104710471,1.56166615661566
510.531053105311,1.56339432943294
510.591059105911,1.56512250225022
510.651065106511,1.56685067506751
510.711071107111,1.56857884788479
510.771077107711,1.57030702070207
510.831083108311,1.57203519351935
510.891089108911,1.57376336633663
510.951095109511,1.57549153915392
511.011101110111,1.57736291629163
511.071107110711,1.57986516651665
511.131113111311,1.58236741674168
511.191119111911,1.5848696669667
511.251125112511,1.58737191719172
511.311131113111,1.58987416741674
511.371137113711,1.59237641764176
511.431143114311,1.59487866786679
511.491149114911,1.59738091809181
511.551155115512,1.59988316831683
511.611161116112,1.60238541854185
511.671167116712,1.60488766876688
511.731173117312,1.6073899189919
511.791179117912,1.60989216921692
511.851185118512,1.61239441944194
511.911191119112,1.61489666966697
511.971197119712,1.61739891989199
512.031203120312,1.61554209420942
512.091209120912,1.60966150615062
512.151215121512,1.6037809180918
512.211221122112,1.59790033003301
512.271227122712,1.5920197419742
512.331233123312,1.58613915391539
512.391239123912,1.58025856585659
512.451245124513,1.57437797779777
512.511251125112,1.56849738973898
512.571257125713,1.56261680168017
512.631263126313,1.55673621362136
512.691269126913,1.55085562556256
512.751275127513,1.54497503750374
512.811281128113,1.53909444944495
512.871287128713,1.53321386138614
512.931293129313,1.52733327332733
512.991299129913,1.52145268526853
513.051305130513,1.51895310531053
513.111311131113,1.51702691269127
513.171317131713,1.51510072007201
513.231323132313,1.51317452745274
513.291329132913,1.51124833483349
513.351335133513,1.50932214221422
513.411341134113,1.50739594959496
513.471347134713,1.5054697569757
513.531353135314,1.50354356435643
513.591359135914,1.50161737173718
513.651365136514,1.49969117911791
513.711371137114,1.49776498649865
513.771377137714,1.49583879387939
513.831383138314,1.49391260126012
513.891389138914,1.49198640864087
513.951395139514,1.4900602160216
514.011401140114,1.48898910891089
514.071407140714,1.49156336633663
514.131413141314,1.49413762376238
514.191419141914,1.49671188118812
514.251425142514,1.49928613861386
514.311431143114,1.5018603960396
514.371437143714,1.50443465346535
514.431443144314,1.50700891089109
514.491449144914,1.50958316831683
514.551455145515,1.51215742574257
514.611461146115,1.51473168316832
514.671467146715,1.51730594059406
514.731473147315,1.5198801980198
514.791479147915,1.52245445544554
514.851485148515,1.52502871287129
514.911491149115,1.52760297029703
514.971497149715,1.53017722772277
515.031503150315,1.53184419441944
515.091509150915,1.5326902790279
515.151515151515,1.53353636363636
515.211521152115,1.53438244824482
515.271527152715,1.53522853285329
515.331533153315,1.53607461746175
515.391539153915,1.53692070207021
515.451545154515,1.53776678667867
515.511551155116,1.53861287128713
515.571557155716,1.53945895589559
515.631563156316,1.54030504050405
515.691569156916,1.54115112511251
515.751575157516,1.54199720972097
515.811581158116,1.54284329432943
515.871587158716,1.54368937893789
515.931593159316,1.54453546354636
515.991599159916,1.54538154815481
516.051605160516,1.53073576357636
516.111611161116,1.51356804680468
516.171617161716,1.49640033003303
516.231623162316,1.47923261326131
516.291629162916,1.46206489648966
516.351635163516,1.44489717971798
516.411641164116,1.42772946294629
516.471647164716,1.41056174617464
516.531653165317,1.39339402940293
516.591659165917,1.37622631263127
516.651665166517,1.35905859585959
516.711671167117,1.34189087908791
516.771677167717,1.32472316231626
516.831683168317,1.30755544554454
516.891689168917,1.29038772877289
516.951695169517,1.2732200120012
517.011701170117,1.26151674167417
517.071707170717,1.2723718271827
517.131713171317,1.28322691269128
517.191719171917,1.29408199819981
517.251725172517,1.30493708370837
517.311731173117,1.31579216921692
517.371737173717,1.32664725472546
517.431743174317,1.33750234023403
517.491749174917,1.34835742574257
517.551755175518,1.35921251125112
517.611761176118,1.37006759675968
517.671767176718,1.38092268226821
517.731773177318,1.39177776777679
517.791779177918,1.40263285328532
517.851785178518,1.41348793879388
517.911791179118,1.42434302430243
517.971797179718,1.43519810981097
518.031803180318,1.43888157815781
518.091809180918,1.43620531053105
518.151815181518,1.43352904290429
518.211821182118,1.43085277527753
518.271827182718,1.42817650765077
518.331833183318,1.425500240024
518.391839183918,1.42282397239724
518.451845184518,1.42014770477048
518.511851185119,1.41747143714371
518.571857185718,1.41479516951695
518.631863186319,1.41211890189019
518.691869186919,1.40944263426343
518.751875187519,1.40676636663666
518.811881188119,1.4040900990099
518.871887188719,1.40141383138314
518.931893189319,1.39873756375637
518.991899189919,1.39606129612961
519.051905190519,1.40233867386739
519.111911191119,1.41001344134414
519.171917191719,1.41768820882087
519.231923192319,1.42536297629764
519.291929192919,1.43303774377437
519.351935193519,1.44071251125113
519.411941194119,1.44838727872788
519.471947194719,1.45606204620461
519.53195319532,1.46373681368138
519.59195919592,1.47141158115811
519.65196519652,1.47908634863486
519.71197119712,1.48676111611161
519.77197719772,1.49443588358835
519.83198319832,1.50211065106512
519.89198919892,1.50978541854185
519.95199519952,1.5174601860186
520.01200120012,1.52373201320132
520.07200720072,1.52439207920792
520.13201320132,1.52505214521452
520.19201920192,1.52571221122112
520.25202520252,1.52637227722772
520.31203120312,1.52703234323432
520.37203720372,1.52769240924092
520.432043204321,1.52835247524753
520.49204920492,1.52901254125413
520.552055205521,1.52967260726073
520.612061206121,1.53033267326733
520.672067206721,1.53099273927393
520.732073207321,1.53165280528053
520.792079207921,1.53231287128713
520.852085208521,1.53297293729373
520.912091209121,1.53363300330033
520.972097209721,1.53429306930693
521.032103210321,1.53570435043505
521.092109210921,1.53776855685569
521.152115211521,1.53983276327633
521.212121212121,1.54189696969697
521.272127212721,1.54396117611761
521.332133213321,1.54602538253826
521.392139213921,1.5480895889589
521.452145214521,1.55015379537954
521.512151215122,1.55221800180018
521.572157215722,1.55428220822082
521.632163216322,1.55634641464146
521.692169216922,1.55841062106211
521.752175217522,1.56047482748275
521.812181218122,1.56253903390339
521.872187218722,1.56460324032403
521.932193219322,1.56666744674467
521.992199219922,1.56873165316532
522.052205220522,1.56429630963096
522.112211221122,1.55888976897689
522.172217221722,1.55348322832284
522.232223222322,1.54807668766877
522.292229222922,1.5426701470147
522.352235223522,1.53726360636063
522.412241224122,1.53185706570657
522.472247224722,1.52645052505251
522.532253225323,1.52104398439844
522.592259225923,1.51563744374437
522.652265226523,1.51023090309031
522.712271227123,1.50482436243624
522.772277227723,1.49941782178218
522.832283228323,1.49401128112811
522.892289228923,1.48860474047405
522.952295229523,1.48319819981998
523.012301230123,1.48027281728173
523.072307230723,1.48696948694869
523.132313231323,1.49366615661566
523.192319231923,1.50036282628263
523.252325232523,1.5070594959496
523.312331233123,1.51375616561657
523.372337233723,1.52045283528352
523.432343234323,1.52714950495049
523.492349234923,1.53384617461746
523.552355235524,1.54054284428443
523.612361236124,1.5472395139514
523.672367236724,1.55393618361836
523.732373237324,1.56063285328533
523.792379237924,1.5673295229523
523.852385238524,1.57402619261925
523.912391239124,1.58072286228623
523.972397239724,1.58741953195319
524.032403240324,1.59009819981998
524.092409240924,1.58935412541254
524.152415241524,1.5886100510051
524.212421242124,1.58786597659766
524.272427242724,1.58712190219022
524.332433243324,1.58637782778278
524.392439243924,1.58563375337534
524.452445244524,1.5848896789679
524.512451245125,1.58414560456046
524.572457245725,1.58340153015302
524.632463246325,1.58265745574557
524.692469246925,1.58191338133813
524.752475247525,1.58116930693069
524.812481248125,1.58042523252325
524.872487248725,1.57968115811581
524.932493249325,1.57893708370837
524.992499249925,1.57819300930093
525.052505250525,1.5757897689769
525.112511251125,1.57314950495049
525.172517251725,1.57050924092409
525.232523252325,1.56786897689769
525.292529252925,1.56522871287129
525.352535253525,1.56258844884489
525.412541254125,1.55994818481848
525.472547254725,1.55730792079208
525.532553255326,1.55466765676568
525.592559255926,1.55202739273927
525.652565256526,1.54938712871287
525.712571257126,1.54674686468647
525.772577257726,1.54410660066007
525.832583258326,1.54146633663366
525.892589258926,1.53882607260726
525.952595259526,1.53618580858086
526.012601260126,1.53167551755174
526.072607260726,1.52013036303631
526.132613261326,1.50858520852085
526.192619261926,1.4970400540054
526.252625262526,1.48549489948996
526.312631263126,1.47394974497448
526.372637263726,1.46240459045905
526.432643264326,1.45085943594359
526.492649264927,1.43931428142814
526.552655265526,1.4277691269127
526.612661266127,1.41622397239723
526.672667266727,1.40467881788179
526.732673267327,1.39313366336634
526.792679267927,1.38158850885088
526.852685268527,1.37004335433545
526.912691269127,1.35849819981997
526.972697269727,1.34695304530453
527.032703270327,1.34804443444344
527.092709270927,1.35968559855986
527.152715271527,1.37132676267625
527.212721272127,1.38296792679269
527.272727272727,1.39460909090909
527.332733273327,1.4062502550255
527.392739273927,1.41789141914192
527.452745274527,1.42953258325831
527.512751275128,1.44117374737475
527.572757275728,1.45281491149115
527.632763276328,1.46445607560756
527.692769276928,1.47609723972398
527.752775277528,1.48773840384037
527.812781278128,1.49937956795681
527.872787278728,1.5110207320732
527.932793279328,1.52266189618962
527.992799279928,1.53430306030604
528.052805280528,1.5394702970297
528.112811281128,1.54375472547255
528.172817281728,1.54803915391539
528.232823282328,1.55232358235824
528.292829282928,1.55660801080108
528.352835283528,1.56089243924392
528.412841284128,1.56517686768677
528.472847284728,1.56946129612961
528.532853285329,1.57374572457246
528.592859285929,1.5780301530153
528.652865286529,1.58231458145814
528.712871287129,1.586599009901
528.772877287729,1.59088343834383
528.832883288329,1.59516786678668
528.892889288929,1.59945229522953
528.952895289529,1.60373672367236
529.012901290129,1.60629366936693
529.072907290729,1.60254329432943
529.132913291329,1.59879291929193
529.192919291929,1.59504254425442
529.252925292529,1.59129216921693
529.312931293129,1.58754179417942
529.372937293729,1.58379141914191
529.432943294329,1.58004104410441
529.49294929493,1.5762906690669
529.55295529553,1.57254029402941
529.61296129613,1.5687899189919
529.67296729673,1.5650395439544
529.73297329733,1.56128916891689
529.79297929793,1.55753879387939
529.85298529853,1.55378841884189
529.91299129913,1.55003804380438
529.97299729973,1.54628766876688
530.03300330033,1.54739207920792
530.09300930093,1.55246858685869
530.15301530153,1.55754509450945
530.21302130213,1.56262160216021
530.27302730273,1.56769810981098
530.33303330333,1.57277461746175
530.39303930393,1.57785112511251
530.45304530453,1.58292763276327
530.51305130513,1.58800414041404
530.573057305731,1.59308064806481
530.633063306331,1.59815715571557
530.693069306931,1.60323366336634
530.753075307531,1.6083101710171
530.813081308131,1.61338667866786
530.873087308731,1.61846318631863
530.933093309331,1.6235396939694
530.993099309931,1.62861620162017
531.053105310531,1.62763870387039
531.113111311131,1.62587452745275
531.173117311731,1.6241103510351
531.233123312331,1.62234617461746
531.293129312931,1.62058199819982
531.353135313531,1.61881782178218
531.413141314131,1.61705364536454
531.473147314731,1.61528946894689
531.533153315331,1.61352529252926
531.593159315932,1.61176111611161
531.653165316532,1.60999693969397
531.713171317132,1.60823276327633
531.773177317732,1.60646858685869
531.833183318332,1.60470441044105
531.893189318932,1.6029402340234
531.953195319532,1.60117605760576
532.013201320132,1.5975399339934
532.073207320732,1.58726690669067
532.133213321332,1.57699387938795
532.193219321932,1.5667208520852
532.253225322532,1.55644782478248
532.313231323132,1.54617479747975
532.373237323732,1.53590177017702
532.433243324332,1.5256287428743
532.493249324933,1.51535571557155
532.553255325533,1.50508268826883
532.613261326133,1.4948096609661
532.673267326733,1.48453663366336
532.733273327333,1.47426360636065
532.793279327933,1.4639905790579
532.853285328533,1.45371755175518
532.913291329133,1.44344452445245
532.973297329733,1.43317149714971
533.033303330333,1.43198361836183
533.093309330933,1.43808022802281
533.153315331533,1.44417683768377
533.213321332133,1.45027344734473
533.273327332733,1.4563700570057
533.333333333333,1.46246666666666
533.393339333933,1.46856327632764
533.453345334533,1.4746598859886
533.513351335134,1.48075649564956
533.573357335734,1.48685310531053
533.633363336334,1.49294971497149
533.693369336934,1.49904632463247
533.753375337534,1.50514293429343
533.813381338134,1.5112395439544
533.873387338734,1.51733615361536
533.933393339334,1.52343276327632
533.993399339934,1.5295293729373
534.053405340534,1.53144434443444
534.113411341134,1.53284248424842
534.173417341734,1.53424062406241
534.233423342334,1.53563876387639
534.293429342934,1.53703690369037
534.353435343534,1.53843504350435
534.413441344134,1.53983318331833
534.473447344734,1.54123132313231
534.533453345334,1.54262946294629
534.593459345935,1.54402760276028
534.653465346535,1.54542574257426
534.713471347135,1.54682388238824
534.773477347735,1.54822202220222
534.833483348335,1.5496201620162
534.893489348935,1.55101830183018
534.953495349535,1.55241644164416
535.013501350135,1.55439648964897
535.073507350735,1.55838088808881
535.133513351335,1.56236528652865
535.193519351935,1.5663496849685
535.253525352535,1.57033408340834
535.313531353135,1.57431848184819
535.373537353735,1.57830288028803
535.433543354335,1.58228727872787
535.493549354936,1.58627167716772
535.553555355536,1.59025607560756
535.613561356136,1.59424047404741
535.673567356736,1.59822487248725
535.733573357336,1.60220927092709
535.793579357936,1.60619366936694
535.853585358536,1.61017806780678
535.913591359136,1.61416246624663
535.973597359736,1.61814686468647
536.033603360336,1.61583399339935
536.093609360936,1.60857326732672
536.153615361536,1.60131254125413
536.213621362136,1.59405181518152
536.273627362736,1.58679108910891
536.333633363336,1.57953036303631
536.393639363936,1.57226963696369
536.453645364536,1.56500891089109
536.513651365137,1.55774818481848
536.573657365737,1.55048745874587
536.633663366337,1.54322673267327
536.693669366937,1.53596600660065
536.753675367537,1.52870528052805
536.813681368137,1.52144455445544
536.873687368737,1.51418382838283
536.933693369337,1.50692310231024
536.993699369937,1.49966237623763
537.053705370537,1.50292253225322
537.113711371137,1.50741698169817
537.173717371737,1.51191143114312
537.233723372337,1.51640588058805
537.293729372937,1.520900330033
537.353735373537,1.52539477947795
537.413741374137,1.52988922892289
537.473747374738,1.53438367836784
537.533753375337,1.53887812781278
537.593759375938,1.54337257725772
537.653765376538,1.54786702670267
537.713771377138,1.55236147614762
537.773777377738,1.55685592559256
537.833783378338,1.5613503750375
537.893789378938,1.56584482448245
537.953795379538,1.57033927392739
538.013801380138,1.57326726672667
538.073807380738,1.57095103510351
538.133813381338,1.56863480348035
538.193819381938,1.56631857185719
538.253825382538,1.56400234023402
538.313831383138,1.56168610861086
538.373837383738,1.5593698769877
538.433843384338,1.55705364536454
538.493849384938,1.55473741374137
538.553855385539,1.55242118211821
538.613861386139,1.55010495049505
538.673867386739,1.54778871887189
538.733873387339,1.54547248724873
538.793879387939,1.54315625562556
538.853885388539,1.5408400240024
538.913891389139,1.53852379237924
538.973897389739,1.53620756075607
539.033903390339,1.53341329132913
539.093909390939,1.53025097509751
539.153915391539,1.52708865886589
539.213921392139,1.52392634263427
539.273927392739,1.52076402640264
539.333933393339,1.51760171017102
539.393939393939,1.51443939393939
539.453945394539,1.51127707770777
539.513951395139,1.50811476147615
539.57395739574,1.50495244524452
539.63396339634,1.5017901290129
539.69396939694,1.49862781278128
539.75397539754,1.49546549654965
539.81398139814,1.49230318031804
539.87398739874,1.48914086408641
539.93399339934,1.48597854785479
539.99399939994,1.48281623162316
540.05400540054,1.479400090009
540.11401140114,1.47595574557456
540.17401740174,1.47251140114011
540.23402340234,1.46906705670567
540.29402940294,1.46562271227123
540.35403540354,1.46217836783678
540.41404140414,1.45873402340234
540.474047404741,1.45528967896789
540.534053405341,1.45184533453346
540.594059405941,1.44840099009901
540.654065406541,1.44495664566457
540.714071407141,1.44151230123013
540.774077407741,1.43806795679568
540.834083408341,1.43462361236124
540.894089408941,1.43117926792679
540.954095409541,1.42773492349235
541.014101410141,1.42687677767776
541.074107410741,1.43443753375338
541.134113411341,1.44199828982898
541.194119411941,1.44955904590459
541.254125412541,1.4571198019802
541.314131413141,1.4646805580558
541.374137413741,1.47224131413142
541.434143414341,1.47980207020702
541.494149414941,1.48736282628263
541.554155415542,1.49492358235824
541.614161416142,1.50248433843383
541.674167416742,1.51004509450946
541.734173417342,1.51760585058506
541.794179417942,1.52516660666067
541.854185418542,1.53272736273628
541.914191419142,1.54028811881187
541.974197419742,1.5478488748875
542.034203420342,1.55022781278128
542.094209420942,1.54869765976598
542.154215421542,1.54716750675067
542.214221422142,1.54563735373538
542.274227422742,1.54410720072007
542.334233423342,1.54257704770477
542.394239423942,1.54104689468947
542.454245424542,1.53951674167417
542.514251425142,1.53798658865887
542.574257425743,1.53645643564356
542.634263426343,1.53492628262826
542.694269426943,1.53339612961296
542.754275427543,1.53186597659766
542.814281428143,1.53033582358236
542.874287428743,1.52880567056705
542.934293429343,1.52727551755176
542.994299429943,1.52574536453645
543.054305430543,1.52851077107711
543.114311431143,1.53172709270927
543.174317431743,1.53494341434144
543.234323432343,1.5381597359736
543.294329432943,1.54137605760576
543.354335433543,1.54459237923793
543.414341434143,1.54780870087008
543.474347434744,1.55102502250225
543.534353435344,1.55424134413441
543.594359435944,1.55745766576658
543.654365436544,1.56067398739874
543.714371437144,1.5638903090309
543.774377437744,1.56710663066307
543.834383438344,1.57032295229523
543.894389438944,1.57353927392739
543.954395439544,1.57675559555956
544.014401440144,1.57868586858686
544.074407440744,1.57654365436543
544.134413441344,1.57440144014401
544.194419441944,1.57225922592259
544.254425442544,1.57011701170117
544.314431443144,1.56797479747975
544.374437443744,1.56583258325832
544.434443444344,1.5636903690369
544.494449444945,1.56154815481548
544.554455445545,1.55940594059406
544.614461446145,1.55726372637264
544.674467446745,1.55512151215122
544.734473447345,1.55297929792979
544.794479447945,1.55083708370837
544.854485448545,1.54869486948695
544.914491449145,1.54655265526553
544.974497449745,1.54441044104411
545.034503450345,1.54300315031503
545.094509450945,1.54213906390639
545.154515451545,1.54127497749775
545.214521452145,1.54041089108911
545.274527452745,1.53954680468047
545.334533453345,1.53868271827183
545.394539453945,1.53781863186319
545.454545454545,1.53695454545454
545.514551455145,1.53609045904591
545.574557455746,1.53522637263726
545.634563456346,1.53436228622862
545.694569456946,1.53349819981998
545.754575457546,1.53263411341134
545.814581458146,1.5317700270027
545.874587458746,1.53090594059406
545.934593459346,1.53004185418542
545.994599459946,1.52917776777678
546.054605460546,1.53018664866487
546.114611461146,1.53138076807681
546.174617461746,1.53257488748875
546.234623462346,1.53376900690069
546.294629462946,1.53496312631263
546.354635463546,1.53615724572457
546.414641464146,1.53735136513651
546.474647464746,1.53854548454845
546.534653465347,1.5397396039604
546.594659465947,1.54093372337234
546.654665466547,1.54212784278428
546.714671467147,1.54332196219622
546.774677467747,1.54451608160816
546.834683468347,1.5457102010201
546.894689468947,1.54690432043204
546.954695469547,1.54809843984399
547.014701470147,1.54835166516652
547.074707470747,1.54570540054005
547.134713471347,1.54305913591359
547.194719471947,1.54041287128713
547.254725472547,1.53776660666066
547.314731473147,1.5351203420342
547.374737473747,1.53247407740774
547.434743474347,1.52982781278128
547.494749474947,1.52718154815482
547.554755475548,1.52453528352835
547.614761476148,1.52188901890189
547.674767476748,1.51924275427543
547.734773477348,1.51659648964896
547.794779477948,1.51395022502251
547.854785478548,1.51130396039604
547.914791479148,1.50865769576958
547.974797479748,1.50601143114311
548.034803480348,1.50653924392439
548.094809480948,1.50936552655265
548.154815481548,1.51219180918092
548.214821482148,1.51501809180918
548.274827482748,1.51784437443744
548.334833483348,1.52067065706571
548.394839483948,1.52349693969397
548.454845484549,1.52632322232223
548.514851485148,1.52914950495049
548.574857485749,1.53197578757876
548.634863486349,1.53480207020702
548.694869486949,1.53762835283528
548.754875487549,1.54045463546355
548.814881488149,1.54328091809181
548.874887488749,1.54610720072007
548.934893489349,1.54893348334834
548.994899489949,1.55175976597659
549.054905490549,1.55133564356436
549.114911491149,1.5506095709571
549.174917491749,1.54988349834984
549.234923492349,1.54915742574257
549.294929492949,1.54843135313531
549.354935493549,1.54770528052805
549.414941494149,1.54697920792079
549.474947494749,1.54625313531353
549.53495349535,1.54552706270627
549.59495949595,1.54480099009901
549.65496549655,1.54407491749175
549.71497149715,1.54334884488449
549.77497749775,1.54262277227723
549.83498349835,1.54189669966997
549.89498949895,1.54117062706271
549.95499549955,1.54044455445544
550.01500150015,1.53987449744975
550.07500750075,1.53977248724872
550.13501350135,1.5396704770477
550.19501950195,1.53956846684668
550.25502550255,1.53946645664566
550.31503150315,1.53936444644464
550.37503750375,1.53926243624362
550.43504350435,1.5391604260426
550.49504950495,1.53905841584158
550.555055505551,1.53895640564056
550.615061506151,1.53885439543954
550.675067506751,1.53875238523852
550.735073507351,1.5386503750375
550.795079507951,1.53854836483648
550.855085508551,1.53844635463546
550.915091509151,1.53834434443444
550.975097509751,1.53824233423342
551.035103510351,1.53930576057606
551.095109510951,1.54119594959496
551.155115511551,1.54308613861386
551.215121512151,1.54497632763276
551.275127512751,1.54686651665167
551.335133513351,1.54875670567057
551.395139513951,1.55064689468947
551.455145514552,1.55253708370837
551.515151515152,1.55442727272727
551.575157515752,1.55631746174618
551.635163516352,1.55820765076508
551.695169516952,1.56009783978398
551.755175517552,1.56198802880288
551.815181518152,1.56387821782178
551.875187518752,1.56576840684068
551.935193519352,1.56765859585959
551.995199519952,1.56954878487849
552.055205520552,1.56723231323132
552.115211521152,1.5645500450045
552.175217521752,1.56186777677768
552.235223522352,1.55918550855085
552.295229522952,1.55650324032403
552.355235523552,1.55382097209721
552.415241524152,1.55113870387039
552.475247524752,1.54845643564356
552.535253525353,1.54577416741674
552.595259525953,1.54309189918992
552.655265526553,1.5404096309631
552.715271527153,1.53772736273627
552.775277527753,1.53504509450945
552.835283528353,1.53236282628263
552.895289528953,1.52968055805581
552.955295529553,1.52699828982898
553.015301530153,1.52545751575157
553.075307530753,1.52725169516952
553.135313531353,1.52904587458746
553.195319531953,1.5308400540054
553.255325532553,1.53263423342334
553.315331533153,1.53442841284128
553.375337533753,1.53622259225923
553.435343534353,1.53801677167717
553.495349534953,1.53981095109511
553.555355535554,1.54160513051305
553.615361536154,1.54339930993099
553.675367536754,1.54519348934894
553.735373537354,1.54698766876688
553.795379537954,1.54878184818482
553.855385538554,1.55057602760276
553.915391539154,1.5523702070207
553.975397539754,1.55416438643864
554.035403540354,1.55520093009301
554.095409540954,1.55571098109811
554.155415541554,1.55622103210321
554.215421542154,1.55673108310831
554.275427542754,1.55724113411341
554.335433543354,1.55775118511851
554.395439543954,1.55826123612361
554.455445544554,1.55877128712871
554.515451545155,1.55928133813381
554.575457545754,1.55979138913891
554.635463546355,1.56030144014401
554.695469546955,1.56081149114911
554.755475547555,1.56132154215422
554.815481548155,1.56183159315932
554.875487548755,1.56234164416442
554.935493549355,1.56285169516952
554.995499549955,1.56336174617462
555.055505550555,1.56191245124512
555.115511551155,1.56030429042904
555.175517551755,1.55869612961296
555.235523552355,1.55708796879688
555.295529552955,1.5554798079808
555.355535553555,1.55387164716472
555.415541554155,1.55226348634863
555.475547554755,1.55065532553256
555.535553555356,1.54904716471647
555.595559555956,1.54743900390039
555.655565556556,1.54583084308431
555.715571557156,1.54422268226823
555.775577557756,1.54261452145215
555.835583558356,1.54100636063606
555.895589558956,1.53939819981998
555.955595559556,1.5377900390039
556.015601560156,1.5360102610261
556.075607560756,1.53374203420342
556.135613561356,1.53147380738074
556.195619561956,1.52920558055806
556.255625562556,1.52693735373537
556.315631563156,1.52466912691269
556.375637563756,1.52240090009001
556.435643564356,1.52013267326732
556.495649564956,1.51786444644465
556.555655565557,1.51559621962196
556.615661566157,1.51332799279928
556.675667566757,1.5110597659766
556.735673567357,1.50879153915391
556.795679567957,1.50652331233123
556.855685568557,1.50425508550855
556.915691569157,1.50198685868587
556.975697569757,1.49971863186319
557.035703570357,1.4999496549655
557.095709570957,1.50188184818482
557.155715571557,1.50381404140414
557.215721572157,1.50574623462346
557.275727572757,1.50767842784278
557.335733573357,1.50961062106211
557.395739573957,1.51154281428143
557.455745574557,1.51347500750075
557.515751575158,1.51540720072007
557.575757575758,1.51733939393939
557.635763576358,1.51927158715872
557.695769576958,1.52120378037804
557.755775577558,1.52313597359736
557.815781578158,1.52506816681668
557.875787578758,1.527000360036
557.935793579358,1.52893255325533
557.995799579958,1.53086474647465
558.055805580558,1.52638487848785
558.115811581158,1.52142238223822
558.175817581758,1.5164598859886
558.235823582358,1.51149738973897
558.295829582958,1.50653489348935
558.355835583558,1.50157239723972
558.415841584158,1.4966099009901
558.475847584758,1.49164740474048
558.535853585359,1.48668490849084
558.595859585959,1.48172241224123
558.655865586559,1.4767599159916
558.715871587159,1.47179741974197
558.775877587759,1.46683492349235
558.835883588359,1.46187242724272
558.895889588959,1.4569099309931
558.955895589559,1.45194743474347
559.015901590159,1.44870867086709
559.075907590759,1.45025082508251
559.135913591359,1.45179297929793
559.195919591959,1.45333513351335
559.255925592559,1.45487728772877
559.315931593159,1.4564194419442
559.375937593759,1.45796159615961
559.43594359436,1.45950375037504
559.495949594959,1.46104590459046
559.55595559556,1.46258805880588
559.61596159616,1.4641302130213
559.67596759676,1.46567236723672
559.73597359736,1.46721452145215
559.79597959796,1.46875667566757
559.85598559856,1.47029882988299
559.91599159916,1.47184098409841
559.97599759976,1.47338313831383
560.03600360036,1.47707830783078
560.09600960096,1.48220882088209
560.15601560156,1.48733933393339
560.21602160216,1.4924698469847
560.27602760276,1.497600360036
560.33603360336,1.50273087308731
560.39603960396,1.50786138613861
560.45604560456,1.51299189918992
560.516051605161,1.51812241224123
560.576057605761,1.52325292529252
560.636063606361,1.52838343834383
560.696069606961,1.53351395139514
560.756075607561,1.53864446444645
560.816081608161,1.54377497749775
560.876087608761,1.54890549054905
560.936093609361,1.55403600360036
560.996099609961,1.55916651665167
561.056105610561,1.55530330033003
561.116111611161,1.55081485148515
561.176117611761,1.54632640264027
561.236123612361,1.54183795379538
561.296129612961,1.5373495049505
561.356135613561,1.53286105610561
561.416141614161,1.52837260726072
561.476147614761,1.52388415841585
561.536153615362,1.51939570957096
561.596159615962,1.51490726072607
561.656165616562,1.51041881188119
561.716171617162,1.5059303630363
561.776177617762,1.50144191419142
561.836183618362,1.49695346534654
561.896189618962,1.49246501650165
561.956195619562,1.48797656765676
562.016201620162,1.48560891089109
562.076207620762,1.48897524752475
562.136213621362,1.49234158415841
562.196219621962,1.49570792079208
562.256225622562,1.49907425742574
562.316231623162,1.50244059405941
562.376237623762,1.50580693069307
562.436243624362,1.50917326732673
562.496249624963,1.5125396039604
562.556255625562,1.51590594059405
562.616261626163,1.51927227722773
562.676267626763,1.52263861386138
562.736273627363,1.52600495049505
562.796279627963,1.52937128712871
562.856285628563,1.53273762376237
562.916291629163,1.53610396039604
562.976297629763,1.5394702970297
563.036303630363,1.53970363036304
563.096309630963,1.53789144914491
563.156315631563,1.5360792679268
563.216321632163,1.53426708670867
563.276327632763,1.53245490549055
563.336333633363,1.53064272427243
563.396339633963,1.5288305430543
563.456345634563,1.52701836183619
563.516351635164,1.52520618061806
563.576357635764,1.52339399939994
563.636363636364,1.52158181818182
563.696369636964,1.5197696369637
563.756375637564,1.51795745574558
563.816381638164,1.51614527452745
563.876387638764,1.51433309330933
563.936393639364,1.51252091209121
563.996399639964,1.51070873087309
564.056405640564,1.51113585358536
564.116411641164,1.51170591059106
564.176417641764,1.51227596759676
564.236423642364,1.51284602460246
564.296429642964,1.51341608160816
564.356435643564,1.51398613861386
564.416441644164,1.51455619561956
564.476447644764,1.51512625262526
564.536453645365,1.51569630963096
564.596459645965,1.51626636663666
564.656465646565,1.51683642364236
564.716471647165,1.51740648064807
564.776477647765,1.51797653765377
564.836483648365,1.51854659465947
564.896489648965,1.51911665166517
564.956495649565,1.51968670867087
565.016501650165,1.51873531353135
565.076507650765,1.51377281728173
565.136513651365,1.5088103210321
565.196519651965,1.50384782478248
565.256525652565,1.49888532853286
565.316531653165,1.49392283228322
565.376537653765,1.48896033603361
565.436543654365,1.48399783978398
565.496549654966,1.47903534353435
565.556555655565,1.47407284728473
565.616561656166,1.4691103510351
565.676567656766,1.46414785478548
565.736573657366,1.45918535853585
565.796579657966,1.45422286228623
565.856585658566,1.44926036603661
565.916591659166,1.44429786978697
565.976597659766,1.43933537353736
566.036603660366,1.44086270627063
566.096609660966,1.4465392739274
566.156615661566,1.45221584158415
566.216621662166,1.45789240924093
566.276627662766,1.46356897689769
566.336633663366,1.46924554455446
566.396639663966,1.47492211221122
566.456645664566,1.48059867986798
566.516651665167,1.48627524752476
566.576657665767,1.49195181518152
566.636663666367,1.49762838283828
566.696669666967,1.50330495049505
566.756675667567,1.50898151815181
566.816681668167,1.51465808580859
566.876687668767,1.52033465346535
566.936693669367,1.52601122112211
566.996699669967,1.53168778877888
567.056705670567,1.53120612061206
567.116711671167,1.53036603660366
567.176717671767,1.52952595259526
567.236723672367,1.52868586858686
567.296729672967,1.52784578457846
567.356735673567,1.52700570057006
567.416741674167,1.52616561656166
567.476747674767,1.52532553255326
567.536753675368,1.52448544854485
567.596759675968,1.52364536453645
567.656765676568,1.52280528052805
567.716771677168,1.52196519651965
567.776777677768,1.52112511251125
567.836783678368,1.52028502850285
567.896789678968,1.51944494449445
567.956795679568,1.51860486048605
568.016801680168,1.51737329732973
568.076807680768,1.51513507350735
568.136813681368,1.51289684968497
568.196819681968,1.51065862586258
568.256825682568,1.50842040204021
568.316831683168,1.50618217821782
568.376837683768,1.50394395439544
568.436843684368,1.50170573057306
568.496849684969,1.49946750675067
568.556855685569,1.49722928292829
568.616861686169,1.49499105910591
568.676867686769,1.49275283528353
568.736873687369,1.49051461146115
568.796879687969,1.48827638763876
568.856885688569,1.48603816381638
568.916891689169,1.483799939994
568.976897689769,1.48156171617162
569.036903690369,1.48073321332133
569.096909690969,1.48078721872187
569.156915691569,1.48084122412241
569.216921692169,1.48089522952295
569.276927692769,1.48094923492349
569.336933693369,1.48100324032403
569.396939693969,1.48105724572457
569.456945694569,1.48111125112511
569.516951695169,1.48116525652565
569.57695769577,1.48121926192619
569.63696369637,1.48127326732673
569.69696969697,1.48132727272727
569.75697569757,1.48138127812781
569.81698169817,1.48143528352835
569.87698769877,1.48148928892889
569.93699369937,1.48154329432943
569.99699969997,1.48159729972997
570.05700570057,1.47883522352235
570.11701170117,1.47592493249325
570.17701770177,1.47301464146415
570.23702370237,1.47010435043505
570.29702970297,1.46719405940594
570.35703570357,1.46428376837684
570.41704170417,1.46137347734774
570.47704770477,1.45846318631863
570.53705370537,1.45555289528953
570.597059705971,1.45264260426042
570.657065706571,1.44973231323132
570.717071707171,1.44682202220222
570.777077707771,1.44391173117312
570.837083708371,1.44100144014402
570.897089708971,1.43809114911491
570.957095709571,1.43518085808581
571.017101710171,1.43447326732673
571.077107710771,1.43929174917492
571.137113711371,1.4441102310231
571.197119711971,1.44892871287129
571.257125712571,1.45374719471947
571.317131713171,1.45856567656766
571.377137713771,1.46338415841584
571.437143714371,1.46820264026402
571.497149714972,1.47302112211222
571.557155715572,1.47783960396039
571.617161716172,1.48265808580858
571.677167716772,1.48747656765677
571.737173717372,1.49229504950494
571.797179717972,1.49711353135314
571.857185718572,1.50193201320132
571.917191719172,1.5067504950495
571.977197719772,1.51156897689769
572.037203720372,1.51363810381038
572.097209720972,1.51402214221422
572.157215721572,1.51440618061806
572.217221722172,1.5147902190219
572.277227722772,1.51517425742574
572.337233723372,1.51555829582958
572.397239723972,1.51594233423342
572.457245724572,1.51632637263726
572.517251725173,1.5167104110411
572.577257725773,1.51709444944494
572.637263726373,1.51747848784878
572.697269726973,1.51786252625263
572.757275727573,1.51824656465647
572.817281728173,1.51863060306031
572.877287728773,1.51901464146415
572.937293729373,1.51939867986799
572.997299729973,1.51978271827183
573.057305730573,1.51934728472847
573.117311731173,1.51887323732373
573.177317731773,1.51839918991899
573.237323732373,1.51792514251425
573.297329732973,1.51745109510951
573.357335733573,1.51697704770477
573.417341734173,1.51650300030003
573.477347734774,1.51602895289529
573.537353735373,1.51555490549055
573.597359735974,1.51508085808581
573.657365736574,1.51460681068107
573.717371737174,1.51413276327633
573.777377737774,1.51365871587159
573.837383738374,1.51318466846685
573.897389738974,1.51271062106211
573.957395739574,1.51223657365737
574.017401740174,1.51130486048605
574.077407740774,1.50925265526553
574.137413741374,1.50720045004501
574.197419741974,1.50514824482448
574.257425742574,1.50309603960396
574.317431743174,1.50104383438344
574.377437743774,1.49899162916292
574.437443744374,1.4969394239424
574.497449744975,1.49488721872187
574.557455745575,1.49283501350135
574.617461746175,1.49078280828083
574.677467746775,1.4887306030603
574.737473747375,1.48667839783979
574.797479747975,1.48462619261926
574.857485748575,1.48257398739874
574.917491749175,1.48052178217822
574.977497749775,1.47846957695769
575.037503750375,1.47723870387039
575.097509750975,1.47650063006301
575.157515751575,1.47576255625563
575.217521752175,1.47502448244824
575.277527752775,1.47428640864086
575.337533753375,1.47354833483348
575.397539753975,1.4728102610261
575.457545754575,1.47207218721872
575.517551755176,1.47133411341134
575.577557755776,1.47059603960396
575.637563756376,1.46985796579658
575.697569756976,1.4691198919892
575.757575757576,1.46838181818182
575.817581758176,1.46764374437444
575.877587758776,1.46690567056706
575.937593759376,1.46616759675968
575.997599759976,1.4654295229523
576.057605760576,1.46752565256526
576.117611761176,1.4697398739874
576.177617761776,1.47195409540954
576.237623762376,1.47416831683168
576.297629762976,1.47638253825382
576.357635763576,1.47859675967597
576.417641764176,1.48081098109811
576.477647764777,1.48302520252025
576.537653765376,1.48523942394239
576.597659765977,1.48745364536454
576.657665766577,1.48966786678668
576.717671767177,1.49188208820882
576.777677767777,1.49409630963096
576.837683768377,1.4963105310531
576.897689768977,1.49852475247525
576.957695769577,1.50073897389739
577.017701770177,1.5014804080408
577.077707770777,1.49870213021302
577.137713771377,1.49592385238524
577.197719771977,1.49314557455746
577.257725772577,1.49036729672967
577.317731773177,1.48758901890189
577.377737773777,1.48481074107411
577.437743774377,1.48203246324633
577.497749774977,1.47925418541854
577.557755775578,1.47647590759076
577.617761776178,1.47369762976298
577.677767776778,1.47091935193519
577.737773777378,1.46814107410741
577.797779777978,1.46536279627963
577.857785778578,1.46258451845184
577.917791779178,1.45980624062407
577.977797779778,1.45702796279628
578.037803780378,1.45679387938794
578.097809780978,1.45805400540054
578.157815781578,1.45931413141314
578.217821782178,1.46057425742574
578.277827782778,1.46183438343834
578.337833783378,1.46309450945094
578.397839783978,1.46435463546355
578.457845784578,1.46561476147615
578.517851785178,1.46687488748875
578.577857785779,1.46813501350135
578.637863786379,1.46939513951395
578.697869786979,1.47065526552655
578.757875787579,1.47191539153915
578.817881788179,1.47317551755175
578.877887788779,1.47443564356436
578.937893789379,1.47569576957696
578.997899789979,1.47695589558956
579.057905790579,1.47844764476448
579.117911791179,1.47994779477948
579.177917791779,1.48144794479448
579.237923792379,1.48294809480948
579.297929792979,1.48444824482448
579.357935793579,1.48594839483948
579.417941794179,1.48744854485448
579.47794779478,1.48894869486949
579.53795379538,1.49044884488449
579.59795979598,1.49194899489949
579.65796579658,1.49344914491449
579.71797179718,1.49494929492949
579.77797779778,1.4964494449445
579.83798379838,1.4979495949595
579.89798979898,1.4994497449745
579.95799579958,1.5009498949895
580.01800180018,1.50212421242124
580.07800780078,1.50253825382538
580.13801380138,1.50295229522952
580.19801980198,1.50336633663366
580.25802580258,1.5037803780378
580.31803180318,1.50419441944194
580.37803780378,1.50460846084609
580.43804380438,1.50502250225022
580.49804980498,1.50543654365437
580.558055805581,1.50585058505851
580.618061806181,1.50626462646265
580.678067806781,1.50667866786679
580.738073807381,1.50709270927093
580.798079807981,1.50750675067507
580.858085808581,1.50792079207921
580.918091809181,1.50833483348335
580.978097809781,1.50874887488749
581.038103810381,1.5097801980198
581.098109810981,1.51116633663366
581.158115811581,1.51255247524753
581.218121812181,1.51393861386138
581.278127812781,1.51532475247525
581.338133813381,1.51671089108911
581.398139813981,1.51809702970297
581.458145814581,1.51948316831683
581.518151815181,1.52086930693069
581.578157815782,1.52225544554456
581.638163816382,1.52364158415842
581.698169816982,1.52502772277228
581.758175817582,1.52641386138614
581.818181818182,1.5278
581.878187818782,1.52918613861386
581.938193819382,1.53057227722772
581.998199819982,1.53195841584158
582.058205820582,1.53292547254726
582.118211821182,1.53387956795679
582.178217821782,1.53483366336634
582.238223822382,1.53578775877588
582.298229822982,1.53674185418542
582.358235823582,1.53769594959496
582.418241824182,1.5386500450045
582.478247824783,1.53960414041404
582.538253825383,1.54055823582358
582.598259825983,1.54151233123312
582.658265826583,1.54246642664266
582.718271827183,1.5434205220522
582.778277827783,1.54437461746175
582.838283828383,1.54532871287129
582.898289828983,1.54628280828083
582.958295829583,1.54723690369037
583.018301830183,1.54784326432643
583.078307830783,1.54765724572457
583.138313831383,1.54747122712271
583.198319831983,1.54728520852085
583.258325832583,1.54709918991899
583.318331833183,1.54691317131713
583.378337833783,1.54672715271527
583.438343834383,1.54654113411341
583.498349834984,1.54635511551155
583.558355835584,1.54616909690969
583.618361836184,1.54598307830783
583.678367836784,1.54579705970597
583.738373837384,1.54561104110411
583.798379837984,1.54542502250225
583.858385838584,1.54523900390039
583.918391839184,1.54505298529853
583.978397839784,1.54486696669667
584.038403840384,1.54432379237924
584.098409840984,1.5435797179718
584.158415841584,1.54283564356436
584.218421842184,1.54209156915692
584.278427842784,1.54134749474948
584.338433843384,1.54060342034203
584.398439843984,1.53985934593459
584.458445844585,1.53911527152715
584.518451845184,1.53837119711971
584.578457845785,1.53762712271227
584.638463846385,1.53688304830483
584.698469846985,1.53613897389739
584.758475847585,1.53539489948995
584.818481848185,1.53465082508251
584.878487848785,1.53390675067507
584.938493849385,1.53316267626763
584.998499849985,1.53241860186019
585.058505850585,1.53022943294329
585.118511851185,1.52800321032103
585.178517851785,1.52577698769877
585.238523852385,1.52355076507651
585.298529852985,1.52132454245425
585.358535853585,1.51909831983198
585.418541854185,1.51687209720972
585.478547854785,1.51464587458746
585.538553855386,1.5124196519652
585.598559855986,1.51019342934294
585.658565856586,1.50796720672067
585.718571857186,1.50574098409841
585.778577857786,1.50351476147615
585.838583858386,1.50128853885389
585.898589858986,1.49906231623163
585.958595859586,1.49683609360936
586.018601860186,1.4959101410141
586.078607860786,1.49787833783378
586.138613861386,1.49984653465347
586.198619861986,1.50181473147314
586.258625862586,1.50378292829283
586.318631863186,1.50575112511251
586.378637863786,1.50771932193219
586.438643864386,1.50968751875188
586.498649864986,1.51165571557155
586.558655865587,1.51362391239124
586.618661866187,1.51559210921092
586.678667866787,1.5175603060306
586.738673867387,1.51952850285029
586.798679867987,1.52149669966996
586.858685868587,1.52346489648965
586.918691869187,1.52543309330933
586.978697869787,1.52740129012901
587.038703870387,1.52675697569757
587.098709870987,1.52467476747675
587.158715871587,1.52259255925592
587.218721872187,1.5205103510351
587.278727872787,1.51842814281428
587.338733873387,1.51634593459346
587.398739873987,1.51426372637264
587.458745874588,1.51218151815181
587.518751875187,1.51009930993099
587.578757875788,1.50801710171017
587.638763876388,1.50593489348935
587.698769876988,1.50385268526853
587.758775877588,1.5017704770477
587.818781878188,1.49968826882688
587.878787878788,1.49760606060606
587.938793879388,1.49552385238524
587.998799879988,1.49344164416442
588.058805880588,1.48140360036002
588.118811881188,1.46916237623763
588.178817881788,1.45692115211521
588.238823882388,1.44467992799279
588.298829882988,1.4324387038704
588.358835883588,1.42019747974796
588.418841884188,1.40795625562557
588.478847884788,1.39571503150315
588.538853885389,1.38347380738073
588.598859885989,1.37123258325834
588.658865886589,1.3589913591359
588.718871887189,1.34675013501351
588.778877887789,1.33450891089109
588.838883888389,1.32226768676867
588.898889888989,1.31002646264628
588.958895889589,1.29778523852384
589.018901890189,1.2909405040504
589.078907890789,1.29583099309931
589.138913891389,1.30072148214822
589.198919891989,1.30561197119711
589.258925892589,1.31050246024603
589.318931893189,1.31539294929493
589.378937893789,1.32028343834383
589.438943894389,1.32517392739274
589.498949894989,1.33006441644164
589.55895589559,1.33495490549056
589.61896189619,1.33984539453945
589.67896789679,1.34473588358836
589.73897389739,1.34962637263727
589.79897989799,1.35451686168616
589.85898589859,1.35940735073508
589.91899189919,1.36429783978398
589.97899789979,1.36918832883288
590.03900390039,1.37461707170717
590.09900990099,1.38033564356435
590.15901590159,1.38605421542155
590.21902190219,1.39177278727873
590.27902790279,1.39749135913591
590.33903390339,1.4032099309931
590.39903990399,1.40892850285028
590.459045904591,1.41464707470748
590.519051905191,1.42036564656466
590.579057905791,1.42608421842184
590.639063906391,1.43180279027903
590.699069906991,1.43752136213621
590.759075907591,1.4432399339934
590.819081908191,1.44895850585058
590.879087908791,1.45467707770777
590.939093909391,1.46039564956496
590.999099909991,1.46611422142214
591.059105910591,1.4643795379538
591.119111911191,1.46253135313531
591.179117911791,1.46068316831683
591.239123912391,1.45883498349835
591.299129912991,1.45698679867987
591.359135913591,1.45513861386139
591.419141914191,1.4532904290429
591.479147914791,1.45144224422442
591.539153915392,1.44959405940594
591.599159915992,1.44774587458746
591.659165916592,1.44589768976898
591.719171917192,1.4440495049505
591.779177917792,1.44220132013201
591.839183918392,1.44035313531353
591.899189918992,1.43850495049505
591.959195919592,1.43665676567657
592.019201920192,1.43579747974797
592.079207920792,1.4370396039604
592.139213921392,1.43828172817282
592.199219921992,1.43952385238524
592.259225922592,1.44076597659766
592.319231923192,1.44200810081008
592.379237923792,1.4432502250225
592.439243924392,1.44449234923492
592.499249924992,1.44573447344734
592.559255925593,1.44697659765977
592.619261926193,1.44821872187219
592.679267926793,1.44946084608461
592.739273927393,1.45070297029703
592.799279927993,1.45194509450945
592.859285928593,1.45318721872187
592.919291929193,1.45442934293429
592.979297929793,1.45567146714671
593.039303930393,1.45582487248725
593.099309930993,1.45540483048305
593.159315931593,1.45498478847885
593.219321932193,1.45456474647465
593.279327932793,1.45414470447045
593.339333933393,1.45372466246625
593.399339933993,1.45330462046205
593.459345934593,1.45288457845785
593.519351935194,1.45246453645365
593.579357935793,1.45204449444945
593.639363936394,1.45162445244524
593.699369936994,1.45120441044104
593.759375937594,1.45078436843684
593.819381938194,1.45036432643264
593.879387938794,1.44994428442844
593.939393939394,1.44952424242424
593.999399939994,1.44910420042004
594.059405940594,1.44801287128713
594.119411941194,1.44691476147615
594.179417941794,1.44581665166517
594.239423942394,1.44471854185418
594.299429942994,1.4436204320432
594.359435943594,1.44252232223222
594.419441944194,1.44142421242124
594.479447944794,1.44032610261026
594.539453945395,1.43922799279928
594.599459945995,1.4381298829883
594.659465946595,1.43703177317732
594.719471947195,1.43593366336634
594.779477947795,1.43483555355536
594.839483948395,1.43373744374437
594.899489948995,1.43263933393339
594.959495949595,1.43154122412241
595.019501950195,1.43165223522352
595.079507950795,1.43427449744974
595.139513951395,1.43689675967597
595.199519951995,1.43951902190219
595.259525952595,1.44214128412841
595.319531953195,1.44476354635464
595.379537953795,1.44738580858085
595.439543954396,1.45000807080708
595.499549954995,1.4526303330333
595.559555955596,1.45525259525953
595.619561956196,1.45787485748575
595.679567956796,1.46049711971197
595.739573957396,1.4631193819382
595.799579957996,1.46574164416442
595.859585958596,1.46836390639064
595.919591959196,1.47098616861686
595.979597959796,1.47360843084308
596.039603960396,1.4746702970297
596.099609960996,1.47492832283228
596.159615961596,1.47518634863486
596.219621962196,1.47544437443744
596.279627962796,1.47570240024002
596.339633963396,1.4759604260426
596.399639963996,1.47621845184518
596.459645964596,1.47647647764776
596.519651965197,1.47673450345034
596.579657965797,1.47699252925292
596.639663966397,1.47725055505551
596.699669966997,1.47750858085809
596.759675967597,1.47776660666067
596.819681968197,1.47802463246325
596.879687968797,1.47828265826583
596.939693969397,1.47854068406841
596.999699969997,1.47879870987099
597.059705970597,1.47771932193219
597.119711971197,1.47663321332133
597.179717971797,1.47554710471047
597.239723972397,1.47446099609961
597.299729972997,1.47337488748875
597.359735973597,1.47228877887789
597.419741974197,1.47120267026703
597.479747974797,1.47011656165617
597.539753975398,1.4690304530453
597.599759975998,1.46794434443444
597.659765976598,1.46685823582358
597.719771977198,1.46577212721272
597.779777977798,1.46468601860186
597.839783978398,1.463599909991
597.899789978998,1.46251380138014
597.959795979598,1.46142769276928
598.019801980198,1.46069801980198
598.079807980798,1.46069201920192
598.139813981398,1.46068601860186
598.199819981998,1.4606800180018
598.259825982598,1.46067401740174
598.319831983198,1.46066801680168
598.379837983798,1.46066201620162
598.439843984398,1.46065601560156
598.499849984998,1.4606500150015
598.559855985599,1.46064401440144
598.619861986199,1.46063801380138
598.679867986799,1.46063201320132
598.739873987399,1.46062601260126
598.799879987999,1.4606200120012
598.859885988599,1.46061401140114
598.919891989199,1.46060801080108
598.979897989799,1.46060201020102
599.039903990399,1.46118658865887
599.099909990999,1.46206867686769
599.159915991599,1.46295076507651
599.219921992199,1.46383285328533
599.279927992799,1.46471494149415
599.339933993399,1.46559702970297
599.399939993999,1.46647911791179
599.459945994599,1.46736120612061
599.5199519952,1.46824329432943
599.5799579958,1.46912538253825
599.6399639964,1.47000747074707
599.699969997,1.4708895589559
599.7599759976,1.47177164716472
599.8199819982,1.47265373537354
599.8799879988,1.47353582358236
599.9399939994,1.47441791179118
600,1.4753
600.0600060006,1.47425589558956
600.1200120012,1.47321179117912
600.1800180018,1.47216768676868
600.2400240024,1.47112358235824
600.300030003,1.47007947794779
600.3600360036,1.46903537353735
600.4200420042,1.46799126912691
600.4800480048,1.46694716471647
600.540054005401,1.46590306030603
600.600060006001,1.46485895589559
600.660066006601,1.46381485148515
600.720072007201,1.46277074707471
600.780078007801,1.46172664266427
600.840084008401,1.46068253825383
600.900090009001,1.45963843384338
600.960096009601,1.45859432943294
601.020102010201,1.4574597659766
601.080108010801,1.45614563456346
601.140114011401,1.45483150315032
601.200120012001,1.45351737173717
601.260126012601,1.45220324032403
601.320132013201,1.45088910891089
601.380138013801,1.44957497749775
601.440144014401,1.44826084608461
601.500150015002,1.44694671467147
601.560156015601,1.44563258325833
601.620162016202,1.44431845184518
601.680168016802,1.44300432043204
601.740174017402,1.4416901890189
601.800180018002,1.44037605760576
601.860186018602,1.43906192619262
601.920192019202,1.43774779477948
601.980198019802,1.43643366336634
602.040204020402,1.43722220222022
602.100210021002,1.43904638463846
602.160216021602,1.4408705670567
602.220222022202,1.44269474947495
602.280228022802,1.44451893189319
602.340234023402,1.44634311431143
602.400240024002,1.44816729672967
602.460246024602,1.44999147914791
602.520252025203,1.45181566156616
602.580258025803,1.4536398439844
602.640264026403,1.45546402640264
602.700270027003,1.45728820882088
602.760276027603,1.45911239123912
602.820282028203,1.46093657365737
602.880288028803,1.46276075607561
602.940294029403,1.46458493849385
603.000300030003,1.46640771077108
603.060306030603,1.4679498649865
603.120312031203,1.46949201920192
603.180318031803,1.47103417341734
603.240324032403,1.47257632763276
603.300330033003,1.47411848184819
603.360336033603,1.4756606360636
603.420342034203,1.47720279027903
603.480348034803,1.47874494449445
603.540354035404,1.48028709870987
603.600360036004,1.48182925292529
603.660366036604,1.48337140714071
603.720372037204,1.48491356135614
603.780378037804,1.48645571557156
603.840384038404,1.48799786978698
603.900390039004,1.4895400240024
603.960396039604,1.49108217821782
604.020402040204,1.49204695469547
604.080408040804,1.49189093909391
604.140414041404,1.49173492349235
604.200420042004,1.49157890789079
604.260426042604,1.49142289228923
604.320432043204,1.49126687668767
604.380438043804,1.49111086108611
604.440444044404,1.49095484548455
604.500450045005,1.49079882988299
604.560456045604,1.49064281428143
604.620462046205,1.49048679867987
604.680468046805,1.49033078307831
604.740474047405,1.49017476747675
604.800480048005,1.49001875187519
604.860486048605,1.48986273627363
604.920492049205,1.48970672067207
604.980498049805,1.48955070507051
605.040504050405,1.48920432043204
605.100510051005,1.48876627662766
605.160516051605,1.48832823282328
605.220522052205,1.4878901890189
605.280528052805,1.48745214521452
605.340534053405,1.48701410141014
605.400540054005,1.48657605760576
605.460546054605,1.48613801380138
605.520552055206,1.485699969997
605.580558055806,1.48526192619262
605.640564056406,1.48482388238824
605.700570057006,1.48438583858386
605.760576057606,1.48394779477948
605.820582058206,1.4835097509751
605.880588058806,1.48307170717072
605.940594059406,1.48263366336634
606.000600060006,1.48220534053405
606.060606060606,1.48273939393939
606.120612061206,1.48327344734473
606.180618061806,1.48380750075007
606.240624062406,1.48434155415542
606.300630063006,1.48487560756076
606.360636063606,1.4854096609661
606.420642064206,1.48594371437144
606.480648064806,1.48647776777678
606.540654065407,1.48701182118212
606.600660066007,1.48754587458746
606.660666066607,1.4880799279928
606.720672067207,1.48861398139814
606.780678067807,1.48914803480348
606.840684068407,1.48968208820882
606.900690069007,1.49021614161416
606.960696069607,1.4907501950195
607.020702070207,1.49099855985599
607.080708070807,1.49070453045305
607.140714071407,1.4904105010501
607.200720072007,1.49011647164716
607.260726072607,1.48982244224422
607.320732073207,1.48952841284128
607.380738073807,1.48923438343834
607.440744074407,1.4889403540354
607.500750075008,1.48864632463246
607.560756075608,1.48835229522952
607.620762076208,1.48805826582658
607.680768076808,1.48776423642364
607.740774077408,1.4874702070207
607.800780078008,1.48717617761776
607.860786078608,1.48688214821482
607.920792079208,1.48658811881188
607.980798079808,1.48629408940894
608.040804080408,1.48573891389139
608.100810081008,1.48506084608461
608.160816081608,1.48438277827783
608.220822082208,1.48370471047105
608.280828082808,1.48302664266427
608.340834083408,1.48234857485749
608.400840084008,1.4816705070507
608.460846084608,1.48099243924392
608.520852085209,1.48031437143714
608.580858085809,1.47963630363036
608.640864086409,1.47895823582358
608.700870087009,1.4782801680168
608.760876087609,1.47760210021002
608.820882088209,1.47692403240324
608.880888088809,1.47624596459646
608.940894089409,1.47556789678968
609.000900090009,1.47489432943294
609.060906090609,1.47451629162916
609.120912091209,1.47413825382538
609.180918091809,1.4737602160216
609.240924092409,1.47338217821782
609.300930093009,1.47300414041404
609.360936093609,1.47262610261026
609.420942094209,1.47224806480648
609.480948094809,1.4718700270027
609.540954095409,1.47149198919892
609.60096009601,1.47111395139514
609.66096609661,1.47073591359136
609.72097209721,1.47035787578758
609.78097809781,1.4699798379838
609.84098409841,1.46960180018002
609.90099009901,1.46922376237624
609.96099609961,1.46884572457246
610.02100210021,1.46844248424842
610.08100810081,1.46799243924392
610.14101410141,1.46754239423942
610.20102010201,1.46709234923492
610.26102610261,1.46664230423042
610.32103210321,1.46619225922592
610.38103810381,1.46574221422142
610.44104410441,1.46529216921692
610.501050105011,1.46484212421242
610.561056105611,1.46439207920792
610.621062106211,1.46394203420342
610.681068106811,1.46349198919892
610.741074107411,1.46304194419442
610.801080108011,1.46259189918992
610.861086108611,1.46214185418542
610.921092109211,1.46169180918092
610.981098109811,1.46124176417642
611.041104110411,1.46200429042904
611.101110111011,1.46332442244225
611.161116111611,1.46464455445545
611.221122112211,1.46596468646865
611.281128112811,1.46728481848185
611.341134113411,1.46860495049505
611.401140114011,1.46992508250825
611.461146114611,1.47124521452145
611.521152115212,1.47256534653465
611.581158115812,1.47388547854786
611.641164116412,1.47520561056105
611.701170117012,1.47652574257426
611.761176117612,1.47784587458746
611.821182118212,1.47916600660066
611.881188118812,1.48048613861386
611.941194119412,1.48180627062706
612.001200120012,1.48307479747975
612.061206120612,1.48181467146715
612.121212121212,1.48055454545455
612.181218121812,1.47929441944194
612.241224122412,1.47803429342934
612.301230123012,1.47677416741674
612.361236123612,1.47551404140414
612.421242124212,1.47425391539154
612.481248124813,1.47299378937894
612.541254125412,1.47173366336634
612.601260126013,1.47047353735373
612.661266126613,1.46921341134113
612.721272127213,1.46795328532853
612.781278127813,1.46669315931593
612.841284128413,1.46543303330333
612.901290129013,1.46417290729073
612.961296129613,1.46291278127813
613.021302130213,1.46115205520552
613.081308130813,1.45848178817882
613.141314131413,1.45581152115212
613.201320132013,1.45314125412541
613.261326132613,1.45047098709871
613.321332133213,1.44780072007201
613.381338133813,1.4451304530453
613.441344134413,1.4424601860186
613.501350135014,1.4397899189919
613.561356135614,1.4371196519652
613.621362136214,1.43444938493849
613.681368136814,1.43177911791179
613.741374137414,1.42910885088509
613.801380138014,1.42643858385839
613.861386138614,1.42376831683168
613.921392139214,1.42109804980498
613.981398139814,1.41842778277828
614.041404140414,1.41975715571557
614.101410141014,1.42288346834683
614.161416141614,1.4260097809781
614.221422142214,1.42913609360936
614.281428142814,1.43226240624063
614.341434143414,1.43538871887188
614.401440144014,1.43851503150315
614.461446144614,1.44164134413441
614.521452145215,1.44476765676568
614.581458145815,1.44789396939694
614.641464146415,1.4510202820282
614.701470147015,1.45414659465946
614.761476147615,1.45727290729073
614.821482148215,1.46039921992199
614.881488148815,1.46352553255326
614.941494149415,1.46665184518452
615.001500150015,1.46964194419442
615.061506150615,1.4673197119712
615.121512151215,1.46499747974797
615.181518151815,1.46267524752475
615.241524152415,1.46035301530153
615.301530153015,1.45803078307831
615.361536153615,1.45570855085509
615.421542154215,1.45338631863186
615.481548154816,1.45106408640864
615.541554155415,1.44874185418542
615.601560156016,1.4464196219622
615.661566156616,1.44409738973897
615.721572157216,1.44177515751575
615.781578157816,1.43945292529253
615.841584158416,1.43713069306931
615.901590159016,1.43480846084609
615.961596159616,1.43248622862286
616.021602160216,1.43060684068407
616.081608160816,1.42951473147315
616.141614161416,1.42842262226223
616.201620162016,1.42733051305131
616.261626162616,1.42623840384038
616.321632163216,1.42514629462946
616.381638163816,1.42405418541854
616.441644164416,1.42296207620762
616.501650165016,1.4218699669967
616.561656165617,1.42077785778578
616.621662166217,1.41968574857486
616.681668166817,1.41859363936394
616.741674167417,1.41750153015302
616.801680168017,1.41640942094209
616.861686168617,1.41531731173117
616.921692169217,1.41422520252025
616.981698169817,1.41313309330933
617.041704170417,1.41503534353435
617.101710171017,1.41825166516652
617.161716171617,1.42146798679868
617.221722172217,1.42468430843084
617.281728172817,1.42790063006301
617.341734173417,1.43111695169517
617.401740174017,1.43433327332733
617.461746174617,1.4375495949595
617.521752175217,1.44076591659165
617.581758175818,1.44398223822383
617.641764176418,1.44719855985598
617.701770177018,1.45041488148815
617.761776177618,1.45363120312031
617.821782178218,1.45684752475247
617.881788178818,1.46006384638464
617.941794179418,1.4632801680168
618.001800180018,1.46641242124212
618.061806180618,1.46682646264626
618.121812181218,1.4672405040504
618.181818181818,1.46765454545455
618.241824182418,1.46806858685869
618.301830183018,1.46848262826283
618.361836183618,1.46889666966697
618.421842184218,1.46931071107111
618.481848184819,1.46972475247525
618.541854185419,1.47013879387939
618.601860186019,1.47055283528353
618.661866186619,1.47096687668767
618.721872187219,1.47138091809181
618.781878187819,1.47179495949595
618.841884188419,1.47220900090009
618.901890189019,1.47262304230423
618.961896189619,1.47303708370837
619.021902190219,1.47331314131413
619.081908190819,1.47334914491449
619.141914191419,1.47338514851485
619.201920192019,1.47342115211521
619.261926192619,1.47345715571557
619.321932193219,1.47349315931593
619.381938193819,1.47352916291629
619.441944194419,1.47356516651665
619.50195019502,1.47360117011701
619.56195619562,1.47363717371737
619.62196219622,1.47367317731773
619.68196819682,1.47370918091809
619.74197419742,1.47374518451845
619.80198019802,1.47378118811881
619.86198619862,1.47381719171917
619.92199219922,1.47385319531953
619.98199819982,1.47388919891989
620.04200420042,1.47416462646265
620.10201020102,1.47454266426643
620.16201620162,1.47492070207021
620.22202220222,1.47529873987399
620.28202820282,1.47567677767777
620.34203420342,1.47605481548155
620.40204020402,1.47643285328533
620.46204620462,1.47681089108911
620.52205220522,1.47718892889289
620.582058205821,1.47756696669667
620.642064206421,1.47794500450045
620.702070207021,1.47832304230423
620.762076207621,1.47870108010801
620.822082208221,1.47907911791179
620.882088208821,1.47945715571557
620.942094209421,1.47983519351935
621.002100210021,1.48008805880588
621.062106210621,1.4768897389739
621.122112211221,1.47369141914192
621.182118211821,1.47049309930993
621.242124212421,1.46729477947795
621.302130213021,1.46409645964596
621.362136213621,1.46089813981398
621.422142214221,1.457699819982
621.482148214821,1.45450150015002
621.542154215422,1.45130318031803
621.602160216022,1.44810486048605
621.662166216622,1.44490654065406
621.722172217222,1.44170822082209
621.782178217822,1.4385099009901
621.842184218422,1.43531158115812
621.902190219022,1.43211326132613
621.962196219622,1.42891494149415
622.022202220222,1.42666909690969
622.082208220822,1.42604503450345
622.142214221422,1.42542097209721
622.202220222022,1.42479690969097
622.262226222622,1.42417284728473
622.322232223222,1.42354878487849
622.382238223822,1.42292472247225
622.442244224422,1.42230066006601
622.502250225023,1.42167659765977
622.562256225623,1.42105253525353
622.622262226223,1.42042847284729
622.682268226823,1.41980441044104
622.742274227423,1.4191803480348
622.802280228023,1.41855628562856
622.862286228623,1.41793222322232
622.922292229223,1.41730816081608
622.982298229823,1.41668409840984
623.042304230423,1.41630117011701
623.102310231023,1.41601914191419
623.162316231623,1.41573711371137
623.222322232223,1.41545508550855
623.282328232823,1.41517305730573
623.342334233423,1.41489102910291
623.402340234023,1.41460900090009
623.462346234624,1.41432697269727
623.522352235223,1.41404494449445
623.582358235824,1.41376291629163
623.642364236424,1.41348088808881
623.702370237024,1.41319885988599
623.762376237624,1.41291683168317
623.822382238224,1.41263480348035
623.882388238824,1.41235277527753
623.942394239424,1.41207074707471
624.002400240024,1.41177791779178
624.062406240624,1.41122586258626
624.122412241224,1.41067380738074
624.182418241824,1.41012175217522
624.242424242424,1.4095696969697
624.302430243024,1.40901764176418
624.362436243624,1.40846558655866
624.422442244224,1.40791353135314
624.482448244824,1.40736147614761
624.542454245425,1.40680942094209
624.602460246025,1.40625736573657
624.662466246625,1.40570531053105
624.722472247225,1.40515325532553
624.782478247825,1.40460120012001
624.842484248425,1.40404914491449
624.902490249025,1.40349708970897
624.962496249625,1.40294503450345
625.022502250225,1.40256849684968
625.082508250825,1.40248448844884
625.142514251425,1.402400480048
625.202520252025,1.40231647164716
625.262526252625,1.40223246324632
625.322532253225,1.40214845484548
625.382538253825,1.40206444644464
625.442544254425,1.4019804380438
625.502550255025,1.40189642964296
625.562556255626,1.40181242124212
625.622562256226,1.40172841284128
625.682568256826,1.40164440444044
625.742574257426,1.4015603960396
625.802580258026,1.40147638763876
625.862586258626,1.40139237923792
625.922592259226,1.40130837083708
625.982598259826,1.40122436243624
626.042604260426,1.40292547254726
626.102610261026,1.40535571557155
626.162616261626,1.40778595859586
626.222622262226,1.41021620162016
626.282628262826,1.41264644464446
626.342634263426,1.41507668766877
626.402640264026,1.41750693069307
626.462646264627,1.41993717371737
626.522652265226,1.42236741674167
626.582658265827,1.42479765976598
626.642664266427,1.42722790279028
626.702670267027,1.42965814581458
626.762676267627,1.43208838883889
626.822682268227,1.43451863186319
626.882688268827,1.43694887488749
626.942694269427,1.43937911791179
627.002700270027,1.44148775877588
627.062706270627,1.43677128712871
627.122712271227,1.43205481548155
627.182718271827,1.42733834383438
627.242724272427,1.42262187218722
627.302730273027,1.41790540054006
627.362736273627,1.41318892889288
627.422742274227,1.40847245724573
627.482748274827,1.40375598559856
627.542754275428,1.39903951395139
627.602760276028,1.39432304230424
627.662766276628,1.38960657065706
627.722772277228,1.3848900990099
627.782778277828,1.38017362736274
627.842784278428,1.37545715571557
627.902790279028,1.37074068406841
627.962796279628,1.36602421242124
628.022802280228,1.36420135013501
628.082808280828,1.367099639964
628.142814281428,1.36999792979298
628.202820282028,1.37289621962196
628.262826282628,1.37579450945095
628.322832283228,1.37869279927993
628.382838283828,1.38159108910891
628.442844284428,1.3844893789379
628.502850285028,1.38738766876687
628.562856285629,1.39028595859586
628.622862286229,1.39318424842484
628.682868286829,1.39608253825383
628.742874287429,1.39898082808281
628.802880288029,1.40187911791179
628.862886288629,1.40477740774078
628.922892289229,1.40767569756976
628.982898289829,1.41057398739874
629.042904290429,1.41058481848185
629.102910291029,1.40944470447045
629.162916291629,1.40830459045905
629.222922292229,1.40716447644764
629.282928292829,1.40602436243624
629.342934293429,1.40488424842484
629.402940294029,1.40374413441344
629.462946294629,1.40260402040204
629.52295229523,1.40146390639064
629.58295829583,1.40032379237924
629.64296429643,1.39918367836784
629.70297029703,1.39804356435644
629.76297629763,1.39690345034504
629.82298229823,1.39576333633363
629.88298829883,1.39462322232223
629.94299429943,1.39348310831083
630.00300030003,1.39247110711071
630.06300630063,1.39389324932493
630.12301230123,1.39531539153915
630.18301830183,1.39673753375338
630.24302430243,1.3981596759676
630.30303030303,1.39958181818182
630.36303630363,1.40100396039604
630.42304230423,1.40242610261026
630.483048304831,1.40384824482448
630.543054305431,1.4052703870387
630.603060306031,1.40669252925292
630.663066306631,1.40811467146715
630.723072307231,1.40953681368137
630.783078307831,1.41095895589559
630.843084308431,1.41238109810981
630.903090309031,1.41380324032403
630.963096309631,1.41522538253825
631.023102310231,1.41489174917492
631.083108310831,1.41175343534353
631.143114311431,1.40861512151215
631.203120312031,1.40547680768077
631.263126312631,1.40233849384939
631.323132313231,1.399200180018
631.383138313831,1.39606186618662
631.443144314431,1.39292355235523
631.503150315031,1.38978523852385
631.563156315632,1.38664692469247
631.623162316232,1.38350861086109
631.683168316832,1.38037029702971
631.743174317432,1.37723198319832
631.803180318032,1.37409366936694
631.863186318632,1.37095535553555
631.923192319232,1.36781704170417
631.983198319832,1.36467872787279
632.043204320432,1.36755877587759
632.103210321032,1.37277929792979
632.163216321632,1.377999819982
632.223222322232,1.3832203420342
632.283228322832,1.3884408640864
632.343234323432,1.39366138613862
632.403240324032,1.39888190819082
632.463246324632,1.40410243024302
632.523252325233,1.40932295229523
632.583258325833,1.41454347434743
632.643264326433,1.41976399639964
632.703270327033,1.42498451845184
632.763276327633,1.43020504050405
632.823282328233,1.43542556255626
632.883288328833,1.44064608460845
632.943294329433,1.44586660666067
633.003300330033,1.45072607260726
633.063306330633,1.44938193819382
633.123312331233,1.44803780378038
633.183318331833,1.44669366936694
633.243324332433,1.44534953495349
633.303330333033,1.44400540054005
633.363336333633,1.44266126612661
633.423342334233,1.44131713171317
633.483348334833,1.43997299729973
633.543354335434,1.43862886288629
633.603360336034,1.43728472847285
633.663366336634,1.43594059405941
633.723372337234,1.43459645964596
633.783378337834,1.43325232523252
633.843384338434,1.43190819081908
633.903390339034,1.43056405640564
633.963396339634,1.4292199219922
634.023402340234,1.42880720072007
634.083408340834,1.42985130513051
634.143414341434,1.43089540954096
634.203420342034,1.43193951395139
634.263426342634,1.43298361836184
634.323432343234,1.43402772277228
634.383438343834,1.43507182718272
634.443444344435,1.43611593159316
634.503450345034,1.4371600360036
634.563456345635,1.43820414041404
634.623462346235,1.43924824482448
634.683468346835,1.44029234923492
634.743474347435,1.44133645364537
634.803480348035,1.44238055805581
634.863486348635,1.44342466246625
634.923492349235,1.44446876687669
634.983498349835,1.44551287128713
635.043504350435,1.44436435643564
635.103510351035,1.44238415841584
635.163516351635,1.44040396039604
635.223522352235,1.43842376237624
635.283528352835,1.43644356435644
635.343534353435,1.43446336633663
635.403540354035,1.43248316831683
635.463546354635,1.43050297029703
635.523552355236,1.42852277227723
635.583558355836,1.42654257425743
635.643564356436,1.42456237623762
635.703570357036,1.42258217821782
635.763576357636,1.42060198019802
635.823582358236,1.41862178217822
635.883588358836,1.41664158415842
635.943594359436,1.41466138613861
636.003600360036,1.41297353735373
636.063606360636,1.41586582658266
636.123612361236,1.41875811581158
636.183618361836,1.4216504050405
636.243624362436,1.42454269426943
636.303630363036,1.42743498349835
636.363636363636,1.43032727272727
636.423642364236,1.4332195619562
636.483648364836,1.43611185118512
636.543654365437,1.43900414041405
636.603660366037,1.44189642964296
636.663666366637,1.44478871887189
636.723672367237,1.44768100810081
636.783678367837,1.45057329732973
636.843684368437,1.45346558655865
636.903690369037,1.45635787578758
636.963696369637,1.4592501650165
637.023702370237,1.4612299129913
637.083708370837,1.46181197119712
637.143714371437,1.46239402940294
637.203720372037,1.46297608760876
637.263726372637,1.46355814581458
637.323732373237,1.4641402040204
637.383738373837,1.46472226222622
637.443744374437,1.46530432043204
637.503750375037,1.46588637863786
637.563756375638,1.46646843684368
637.623762376238,1.46705049504951
637.683768376838,1.46763255325532
637.743774377438,1.46821461146115
637.803780378038,1.46879666966697
637.863786378638,1.46937872787279
637.923792379238,1.46996078607861
637.983798379838,1.47054284428443
638.043804380438,1.47043279327933
638.103810381038,1.47006675667567
638.163816381638,1.46970072007201
638.223822382238,1.46933468346835
638.283828382838,1.46896864686469
638.343834383438,1.46860261026103
638.403840384038,1.46823657365737
638.463846384638,1.46787053705371
638.523852385239,1.46750450045004
638.583858385839,1.46713846384638
638.643864386439,1.46677242724272
638.703870387039,1.46640639063906
638.763876387639,1.4660403540354
638.823882388239,1.46567431743174
638.883888388839,1.46530828082808
638.943894389439,1.46494224422442
639.003900390039,1.46448064806481
639.063906390639,1.46264446444645
639.123912391239,1.46080828082808
639.183918391839,1.45897209720972
639.243924392439,1.45713591359136
639.303930393039,1.455299729973
639.363936393639,1.45346354635464
639.423942394239,1.45162736273627
639.483948394839,1.44979117911791
639.54395439544,1.44795499549955
639.60396039604,1.44611881188119
639.66396639664,1.44428262826283
639.72397239724,1.44244644464446
639.78397839784,1.4406102610261
639.84398439844,1.43877407740774
639.90399039904,1.43693789378938
639.96399639964,1.43510171017102
640.02400240024,1.43401920192019
640.08400840084,1.43406720672067
640.14401440144,1.43411521152115
640.20402040204,1.43416321632163
640.26402640264,1.43421122112211
640.32403240324,1.43425922592259
640.38403840384,1.43430723072307
640.44404440444,1.43435523552355
640.504050405041,1.43440324032403
640.56405640564,1.43445124512451
640.624062406241,1.43449924992499
640.684068406841,1.43454725472547
640.744074407441,1.43459525952595
640.804080408041,1.43464326432643
640.864086408641,1.43469126912691
640.924092409241,1.43473927392739
640.984098409841,1.43478727872787
641.044104410441,1.43492349234923
641.104110411041,1.43509150915092
641.164116411641,1.4352595259526
641.224122412241,1.43542754275428
641.284128412841,1.43559555955596
641.344134413441,1.43576357635764
641.404140414041,1.43593159315932
641.464146414641,1.436099609961
641.524152415242,1.43626762676268
641.584158415842,1.43643564356436
641.644164416442,1.43660366036604
641.704170417042,1.43677167716772
641.764176417642,1.4369396939694
641.824182418242,1.43710771077108
641.884188418842,1.43727572757276
641.944194419442,1.43744374437444
642.004200420042,1.43766258625863
642.064206420642,1.43855667566757
642.124212421242,1.43945076507651
642.184218421842,1.44034485448545
642.244224422442,1.44123894389439
642.304230423042,1.44213303330333
642.364236423642,1.44302712271227
642.424242424242,1.44392121212121
642.484248424842,1.44481530153015
642.544254425443,1.44570939093909
642.604260426043,1.44660348034804
642.664266426643,1.44749756975697
642.724272427243,1.44839165916592
642.784278427843,1.44928574857486
642.844284428443,1.4501798379838
642.904290429043,1.45107392739274
642.964296429643,1.45196801680168
643.024302430243,1.45234689468947
643.084308430843,1.45196885688569
643.144314431443,1.45159081908191
643.204320432043,1.45121278127813
643.264326432643,1.45083474347435
643.324332433243,1.45045670567057
643.384338433843,1.45007866786679
643.444344434443,1.44970063006301
643.504350435044,1.44932259225923
643.564356435644,1.44894455445545
643.624362436244,1.44856651665166
643.684368436844,1.44818847884788
643.744374437444,1.4478104410441
643.804380438044,1.44743240324032
643.864386438644,1.44705436543654
643.924392439244,1.44667632763276
643.984398439844,1.44629828982898
644.044404440444,1.44666624662466
644.104410441044,1.44729630963096
644.164416441644,1.44792637263726
644.224422442244,1.44855643564357
644.284428442844,1.44918649864986
644.344434443444,1.44981656165617
644.404440444044,1.45044662466247
644.464446444644,1.45107668766877
644.524452445244,1.45170675067507
644.584458445845,1.45233681368137
644.644464446445,1.45296687668767
644.704470447045,1.45359693969397
644.764476447645,1.45422700270027
644.824482448245,1.45485706570657
644.884488448845,1.45548712871287
644.944494449445,1.45611719171917
645.004500450045,1.45651233123312
645.064506450645,1.4540100810081
645.124512451245,1.45150783078308
645.184518451845,1.44900558055806
645.244524452445,1.44650333033303
645.304530453045,1.44400108010801
645.364536453645,1.44149882988299
645.424542454245,1.43899657965797
645.484548454845,1.43649432943294
645.544554455446,1.43399207920792
645.604560456046,1.4314898289829
645.664566456646,1.42898757875788
645.724572457246,1.42648532853285
645.784578457846,1.42398307830783
645.844584458446,1.42148082808281
645.904590459046,1.41897857785778
645.964596459646,1.41647632763277
646.024602460246,1.41484254425443
646.084608460846,1.41445850585059
646.144614461446,1.41407446744674
646.204620462046,1.4136904290429
646.264626462646,1.41330639063906
646.324632463246,1.41292235223522
646.384638463846,1.41253831383138
646.444644464446,1.41215427542754
646.504650465047,1.4117702370237
646.564656465647,1.41138619861986
646.624662466247,1.41100216021602
646.684668466847,1.41061812181218
646.744674467447,1.41023408340834
646.804680468047,1.4098500450045
646.864686468647,1.40946600660066
646.924692469247,1.40908196819682
646.984698469847,1.40869792979298
647.044704470447,1.40800096009601
647.104710471047,1.40719687968797
647.164716471647,1.40639279927993
647.224722472247,1.40558871887189
647.284728472847,1.40478463846385
647.344734473447,1.40398055805581
647.404740474047,1.40317647764776
647.464746474647,1.40237239723972
647.524752475248,1.40156831683168
647.584758475848,1.40076423642364
647.644764476448,1.3999601560156
647.704770477048,1.39915607560756
647.764776477648,1.39835199519952
647.824782478248,1.39754791479148
647.884788478848,1.39674383438344
647.944794479448,1.3959397539754
648.004800480048,1.39499213921392
648.064806480648,1.39239387938794
648.124812481248,1.38979561956196
648.184818481848,1.38719735973597
648.244824482448,1.38459909990999
648.304830483048,1.38200084008401
648.364836483648,1.37940258025803
648.424842484248,1.37680432043204
648.484848484848,1.37420606060606
648.544854485448,1.37160780078008
648.604860486049,1.36900954095409
648.664866486649,1.36641128112811
648.724872487249,1.36381302130213
648.784878487849,1.36121476147615
648.844884488449,1.35861650165017
648.904890489049,1.35601824182418
648.964896489649,1.3534199819982
649.024902490249,1.35208676867687
649.084908490849,1.35253681368137
649.144914491449,1.35298685868587
649.204920492049,1.35343690369037
649.264926492649,1.35388694869487
649.324932493249,1.35433699369937
649.384938493849,1.35478703870387
649.444944494449,1.35523708370837
649.50495049505,1.35568712871287
649.56495649565,1.35613717371737
649.62496249625,1.35658721872187
649.68496849685,1.35703726372637
649.74497449745,1.35748730873087
649.80498049805,1.35793735373537
649.86498649865,1.35838739873987
649.92499249925,1.35883744374437
649.98499849985,1.35928748874888
650.04500450045,1.36323888388838
650.10501050105,1.36835739573958
650.16501650165,1.37347590759076
650.22502250225,1.37859441944194
650.28502850285,1.38371293129313
650.34503450345,1.38883144314431
650.40504050405,1.39394995499551
650.46504650465,1.39906846684668
650.525052505251,1.40418697869787
650.585058505851,1.40930549054906
650.645064506451,1.41442400240023
650.705070507051,1.41954251425143
650.765076507651,1.42466102610261
650.825082508251,1.4297795379538
650.885088508851,1.43489804980498
650.945094509451,1.44001656165616
651.005100510051,1.44440621062106
651.065106510651,1.4409498649865
651.125112511251,1.43749351935193
651.185118511851,1.43403717371737
651.245124512451,1.43058082808281
651.305130513051,1.42712448244824
651.365136513651,1.42366813681368
651.425142514251,1.42021179117912
651.485148514852,1.41675544554455
651.545154515451,1.41329909990999
651.605160516052,1.40984275427542
651.665166516652,1.40638640864086
651.725172517252,1.4029300630063
651.785178517852,1.39947371737174
651.845184518452,1.39601737173718
651.905190519052,1.39256102610261
651.965196519652,1.38910468046805
652.025202520252,1.38820891089109
652.085208520852,1.39084917491749
652.145214521452,1.39348943894389
652.205220522052,1.3961297029703
652.265226522652,1.3987699669967
652.325232523252,1.4014102310231
652.385238523852,1.40405049504951
652.445244524452,1.40669075907591
652.505250525052,1.40933102310231
652.565256525653,1.41197128712871
652.625262526253,1.41461155115512
652.685268526853,1.41725181518152
652.745274527453,1.41989207920792
652.805280528053,1.42253234323432
652.865286528653,1.42517260726073
652.925292529253,1.42781287128713
652.985298529853,1.43045313531353
653.045304530453,1.43038418841884
653.105310531053,1.42943609360936
653.165316531653,1.42848799879988
653.225322532253,1.4275399039904
653.285328532853,1.42659180918092
653.345334533453,1.42564371437144
653.405340534053,1.42469561956196
653.465346534653,1.42374752475248
653.525352535254,1.42279942994299
653.585358535854,1.42185133513351
653.645364536454,1.42090324032403
653.705370537054,1.41995514551455
653.765376537654,1.41900705070507
653.825382538254,1.41805895589559
653.885388538854,1.41711086108611
653.945394539454,1.41616276627663
654.005400540054,1.41494680468047
654.065406540654,1.41102241224122
654.125412541254,1.40709801980198
654.185418541854,1.40317362736273
654.245424542454,1.3992492349235
654.305430543054,1.39532484248425
654.365436543654,1.391400450045
654.425442544254,1.38747605760577
654.485448544855,1.38355166516651
654.545454545455,1.37962727272728
654.605460546055,1.37570288028803
654.665466546655,1.37177848784878
654.725472547255,1.36785409540955
654.785478547855,1.36392970297029
654.845484548455,1.36000531053106
654.905490549055,1.35608091809181
654.965496549655,1.35215652565256
655.025502550255,1.34569717971799
655.085508550855,1.33580819081907
655.145514551455,1.3259192019202
655.205520552055,1.3160302130213
655.265526552655,1.30614122412241
655.325532553255,1.29625223522354
655.385538553855,1.28636324632462
655.445544554455,1.27647425742575
655.505550555055,1.26658526852685
655.565556555656,1.25669627962796
655.625562556256,1.24680729072909
655.685568556856,1.23691830183017
655.745574557456,1.2270293129313
655.805580558056,1.21714032403241
655.865586558656,1.20725133513351
655.925592559256,1.19736234623464
655.985598559856,1.18747335733572
656.045604560456,1.18757176717672
656.105610561056,1.19082409240924
656.165616561656,1.19407641764176
656.225622562256,1.19732874287428
656.285628562856,1.20058106810681
656.345634563456,1.20383339333933
656.405640564056,1.20708571857186
656.465646564656,1.21033804380438
656.525652565256,1.2135903690369
656.585658565857,1.21684269426943
656.645664566457,1.22009501950195
656.705670567057,1.22334734473447
656.765676567657,1.226599669967
656.825682568257,1.22985199519952
656.885688568857,1.23310432043205
656.945694569457,1.23635664566457
657.005700570057,1.24013342334233
657.065706570657,1.24890630063007
657.125712571257,1.25767917791778
657.185718571857,1.26645205520553
657.245724572457,1.27522493249325
657.305730573057,1.28399780978098
657.365736573657,1.29277068706871
657.425742574257,1.30154356435643
657.485748574858,1.31031644164417
657.545754575458,1.31908931893189
657.605760576058,1.32786219621962
657.665766576658,1.33663507350735
657.725772577258,1.34540795079507
657.785778577858,1.35418082808282
657.845784578458,1.36295370537053
657.905790579058,1.37172658265827
657.965796579658,1.380499459946
658.025802580258,1.38562901290129
658.085808580858,1.38592904290429
658.145814581458,1.38622907290729
658.205820582058,1.38652910291029
658.265826582658,1.38682913291329
658.325832583258,1.38712916291629
658.385838583858,1.38742919291929
658.445844584458,1.38772922292229
658.505850585059,1.38802925292529
658.565856585659,1.38832928292829
658.625862586259,1.38862931293129
658.685868586859,1.38892934293429
658.745874587459,1.38922937293729
658.805880588059,1.38952940294029
658.865886588659,1.38982943294329
658.925892589259,1.39012946294629
658.985898589859,1.3904294929493
659.045904590459,1.39089936993699
659.105910591059,1.39142142214221
659.165916591659,1.39194347434744
659.225922592259,1.39246552655265
659.285928592859,1.39298757875788
659.345934593459,1.3935096309631
659.405940594059,1.39403168316832
659.465946594659,1.39455373537354
659.525952595259,1.39507578757876
659.58595859586,1.39559783978398
659.64596459646,1.3961198919892
659.70597059706,1.39664194419442
659.76597659766,1.39716399639964
659.82598259826,1.39768604860486
659.88598859886,1.39820810081008
659.94599459946,1.3987301530153
660.00600060006,1.39916459645965
660.06600660066,1.39881056105611
660.12601260126,1.39845652565257
660.18601860186,1.39810249024903
660.24602460246,1.39774845484548
660.30603060306,1.39739441944194
660.36603660366,1.3970403840384
660.42604260426,1.39668634863486
660.48604860486,1.39633231323132
660.546054605461,1.39597827782778
660.606060606061,1.39562424242424
660.666066606661,1.3952702070207
660.726072607261,1.39491617161716
660.786078607861,1.39456213621362
660.846084608461,1.39420810081008
660.906090609061,1.39385406540654
660.966096609661,1.393500030003
661.026102610261,1.39300243024302
661.086108610861,1.39231836183618
661.146114611461,1.39163429342934
661.206120612061,1.3909502250225
661.266126612661,1.39026615661566
661.326132613261,1.38958208820882
661.386138613861,1.38889801980198
661.446144614461,1.38821395139514
661.506150615062,1.3875298829883
661.566156615662,1.38684581458146
661.626162616262,1.38616174617462
661.686168616862,1.38547767776778
661.746174617462,1.38479360936094
661.806180618062,1.3841095409541
661.866186618662,1.38342547254725
661.926192619262,1.38274140414041
661.986198619862,1.38205733573357
662.046204620462,1.38201551155115
662.106210621062,1.38216552655265
662.166216621662,1.38231554155416
662.226222622262,1.38246555655566
662.286228622862,1.38261557155716
662.346234623462,1.38276558655866
662.406240624062,1.38291560156016
662.466246624663,1.38306561656166
662.526252625262,1.38321563156316
662.586258625863,1.38336564656466
662.646264626463,1.38351566156616
662.706270627063,1.38366567656766
662.766276627663,1.38381569156916
662.826282628263,1.38396570657066
662.886288628863,1.38411572157216
662.946294629463,1.38426573657366
663.006300630063,1.38447749774977
663.066306630663,1.38521557155716
663.126312631263,1.38595364536454
663.186318631863,1.38669171917192
663.246324632463,1.3874297929793
663.306330633063,1.38816786678668
663.366336633663,1.38890594059406
663.426342634263,1.38964401440144
663.486348634863,1.39038208820882
663.546354635464,1.3911201620162
663.606360636064,1.39185823582358
663.666366636664,1.39259630963096
663.726372637264,1.39333438343834
663.786378637864,1.39407245724572
663.846384638464,1.39481053105311
663.906390639064,1.39554860486049
663.966396639664,1.39628667866787
664.026402640264,1.39735214521452
664.086408640864,1.39883429342934
664.146414641464,1.40031644164416
664.206420642064,1.40179858985898
664.266426642664,1.40328073807381
664.326432643264,1.40476288628863
664.386438643864,1.40624503450345
664.446444644464,1.40772718271827
664.506450645064,1.40920933093309
664.566456645665,1.41069147914792
664.626462646265,1.41217362736274
664.686468646865,1.41365577557756
664.746474647465,1.41513792379238
664.806480648065,1.4166200720072
664.866486648665,1.41810222022202
664.926492649265,1.41958436843684
664.986498649865,1.42106651665167
665.046504650465,1.42134884488449
665.106510651065,1.42128283828383
665.166516651665,1.42121683168317
665.226522652265,1.42115082508251
665.286528652865,1.42108481848185
665.346534653465,1.42101881188119
665.406540654065,1.42095280528053
665.466546654666,1.42088679867987
665.526552655266,1.42082079207921
665.586558655866,1.42075478547855
665.646564656466,1.42068877887789
665.706570657066,1.42062277227723
665.766576657666,1.42055676567657
665.826582658266,1.42049075907591
665.886588658866,1.42042475247525
665.946594659466,1.42035874587459
666.006600660066,1.42023333333333
666.066606660666,1.41962727272727
666.126612661266,1.41902121212121
666.186618661866,1.41841515151515
666.246624662466,1.41780909090909
666.306630663066,1.41720303030303
666.366636663666,1.41659696969697
666.426642664266,1.41599090909091
666.486648664866,1.41538484848485
666.546654665467,1.41477878787879
666.606660666067,1.41417272727273
666.666666666667,1.41356666666667
666.726672667267,1.41296060606061
666.786678667867,1.41235454545455
666.846684668467,1.41174848484848
666.906690669067,1.41114242424242
666.966696669667,1.41053636363636
667.026702670267,1.41032817281728
667.086708670867,1.41061620162016
667.146714671467,1.41090423042304
667.206720672067,1.41119225922592
667.266726672667,1.4114802880288
667.326732673267,1.41176831683168
667.386738673867,1.41205634563456
667.446744674467,1.41234437443744
667.506750675067,1.41263240324032
667.566756675668,1.4129204320432
667.626762676268,1.41320846084608
667.686768676868,1.41349648964897
667.746774677468,1.41378451845185
667.806780678068,1.41407254725473
667.866786678668,1.41436057605761
667.926792679268,1.41464860486049
667.986798679868,1.41493663366337
668.046804680468,1.41614203420342
668.106810681068,1.41760618061806
668.166816681668,1.4190703270327
668.226822682268,1.42053447344734
668.286828682868,1.42199861986199
668.346834683468,1.42346276627663
668.406840684068,1.42492691269127
668.466846684668,1.42639105910591
668.526852685269,1.42785520552055
668.586858685869,1.42931935193519
668.646864686469,1.43078349834984
668.706870687069,1.43224764476448
668.766876687669,1.43371179117912
668.826882688269,1.43517593759376
668.886888688869,1.4366400840084
668.946894689469,1.43810423042304
669.006900690069,1.43926336633663
669.066906690669,1.43807524752475
669.126912691269,1.43688712871287
669.186918691869,1.43569900990099
669.246924692469,1.43451089108911
669.306930693069,1.43332277227723
669.366936693669,1.43213465346535
669.426942694269,1.43094653465347
669.48694869487,1.42975841584158
669.54695469547,1.4285702970297
669.60696069607,1.42738217821782
669.66696669667,1.42619405940594
669.72697269727,1.42500594059406
669.78697869787,1.42381782178218
669.84698469847,1.4226297029703
669.90699069907,1.42144158415842
669.96699669967,1.42025346534654
670.02700270027,1.41952709270927
670.08700870087,1.41936507650765
670.14701470147,1.41920306030603
670.20702070207,1.41904104410441
670.26702670267,1.41887902790279
670.32703270327,1.41871701170117
670.38703870387,1.41855499549955
670.44704470447,1.41839297929793
670.50705070507,1.41823096309631
670.567056705671,1.41806894689469
670.627062706271,1.41790693069307
670.687068706871,1.41774491449145
670.747074707471,1.41758289828983
670.807080708071,1.41742088208821
670.867086708671,1.41725886588659
670.927092709271,1.41709684968497
670.987098709871,1.41693483348335
671.047104710471,1.41597203720372
671.107110711071,1.4147899189919
671.167116711671,1.41360780078008
671.227122712271,1.41242568256826
671.287128712871,1.41124356435644
671.347134713471,1.41006144614461
671.407140714071,1.40887932793279
671.467146714671,1.40769720972097
671.527152715272,1.40651509150915
671.587158715872,1.40533297329733
671.647164716472,1.40415085508551
671.707170717072,1.40296873687369
671.767176717672,1.40178661866187
671.827182718272,1.40060450045004
671.887188718872,1.39942238223823
671.947194719472,1.3982402640264
672.007200720072,1.39728784878488
672.067206720672,1.3980199219922
672.127212721272,1.39875199519952
672.187218721872,1.39948406840684
672.247224722472,1.40021614161416
672.307230723072,1.40094821482148
672.367236723672,1.4016802880288
672.427242724272,1.40241236123612
672.487248724872,1.40314443444344
672.547254725473,1.40387650765077
672.607260726073,1.40460858085809
672.667266726673,1.40534065406541
672.727272727273,1.40607272727273
672.787278727873,1.40680480048005
672.847284728473,1.40753687368737
672.907290729073,1.40826894689469
672.967296729673,1.40900102010201
673.027302730273,1.40934539453945
673.087308730873,1.40922538253825
673.147314731473,1.40910537053705
673.207320732073,1.40898535853585
673.267326732673,1.40886534653465
673.327332733273,1.40874533453345
673.387338733873,1.40862532253225
673.447344734474,1.40850531053105
673.507350735073,1.40838529852985
673.567356735674,1.40826528652865
673.627362736274,1.40814527452745
673.687368736874,1.40802526252625
673.747374737474,1.40790525052505
673.807380738074,1.40778523852385
673.867386738674,1.40766522652265
673.927392739274,1.40754521452145
673.987398739874,1.40742520252025
674.047404740474,1.4068501050105
674.107410741074,1.40615403540354
674.167416741674,1.40545796579658
674.227422742274,1.40476189618962
674.287428742874,1.40406582658266
674.347434743474,1.4033697569757
674.407440744074,1.40267368736874
674.467446744674,1.40197761776178
674.527452745275,1.40128154815482
674.587458745875,1.40058547854786
674.647464746475,1.39988940894089
674.707470747075,1.39919333933393
674.767476747675,1.39849726972697
674.827482748275,1.39780120012001
674.887488748875,1.39710513051305
674.947494749475,1.39640906090609
675.007500750075,1.39592151215121
675.067506750675,1.39689360936094
675.127512751275,1.39786570657066
675.187518751875,1.39883780378038
675.247524752475,1.3998099009901
675.307530753075,1.40078199819982
675.367536753675,1.40175409540954
675.427542754275,1.40272619261926
675.487548754875,1.40369828982898
675.547554755476,1.4046703870387
675.607560756076,1.40564248424842
675.667566756676,1.40661458145815
675.727572757276,1.40758667866787
675.787578757876,1.40855877587759
675.847584758476,1.40953087308731
675.907590759076,1.41050297029703
675.967596759676,1.41147506750675
676.027602760276,1.41164392439244
676.087608760876,1.4108698469847
676.147614761476,1.41009576957696
676.207620762076,1.40932169216922
676.267626762676,1.40854761476148
676.327632763276,1.40777353735373
676.387638763876,1.406999459946
676.447644764476,1.40622538253825
676.507650765077,1.40545130513051
676.567656765677,1.40467722772277
676.627662766277,1.40390315031503
676.687668766877,1.40312907290729
676.747674767477,1.40235499549955
676.807680768077,1.40158091809181
676.867686768677,1.40080684068407
676.927692769277,1.40003276327633
676.987698769877,1.39925868586859
677.047704770477,1.39945778577858
677.107710771077,1.39990783078308
677.167716771677,1.40035787578758
677.227722772277,1.40080792079208
677.287728772877,1.40125796579658
677.347734773477,1.40170801080108
677.407740774077,1.40215805580558
677.467746774677,1.40260810081008
677.527752775278,1.40305814581458
677.587758775878,1.40350819081908
677.647764776478,1.40395823582358
677.707770777078,1.40440828082808
677.767776777678,1.40485832583258
677.827782778278,1.40530837083708
677.887788778878,1.40575841584158
677.947794779478,1.40620846084608
678.007800780078,1.40650717071707
678.067806780678,1.40579309930993
678.127812781278,1.40507902790279
678.187818781878,1.40436495649565
678.247824782478,1.40365088508851
678.307830783078,1.40293681368137
678.367836783678,1.40222274227423
678.427842784278,1.40150867086709
678.487848784878,1.40079459945995
678.547854785479,1.40008052805281
678.607860786079,1.39936645664566
678.667866786679,1.39865238523852
678.727872787279,1.39793831383138
678.787878787879,1.39722424242424
678.847884788479,1.3965101710171
678.907890789079,1.39579609960996
678.967896789679,1.39508202820282
679.027902790279,1.39476138613861
679.087908790879,1.39489339933993
679.147914791479,1.39502541254125
679.207920792079,1.39515742574257
679.267926792679,1.39528943894389
679.327932793279,1.39542145214521
679.387938793879,1.39555346534653
679.447944794479,1.39568547854785
679.50795079508,1.39581749174918
679.567956795679,1.39594950495049
679.62796279628,1.39608151815182
679.68796879688,1.39621353135314
679.74797479748,1.39634554455446
679.80798079808,1.39647755775578
679.86798679868,1.3966095709571
679.92799279928,1.39674158415842
679.98799879988,1.39687359735974
680.04800480048,1.39664077407741
680.10801080108,1.39631674167417
680.16801680168,1.39599270927093
680.22802280228,1.39566867686769
680.28802880288,1.39534464446445
680.34803480348,1.39502061206121
680.40804080408,1.39469657965797
680.46804680468,1.39437254725473
680.528052805281,1.39404851485148
680.588058805881,1.39372448244824
680.648064806481,1.393400450045
680.708070807081,1.39307641764176
680.768076807681,1.39275238523852
680.828082808281,1.39242835283528
680.888088808881,1.39210432043204
680.948094809481,1.3917802880288
681.008100810081,1.39155346534653
681.068106810681,1.39194950495049
681.128112811281,1.39234554455446
681.188118811881,1.39274158415842
681.248124812481,1.39313762376238
681.308130813081,1.39353366336634
681.368136813681,1.3939297029703
681.428142814282,1.39432574257426
681.488148814881,1.39472178217822
681.548154815482,1.39511782178218
681.608160816082,1.39551386138614
681.668166816682,1.3959099009901
681.728172817282,1.39630594059406
681.788178817882,1.39670198019802
681.848184818482,1.39709801980198
681.908190819082,1.39749405940594
681.968196819682,1.3978900990099
682.028202820282,1.39767413741374
682.088208820882,1.39676804680468
682.148214821482,1.39586195619562
682.208220822082,1.39495586558656
682.268226822682,1.3940497749775
682.328232823282,1.39314368436844
682.388238823882,1.39223759375938
682.448244824482,1.39133150315031
682.508250825083,1.39042541254125
682.568256825683,1.38951932193219
682.628262826283,1.38861323132313
682.688268826883,1.38770714071407
682.748274827483,1.38680105010501
682.808280828083,1.38589495949595
682.868286828683,1.38498886888689
682.928292829283,1.38408277827783
682.988298829883,1.38317668766877
683.048304830483,1.3825604260426
683.108310831083,1.38201437143714
683.168316831683,1.38146831683168
683.228322832283,1.38092226222622
683.288328832883,1.38037620762076
683.348334833483,1.3798301530153
683.408340834083,1.37928409840984
683.468346834683,1.37873804380438
683.528352835283,1.37819198919892
683.588358835884,1.37764593459346
683.648364836484,1.377099879988
683.708370837084,1.37655382538254
683.768376837684,1.37600777077708
683.828382838284,1.37546171617162
683.888388838884,1.37491566156616
683.948394839484,1.3743696069607
684.008400840084,1.37390756075608
684.068406840684,1.37396156615662
684.128412841284,1.37401557155716
684.188418841884,1.3740695769577
684.248424842484,1.37412358235824
684.308430843084,1.37417758775878
684.368436843684,1.37423159315932
684.428442844284,1.37428559855986
684.488448844884,1.3743396039604
684.548454845485,1.37439360936094
684.608460846085,1.37444761476148
684.668466846685,1.37450162016202
684.728472847285,1.37455562556256
684.788478847885,1.3746096309631
684.848484848485,1.37466363636364
684.908490849085,1.37471764176418
684.968496849685,1.37477164716472
685.028502850285,1.37391641164116
685.088508850885,1.37205622562256
685.148514851485,1.37019603960396
685.208520852085,1.36833585358536
685.268526852685,1.36647566756676
685.328532853285,1.36461548154816
685.388538853885,1.36275529552955
685.448544854485,1.36089510951095
685.508550855086,1.35903492349235
685.568556855686,1.35717473747375
685.628562856286,1.35531455145515
685.688568856886,1.35345436543654
685.748574857486,1.35159417941794
685.808580858086,1.34973399339934
685.868586858686,1.34787380738074
685.928592859286,1.34601362136214
685.988598859886,1.34415343534353
686.048604860486,1.32554595859589
686.108610861086,1.30301010501048
686.168616861686,1.28047425142516
686.228622862286,1.25793839783979
686.288628862886,1.23540254425442
686.348634863486,1.2128666906691
686.408640864086,1.19033083708369
686.468646864686,1.16779498349836
686.528652865287,1.145259129913
686.588658865887,1.12272327632763
686.648664866487,1.1001874227423
686.708670867087,1.07765156915689
686.768676867687,1.05511571557157
686.828682868287,1.0325798619862
686.888688868887,1.01004400840084
686.948694869487,0.98750815481551
687.008700870087,0.969565664566466
687.068706870687,0.978708178817877
687.128712871287,0.987850693069306
687.188718871887,0.996993207320734
687.248724872487,1.00613572157215
687.308730873087,1.01527823582359
687.368736873687,1.024420750075
687.428742874287,1.03356326432643
687.488748874888,1.04270577857786
687.548754875487,1.05184829282927
687.608760876088,1.06099080708072
687.668766876688,1.07013332133213
687.728772877288,1.07927583558356
687.788778877888,1.08841834983499
687.848784878488,1.0975608640864
687.908790879088,1.10670337833784
687.968796879688,1.11584589258926
688.028802880288,1.12080738073807
688.088808880888,1.12123942394239
688.148814881488,1.12167146714671
688.208820882088,1.12210351035104
688.268826882688,1.12253555355536
688.328832883288,1.12296759675968
688.388838883888,1.123399639964
688.448844884488,1.12383168316832
688.508850885089,1.12426372637264
688.568856885689,1.12469576957696
688.628862886289,1.12512781278128
688.688868886889,1.1255598559856
688.748874887489,1.12599189918992
688.808880888089,1.12642394239424
688.868886888689,1.12685598559856
688.928892889289,1.12728802880288
688.988898889889,1.1277200720072
689.048904890489,1.13045553555355
689.108910891089,1.13371386138614
689.168916891689,1.13697218721872
689.228922892289,1.14023051305131
689.288928892889,1.14348883888389
689.348934893489,1.14674716471647
689.408940894089,1.15000549054906
689.468946894689,1.15326381638164
689.52895289529,1.15652214221422
689.58895889589,1.15978046804681
689.64896489649,1.16303879387938
689.70897089709,1.16629711971198
689.76897689769,1.16955544554455
689.82898289829,1.17281377137714
689.88898889889,1.17607209720972
689.94899489949,1.1793304230423
690.00900090009,1.18256084608461
690.06900690069,1.18563315331533
690.12901290129,1.18870546054605
690.18901890189,1.19177776777678
690.24902490249,1.1948500750075
690.30903090309,1.19792238223823
690.36903690369,1.20099468946895
690.42904290429,1.20406699669967
690.489048904891,1.20713930393039
690.54905490549,1.21021161116111
690.609060906091,1.21328391839184
690.669066906691,1.21635622562256
690.729072907291,1.21942853285329
690.789078907891,1.22250084008401
690.849084908491,1.22557314731473
690.909090909091,1.22864545454545
690.969096909691,1.23171776177618
691.029102910291,1.23433606360636
691.089108910891,1.23647227722772
691.149114911491,1.23860849084908
691.209120912091,1.24074470447045
691.269126912691,1.24288091809181
691.329132913291,1.24501713171317
691.389138913891,1.24715334533453
691.449144914491,1.24928955895589
691.509150915091,1.25142577257726
691.569156915692,1.25356198619862
691.629162916292,1.25569819981998
691.689168916892,1.25783441344135
691.749174917492,1.2599706270627
691.809180918092,1.26210684068407
691.869186918692,1.26424305430543
691.929192919292,1.26637926792679
691.989198919892,1.26851548154816
692.049204920492,1.26850636063606
692.109210921092,1.26802631263126
692.169216921692,1.26754626462646
692.229222922292,1.26706621662166
692.289228922892,1.26658616861686
692.349234923492,1.26610612061206
692.409240924092,1.26562607260726
692.469246924692,1.26514602460246
692.529252925293,1.26466597659766
692.589258925893,1.26418592859286
692.649264926493,1.26370588058806
692.709270927093,1.26322583258326
692.769276927693,1.26274578457846
692.829282928293,1.26226573657366
692.889288928893,1.26178568856886
692.949294929493,1.26130564056406
693.009300930093,1.26076513651365
693.069306930693,1.25989504950495
693.129312931293,1.25902496249625
693.189318931893,1.25815487548755
693.249324932493,1.25728478847885
693.309330933093,1.25641470147015
693.369336933693,1.25554461446145
693.429342934293,1.25467452745275
693.489348934894,1.25380444044404
693.549354935494,1.25293435343534
693.609360936094,1.25206426642664
693.669366936694,1.25119417941794
693.729372937294,1.25032409240924
693.789378937894,1.24945400540054
693.849384938494,1.24858391839184
693.909390939094,1.24771383138314
693.969396939694,1.24684374437444
694.029402940294,1.24713507350735
694.089408940894,1.24863522352235
694.149414941494,1.25013537353735
694.209420942094,1.25163552355235
694.269426942694,1.25313567356736
694.329432943294,1.25463582358236
694.389438943894,1.25613597359736
694.449444944494,1.25763612361236
694.509450945094,1.25913627362736
694.569456945695,1.26063642364236
694.629462946295,1.26213657365736
694.689468946895,1.26363672367237
694.749474947495,1.26513687368737
694.809480948095,1.26663702370237
694.869486948695,1.26813717371737
694.929492949295,1.26963732373237
694.989498949895,1.27113747374738
695.049504950495,1.27125148514852
695.109510951095,1.27107146714671
695.169516951695,1.27089144914491
695.229522952295,1.27071143114311
695.289528952895,1.27053141314131
695.349534953495,1.27035139513951
695.409540954095,1.27017137713771
695.469546954695,1.26999135913591
695.529552955295,1.26981134113411
695.589558955896,1.26963132313231
695.649564956496,1.26945130513051
695.709570957096,1.26927128712871
695.769576957696,1.26909126912691
695.829582958296,1.26891125112511
695.889588958896,1.26873123312331
695.949594959496,1.26855121512151
696.009600960096,1.2690903090309
696.069606960696,1.27340474047405
696.129612961296,1.27771917191719
696.189618961896,1.28203360336034
696.249624962496,1.28634803480348
696.309630963096,1.29066246624662
696.369636963696,1.29497689768977
696.429642964296,1.29929132913291
696.489648964897,1.30360576057606
696.549654965497,1.3079201920192
696.609660966097,1.31223462346235
696.669666966697,1.31654905490549
696.729672967297,1.32086348634863
696.789678967897,1.32517791779178
696.849684968497,1.32949234923492
696.909690969097,1.33380678067807
696.969696969697,1.33812121212121
697.029702970297,1.33967326732673
697.089708970897,1.33840714071407
697.149714971497,1.33714101410141
697.209720972097,1.33587488748875
697.269726972697,1.33460876087609
697.329732973297,1.33334263426343
697.389738973897,1.33207650765076
697.449744974497,1.3308103810381
697.509750975098,1.32954425442544
697.569756975698,1.32827812781278
697.629762976298,1.32701200120012
697.689768976898,1.32574587458746
697.749774977498,1.3244797479748
697.809780978098,1.32321362136214
697.869786978698,1.32194749474947
697.929792979298,1.32068136813681
697.989798979898,1.31941524152415
698.049804980498,1.31783534353435
698.109810981098,1.31619117911791
698.169816981698,1.31454701470147
698.229822982298,1.31290285028503
698.289828982898,1.31125868586859
698.349834983498,1.30961452145215
698.409840984098,1.3079703570357
698.469846984699,1.30632619261926
698.529852985298,1.30468202820282
698.589858985899,1.30303786378638
698.649864986499,1.30139369936994
698.709870987099,1.29974953495349
698.769876987699,1.29810537053705
698.829882988299,1.29646120612061
698.889888988899,1.29481704170417
698.949894989499,1.29317287728773
699.009900990099,1.29170594059406
699.069906990699,1.29113588358836
699.129912991299,1.29056582658266
699.189918991899,1.28999576957696
699.249924992499,1.28942571257126
699.309930993099,1.28885565556556
699.369936993699,1.28828559855986
699.429942994299,1.28771554155416
699.489948994899,1.28714548454846
699.5499549955,1.28657542754275
699.6099609961,1.28600537053705
699.6699669967,1.28543531353135
699.7299729973,1.28486525652565
699.7899789979,1.28429519951995
699.8499849985,1.28372514251425
699.9099909991,1.28315508550855
699.9699969997,1.28258502850285
700.0300030003,1.28180795079508
700.0900090009,1.28082385238524
700.1500150015,1.2798397539754
700.2100210021,1.27885565556556
700.2700270027,1.27787155715571
700.3300330033,1.27688745874588
700.3900390039,1.27590336033603
700.4500450045,1.27491926192619
700.5100510051,1.27393516351635
700.570057005701,1.27295106510651
700.630063006301,1.27196696669667
700.690069006901,1.27098286828683
700.750075007501,1.26999876987699
700.810081008101,1.26901467146715
700.870087008701,1.2680305730573
700.930093009301,1.26704647464747
700.990099009901,1.26606237623762
701.050105010501,1.26597515751575
701.110111011101,1.26606516651665
701.170117011701,1.26615517551755
701.230123012301,1.26624518451845
701.290129012901,1.26633519351935
701.350135013501,1.26642520252025
701.410141014101,1.26651521152115
701.470147014702,1.26660522052205
701.530153015301,1.26669522952295
701.590159015902,1.26678523852385
701.650165016502,1.26687524752475
701.710171017102,1.26696525652565
701.770177017702,1.26705526552655
701.830183018302,1.26714527452745
701.890189018902,1.26723528352835
701.950195019502,1.26732529252925
702.010201020102,1.26747446744674
702.070207020702,1.26791251125113
702.130213021302,1.26835055505551
702.190219021902,1.26878859885989
702.250225022502,1.26922664266427
702.310231023102,1.26966468646865
702.370237023702,1.27010273027303
702.430243024302,1.27054077407741
702.490249024902,1.27097881788179
702.550255025503,1.27141686168617
702.610261026103,1.27185490549055
702.670267026703,1.27229294929493
702.730273027303,1.27273099309931
702.790279027903,1.27316903690369
702.850285028503,1.27360708070807
702.910291029103,1.27404512451245
702.970297029703,1.27448316831683
703.030303030303,1.27570303030303
703.090309030903,1.27768922892289
703.150315031503,1.27967542754275
703.210321032103,1.28166162616261
703.270327032703,1.28364782478248
703.330333033303,1.28563402340234
703.390339033903,1.2876202220222
703.450345034503,1.28960642064206
703.510351035103,1.29159261926192
703.570357035704,1.29357881788179
703.630363036304,1.29556501650165
703.690369036904,1.29755121512151
703.750375037504,1.29953741374137
703.810381038104,1.30152361236123
703.870387038704,1.3035098109811
703.930393039304,1.30549600960096
703.990399039904,1.30748220822082
704.050405040504,1.30848550855086
704.110411041104,1.30930159015902
704.170417041704,1.31011767176718
704.230423042304,1.31093375337534
704.290429042904,1.3117498349835
704.350435043504,1.31256591659166
704.410441044104,1.31338199819982
704.470447044705,1.31419807980798
704.530453045305,1.31501416141614
704.590459045905,1.3158302430243
704.650465046505,1.31664632463246
704.710471047105,1.31746240624062
704.770477047705,1.31827848784879
704.830483048305,1.31909456945695
704.890489048905,1.31991065106511
704.950495049505,1.32072673267327
705.010501050105,1.32132649264927
705.070507050705,1.32090645064506
705.130513051305,1.32048640864086
705.190519051905,1.32006636663666
705.250525052505,1.31964632463246
705.310531053105,1.31922628262826
705.370537053705,1.31880624062406
705.430543054305,1.31838619861986
705.490549054906,1.31796615661566
705.550555055506,1.31754611461146
705.610561056106,1.31712607260726
705.670567056706,1.31670603060306
705.730573057306,1.31628598859886
705.790579057906,1.31586594659466
705.850585058506,1.31544590459046
705.910591059106,1.31502586258626
705.970597059706,1.31460582058206
706.030603060306,1.31423474347435
706.090609060906,1.31391071107111
706.150615061506,1.31358667866787
706.210621062106,1.31326264626463
706.270627062706,1.31293861386139
706.330633063306,1.31261458145815
706.390639063906,1.31229054905491
706.450645064506,1.31196651665166
706.510651065106,1.31164248424843
706.570657065707,1.31131845184518
706.630663066307,1.31099441944194
706.690669066907,1.3106703870387
706.750675067507,1.31034635463546
706.810681068107,1.31002232223222
706.870687068707,1.30969828982898
706.930693069307,1.30937425742574
706.990699069907,1.3090502250225
707.050705070507,1.30878703870387
707.110711071107,1.30853501350135
707.170717071707,1.30828298829883
707.230723072307,1.30803096309631
707.290729072907,1.30777893789379
707.350735073507,1.30752691269127
707.410741074107,1.30727488748875
707.470747074707,1.30702286228623
707.530753075308,1.30677083708371
707.590759075908,1.30651881188119
707.650765076508,1.30626678667867
707.710771077108,1.30601476147615
707.770777077708,1.30576273627363
707.830783078308,1.30551071107111
707.890789078908,1.30525868586859
707.950795079508,1.30500666066607
708.010801080108,1.30485076507651
708.070807080708,1.30513279327933
708.130813081308,1.30541482148215
708.190819081908,1.30569684968497
708.250825082508,1.30597887788779
708.310831083108,1.30626090609061
708.370837083708,1.30654293429343
708.430843084308,1.30682496249625
708.490849084908,1.30710699069907
708.550855085509,1.30738901890189
708.610861086109,1.30767104710471
708.670867086709,1.30795307530753
708.730873087309,1.30823510351035
708.790879087909,1.30851713171317
708.850885088509,1.30879915991599
708.910891089109,1.30908118811881
708.970897089709,1.30936321632163
709.030903090309,1.30974722472247
709.090909090909,1.31022727272727
709.150915091509,1.31070732073207
709.210921092109,1.31118736873687
709.270927092709,1.31166741674167
709.330933093309,1.31214746474647
709.390939093909,1.31262751275127
709.45094509451,1.31310756075608
709.510951095109,1.31358760876088
709.57095709571,1.31406765676568
709.63096309631,1.31454770477048
709.69096909691,1.31502775277528
709.75097509751,1.31550780078008
709.81098109811,1.31598784878488
709.87098709871,1.31646789678968
709.93099309931,1.31694794479448
709.99099909991,1.31742799279928
710.05100510051,1.31739798979898
710.11101110111,1.31727797779778
710.17101710171,1.31715796579658
710.23102310231,1.31703795379538
710.29102910291,1.31691794179418
710.35103510351,1.31679792979298
710.41104110411,1.31667791779178
710.47104710471,1.31655790579058
710.531053105311,1.31643789378938
710.591059105911,1.31631788178818
710.651065106511,1.31619786978698
710.711071107111,1.31607785778578
710.771077107711,1.31595784578458
710.831083108311,1.31583783378338
710.891089108911,1.31571782178218
710.951095109511,1.31559780978098
711.011101110111,1.31540675067507
711.071107110711,1.31490270027003
711.131113111311,1.31439864986499
711.191119111911,1.31389459945995
711.251125112511,1.3133905490549
711.311131113111,1.31288649864987
711.371137113711,1.31238244824482
711.431143114311,1.31187839783978
711.491149114911,1.31137434743474
711.551155115512,1.3108702970297
711.611161116112,1.31036624662466
711.671167116712,1.30986219621962
711.731173117312,1.30935814581458
711.791179117912,1.30885409540954
711.851185118512,1.3083500450045
711.911191119112,1.30784599459946
711.971197119712,1.30734194419442
712.031203120312,1.30662259225923
712.091209120912,1.30570450045004
712.151215121512,1.30478640864086
712.211221122112,1.30386831683168
712.271227122712,1.3029502250225
712.331233123312,1.30203213321332
712.391239123912,1.30111404140414
712.451245124512,1.30019594959496
712.511251125112,1.29927785778578
712.571257125713,1.2983597659766
712.631263126313,1.29744167416742
712.691269126913,1.29652358235824
712.751275127513,1.29560549054906
712.811281128113,1.29468739873987
712.871287128713,1.29376930693069
712.931293129313,1.29285121512151
712.991299129913,1.29193312331233
713.051305130513,1.29236948694869
713.111311131113,1.29303555355536
713.171317131713,1.29370162016202
713.231323132313,1.29436768676868
713.291329132913,1.29503375337534
713.351335133513,1.295699819982
713.411341134113,1.29636588658866
713.471347134713,1.29703195319532
713.531353135314,1.29769801980198
713.591359135914,1.29836408640864
713.651365136514,1.2990301530153
713.711371137114,1.29969621962196
713.771377137714,1.30036228622862
713.831383138314,1.30102835283528
713.891389138914,1.30169441944194
713.951395139514,1.3023604860486
714.011401140114,1.30239606960696
714.071407140714,1.29974380438044
714.131413141314,1.29709153915391
714.191419141914,1.2944392739274
714.251425142514,1.29178700870087
714.311431143114,1.28913474347435
714.371437143714,1.28648247824782
714.431443144314,1.2838302130213
714.491449144914,1.28117794779478
714.551455145515,1.27852568256826
714.611461146115,1.27587341734173
714.671467146715,1.27322115211521
714.731473147315,1.27056888688869
714.791479147915,1.26791662166217
714.851485148515,1.26526435643564
714.911491149115,1.26261209120912
714.971497149715,1.2599598259826
715.031503150315,1.25910639063906
715.091509150915,1.2598804680468
715.151515151515,1.26065454545455
715.211521152115,1.26142862286229
715.271527152715,1.26220270027003
715.331533153315,1.26297677767777
715.391539153915,1.26375085508551
715.451545154515,1.26452493249325
715.511551155116,1.26529900990099
715.571557155716,1.26607308730873
715.631563156316,1.26684716471647
715.691569156916,1.26762124212421
715.751575157516,1.26839531953195
715.811581158116,1.26916939693969
715.871587158716,1.26994347434744
715.931593159316,1.27071755175518
715.991599159916,1.27149162916292
716.051605160516,1.26311095109511
716.111611161116,1.2532399639964
716.171617161716,1.24336897689769
716.231623162316,1.23349798979897
716.291629162916,1.22362700270028
716.351635163516,1.21375601560156
716.411641164116,1.20388502850285
716.471647164717,1.19401404140414
716.531653165317,1.18414305430542
716.591659165917,1.17427206720673
716.651665166517,1.16440108010801
716.711671167117,1.1545300930093
716.771677167717,1.14465910591059
716.831683168317,1.13478811881189
716.891689168917,1.12491713171318
716.951695169517,1.11504614461446
717.011701170117,1.10619315931593
717.071707170717,1.10154269426942
717.131713171317,1.09689222922293
717.191719171917,1.09224176417642
717.251725172517,1.08759129912991
717.311731173117,1.08294083408341
717.371737173717,1.0782903690369
717.431743174317,1.0736399039904
717.491749174917,1.0689894389439
717.551755175518,1.06433897389739
717.611761176118,1.05968850885088
717.671767176718,1.05503804380438
717.731773177318,1.05038757875788
717.791779177918,1.04573711371137
717.851785178518,1.04108664866487
717.911791179118,1.03643618361836
717.971797179718,1.03178571857185
718.031803180318,1.02621550555056
718.091809180918,1.0198296669667
718.151815181518,1.01344382838284
718.211821182118,1.00705798979898
718.271827182718,1.00067215121512
718.331833183318,0.994286312631269
718.391839183918,0.987900474047408
718.451845184518,0.981514635463547
718.511851185119,0.975128796879686
718.571857185719,0.968742958295825
718.631863186319,0.962357119711976
718.691869186919,0.955971281128116
718.751875187519,0.949585442544255
718.811881188119,0.943199603960394
718.871887188719,0.936813765376533
718.931893189319,0.930427926792684
718.991899189919,0.924042088208823
719.051905190519,0.926414731473147
719.111911191119,0.930154305430544
719.171917191719,0.933893879387942
719.231923192319,0.937633453345332
719.291929192919,0.941373027302729
719.351935193519,0.945112601260126
719.411941194119,0.948852175217523
719.47194719472,0.95259174917492
719.531953195319,0.956331323132311
719.59195919592,0.960070897089708
719.65196519652,0.963810471047105
719.71197119712,0.967550045004502
719.77197719772,0.971289618961899
719.83198319832,0.975029192919289
719.89198919892,0.978768766876687
719.95199519952,0.982508340834084
720.01200120012,0.986707320732076
720.07200720072,0.992743924392444
720.13201320132,0.998780528052801
720.19201920192,1.00481713171317
720.25202520252,1.01085373537354
720.31203120312,1.01689033903391
720.37203720372,1.02292694269426
720.43204320432,1.02896354635463
720.49204920492,1.035000150015
720.552055205521,1.04103675367537
720.612061206121,1.04707335733574
720.672067206721,1.05310996099609
720.732073207321,1.05914656465646
720.792079207921,1.06518316831683
720.852085208521,1.0712197719772
720.912091209121,1.07725637563757
720.972097209721,1.08329297929792
721.032103210321,1.09106315631563
721.092109210921,1.1003400840084
721.152115211521,1.10961701170117
721.212121212121,1.11889393939394
721.272127212721,1.1281708670867
721.332133213321,1.13744779477947
721.392139213921,1.14672472247225
721.452145214521,1.15600165016502
721.512151215122,1.16527857785779
721.572157215722,1.17455550555055
721.632163216322,1.18383243324332
721.692169216922,1.19310936093609
721.752175217522,1.20238628862887
721.812181218122,1.21166321632164
721.872187218722,1.22094014401439
721.932193219322,1.23021707170717
721.992199219922,1.23949399939994
722.052205220522,1.23567263726372
722.112211221122,1.22989405940594
722.172217221722,1.22411548154816
722.232223222322,1.21833690369037
722.292229222922,1.21255832583258
722.352235223522,1.2067797479748
722.412241224122,1.20100117011701
722.472247224722,1.19522259225923
722.532253225323,1.18944401440144
722.592259225923,1.18366543654365
722.652265226523,1.17788685868587
722.712271227123,1.17210828082808
722.772277227723,1.1663297029703
722.832283228323,1.16055112511251
722.892289228923,1.15477254725473
722.952295229523,1.14899396939694
723.012301230123,1.14330642064206
723.072307230723,1.13797188718872
723.132313231323,1.13263735373538
723.192319231923,1.12730282028203
723.252325232523,1.12196828682868
723.312331233123,1.11663375337533
723.372337233723,1.111299219922
723.432343234323,1.10596468646865
723.492349234923,1.1006301530153
723.552355235524,1.09529561956195
723.612361236124,1.08996108610861
723.672367236724,1.08462655265527
723.732373237324,1.07929201920192
723.792379237924,1.07395748574857
723.852385238524,1.06862295229523
723.912391239124,1.06328841884188
723.972397239724,1.05795388538854
724.032403240324,1.05493294329433
724.092409240924,1.05388283828383
724.152415241524,1.05283273327333
724.212421242124,1.05178262826283
724.272427242724,1.05073252325233
724.332433243324,1.04968241824182
724.392439243924,1.04863231323132
724.452445244524,1.04758220822082
724.512451245124,1.04653210321032
724.572457245725,1.04548199819982
724.632463246325,1.04443189318932
724.692469246925,1.04338178817882
724.752475247525,1.04233168316832
724.812481248125,1.04128157815782
724.872487248725,1.04023147314732
724.932493249325,1.03918136813681
724.992499249925,1.03813126312631
725.052505250525,1.04027347734774
725.112511251125,1.04287173717372
725.172517251725,1.0454699969997
725.232523252325,1.04806825682568
725.292529252925,1.05066651665167
725.352535253525,1.05326477647765
725.412541254125,1.05586303630363
725.472547254725,1.05846129612961
725.532553255326,1.0610595559556
725.592559255926,1.06365781578158
725.652565256526,1.06625607560756
725.712571257126,1.06885433543354
725.772577257726,1.07145259525952
725.832583258326,1.07405085508551
725.892589258926,1.07664911491149
725.952595259526,1.07924737473748
726.012601260126,1.08134662466247
726.072607260726,1.08156864686469
726.132613261326,1.08179066906691
726.192619261926,1.08201269126913
726.252625262526,1.08223471347135
726.312631263126,1.08245673567357
726.372637263726,1.08267875787579
726.432643264326,1.08290078007801
726.492649264927,1.08312280228023
726.552655265527,1.08334482448245
726.612661266127,1.08356684668467
726.672667266727,1.08378886888689
726.732673267327,1.08401089108911
726.792679267927,1.08423291329133
726.852685268527,1.08445493549355
726.912691269127,1.08467695769577
726.972697269727,1.08489897989799
727.032703270327,1.08352835283528
727.092709270927,1.08082808280828
727.152715271527,1.07812781278128
727.212721272127,1.07542754275428
727.272727272727,1.07272727272727
727.332733273327,1.07002700270027
727.392739273927,1.06732673267327
727.452745274528,1.06462646264626
727.512751275127,1.06192619261926
727.572757275728,1.05922592259226
727.632763276328,1.05652565256526
727.692769276928,1.05382538253825
727.752775277528,1.05112511251125
727.812781278128,1.04842484248425
727.872787278728,1.04572457245725
727.932793279328,1.04302430243024
727.992799279928,1.04032403240324
728.052805280528,1.04034851485148
728.112811281128,1.04074455445545
728.172817281728,1.04114059405941
728.232823282328,1.04153663366337
728.292829282928,1.04193267326733
728.352835283528,1.04232871287129
728.412841284128,1.04272475247525
728.472847284728,1.04312079207921
728.532853285329,1.04351683168317
728.592859285929,1.04391287128713
728.652865286529,1.04430891089109
728.712871287129,1.04470495049505
728.772877287729,1.04510099009901
728.832883288329,1.04549702970297
728.892889288929,1.04589306930693
728.952895289529,1.04628910891089
729.012901290129,1.04765661566156
729.072907290729,1.05257110711071
729.132913291329,1.05748559855986
729.192919291929,1.062400090009
729.252925292529,1.06731458145814
729.312931293129,1.07222907290729
729.372937293729,1.07714356435643
729.432943294329,1.08205805580558
729.49294929493,1.08697254725473
729.55295529553,1.09188703870387
729.61296129613,1.09680153015301
729.67296729673,1.10171602160216
729.73297329733,1.10663051305131
729.79297929793,1.11154500450045
729.85298529853,1.11645949594959
729.91299129913,1.12137398739874
729.97299729973,1.12628847884788
730.03300330033,1.12657920792079
730.09300930093,1.12308685868587
730.15301530153,1.11959450945095
730.21302130213,1.11610216021602
730.27302730273,1.1126098109811
730.33303330333,1.10911746174617
730.39303930393,1.10562511251125
730.45304530453,1.10213276327633
730.51305130513,1.09864041404141
730.573057305731,1.09514806480648
730.633063306331,1.09165571557156
730.693069306931,1.08816336633663
730.753075307531,1.08467101710171
730.813081308131,1.08117866786679
730.873087308731,1.07768631863186
730.933093309331,1.07419396939694
730.993099309931,1.07070162016201
731.053105310531,1.07471305130513
731.113111311131,1.07969954995499
731.173117311731,1.08468604860486
731.233123312331,1.08967254725473
731.293129312931,1.09465904590459
731.353135313531,1.09964554455445
731.413141314131,1.10463204320432
731.473147314731,1.10961854185419
731.533153315332,1.11460504050405
731.593159315932,1.11959153915392
731.653165316532,1.12457803780378
731.713171317132,1.12956453645364
731.773177317732,1.13455103510351
731.833183318332,1.13953753375338
731.893189318932,1.14452403240324
731.953195319532,1.1495105310531
732.013201320132,1.15396501650165
732.073207320732,1.15653327332733
732.133213321332,1.15910153015302
732.193219321932,1.1616697869787
732.253225322532,1.16423804380438
732.313231323132,1.16680630063006
732.373237323732,1.16937455745575
732.433243324332,1.17194281428143
732.493249324932,1.17451107110711
732.553255325533,1.17707932793279
732.613261326133,1.17964758475848
732.673267326733,1.18221584158416
732.733273327333,1.18478409840984
732.793279327933,1.18735235523552
732.853285328533,1.1899206120612
732.913291329133,1.19248886888689
732.973297329733,1.19505712571257
733.033303330333,1.19751548154816
733.093309330933,1.19988571857185
733.153315331533,1.20225595559556
733.213321332133,1.20462619261926
733.273327332733,1.20699642964296
733.333333333333,1.20936666666667
733.393339333933,1.21173690369037
733.453345334533,1.21410714071407
733.513351335134,1.21647737773777
733.573357335734,1.21884761476148
733.633363336334,1.22121785178518
733.693369336934,1.22358808880888
733.753375337534,1.22595832583258
733.813381338134,1.22832856285629
733.873387338734,1.23069879987999
733.933393339334,1.23306903690369
733.993399339934,1.23543927392739
734.053405340534,1.23474404440444
734.113411341134,1.2336699369937
734.173417341734,1.23259582958296
734.233423342334,1.23152172217222
734.293429342934,1.23044761476148
734.353435343534,1.22937350735074
734.413441344134,1.22829939993999
734.473447344734,1.22722529252925
734.533453345335,1.22615118511851
734.593459345935,1.22507707770777
734.653465346535,1.22400297029703
734.713471347135,1.22292886288629
734.773477347735,1.22185475547555
734.833483348335,1.22078064806481
734.893489348935,1.21970654065407
734.953495349535,1.21863243324332
735.013501350135,1.21763933393339
735.073507350735,1.21692526252625
735.133513351335,1.21621119111911
735.193519351935,1.21549711971197
735.253525352535,1.21478304830483
735.313531353135,1.21406897689769
735.373537353735,1.21335490549055
735.433543354335,1.21264083408341
735.493549354935,1.21192676267627
735.553555355536,1.21121269126913
735.613561356136,1.21049861986199
735.673567356736,1.20978454845485
735.733573357336,1.20907047704771
735.793579357936,1.20835640564056
735.853585358536,1.20764233423342
735.913591359136,1.20692826282628
735.973597359736,1.20621419141914
736.033603360336,1.20583279327933
736.093609360936,1.20571278127813
736.153615361536,1.20559276927693
736.213621362136,1.20547275727573
736.273627362736,1.20535274527453
736.333633363336,1.20523273327333
736.393639363936,1.20511272127213
736.453645364536,1.20499270927093
736.513651365137,1.20487269726973
736.573657365737,1.20475268526853
736.633663366337,1.20463267326733
736.693669366937,1.20451266126613
736.753675367537,1.20439264926493
736.813681368137,1.20427263726373
736.873687368737,1.20415262526253
736.933693369337,1.20403261326133
736.993699369937,1.20391260126013
737.053705370537,1.20513522352235
737.113711371137,1.20651536153615
737.173717371737,1.20789549954996
737.233723372337,1.20927563756376
737.293729372937,1.21065577557756
737.353735373537,1.21203591359136
737.413741374137,1.21341605160516
737.473747374738,1.21479618961896
737.533753375337,1.21617632763276
737.593759375938,1.21755646564656
737.653765376538,1.21893660366037
737.713771377138,1.22031674167417
737.773777377738,1.22169687968797
737.833783378338,1.22307701770177
737.893789378938,1.22445715571557
737.953795379538,1.22583729372937
738.013801380138,1.22639762976298
738.073807380738,1.22421341134113
738.133813381338,1.22202919291929
738.193819381938,1.21984497449745
738.253825382538,1.21766075607561
738.313831383138,1.21547653765376
738.373837383738,1.21329231923192
738.433843384338,1.21110810081008
738.493849384938,1.20892388238824
738.553855385539,1.2067396639664
738.613861386139,1.20455544554455
738.673867386739,1.20237122712271
738.733873387339,1.20018700870087
738.793879387939,1.19800279027903
738.853885388539,1.19581857185719
738.913891389139,1.19363435343534
738.973897389739,1.1914501350135
739.033903390339,1.19148319831983
739.093909390939,1.19322337233723
739.153915391539,1.19496354635464
739.213921392139,1.19670372037204
739.273927392739,1.19844389438944
739.333933393339,1.20018406840684
739.393939393939,1.20192424242424
739.453945394539,1.20366441644164
739.51395139514,1.20540459045905
739.57395739574,1.20714476447645
739.63396339634,1.20888493849385
739.69396939694,1.21062511251125
739.75397539754,1.21236528652865
739.81398139814,1.21410546054606
739.87398739874,1.21584563456345
739.93399339934,1.21758580858086
739.99399939994,1.21932598259826
740.05400540054,1.21924617461746
740.11401140114,1.21896414641464
740.17401740174,1.21868211821182
740.23402340234,1.218400090009
740.29402940294,1.21811806180618
740.35403540354,1.21783603360336
740.41404140414,1.21755400540054
740.47404740474,1.21727197719772
740.534053405341,1.2169899489949
740.594059405941,1.21670792079208
740.654065406541,1.21642589258926
740.714071407141,1.21614386438644
740.774077407741,1.21586183618362
740.834083408341,1.2155798079808
740.894089408941,1.21529777977798
740.954095409541,1.21501575157516
741.014101410141,1.21480705070507
741.074107410741,1.21483705370537
741.134113411341,1.21486705670567
741.194119411941,1.21489705970597
741.254125412541,1.21492706270627
741.314131413141,1.21495706570657
741.374137413741,1.21498706870687
741.434143414341,1.21501707170717
741.494149414941,1.21504707470747
741.554155415542,1.21507707770777
741.614161416142,1.21510708070807
741.674167416742,1.21513708370837
741.734173417342,1.21516708670867
741.794179417942,1.21519708970897
741.854185418542,1.21522709270927
741.914191419142,1.21525709570957
741.974197419742,1.21528709870987
742.034203420342,1.21616192619262
742.094209420942,1.21767407740774
742.154215421542,1.21918622862286
742.214221422142,1.22069837983798
742.274227422742,1.2222105310531
742.334233423342,1.22372268226823
742.394239423942,1.22523483348335
742.454245424542,1.22674698469847
742.514251425143,1.22825913591359
742.574257425743,1.22977128712871
742.634263426343,1.23128343834383
742.694269426943,1.23279558955896
742.754275427543,1.23430774077408
742.814281428143,1.2358198919892
742.874287428743,1.23733204320432
742.934293429343,1.23884419441944
742.994299429943,1.24035634563456
743.054305430543,1.24103219321932
743.114311431143,1.2416202520252
743.174317431743,1.24220831083108
743.234323432343,1.24279636963696
743.294329432943,1.24338442844284
743.354335433543,1.24397248724873
743.414341434143,1.2445605460546
743.474347434743,1.24514860486049
743.534353435344,1.24573666366637
743.594359435944,1.24632472247225
743.654365436544,1.24691278127813
743.714371437144,1.24750084008401
743.774377437744,1.24808889888989
743.834383438344,1.24867695769577
743.894389438944,1.24926501650165
743.954395439544,1.24985307530753
744.014401440144,1.25029135913591
744.074407440744,1.25025535553555
744.134413441344,1.25021935193519
744.194419441944,1.25018334833483
744.254425442544,1.25014734473447
744.314431443144,1.25011134113411
744.374437443744,1.25007533753375
744.434443444344,1.25003933393339
744.494449444945,1.25000333033303
744.554455445545,1.24996732673267
744.614461446145,1.24993132313231
744.674467446745,1.24989531953195
744.734473447345,1.24985931593159
744.794479447945,1.24982331233123
744.854485448545,1.24978730873087
744.914491449145,1.24975130513051
744.974497449745,1.24971530153015
745.034503450345,1.24960684068407
745.094509450945,1.24944482448245
745.154515451545,1.24928280828083
745.214521452145,1.24912079207921
745.274527452745,1.24895877587759
745.334533453345,1.24879675967597
745.394539453945,1.24863474347435
745.454545454545,1.24847272727273
745.514551455145,1.24831071107111
745.574557455746,1.24814869486949
745.634563456346,1.24798667866787
745.694569456946,1.24782466246625
745.754575457546,1.24766264626463
745.814581458146,1.24750063006301
745.874587458746,1.24733861386139
745.934593459346,1.24717659765977
745.994599459946,1.24701458145815
746.054605460546,1.24703822382238
746.114611461146,1.2470802280228
746.174617461746,1.24712223222322
746.234623462346,1.24716423642364
746.294629462946,1.24720624062406
746.354635463546,1.24724824482448
746.414641464146,1.2472902490249
746.474647464746,1.24733225322532
746.534653465347,1.24737425742574
746.594659465947,1.24741626162616
746.654665466547,1.24745826582658
746.714671467147,1.247500270027
746.774677467747,1.24754227422742
746.834683468347,1.24758427842784
746.894689468947,1.24762628262826
746.954695469547,1.24766828682868
747.014701470147,1.24758826882688
747.074707470747,1.24713222322232
747.134713471347,1.24667617761776
747.194719471947,1.2462201320132
747.254725472547,1.24576408640864
747.314731473147,1.24530804080408
747.374737473747,1.24485199519952
747.434743474347,1.24439594959496
747.494749474948,1.2439399039904
747.554755475547,1.24348385838584
747.614761476148,1.24302781278128
747.674767476748,1.24257176717672
747.734773477348,1.24211572157216
747.794779477948,1.2416596759676
747.854785478548,1.24120363036304
747.914791479148,1.24074758475848
747.974797479748,1.24029153915392
748.034803480348,1.23994686468647
748.094809480948,1.23968283828383
748.154815481548,1.23941881188119
748.214821482148,1.23915478547855
748.274827482748,1.23889075907591
748.334833483348,1.23862673267327
748.394839483948,1.23836270627063
748.454845484548,1.23809867986799
748.514851485148,1.23783465346535
748.574857485749,1.23757062706271
748.634863486349,1.23730660066007
748.694869486949,1.23704257425743
748.754875487549,1.23677854785479
748.814881488149,1.23651452145215
748.874887488749,1.23625049504951
748.934893489349,1.23598646864686
748.994899489949,1.23572244224422
749.054905490549,1.23561215121512
749.114911491149,1.23551614161416
749.174917491749,1.2354201320132
749.234923492349,1.23532412241224
749.294929492949,1.23522811281128
749.354935493549,1.23513210321032
749.414941494149,1.23503609360936
749.474947494749,1.2349400840084
749.53495349535,1.23484407440744
749.59495949595,1.23474806480648
749.65496549655,1.23465205520552
749.71497149715,1.23455604560456
749.77497749775,1.2344600360036
749.83498349835,1.23436402640264
749.89498949895,1.23426801680168
749.95499549955,1.23417200720072
750.01500150015,1.23401749174918
750.07500750075,1.23368745874587
750.13501350135,1.23335742574257
750.19501950195,1.23302739273927
750.25502550255,1.23269735973597
750.31503150315,1.23236732673267
750.37503750375,1.23203729372937
750.43504350435,1.23170726072607
750.495049504951,1.23137722772277
750.555055505551,1.23104719471947
750.615061506151,1.23071716171617
750.675067506751,1.23038712871287
750.735073507351,1.23005709570957
750.795079507951,1.22972706270627
750.855085508551,1.22939702970297
750.915091509151,1.22906699669967
750.975097509751,1.22873696369637
751.035103510351,1.22875445544554
751.095109510951,1.22901848184818
751.155115511551,1.22928250825082
751.215121512151,1.22954653465347
751.275127512751,1.22981056105611
751.335133513351,1.23007458745875
751.395139513951,1.23033861386139
751.455145514551,1.23060264026403
751.515151515152,1.23086666666667
751.575157515752,1.23113069306931
751.635163516352,1.23139471947195
751.695169516952,1.23165874587459
751.755175517552,1.23192277227723
751.815181518152,1.23218679867987
751.875187518752,1.23245082508251
751.935193519352,1.23271485148515
751.995199519952,1.23297887788779
752.055205520552,1.23264668466847
752.115211521152,1.23226264626463
752.175217521752,1.23187860786079
752.235223522352,1.23149456945695
752.295229522952,1.23111053105311
752.355235523552,1.23072649264927
752.415241524152,1.23034245424542
752.475247524752,1.22995841584158
752.535253525353,1.22957437743774
752.595259525953,1.2291903390339
752.655265526553,1.22880630063006
752.715271527153,1.22842226222622
752.775277527753,1.22803822382238
752.835283528353,1.22765418541854
752.895289528953,1.2272701470147
752.955295529553,1.22688610861086
753.015301530153,1.22683564356436
753.075307530753,1.2277597359736
753.135313531353,1.22868382838284
753.195319531953,1.22960792079208
753.255325532553,1.23053201320132
753.315331533153,1.23145610561056
753.375337533753,1.2323801980198
753.435343534353,1.23330429042904
753.495349534953,1.23422838283828
753.555355535554,1.23515247524752
753.615361536154,1.23607656765677
753.675367536754,1.23700066006601
753.735373537354,1.23792475247525
753.795379537954,1.23884884488449
753.855385538554,1.23977293729373
753.915391539154,1.24069702970297
753.975397539754,1.24162112211221
754.035403540354,1.24186900690069
754.095409540954,1.24164698469847
754.155415541554,1.24142496249625
754.215421542154,1.24120294029403
754.275427542754,1.24098091809181
754.335433543354,1.24075889588959
754.395439543954,1.24053687368737
754.455445544554,1.24031485148515
754.515451545155,1.24009282928293
754.575457545755,1.23987080708071
754.635463546355,1.23964878487849
754.695469546955,1.23942676267627
754.755475547555,1.23920474047405
754.815481548155,1.23898271827183
754.875487548755,1.23876069606961
754.935493549355,1.23853867386739
754.995499549955,1.23831665166517
755.055505550555,1.23746186618662
755.115511551155,1.23655577557756
755.175517551755,1.2356496849685
755.235523552355,1.23474359435944
755.295529552955,1.23383750375038
755.355535553555,1.23293141314131
755.415541554155,1.23202532253225
755.475547554756,1.23111923192319
755.535553555355,1.23021314131413
755.595559555956,1.22930705070507
755.655565556556,1.22840096009601
755.715571557156,1.22749486948695
755.775577557756,1.22658877887789
755.835583558356,1.22568268826883
755.895589558956,1.22477659765977
755.955595559556,1.22387050705071
756.015601560156,1.22318283828383
756.075607560756,1.22311683168317
756.135613561356,1.22305082508251
756.195619561956,1.22298481848185
756.255625562556,1.22291881188119
756.315631563156,1.22285280528053
756.375637563756,1.22278679867987
756.435643564356,1.22272079207921
756.495649564956,1.22265478547855
756.555655565557,1.22258877887789
756.615661566157,1.22252277227723
756.675667566757,1.22245676567657
756.735673567357,1.22239075907591
756.795679567957,1.22232475247525
756.855685568557,1.22225874587459
756.915691569157,1.22219273927393
756.975697569757,1.22212673267327
757.035703570357,1.22236420642064
757.095709570957,1.22280825082508
757.155715571557,1.22325229522952
757.215721572157,1.22369633963396
757.275727572757,1.2241403840384
757.335733573357,1.22458442844284
757.395739573957,1.22502847284728
757.455745574557,1.22547251725173
757.515751575158,1.22591656165617
757.575757575758,1.22636060606061
757.635763576358,1.22680465046505
757.695769576958,1.22724869486949
757.755775577558,1.22769273927393
757.815781578158,1.22813678367837
757.875787578758,1.22858082808281
757.935793579358,1.22902487248725
757.995799579958,1.22946891689169
758.055805580558,1.22754680468047
758.115811581158,1.22544659465947
758.175817581758,1.22334638463846
758.235823582358,1.22124617461746
758.295829582958,1.21914596459646
758.355835583558,1.21704575457546
758.415841584158,1.21494554455445
758.475847584759,1.21284533453345
758.535853585358,1.21074512451245
758.595859585959,1.20864491449145
758.655865586559,1.20654470447045
758.715871587159,1.20444449444944
758.775877587759,1.20234428442844
758.835883588359,1.20024407440744
758.895889588959,1.19814386438644
758.955895589559,1.19604365436544
759.015901590159,1.17973600960093
759.075907590759,1.12402283828388
759.135913591359,1.06830966696673
759.195919591959,1.01259649564958
759.255925592559,0.956883324332425
759.315931593159,0.901170153015271
759.375937593759,0.845456981698224
759.435943594359,0.789743810381071
759.495949594959,0.734030639063918
759.55595559556,0.678317467746764
759.61596159616,0.622604296429611
759.67596759676,0.566891125112564
759.73597359736,0.511177953795411
759.79597959796,0.455464782478257
759.85598559856,0.399751611161104
759.91599159916,0.344038439843951
759.97599759976,0.288325268526904
760.03600360036,0.262004716471651
760.09600960096,0.255279243924393
760.15601560156,0.248553771377136
760.21602160216,0.241828298829879
760.27602760276,0.235102826282634
760.33603360336,0.228377353735377
760.39603960396,0.22165188118812
760.45604560456,0.214926408640862
760.516051605161,0.208200936093605
760.576057605761,0.20147546354636
760.636063606361,0.194749990999103
760.696069606961,0.188024518451846
760.756075607561,0.181299045904588
760.816081608161,0.174573573357331
760.876087608761,0.167848100810087
760.936093609361,0.161122628262829
760.996099609961,0.154397155715572
761.056105610561,0.183903564356446
761.116111611161,0.215928766876711
761.176117611761,0.247953969396914
761.236123612361,0.279979171917179
761.296129612961,0.312004374437443
761.356135613561,0.344029576957707
761.416141614161,0.376054779477972
761.476147614761,0.408079981998175
761.536153615362,0.44010518451844
761.596159615962,0.472130387038704
761.656165616562,0.504155589558968
761.716171617162,0.536180792079233
761.776177617762,0.568205994599436
761.836183618362,0.600231197119701
761.896189618962,0.632256399639965
761.956195619562,0.664281602160229
762.016201620162,0.682667632763261
762.076207620762,0.664177383738387
762.136213621362,0.645687134713477
762.196219621962,0.627196885688568
762.256225622562,0.608706636663658
762.316231623162,0.590216387638749
762.376237623762,0.571726138613874
762.436243624362,0.553235889588964
762.496249624963,0.534745640564055
762.556255625563,0.516255391539145
762.616261626163,0.497765142514235
762.676267626763,0.479274893489361
762.736273627363,0.460784644464451
762.796279627963,0.442294395439542
762.856285628563,0.423804146414632
762.916291629163,0.405313897389757
762.976297629763,0.386823648364848
763.036303630363,0.385301716171615
763.096309630963,0.394858271827184
763.156315631563,0.404414827482753
763.216321632163,0.413971383138305
763.276327632763,0.423527938793874
763.336333633363,0.433084494449443
763.396339633963,0.442641050105012
763.456345634563,0.452197605760582
763.516351635163,0.461754161416133
763.576357635764,0.471310717071702
763.636363636364,0.480867272727271
763.696369636964,0.49042382838284
763.756375637564,0.49998038403841
763.816381638164,0.509536939693961
763.876387638764,0.51909349534953
763.936393639364,0.528650051005099
763.996399639964,0.538206606660668
764.056405640564,0.547084602460252
764.116411641164,0.555919285928585
764.176417641764,0.564753969396935
764.236423642364,0.573588652865286
764.296429642964,0.582423336333636
764.356435643564,0.591258019801986
764.416441644164,0.600092703270319
764.476447644764,0.60892738673867
764.536453645365,0.61776207020702
764.596459645965,0.62659675367537
764.656465646565,0.63543143714372
764.716471647165,0.644266120612054
764.776477647765,0.653100804080404
764.836483648365,0.661935487548754
764.896489648965,0.670770171017105
764.956495649565,0.679604854485455
765.016501650165,0.688132112211215
765.076507650765,0.695848883888386
765.136513651365,0.703565655565556
765.196519651965,0.711282427242727
765.256525652565,0.718999198919898
765.316531653165,0.726715970597054
765.376537653765,0.734432742274225
765.436543654365,0.742149513951395
765.496549654966,0.749866285628566
765.556555655566,0.757583057305736
765.616561656166,0.765299828982893
765.676567656766,0.773016600660063
765.736573657366,0.780733372337234
765.796579657966,0.788450144014405
765.856585658566,0.796166915691575
765.916591659166,0.803883687368731
765.976597659766,0.811600459045902
766.036603660366,0.820450480048005
766.096609660966,0.830025037503755
766.156615661566,0.839599594959504
766.216621662166,0.849174152415235
766.276627662766,0.858748709870984
766.336633663366,0.868323267326733
766.396639663966,0.877897824782483
766.456645664566,0.887472382238214
766.516651665166,0.897046939693963
766.576657665767,0.906621497149712
766.636663666367,0.916196054605462
766.696669666967,0.925770612061211
766.756675667567,0.935345169516942
766.816681668167,0.944919726972691
766.876687668767,0.954494284428441
766.936693669367,0.96406884188419
766.996699669967,0.973643399339939
767.056705670567,0.98208781278127
767.116711671167,0.99046645064506
767.176717671767,0.998845088508849
767.236723672367,1.00722372637264
767.296729672967,1.01560236423643
767.356735673567,1.0239810021002
767.416741674167,1.03235963996399
767.476747674767,1.04073827782778
767.536753675368,1.04911691569157
767.596759675968,1.05749555355536
767.656765676568,1.06587419141913
767.716771677168,1.07425282928292
767.776777677768,1.08263146714671
767.836783678368,1.0910101050105
767.896789678968,1.09938874287429
767.956795679568,1.10776738073807
768.016801680168,1.11403522352235
768.076807680768,1.11487530753075
768.136813681368,1.11571539153915
768.196819681968,1.11655547554756
768.256825682568,1.11739555955595
768.316831683168,1.11823564356436
768.376837683768,1.11907572757276
768.436843684368,1.11991581158116
768.496849684969,1.12075589558956
768.556855685569,1.12159597959796
768.616861686169,1.12243606360636
768.676867686769,1.12327614761476
768.736873687369,1.12411623162316
768.796879687969,1.12495631563156
768.856885688569,1.12579639963996
768.916891689169,1.12663648364836
768.976897689769,1.12747656765677
769.036903690369,1.12901782178218
769.096909690969,1.13099801980198
769.156915691569,1.13297821782178
769.216921692169,1.13495841584158
769.276927692769,1.13693861386139
769.336933693369,1.13891881188119
769.396939693969,1.14089900990099
769.456945694569,1.14287920792079
769.516951695169,1.14485940594059
769.57695769577,1.1468396039604
769.63696369637,1.1488198019802
769.69696969697,1.1508
769.75697569757,1.1527801980198
769.81698169817,1.1547603960396
769.87698769877,1.15674059405941
769.93699369937,1.15872079207921
769.99699969997,1.16070099009901
770.05700570057,1.16124464446445
770.11701170117,1.16171269126913
770.17701770177,1.16218073807381
770.23702370237,1.16264878487849
770.29702970297,1.16311683168317
770.35703570357,1.16358487848785
770.41704170417,1.16405292529253
770.47704770477,1.16452097209721
770.537053705371,1.16498901890189
770.597059705971,1.16545706570657
770.657065706571,1.16592511251125
770.717071707171,1.16639315931593
770.777077707771,1.16686120612061
770.837083708371,1.16732925292529
770.897089708971,1.16779729972997
770.957095709571,1.16826534653465
771.017101710171,1.16875733573357
771.077107710771,1.16930939093909
771.137113711371,1.16986144614461
771.197119711971,1.17041350135013
771.257125712571,1.17096555655566
771.317131713171,1.17151761176118
771.377137713771,1.1720696669667
771.437143714371,1.17262172217222
771.497149714971,1.17317377737774
771.557155715572,1.17372583258326
771.617161716172,1.17427788778878
771.677167716772,1.1748299429943
771.737173717372,1.17538199819982
771.797179717972,1.17593405340534
771.857185718572,1.17648610861086
771.917191719172,1.17703816381638
771.977197719772,1.1775902190219
772.037203720372,1.17777395739574
772.097209720972,1.17773195319532
772.157215721572,1.1776899489949
772.217221722172,1.17764794479448
772.277227722772,1.17760594059406
772.337233723372,1.17756393639364
772.397239723972,1.17752193219322
772.457245724572,1.1774799279928
772.517251725173,1.17743792379238
772.577257725773,1.17739591959196
772.637263726373,1.17735391539154
772.697269726973,1.17731191119112
772.757275727573,1.1772699069907
772.817281728173,1.17722790279028
772.877287728773,1.17718589858986
772.937293729373,1.17714389438944
772.997299729973,1.17710189018902
773.057305730573,1.1771
773.117311731173,1.1771
773.177317731773,1.1771
773.237323732373,1.1771
773.297329732973,1.1771
773.357335733573,1.1771
773.417341734173,1.1771
773.477347734774,1.1771
773.537353735374,1.1771
773.597359735974,1.1771
773.657365736574,1.1771
773.717371737174,1.1771
773.777377737774,1.1771
773.837383738374,1.1771
773.897389738974,1.1771
773.957395739574,1.1771
774.017401740174,1.1771
774.077407740774,1.1771
774.137413741374,1.1771
774.197419741974,1.1771
774.257425742574,1.1771
774.317431743174,1.1771
774.377437743774,1.1771
774.437443744374,1.1771
774.497449744974,1.1771
774.557455745575,1.1771
774.617461746175,1.1771
774.677467746775,1.1771
774.737473747375,1.1771
774.797479747975,1.1771
774.857485748575,1.1771
774.917491749175,1.1771
774.977497749775,1.1771
775.037503750375,1.17720126012601
775.097509750975,1.17736327632763
775.157515751575,1.17752529252925
775.217521752175,1.17768730873087
775.277527752775,1.17784932493249
775.337533753375,1.17801134113411
775.397539753975,1.17817335733573
775.457545754575,1.17833537353735
775.517551755176,1.17849738973897
775.577557755776,1.17865940594059
775.637563756376,1.17882142214221
775.697569756976,1.17898343834383
775.757575757576,1.17914545454545
775.817581758176,1.17930747074707
775.877587758776,1.1794694869487
775.937593759376,1.17963150315031
775.997599759976,1.17979351935194
776.057605760576,1.17939099909991
776.117611761176,1.17896495649565
776.177617761776,1.17853891389139
776.237623762376,1.17811287128713
776.297629762976,1.17768682868287
776.357635763576,1.17726078607861
776.417641764176,1.17683474347435
776.477647764777,1.17640870087009
776.537653765376,1.17598265826583
776.597659765977,1.17555661566157
776.657665766577,1.17513057305731
776.717671767177,1.17470453045305
776.777677767777,1.17427848784878
776.837683768377,1.17385244524452
776.897689768977,1.17342640264026
776.957695769577,1.173000360036
777.017701770177,1.17267521752175
777.077707770777,1.17259120912091
777.137713771377,1.17250720072007
777.197719771977,1.17242319231923
777.257725772577,1.17233918391839
777.317731773177,1.17225517551755
777.377737773777,1.17217116711671
777.437743774377,1.17208715871587
777.497749774977,1.17200315031503
777.557755775578,1.17191914191419
777.617761776178,1.17183513351335
777.677767776778,1.17175112511251
777.737773777378,1.17166711671167
777.797779777978,1.17158310831083
777.857785778578,1.17149909990999
777.917791779178,1.17141509150915
777.977797779778,1.17133108310831
778.037803780378,1.17149657965797
778.097809780978,1.17180861086109
778.157815781578,1.17212064206421
778.217821782178,1.17243267326733
778.277827782778,1.17274470447045
778.337833783378,1.17305673567357
778.397839783978,1.17336876687669
778.457845784578,1.17368079807981
778.517851785179,1.17399282928293
778.577857785779,1.17430486048605
778.637863786379,1.17461689168917
778.697869786979,1.17492892289229
778.757875787579,1.17524095409541
778.817881788179,1.17555298529853
778.877887788779,1.17586501650165
778.937893789379,1.17617704770477
778.997899789979,1.17648907890789
779.057905790579,1.17575301530153
779.117911791179,1.17497893789379
779.177917791779,1.17420486048605
779.237923792379,1.17343078307831
779.297929792979,1.17265670567057
779.357935793579,1.17188262826283
779.417941794179,1.17110855085509
779.477947794779,1.17033447344735
779.53795379538,1.1695603960396
779.59795979598,1.16878631863186
779.65796579658,1.16801224122412
779.71797179718,1.16723816381638
779.77797779778,1.16646408640864
779.83798379838,1.1656900090009
779.89798979898,1.16491593159316
779.95799579958,1.16414185418542
780.01800180018,1.16354779477948
780.07800780078,1.16337377737774
780.13801380138,1.163199759976
780.19801980198,1.16302574257426
780.25802580258,1.16285172517252
780.31803180318,1.16267770777078
780.37803780378,1.16250369036904
780.43804380438,1.1623296729673
780.49804980498,1.16215565556556
780.558055805581,1.16198163816382
780.618061806181,1.16180762076208
780.678067806781,1.16163360336034
780.738073807381,1.1614595859586
780.798079807981,1.16128556855686
780.858085808581,1.16111155115512
780.918091809181,1.16093753375338
780.978097809781,1.16076351635164
781.038103810381,1.1609095709571
781.098109810981,1.1612396039604
781.158115811581,1.1615696369637
781.218121812181,1.161899669967
781.278127812781,1.1622297029703
781.338133813381,1.1625597359736
781.398139813981,1.1628897689769
781.458145814581,1.1632198019802
781.518151815182,1.1635498349835
781.578157815782,1.1638798679868
781.638163816382,1.1642099009901
781.698169816982,1.1645399339934
781.758175817582,1.1648699669967
781.818181818182,1.1652
781.878187818782,1.1655300330033
781.938193819382,1.1658600660066
781.998199819982,1.1661900990099
782.058205820582,1.16592061206121
782.118211821182,1.16563258325833
782.178217821782,1.16534455445545
782.238223822382,1.16505652565257
782.298229822982,1.16476849684968
782.358235823582,1.1644804680468
782.418241824182,1.16419243924392
782.478247824782,1.16390441044104
782.538253825383,1.16361638163816
782.598259825983,1.16332835283528
782.658265826583,1.1630403240324
782.718271827183,1.16275229522952
782.778277827783,1.16246426642664
782.838283828383,1.16217623762376
782.898289828983,1.16188820882088
782.958295829583,1.161600180018
783.018301830183,1.16125724572457
783.078307830783,1.16078919891989
783.138313831383,1.16032115211521
783.198319831983,1.15985310531053
783.258325832583,1.15938505850585
783.318331833183,1.15891701170117
783.378337833783,1.15844896489649
783.438343834383,1.15798091809181
783.498349834984,1.15751287128713
783.558355835584,1.15704482448245
783.618361836184,1.15657677767777
783.678367836784,1.15610873087309
783.738373837384,1.15564068406841
783.798379837984,1.15517263726373
783.858385838584,1.15470459045905
783.918391839184,1.15423654365437
783.978397839784,1.15376849684969
784.038403840384,1.15379201920192
784.098409840984,1.15409204920492
784.158415841584,1.15439207920792
784.218421842184,1.15469210921092
784.278427842784,1.15499213921392
784.338433843384,1.15529216921692
784.398439843984,1.15559219921992
784.458445844585,1.15589222922292
784.518451845184,1.15619225922592
784.578457845785,1.15649228922892
784.638463846385,1.15679231923192
784.698469846985,1.15709234923492
784.758475847585,1.15739237923792
784.818481848185,1.15769240924092
784.878487848785,1.15799243924392
784.938493849385,1.15829246924692
784.998499849985,1.15859249924993
785.058505850585,1.15863510351035
785.118511851185,1.15867110711071
785.178517851785,1.15870711071107
785.238523852385,1.15874311431143
785.298529852985,1.15877911791179
785.358535853585,1.15881512151215
785.418541854185,1.15885112511251
785.478547854785,1.15888712871287
785.538553855386,1.15892313231323
785.598559855986,1.15895913591359
785.658565856586,1.15899513951395
785.718571857186,1.15903114311431
785.778577857786,1.15906714671467
785.838583858386,1.15910315031503
785.898589858986,1.15913915391539
785.958595859586,1.15917515751575
786.018601860186,1.15893585358536
786.078607860786,1.15808376837684
786.138613861386,1.15723168316832
786.198619861986,1.1563795979598
786.258625862586,1.15552751275128
786.318631863186,1.15467542754275
786.378637863786,1.15382334233423
786.438643864386,1.15297125712571
786.498649864987,1.15211917191719
786.558655865587,1.15126708670867
786.618661866187,1.15041500150015
786.678667866787,1.14956291629163
786.738673867387,1.14871083108311
786.798679867987,1.14785874587459
786.858685868587,1.14700666066607
786.918691869187,1.14615457545755
786.978697869787,1.14530249024902
787.038703870387,1.14443879387939
787.098709870987,1.14356870687069
787.158715871587,1.14269861986199
787.218721872187,1.14182853285329
787.278727872787,1.14095844584458
787.338733873387,1.14008835883588
787.398739873987,1.13921827182718
787.458745874587,1.13834818481848
787.518751875187,1.13747809780978
787.578757875788,1.13660801080108
787.638763876388,1.13573792379238
787.698769876988,1.13486783678368
787.758775877588,1.13399774977498
787.818781878188,1.13312766276628
787.878787878788,1.13225757575758
787.938793879388,1.13138748874887
787.998799879988,1.13051740174017
788.058805880588,1.13021773177318
788.118811881188,1.1299297029703
788.178817881788,1.12964167416742
788.238823882388,1.12935364536454
788.298829882988,1.12906561656166
788.358835883588,1.12877758775878
788.418841884188,1.1284895589559
788.478847884788,1.12820153015302
788.538853885389,1.12791350135013
788.598859885989,1.12762547254725
788.658865886589,1.12733744374437
788.718871887189,1.12704941494149
788.778877887789,1.12676138613861
788.838883888389,1.12647335733573
788.898889888989,1.12618532853285
788.958895889589,1.12589729972997
789.018901890189,1.12504410441044
789.078907890789,1.12296189618962
789.138913891389,1.1208796879688
789.198919891989,1.11879747974797
789.258925892589,1.11671527152715
789.318931893189,1.11463306330633
789.378937893789,1.11255085508551
789.438943894389,1.11046864686469
789.498949894989,1.10838643864387
789.55895589559,1.10630423042304
789.61896189619,1.10422202220222
789.67896789679,1.1021398139814
789.73897389739,1.10005760576057
789.79897989799,1.09797539753976
789.85898589859,1.09589318931893
789.91899189919,1.09381098109811
789.97899789979,1.09172877287729
790.03900390039,1.09157725772577
790.09900990099,1.09246534653465
790.15901590159,1.09335343534353
790.21902190219,1.09424152415242
790.27902790279,1.0951296129613
790.33903390339,1.09601770177018
790.39903990399,1.09690579057906
790.45904590459,1.09779387938794
790.519051905191,1.09868196819682
790.579057905791,1.0995700570057
790.639063906391,1.10045814581458
790.699069906991,1.10134623462346
790.759075907591,1.10223432343234
790.819081908191,1.10312241224122
790.879087908791,1.10401050105011
790.939093909391,1.10489858985899
790.999099909991,1.10578667866787
791.059105910591,1.10517938793879
791.119111911191,1.10454932493249
791.179117911791,1.10391926192619
791.239123912391,1.10328919891989
791.299129912991,1.10265913591359
791.359135913591,1.10202907290729
791.419141914191,1.10139900990099
791.479147914791,1.10076894689469
791.539153915392,1.10013888388839
791.599159915992,1.09950882088209
791.659165916592,1.09887875787579
791.719171917192,1.09824869486949
791.779177917792,1.09761863186319
791.839183918392,1.09698856885689
791.899189918992,1.09635850585059
791.959195919592,1.09572844284428
792.019201920192,1.0951502250225
792.079207920792,1.09468217821782
792.139213921392,1.09421413141314
792.199219921992,1.09374608460846
792.259225922592,1.09327803780378
792.319231923192,1.0928099909991
792.379237923792,1.09234194419442
792.439243924392,1.09187389738974
792.499249924992,1.09140585058506
792.559255925593,1.09093780378038
792.619261926193,1.0904697569757
792.679267926793,1.09000171017102
792.739273927393,1.08953366336634
792.799279927993,1.08906561656166
792.859285928593,1.08859756975698
792.919291929193,1.0881295229523
792.979297929793,1.08766147614761
793.039303930393,1.08788124812481
793.099309930993,1.08846330633063
793.159315931593,1.08904536453645
793.219321932193,1.08962742274227
793.279327932793,1.0902094809481
793.339333933393,1.09079153915392
793.399339933993,1.09137359735974
793.459345934593,1.09195565556556
793.519351935194,1.09253771377138
793.579357935794,1.0931197719772
793.639363936394,1.09370183018302
793.699369936994,1.09428388838884
793.759375937594,1.09486594659466
793.819381938194,1.09544800480048
793.879387938794,1.0960300630063
793.939393939394,1.09661212121212
793.999399939994,1.09719417941794
794.059405940594,1.09696237623762
794.119411941194,1.09672235223522
794.179417941794,1.09648232823282
794.239423942394,1.09624230423042
794.299429942994,1.09600228022802
794.359435943594,1.09576225622562
794.419441944194,1.09552223222322
794.479447944795,1.09528220822082
794.539453945394,1.09504218421842
794.599459945995,1.09480216021602
794.659465946595,1.09456213621362
794.719471947195,1.09432211221122
794.779477947795,1.09408208820882
794.839483948395,1.09384206420642
794.899489948995,1.09360204020402
794.959495949595,1.09336201620162
795.019501950195,1.09282946294629
795.079507950795,1.09168934893489
795.139513951395,1.09054923492349
795.199519951995,1.08940912091209
795.259525952595,1.08826900690069
795.319531953195,1.08712889288929
795.379537953795,1.08598877887789
795.439543954395,1.08484866486649
795.499549954995,1.08370855085509
795.559555955596,1.08256843684368
795.619561956196,1.08142832283228
795.679567956796,1.08028820882088
795.739573957396,1.07914809480948
795.799579957996,1.07800798079808
795.859585958596,1.07686786678668
795.919591959196,1.07572775277528
795.979597959796,1.07458763876388
796.039603960396,1.07487722772277
796.099609960996,1.07590333033303
796.159615961596,1.07692943294329
796.219621962196,1.07795553555356
796.279627962796,1.07898163816382
796.339633963396,1.08000774077408
796.399639963996,1.08103384338434
796.459645964596,1.0820599459946
796.519651965197,1.08308604860486
796.579657965797,1.08411215121512
796.639663966397,1.08513825382538
796.699669966997,1.08616435643564
796.759675967597,1.0871904590459
796.819681968197,1.08821656165617
796.879687968797,1.08924266426643
796.939693969397,1.09026876687669
796.999699969997,1.09129486948695
797.059705970597,1.09254188418842
797.119711971197,1.0937900090009
797.179717971797,1.09503813381338
797.239723972397,1.09628625862586
797.299729972997,1.09753438343834
797.359735973597,1.09878250825083
797.419741974197,1.10003063306331
797.479747974797,1.10127875787579
797.539753975398,1.10252688268827
797.599759975998,1.10377500750075
797.659765976598,1.10502313231323
797.719771977198,1.10627125712571
797.779777977798,1.10751938193819
797.839783978398,1.10876750675067
797.899789978998,1.11001563156316
797.959795979598,1.11126375637564
798.019801980198,1.11167227722772
798.079807980798,1.11037614761476
798.139813981398,1.1090800180018
798.199819981998,1.10778388838884
798.259825982598,1.10648775877588
798.319831983198,1.10519162916292
798.379837983798,1.10389549954996
798.439843984398,1.10259936993699
798.499849984998,1.10130324032403
798.559855985599,1.10000711071107
798.619861986199,1.09871098109811
798.679867986799,1.09741485148515
798.739873987399,1.09611872187219
798.799879987999,1.09482259225923
798.859885988599,1.09352646264626
798.919891989199,1.0922303330333
798.979897989799,1.09093420342034
799.039903990399,1.08978172817282
799.099909990999,1.08870162016202
799.159915991599,1.08762151215121
799.219921992199,1.08654140414041
799.279927992799,1.08546129612961
799.339933993399,1.08438118811881
799.399939993999,1.08330108010801
799.459945994599,1.08222097209721
799.5199519952,1.08114086408641
799.5799579958,1.08006075607561
799.6399639964,1.07898064806481
799.699969997,1.07790054005401
799.7599759976,1.0768204320432
799.8199819982,1.0757403240324
799.8799879988,1.0746602160216
799.9399939994,1.0735801080108
800,1.0725
