wavelength_nm,intensity
200,0
200.0600060006,0
200.1200120012,0
200.1800180018,0
200.2400240024,0
200.300030003,0
200.3600360036,0
200.4200420042,0
200.4800480048,0
200.540054005401,0
200.600060006001,0
200.660066006601,0
200.720072007201,0
200.780078007801,0
200.840084008401,0
200.900090009001,0
200.960096009601,0
201.020102010201,0
201.080108010801,0
201.140114011401,0
201.200120012001,0
201.260126012601,0
201.320132013201,0
201.380138013801,0
201.440144014401,0
201.500150015002,0
201.560156015602,0
201.620162016202,0
201.680168016802,0
201.740174017402,0
201.800180018002,0
201.860186018602,0
201.920192019202,0
201.980198019802,0
202.040204020402,0
202.100210021002,0
202.160216021602,0
202.220222022202,0
202.280228022802,0
202.340234023402,0
202.400240024002,0
202.460246024602,0
202.520252025203,0
202.580258025803,0
202.640264026403,0
202.700270027003,0
202.760276027603,0
202.820282028203,0
202.880288028803,0
202.940294029403,0
203.000300030003,0
203.060306030603,0
203.120312031203,0
203.180318031803,0
203.240324032403,0
203.300330033003,0
203.360336033603,0
203.420342034203,0
203.480348034803,0
203.540354035404,0
203.600360036004,0
203.660366036604,0
203.720372037204,0
203.780378037804,0
203.840384038404,0
203.900390039004,0
203.960396039604,0
204.020402040204,0
204.080408040804,0
204.140414041404,0
204.200420042004,0
204.260426042604,0
204.320432043204,0
204.380438043804,0
204.440444044404,0
204.500450045004,0
204.560456045605,0
204.620462046205,0
204.680468046805,0
204.740474047405,0
204.800480048005,0
204.860486048605,0
204.920492049205,0
204.980498049805,0
205.040504050405,0
205.100510051005,0
205.160516051605,0
205.220522052205,0
205.280528052805,0
205.340534053405,0
205.400540054005,0
205.460546054605,0
205.520552055206,0
205.580558055806,0
205.640564056406,0
205.700570057006,0
205.760576057606,0
205.820582058206,0
205.880588058806,0
205.940594059406,0
206.000600060006,0
206.060606060606,0
206.120612061206,0
206.180618061806,0
206.240624062406,0
206.300630063006,0
206.360636063606,0
206.420642064206,0
206.480648064806,0
206.540654065407,0
206.600660066007,0
206.660666066607,0
206.720672067207,0
206.780678067807,0
206.840684068407,0
206.900690069007,0
206.960696069607,0
207.020702070207,0
207.080708070807,0
207.140714071407,0
207.200720072007,0
207.260726072607,0
207.320732073207,0
207.380738073807,0
207.440744074407,0
207.500750075007,0
207.560756075608,0
207.620762076208,0
207.680768076808,0
207.740774077408,0
207.800780078008,0
207.860786078608,0
207.920792079208,0
207.980798079808,0
208.040804080408,0
208.100810081008,0
208.160816081608,0
208.220822082208,0
208.280828082808,0
208.340834083408,0
208.400840084008,0
208.460846084608,0
208.520852085209,0
208.580858085809,0
208.640864086409,0
208.700870087009,0
208.760876087609,0
208.820882088209,0
208.880888088809,0
208.940894089409,0
209.000900090009,0
209.060906090609,0
209.120912091209,0
209.180918091809,0
209.240924092409,0
209.300930093009,0
209.360936093609,0
209.420942094209,0
209.480948094809,0
209.54095409541,0
209.60096009601,0
209.66096609661,0
209.72097209721,0
209.78097809781,0
209.84098409841,0
209.90099009901,0
209.96099609961,0
210.02100210021,0
210.08100810081,0
210.14101410141,0
210.20102010201,0
210.26102610261,0
210.32103210321,0
210.38103810381,0
210.44104410441,0
210.501050105011,0
210.561056105611,0
210.621062106211,0
210.681068106811,0
210.741074107411,0
210.801080108011,0
210.861086108611,0
210.921092109211,0
210.981098109811,0
211.041104110411,0
211.101110111011,0
211.161116111611,0
211.221122112211,0
211.281128112811,0
211.341134113411,0
211.401140114011,0
211.461146114611,0
211.521152115212,0
211.581158115812,0
211.641164116412,0
211.701170117012,0
211.761176117612,0
211.821182118212,0
211.881188118812,0
211.941194119412,0
212.001200120012,0
212.061206120612,0
212.121212121212,0
212.181218121812,0
212.241224122412,0
212.301230123012,0
212.361236123612,0
212.421242124212,0
212.481248124812,0
212.541254125413,0
212.601260126013,0
212.661266126613,0
212.721272127213,0
212.781278127813,0
212.841284128413,0
212.901290129013,0
212.961296129613,0
213.021302130213,0
213.081308130813,0
213.141314131413,0
213.201320132013,0
213.261326132613,0
213.321332133213,0
213.381338133813,0
213.441344134413,0
213.501350135013,0
213.561356135614,0
213.621362136214,0
213.681368136814,0
213.741374137414,0
213.801380138014,0
213.861386138614,0
213.921392139214,0
213.981398139814,0
214.041404140414,0
214.101410141014,0
214.161416141614,0
214.221422142214,0
214.281428142814,0
214.341434143414,0
214.401440144014,0
214.461446144614,0
214.521452145215,0
214.581458145815,0
214.641464146415,0
214.701470147015,0
214.761476147615,0
214.821482148215,0
214.881488148815,0
214.941494149415,0
215.001500150015,0
215.061506150615,0
215.121512151215,0
215.181518151815,0
215.241524152415,0
215.301530153015,0
215.361536153615,0
215.421542154215,0
215.481548154815,0
215.541554155416,0
215.601560156016,0
215.661566156616,0
215.721572157216,0
215.781578157816,0
215.841584158416,0
215.901590159016,0
215.961596159616,0
216.021602160216,0
216.081608160816,0
216.141614161416,0
216.201620162016,0
216.261626162616,0
216.321632163216,0
216.381638163816,0
216.441644164416,0
216.501650165016,0
216.561656165617,0
216.621662166217,0
216.681668166817,0
216.741674167417,0
216.801680168017,0
216.861686168617,0
216.921692169217,0
216.981698169817,0
217.041704170417,0
217.101710171017,0
217.161716171617,0
217.221722172217,0
217.281728172817,0
217.341734173417,0
217.401740174017,0
217.461746174617,0
217.521752175218,0
217.581758175818,0
217.641764176418,0
217.701770177018,0
217.761776177618,0
217.821782178218,0
217.881788178818,0
217.941794179418,0
218.001800180018,0
218.061806180618,0
218.121812181218,0
218.181818181818,0
218.241824182418,0
218.301830183018,0
218.361836183618,0
218.421842184218,0
218.481848184818,0
218.541854185419,0
218.601860186019,0
218.661866186619,0
218.721872187219,0
218.781878187819,0
218.841884188419,0
218.901890189019,0
218.961896189619,0
219.021902190219,0
219.081908190819,0
219.141914191419,0
219.201920192019,0
219.261926192619,0
219.321932193219,0
219.381938193819,0
219.441944194419,0
219.50195019502,0
219.56195619562,0
219.62196219622,0
219.68196819682,0
219.74197419742,0
219.80198019802,0
219.86198619862,0
219.92199219922,0
219.98199819982,0
220.04200420042,0
220.10201020102,0
220.16201620162,0
220.22202220222,0
220.28202820282,0
220.34203420342,0
220.40204020402,0
220.46204620462,0
220.522052205221,0
220.582058205821,0
220.642064206421,0
220.702070207021,0
220.762076207621,0
220.822082208221,0
220.882088208821,0
220.942094209421,0
221.002100210021,0
221.062106210621,0
221.122112211221,0
221.182118211821,0
221.242124212421,0
221.302130213021,0
221.362136213621,0
221.422142214221,0
221.482148214821,0
221.542154215422,0
221.602160216022,0
221.662166216622,0
221.722172217222,0
221.782178217822,0
221.842184218422,0
221.902190219022,0
221.962196219622,0
222.022202220222,0
222.082208220822,0
222.142214221422,0
222.202220222022,0
222.262226222622,0
222.322232223222,0
222.382238223822,0
222.442244224422,0
222.502250225022,0
222.562256225623,0
222.622262226223,0
222.682268226823,0
222.742274227423,0
222.802280228023,0
222.862286228623,0
222.922292229223,0
222.982298229823,0
223.042304230423,0
223.102310231023,0
223.162316231623,0
223.222322232223,0
223.282328232823,0
223.342334233423,0
223.402340234023,0
223.462346234623,0
223.522352235224,0
223.582358235824,0
223.642364236424,0
223.702370237024,0
223.762376237624,0
223.822382238224,0
223.882388238824,0
223.942394239424,0
224.002400240024,0
224.062406240624,0
224.122412241224,0
224.182418241824,0
224.242424242424,0
224.302430243024,0
224.362436243624,0
224.422442244224,0
224.482448244824,0
224.542454245425,0
224.602460246025,0
224.662466246625,0
224.722472247225,0
224.782478247825,0
224.842484248425,0
224.902490249025,0
224.962496249625,0
225.022502250225,0
225.082508250825,0
225.142514251425,0
225.202520252025,0
225.262526252625,0
225.322532253225,0
225.382538253825,0
225.442544254425,0
225.502550255026,0
225.562556255626,0
225.622562256226,0
225.682568256826,0
225.742574257426,0
225.802580258026,0
225.862586258626,0
225.922592259226,0
225.982598259826,0
226.042604260426,0
226.102610261026,0
226.162616261626,0
226.222622262226,0
226.282628262826,0
226.342634263426,0
226.402640264026,0
226.462646264626,0
226.522652265227,0
226.582658265827,0
226.642664266427,0
226.702670267027,0
226.762676267627,0
226.822682268227,0
226.882688268827,0
226.942694269427,0
227.002700270027,0
227.062706270627,0
227.122712271227,0
227.182718271827,0
227.242724272427,0
227.302730273027,0
227.362736273627,0
227.422742274227,0
227.482748274827,0
227.542754275428,0
227.602760276028,0
227.662766276628,0
227.722772277228,0
227.782778277828,0
227.842784278428,0
227.902790279028,0
227.962796279628,0
228.022802280228,0
228.082808280828,0
228.142814281428,0
228.202820282028,0
228.262826282628,0
228.322832283228,0
228.382838283828,0
228.442844284428,0
228.502850285029,0
228.562856285629,0
228.622862286229,0
228.682868286829,0
228.742874287429,0
228.802880288029,0
228.862886288629,0
228.922892289229,0
228.982898289829,0
229.042904290429,0
229.102910291029,0
229.162916291629,0
229.222922292229,0
229.282928292829,0
229.342934293429,0
229.402940294029,0
229.462946294629,0
229.52295229523,0
229.58295829583,0
229.64296429643,0
229.70297029703,0
229.76297629763,0
229.82298229823,0
229.88298829883,0
229.94299429943,0
230.00300030003,0
230.06300630063,0
230.12301230123,0
230.18301830183,0
230.24302430243,0
230.30303030303,0
230.36303630363,0
230.42304230423,0
230.48304830483,0
230.543054305431,0
230.603060306031,0
230.663066306631,0
230.723072307231,0
230.783078307831,0
230.843084308431,0
230.903090309031,0
230.963096309631,0
231.023102310231,0
231.083108310831,0
231.143114311431,0
231.203120312031,0
231.263126312631,0
231.323132313231,0
231.383138313831,0
231.443144314431,0
231.503150315032,0
231.563156315632,0
231.623162316232,0
231.683168316832,0
231.743174317432,0
231.803180318032,0
231.863186318632,0
231.923192319232,0
231.983198319832,0
232.043204320432,0
232.103210321032,0
232.163216321632,0
232.223222322232,0
232.283228322832,0
232.343234323432,0
232.403240324032,0
232.463246324632,0
232.523252325233,0
232.583258325833,0
232.643264326433,0
232.703270327033,0
232.763276327633,0
232.823282328233,0
232.883288328833,0
232.943294329433,0
233.003300330033,0
233.063306330633,0
233.123312331233,0
233.183318331833,0
233.243324332433,0
233.303330333033,0
233.363336333633,0
233.423342334233,0
233.483348334833,0
233.543354335434,0
233.603360336034,0
233.663366336634,0
233.723372337234,0
233.783378337834,0
233.843384338434,0
233.903390339034,0
233.963396339634,0
234.023402340234,0
234.083408340834,0
234.143414341434,0
234.203420342034,0
234.263426342634,0
234.323432343234,0
234.383438343834,0
234.443444344434,0
234.503450345035,0
234.563456345635,0
234.623462346235,0
234.683468346835,0
234.743474347435,0
234.803480348035,0
234.863486348635,0
234.923492349235,0
234.983498349835,0
235.043504350435,0
235.103510351035,0
235.163516351635,0
235.223522352235,0
235.283528352835,0
235.343534353435,0
235.403540354035,0
235.463546354635,0
235.523552355236,0
235.583558355836,0
235.643564356436,0
235.703570357036,0
235.763576357636,0
235.823582358236,0
235.883588358836,0
235.943594359436,0
236.003600360036,0
236.063606360636,0
236.123612361236,0
236.183618361836,0
236.243624362436,0
236.303630363036,0
236.363636363636,0
236.423642364236,0
236.483648364836,0
236.543654365437,0
236.603660366037,0
236.663666366637,0
236.723672367237,0
236.783678367837,0
236.843684368437,0
236.903690369037,0
236.963696369637,0
237.023702370237,0
237.083708370837,0
237.143714371437,0
237.203720372037,0
237.263726372637,0
237.323732373237,0
237.383738373837,0
237.443744374437,0
237.503750375037,0
237.563756375638,0
237.623762376238,0
237.683768376838,0
237.743774377438,0
237.803780378038,0
237.863786378638,0
237.923792379238,0
237.983798379838,0
238.043804380438,0
238.103810381038,0
238.163816381638,0
238.223822382238,0
238.283828382838,0
238.343834383438,0
238.403840384038,0
238.463846384638,0
238.523852385239,0
238.583858385839,0
238.643864386439,0
238.703870387039,0
238.763876387639,0
238.823882388239,0
238.883888388839,0
238.943894389439,0
239.003900390039,0
239.063906390639,0
239.123912391239,0
239.183918391839,0
239.243924392439,0
239.303930393039,0
239.363936393639,0
239.423942394239,0
239.48394839484,0
239.54395439544,0
239.60396039604,0
239.66396639664,0
239.72397239724,0
239.78397839784,0
239.84398439844,0
239.90399039904,0
239.96399639964,0
240.02400240024,0
240.08400840084,0
240.14401440144,0
240.20402040204,0
240.26402640264,0
240.32403240324,0
240.38403840384,0
240.44404440444,0
240.504050405041,0
240.564056405641,0
240.624062406241,0
240.684068406841,0
240.744074407441,0
240.804080408041,0
240.864086408641,0
240.924092409241,0
240.984098409841,0
241.044104410441,0
241.104110411041,0
241.164116411641,0
241.224122412241,0
241.284128412841,0
241.344134413441,0
241.404140414041,0
241.464146414641,0
241.524152415242,0
241.584158415842,0
241.644164416442,0
241.704170417042,0
241.764176417642,0
241.824182418242,0
241.884188418842,0
241.944194419442,0
242.004200420042,0
242.064206420642,0
242.124212421242,0
242.184218421842,0
242.244224422442,0
242.304230423042,0
242.364236423642,0
242.424242424242,0
242.484248424842,0
242.544254425443,0
242.604260426043,0
242.664266426643,0
242.724272427243,0
242.784278427843,0
242.844284428443,0
242.904290429043,0
242.964296429643,0
243.024302430243,0
243.084308430843,0
243.144314431443,0
243.204320432043,0
243.264326432643,0
243.324332433243,0
243.384338433843,0
243.444344434443,0
243.504350435044,0
243.564356435644,0
243.624362436244,0
243.684368436844,0
243.744374437444,0
243.804380438044,0
243.864386438644,0
243.924392439244,0
243.984398439844,0
244.044404440444,0
244.104410441044,0
244.164416441644,0
244.224422442244,0
244.284428442844,0
244.344434443444,0
244.404440444044,0
244.464446444644,0
244.524452445245,0
244.584458445845,0
244.644464446445,0
244.704470447045,0
244.764476447645,0
244.824482448245,0
244.884488448845,0
244.944494449445,0
245.004500450045,0
245.064506450645,0
245.124512451245,0
245.184518451845,0
245.244524452445,0
245.304530453045,0
245.364536453645,0
245.424542454245,0
245.484548454845,0
245.544554455446,0
245.604560456046,0
245.664566456646,0
245.724572457246,0
245.784578457846,0
245.844584458446,0
245.904590459046,0
245.964596459646,0
246.024602460246,0
246.084608460846,0
246.144614461446,0
246.204620462046,0
246.264626462646,0
246.324632463246,0
246.384638463846,0
246.444644464446,0
246.504650465046,0
246.564656465647,0
246.624662466247,0
246.684668466847,0
246.744674467447,0
246.804680468047,0
246.864686468647,0
246.924692469247,0
246.984698469847,0
247.044704470447,0
247.104710471047,0
247.164716471647,0
247.224722472247,0
247.284728472847,0
247.344734473447,0
247.404740474047,0
247.464746474647,0
247.524752475248,0
247.584758475848,0
247.644764476448,0
247.704770477048,0
247.764776477648,0
247.824782478248,0
247.884788478848,0
247.944794479448,0
248.004800480048,0
248.064806480648,0
248.124812481248,0
248.184818481848,0
248.244824482448,0
248.304830483048,0
248.364836483648,0
248.424842484248,0
248.484848484848,0
248.544854485449,0
248.604860486049,0
248.664866486649,0
248.724872487249,0
248.784878487849,0
248.844884488449,0
248.904890489049,0
248.964896489649,0
249.024902490249,0
249.084908490849,0
249.144914491449,0
249.204920492049,0
249.264926492649,0
249.324932493249,0
249.384938493849,0
249.444944494449,0
249.50495049505,0
249.56495649565,0
249.62496249625,0
249.68496849685,0
249.74497449745,0
249.80498049805,0
249.86498649865,0
249.92499249925,0
249.98499849985,0
250.04500450045,0
250.10501050105,0
250.16501650165,0
250.22502250225,0
250.28502850285,0
250.34503450345,0
250.40504050405,0
250.46504650465,0
250.525052505251,0
250.585058505851,0
250.645064506451,0
250.705070507051,0
250.765076507651,0
250.825082508251,0
250.885088508851,0
250.945094509451,0
251.005100510051,0
251.065106510651,0
251.125112511251,0
251.185118511851,0
251.245124512451,0
251.305130513051,0
251.365136513651,0
251.425142514251,0
251.485148514851,0
251.545154515452,0
251.605160516052,0
251.665166516652,0
251.725172517252,0
251.785178517852,0
251.845184518452,0
251.905190519052,0
251.965196519652,0
252.025202520252,0
252.085208520852,0
252.145214521452,0
252.205220522052,0
252.265226522652,0
252.325232523252,0
252.385238523852,0
252.445244524452,0
252.505250525053,0
252.565256525653,0
252.625262526253,0
252.685268526853,0
252.745274527453,0
252.805280528053,0
252.865286528653,0
252.925292529253,0
252.985298529853,0
253.045304530453,0
253.105310531053,0
253.165316531653,0
253.225322532253,0
253.285328532853,0
253.345334533453,0
253.405340534053,0
253.465346534653,0
253.525352535254,0
253.585358535854,0
253.645364536454,0
253.705370537054,0
253.765376537654,0
253.825382538254,0
253.885388538854,0
253.945394539454,0
254.005400540054,0
254.065406540654,0
254.125412541254,0
254.185418541854,0
254.245424542454,0
254.305430543054,0
254.365436543654,0
254.425442544254,0
254.485448544854,0
254.545454545455,0
254.605460546055,0
254.665466546655,0
254.725472547255,0
254.785478547855,0
254.845484548455,0
254.905490549055,0
254.965496549655,0
255.025502550255,0
255.085508550855,0
255.145514551455,0
255.205520552055,0
255.265526552655,0
255.325532553255,0
255.385538553855,0
255.445544554455,0
255.505550555055,0
255.565556555656,0
255.625562556256,0
255.685568556856,0
255.745574557456,0
255.805580558056,0
255.865586558656,0
255.925592559256,0
255.985598559856,0
256.045604560456,0
256.105610561056,0
256.165616561656,0
256.225622562256,0
256.285628562856,0
256.345634563456,0
256.405640564056,0
256.465646564656,0
256.525652565257,0
256.585658565857,0
256.645664566457,0
256.705670567057,0
256.765676567657,0
256.825682568257,0
256.885688568857,0
256.945694569457,0
257.005700570057,0
257.065706570657,0
257.125712571257,0
257.185718571857,0
257.245724572457,0
257.305730573057,0
257.365736573657,0
257.425742574257,0
257.485748574857,0
257.545754575458,0
257.605760576058,0
257.665766576658,0
257.725772577258,0
257.785778577858,0
257.845784578458,0
257.905790579058,0
257.965796579658,0
258.025802580258,0
258.085808580858,0
258.145814581458,0
258.205820582058,0
258.265826582658,0
258.325832583258,0
258.385838583858,0
258.445844584458,0
258.505850585059,0
258.565856585659,0
258.625862586259,0
258.685868586859,0
258.745874587459,0
258.805880588059,0
258.865886588659,0
258.925892589259,0
258.985898589859,0
259.045904590459,0
259.105910591059,0
259.165916591659,0
259.225922592259,0
259.285928592859,0
259.345934593459,0
259.405940594059,0
259.465946594659,0
259.52595259526,0
259.58595859586,0
259.64596459646,0
259.70597059706,0
259.76597659766,0
259.82598259826,0
259.88598859886,0
259.94599459946,0
260.00600060006,0
260.06600660066,0
260.12601260126,0
260.18601860186,0
260.24602460246,0
260.30603060306,0
260.36603660366,0
260.42604260426,0
260.48604860486,0
260.546054605461,0
260.606060606061,0
260.666066606661,0
260.726072607261,0
260.786078607861,0
260.846084608461,0
260.906090609061,0
260.966096609661,0
261.026102610261,0
261.086108610861,0
261.146114611461,0
261.206120612061,0
261.266126612661,0
261.326132613261,0
261.386138613861,0
261.446144614461,0
261.506150615062,0
261.566156615662,0
261.626162616262,0
261.686168616862,0
261.746174617462,0
261.806180618062,0
261.866186618662,0
261.926192619262,0
261.986198619862,0
262.046204620462,0
262.106210621062,0
262.166216621662,0
262.226222622262,0
262.286228622862,0
262.346234623462,0
262.406240624062,0
262.466246624662,0
262.526252625263,0
262.586258625863,0
262.646264626463,0
262.706270627063,0
262.766276627663,0
262.826282628263,0
262.886288628863,0
262.946294629463,0
263.006300630063,0
263.066306630663,0
263.126312631263,0
263.186318631863,0
263.246324632463,0
263.306330633063,0
263.366336633663,0
263.426342634263,0
263.486348634863,0
263.546354635464,0
263.606360636064,0
263.666366636664,0
263.726372637264,0
263.786378637864,0
263.846384638464,0
263.906390639064,0
263.966396639664,0
264.026402640264,0
264.086408640864,0
264.146414641464,0
264.206420642064,0
264.266426642664,0
264.326432643264,0
264.386438643864,0
264.446444644464,0
264.506450645064,0
264.566456645665,0
264.626462646265,0
264.686468646865,0
264.746474647465,0
264.806480648065,0
264.866486648665,0
264.926492649265,0
264.986498649865,0
265.046504650465,0
265.106510651065,0
265.166516651665,0
265.226522652265,0
265.286528652865,0
265.346534653465,0
265.406540654065,0
265.466546654665,0
265.526552655266,0
265.586558655866,0
265.646564656466,0
265.706570657066,0
265.766576657666,0
265.826582658266,0
265.886588658866,0
265.946594659466,0
266.006600660066,0
266.066606660666,0
266.126612661266,0
266.186618661866,0
266.246624662466,0
266.306630663066,0
266.366636663666,0
266.426642664266,0
266.486648664866,0
266.546654665467,0
266.606660666067,0
266.666666666667,0
266.726672667267,0
266.786678667867,0
266.846684668467,0
266.906690669067,0
266.966696669667,0
267.026702670267,0
267.086708670867,0
267.146714671467,0
267.206720672067,0
267.266726672667,0
267.326732673267,0
267.386738673867,0
267.446744674467,0
267.506750675068,0
267.566756675668,0
267.626762676268,0
267.686768676868,0
267.746774677468,0
267.806780678068,0
267.866786678668,0
267.926792679268,0
267.986798679868,0
268.046804680468,0
268.106810681068,0
268.166816681668,0
268.226822682268,0
268.286828682868,0
268.346834683468,0
268.406840684068,0
268.466846684668,0
268.526852685269,0
268.586858685869,0
268.646864686469,0
268.706870687069,0
268.766876687669,0
268.826882688269,0
268.886888688869,0
268.946894689469,0
269.006900690069,0
269.066906690669,0
269.126912691269,0
269.186918691869,0
269.246924692469,0
269.306930693069,0
269.366936693669,0
269.426942694269,0
269.48694869487,0
269.54695469547,0
269.60696069607,0
269.66696669667,0
269.72697269727,0
269.78697869787,0
269.84698469847,0
269.90699069907,0
269.96699669967,0
270.02700270027,0
270.08700870087,0
270.14701470147,0
270.20702070207,0
270.26702670267,0
270.32703270327,0
270.38703870387,0
270.44704470447,0
270.507050705071,0
270.567056705671,0
270.627062706271,0
270.687068706871,0
270.747074707471,0
270.807080708071,0
270.867086708671,0
270.927092709271,0
270.987098709871,0
271.047104710471,0
271.107110711071,0
271.167116711671,0
271.227122712271,0
271.287128712871,0
271.347134713471,0
271.407140714071,0
271.467146714671,0
271.527152715272,0
271.587158715872,0
271.647164716472,0
271.707170717072,0
271.767176717672,0
271.827182718272,0
271.887188718872,0
271.947194719472,0
272.007200720072,0
272.067206720672,0
272.127212721272,0
272.187218721872,0
272.247224722472,0
272.307230723072,0
272.367236723672,0
272.427242724272,0
272.487248724872,0
272.547254725473,0
272.607260726073,0
272.667266726673,0
272.727272727273,0
272.787278727873,0
272.847284728473,0
272.907290729073,0
272.967296729673,0
273.027302730273,0
273.087308730873,0
273.147314731473,0
273.207320732073,0
273.267326732673,0
273.327332733273,0
273.387338733873,0
273.447344734473,0
273.507350735073,0
273.567356735674,0
273.627362736274,0
273.687368736874,0
273.747374737474,0
273.807380738074,0
273.867386738674,0
273.927392739274,0
273.987398739874,0
274.047404740474,0
274.107410741074,0
274.167416741674,0
274.227422742274,0
274.287428742874,0
274.347434743474,0
274.407440744074,0
274.467446744674,0
274.527452745275,0
274.587458745875,0
274.647464746475,0
274.707470747075,0
274.767476747675,0
274.827482748275,0
274.887488748875,0
274.947494749475,0
275.007500750075,0
275.067506750675,0
275.127512751275,0
275.187518751875,0
275.247524752475,0
275.307530753075,0
275.367536753675,0
275.427542754275,0
275.487548754875,0
275.547554755476,0
275.607560756076,0
275.667566756676,0
275.727572757276,0
275.787578757876,0
275.847584758476,0
275.907590759076,0
275.967596759676,0
276.027602760276,0
276.087608760876,0
276.147614761476,0
276.207620762076,0
276.267626762676,0
276.327632763276,0
276.387638763876,0
276.447644764476,0
276.507650765077,0
276.567656765677,0
276.627662766277,0
276.687668766877,0
276.747674767477,0
276.807680768077,0
276.867686768677,0
276.927692769277,0
276.987698769877,0
277.047704770477,0
277.107710771077,0
277.167716771677,0
277.227722772277,0
277.287728772877,0
277.347734773477,0
277.407740774077,0
277.467746774677,0
277.527752775278,0
277.587758775878,0
277.647764776478,0
277.707770777078,0
277.767776777678,0
277.827782778278,0
277.887788778878,0
277.947794779478,0
278.007800780078,0
278.067806780678,0
278.127812781278,0
278.187818781878,0
278.247824782478,0
278.307830783078,0
278.367836783678,0
278.427842784278,0
278.487848784878,0
278.547854785479,0
278.607860786079,0
278.667866786679,0
278.727872787279,0
278.787878787879,0
278.847884788479,0
278.907890789079,0
278.967896789679,0
279.027902790279,0
279.087908790879,0
279.147914791479,0
279.207920792079,0
279.267926792679,0
279.327932793279,0
279.387938793879,0
279.447944794479,0
279.50795079508,0
279.56795679568,0
279.62796279628,0
279.68796879688,0
279.74797479748,0
279.80798079808,0
279.86798679868,0
279.92799279928,0
279.98799879988,0
280.04800480048,0
280.10801080108,0
280.16801680168,0
280.22802280228,0
280.28802880288,0
280.34803480348,0
280.40804080408,0
280.46804680468,0
280.528052805281,0
280.588058805881,0
280.648064806481,0
280.708070807081,0
280.768076807681,0
280.828082808281,0
280.888088808881,0
280.948094809481,0
281.008100810081,0
281.068106810681,0
281.128112811281,0
281.188118811881,0
281.248124812481,0
281.308130813081,0
281.368136813681,0
281.428142814281,0
281.488148814881,0
281.548154815482,0
281.608160816082,0
281.668166816682,0
281.728172817282,0
281.788178817882,0
281.848184818482,0
281.908190819082,0
281.968196819682,0
282.028202820282,0
282.088208820882,0
282.148214821482,0
282.208220822082,0
282.268226822682,0
282.328232823282,0
282.388238823882,0
282.448244824482,0
282.508250825083,0
282.568256825683,0
282.628262826283,0
282.688268826883,0
282.748274827483,0
282.808280828083,0
282.868286828683,0
282.928292829283,0
282.988298829883,0
283.048304830483,0
283.108310831083,0
283.168316831683,0
283.228322832283,0
283.288328832883,0
283.348334833483,0
283.408340834083,0
283.468346834683,0
283.528352835283,0
283.588358835884,0
283.648364836484,0
283.708370837084,0
283.768376837684,0
283.828382838284,0
283.888388838884,0
283.948394839484,0
284.008400840084,0
284.068406840684,0
284.128412841284,0
284.188418841884,0
284.248424842484,0
284.308430843084,0
284.368436843684,0
284.428442844284,0
284.488448844884,0
284.548454845485,0
284.608460846085,0
284.668466846685,0
284.728472847285,0
284.788478847885,0
284.848484848485,0
284.908490849085,0
284.968496849685,0
285.028502850285,0
285.088508850885,0
285.148514851485,0
285.208520852085,0
285.268526852685,0
285.328532853285,0
285.388538853885,0
285.448544854485,0
285.508550855086,0
285.568556855686,0
285.628562856286,0
285.688568856886,0
285.748574857486,0
285.808580858086,0
285.868586858686,0
285.928592859286,0
285.988598859886,0
286.048604860486,0
286.108610861086,0
286.168616861686,0
286.228622862286,0
286.288628862886,0
286.348634863486,0
286.408640864086,0
286.468646864686,0
286.528652865287,0
286.588658865887,0
286.648664866487,0
286.708670867087,0
286.768676867687,0
286.828682868287,0
286.888688868887,0
286.948694869487,0
287.008700870087,0
287.068706870687,0
287.128712871287,0
287.188718871887,0
287.248724872487,0
287.308730873087,0
287.368736873687,0
287.428742874287,0
287.488748874888,0
287.548754875488,0
287.608760876088,0
287.668766876688,0
287.728772877288,0
287.788778877888,0
287.848784878488,0
287.908790879088,0
287.968796879688,0
288.028802880288,0
288.088808880888,0
288.148814881488,0
288.208820882088,0
288.268826882688,0
288.328832883288,0
288.388838883888,0
288.448844884488,0
288.508850885089,0
288.568856885689,0
288.628862886289,0
288.688868886889,0
288.748874887489,0
288.808880888089,0
288.868886888689,0
288.928892889289,0
288.988898889889,0
289.048904890489,0
289.108910891089,0
289.168916891689,0
289.228922892289,0
289.288928892889,0
289.348934893489,0
289.408940894089,0
289.468946894689,0
289.52895289529,0
289.58895889589,0
289.64896489649,0
289.70897089709,0
289.76897689769,0
289.82898289829,0
289.88898889889,0
289.94899489949,0
290.00900090009,0
290.06900690069,0
290.12901290129,0
290.18901890189,0
290.24902490249,0
290.30903090309,0
290.36903690369,0
290.42904290429,0
290.489048904891,0
290.549054905491,0
290.609060906091,0
290.669066906691,0
290.729072907291,0
290.789078907891,0
290.849084908491,0
290.909090909091,0
290.969096909691,0
291.029102910291,0
291.089108910891,0
291.149114911491,0
291.209120912091,0
291.269126912691,0
291.329132913291,0
291.389138913891,0
291.449144914491,0
291.509150915091,0
291.569156915692,0
291.629162916292,0
291.689168916892,0
291.749174917492,0
291.809180918092,0
291.869186918692,0
291.929192919292,0
291.989198919892,0
292.049204920492,0
292.109210921092,0
292.169216921692,0
292.229222922292,0
292.289228922892,0
292.349234923492,0
292.409240924092,0
292.469246924692,0
292.529252925293,0
292.589258925893,0
292.649264926493,0
292.709270927093,0
292.769276927693,0
292.829282928293,0
292.889288928893,0
292.949294929493,0
293.009300930093,0
293.069306930693,0
293.129312931293,0
293.189318931893,0
293.249324932493,0
293.309330933093,0
293.369336933693,0
293.429342934293,0
293.489348934893,0
293.549354935494,0
293.609360936094,0
293.669366936694,0
293.729372937294,0
293.789378937894,0
293.849384938494,0
293.909390939094,0
293.969396939694,0
294.029402940294,0
294.089408940894,0
294.149414941494,0
294.209420942094,0
294.269426942694,0
294.329432943294,0
294.389438943894,0
294.449444944494,0
294.509450945094,0
294.569456945695,0
294.629462946295,0
294.689468946895,0
294.749474947495,0
294.809480948095,0
294.869486948695,0
294.929492949295,0
294.989498949895,0
295.049504950495,0
295.109510951095,0
295.169516951695,0
295.229522952295,0
295.289528952895,0
295.349534953495,0
295.409540954095,0
295.469546954695,0
295.529552955296,0
295.589558955896,0
295.649564956496,0
295.709570957096,0
295.769576957696,0
295.829582958296,0
295.889588958896,0
295.949594959496,0
296.009600960096,0
296.069606960696,0
296.129612961296,0
296.189618961896,0
296.249624962496,0
296.309630963096,0
296.369636963696,0
296.429642964296,0
296.489648964897,0
296.549654965497,0
296.609660966097,0
296.669666966697,0
296.729672967297,0
296.789678967897,0
296.849684968497,0
296.909690969097,0
296.969696969697,0
297.029702970297,0
297.089708970897,0
297.149714971497,0
297.209720972097,0
297.269726972697,0
297.329732973297,0
297.389738973897,0
297.449744974497,0
297.509750975098,0
297.569756975698,0
297.629762976298,0
297.689768976898,0
297.749774977498,0
297.809780978098,0
297.869786978698,0
297.929792979298,0
297.989798979898,0
298.049804980498,0
298.109810981098,0
298.169816981698,0
298.229822982298,0
298.289828982898,0
298.349834983498,0
298.409840984098,0
298.469846984698,0
298.529852985299,0
298.589858985899,0
298.649864986499,0
298.709870987099,0
298.769876987699,0
298.829882988299,0
298.889888988899,0
298.949894989499,0
299.009900990099,0
299.069906990699,0
299.129912991299,0
299.189918991899,0
299.249924992499,0
299.309930993099,0
299.369936993699,0
299.429942994299,0
299.489948994899,0
299.5499549955,0
299.6099609961,0
299.6699669967,0
299.7299729973,0
299.7899789979,0
299.8499849985,0
299.9099909991,0
299.9699969997,0
300.0300030003,0
300.0900090009,0
300.1500150015,0
300.2100210021,0
300.2700270027,0
300.3300330033,0
300.3900390039,0
300.4500450045,0
300.510051005101,0
300.570057005701,0
300.630063006301,0
300.690069006901,0
300.750075007501,0
300.810081008101,0
300.870087008701,0
300.930093009301,0
300.990099009901,0
301.050105010501,0
301.110111011101,0
301.170117011701,0
301.230123012301,0
301.290129012901,0
301.350135013501,0
301.410141014101,0
301.470147014701,0
301.530153015301,0
301.590159015902,0
301.650165016502,0
301.710171017102,0
301.770177017702,0
301.830183018302,0
301.890189018902,0
301.950195019502,0
302.010201020102,0
302.070207020702,0
302.130213021302,0
302.190219021902,0
302.250225022502,0
302.310231023102,0
302.370237023702,0
302.430243024302,0
302.490249024902,0
302.550255025503,0
302.610261026103,0
302.670267026703,0
302.730273027303,0
302.790279027903,0
302.850285028503,0
302.910291029103,0
302.970297029703,0
303.030303030303,0
303.090309030903,0
303.150315031503,0
303.210321032103,0
303.270327032703,0
303.330333033303,0
303.390339033903,0
303.450345034503,0
303.510351035103,0
303.570357035704,0
303.630363036304,0
303.690369036904,0
303.750375037504,0
303.810381038104,0
303.870387038704,0
303.930393039304,0
303.990399039904,0
304.050405040504,0
304.110411041104,0
304.170417041704,0
304.230423042304,0
304.290429042904,0
304.350435043504,0
304.410441044104,0
304.470447044704,0
304.530453045305,0
304.590459045905,0
304.650465046505,0
304.710471047105,0
304.770477047705,0
304.830483048305,0
304.890489048905,0
304.950495049505,0
305.010501050105,0
305.070507050705,0
305.130513051305,0
305.190519051905,0
305.250525052505,0
305.310531053105,0
305.370537053705,0
305.430543054305,0
305.490549054906,0
305.550555055506,0
305.610561056106,0
305.670567056706,0
305.730573057306,0
305.790579057906,0
305.850585058506,0
305.910591059106,0
305.970597059706,0
306.030603060306,0
306.090609060906,0
306.150615061506,0
306.210621062106,0
306.270627062706,0
306.330633063306,0
306.390639063906,0
306.450645064506,0
306.510651065107,0
306.570657065707,0
306.630663066307,0
306.690669066907,0
306.750675067507,0
306.810681068107,0
306.870687068707,0
306.930693069307,0
306.990699069907,0
307.050705070507,0
307.110711071107,0
307.170717071707,0
307.230723072307,0
307.290729072907,0
307.350735073507,0
307.410741074107,0
307.470747074707,0
307.530753075308,0
307.590759075908,0
307.650765076508,0
307.710771077108,0
307.770777077708,0
307.830783078308,0
307.890789078908,0
307.950795079508,0
308.010801080108,0
308.070807080708,0
308.130813081308,0
308.190819081908,0
308.250825082508,0
308.310831083108,0
308.370837083708,0
308.430843084308,0
308.490849084909,0
308.550855085509,0
308.610861086109,0
308.670867086709,0
308.730873087309,0
308.790879087909,0
308.850885088509,0
308.910891089109,0
308.970897089709,0
309.030903090309,0
309.090909090909,0
309.150915091509,0
309.210921092109,0
309.270927092709,0
309.330933093309,0
309.390939093909,0
309.450945094509,0
309.510951095109,0
309.57095709571,0
309.63096309631,0
309.69096909691,0
309.75097509751,0
309.81098109811,0
309.87098709871,0
309.93099309931,0
309.99099909991,0
310.05100510051,0
310.11101110111,0
310.17101710171,0
310.23102310231,0
310.29102910291,0
310.35103510351,0
310.41104110411,0
310.47104710471,0
310.531053105311,0
310.591059105911,0
310.651065106511,0
310.711071107111,0
310.771077107711,0
310.831083108311,0
310.891089108911,0
310.951095109511,0
311.011101110111,0
311.071107110711,0
311.131113111311,0
311.191119111911,0
311.251125112511,0
311.311131113111,0
311.371137113711,0
311.431143114311,0
311.491149114911,0
311.551155115512,0
311.611161116112,0
311.671167116712,0
311.731173117312,0
311.791179117912,0
311.851185118512,0
311.911191119112,0
311.971197119712,0
312.031203120312,0
312.091209120912,0
312.151215121512,0
312.211221122112,0
312.271227122712,0
312.331233123312,0
312.391239123912,0
312.451245124512,0
312.511251125112,0
312.571257125713,0
312.631263126313,0
312.691269126913,0
312.751275127513,0
312.811281128113,0
312.871287128713,0
312.931293129313,0
312.991299129913,0
313.051305130513,0
313.111311131113,0
313.171317131713,0
313.231323132313,0
313.291329132913,0
313.351335133513,0
313.411341134113,0
313.471347134713,0
313.531353135314,0
313.591359135914,0
313.651365136514,0
313.711371137114,0
313.771377137714,0
313.831383138314,0
313.891389138914,0
313.951395139514,0
314.011401140114,0
314.071407140714,0
314.131413141314,0
314.191419141914,0
314.251425142514,0
314.311431143114,0
314.371437143714,0
314.431443144314,0
314.491449144914,0
314.551455145515,0
314.611461146115,0
314.671467146715,0
314.731473147315,0
314.791479147915,0
314.851485148515,0
314.911491149115,0
314.971497149715,0
315.031503150315,0
315.091509150915,0
315.151515151515,0
315.211521152115,0
315.271527152715,0
315.331533153315,0
315.391539153915,0
315.451545154515,0
315.511551155116,0
315.571557155716,0
315.631563156316,0
315.691569156916,0
315.751575157516,0
315.811581158116,0
315.871587158716,0
315.931593159316,0
315.991599159916,0
316.051605160516,0
316.111611161116,0
316.171617161716,0
316.231623162316,0
316.291629162916,0
316.351635163516,0
316.411641164116,0
316.471647164717,0
316.531653165317,0
316.591659165917,0
316.651665166517,0
316.711671167117,0
316.771677167717,0
316.831683168317,0
316.891689168917,0
316.951695169517,0
317.011701170117,0
317.071707170717,0
317.131713171317,0
317.191719171917,0
317.251725172517,0
317.311731173117,0
317.371737173717,0
317.431743174317,0
317.491749174917,0
317.551755175518,0
317.611761176118,0
317.671767176718,0
317.731773177318,0
317.791779177918,0
317.851785178518,0
317.911791179118,0
317.971797179718,0
318.031803180318,0
318.091809180918,0
318.151815181518,0
318.211821182118,0
318.271827182718,0
318.331833183318,0
318.391839183918,0
318.451845184518,0
318.511851185119,0
318.571857185719,0
318.631863186319,0
318.691869186919,0
318.751875187519,0
318.811881188119,0
318.871887188719,0
318.931893189319,0
318.991899189919,0
319.051905190519,0
319.111911191119,0
319.171917191719,0
319.231923192319,0
319.291929192919,0
319.351935193519,0
319.411941194119,0
319.471947194719,0
319.53195319532,0
319.59195919592,0
319.65196519652,0
319.71197119712,0
319.77197719772,0
319.83198319832,0
319.89198919892,0
319.95199519952,0
320.01200120012,0
320.07200720072,0
320.13201320132,0
320.19201920192,0
320.25202520252,0
320.31203120312,0
320.37203720372,0
320.43204320432,0
320.49204920492,0
320.552055205521,0
320.612061206121,0
320.672067206721,0
320.732073207321,0
320.792079207921,0
320.852085208521,0
320.912091209121,0
320.972097209721,0
321.032103210321,0
321.092109210921,0
321.152115211521,0
321.212121212121,0
321.272127212721,0
321.332133213321,0
321.392139213921,0
321.452145214521,0
321.512151215121,0
321.572157215722,0
321.632163216322,0
321.692169216922,0
321.752175217522,0
321.812181218122,0
321.872187218722,0
321.932193219322,0
321.992199219922,0
322.052205220522,0
322.112211221122,0
322.172217221722,0
322.232223222322,0
322.292229222922,0
322.352235223522,0
322.412241224122,0
322.472247224722,0
322.532253225323,0
322.592259225923,0
322.652265226523,0
322.712271227123,0
322.772277227723,0
322.832283228323,0
322.892289228923,0
322.952295229523,0
323.012301230123,0
323.072307230723,0
323.132313231323,0
323.192319231923,0
323.252325232523,0
323.312331233123,0
323.372337233723,0
323.432343234323,0
323.492349234923,0
323.552355235524,0
323.612361236124,0
323.672367236724,0
323.732373237324,0
323.792379237924,0
323.852385238524,0
323.912391239124,0
323.972397239724,0
324.032403240324,0
324.092409240924,0
324.152415241524,0
324.212421242124,0
324.272427242724,0
324.332433243324,0
324.392439243924,0
324.452445244524,0
324.512451245125,0
324.572457245725,0
324.632463246325,0
324.692469246925,0
324.752475247525,0
324.812481248125,0
324.872487248725,0
324.932493249325,0
324.992499249925,0
325.052505250525,0
325.112511251125,0
325.172517251725,0
325.232523252325,0
325.292529252925,0
325.352535253525,0
325.412541254125,0
325.472547254725,0
325.532553255326,0
325.592559255926,0
325.652565256526,0
325.712571257126,0
325.772577257726,0
325.832583258326,0
325.892589258926,0
325.952595259526,0
326.012601260126,0
326.072607260726,0
326.132613261326,0
326.192619261926,0
326.252625262526,0
326.312631263126,0
326.372637263726,0
326.432643264326,0
326.492649264927,0
326.552655265527,0
326.612661266127,0
326.672667266727,0
326.732673267327,0
326.792679267927,0
326.852685268527,0
326.912691269127,0
326.972697269727,0
327.032703270327,0
327.092709270927,0
327.152715271527,0
327.212721272127,0
327.272727272727,0
327.332733273327,0
327.392739273927,0
327.452745274527,0
327.512751275128,0
327.572757275728,0
327.632763276328,0
327.692769276928,0
327.752775277528,0
327.812781278128,0
327.872787278728,0
327.932793279328,0
327.992799279928,0
328.052805280528,0
328.112811281128,0
328.172817281728,0
328.232823282328,0
328.292829282928,0
328.352835283528,0
328.412841284128,0
328.472847284728,0
328.532853285329,0
328.592859285929,0
328.652865286529,0
328.712871287129,0
328.772877287729,0
328.832883288329,0
328.892889288929,0
328.952895289529,0
329.012901290129,0
329.072907290729,0
329.132913291329,0
329.192919291929,0
329.252925292529,0
329.312931293129,0
329.372937293729,0
329.432943294329,0
329.49294929493,0
329.55295529553,0
329.61296129613,0
329.67296729673,0
329.73297329733,0
329.79297929793,0
329.85298529853,0
329.91299129913,0
329.97299729973,0
330.03300330033,0
330.09300930093,0
330.15301530153,0
330.21302130213,0
330.27302730273,0
330.33303330333,0
330.39303930393,0
330.45304530453,0
330.51305130513,0
330.573057305731,0
330.633063306331,0
330.693069306931,0
330.753075307531,0
330.813081308131,0
330.873087308731,0
330.933093309331,0
330.993099309931,0
331.053105310531,0
331.113111311131,0
331.173117311731,0
331.233123312331,0
331.293129312931,0
331.353135313531,0
331.413141314131,0
331.473147314731,0
331.533153315332,0
331.593159315932,0
331.653165316532,0
331.713171317132,0
331.773177317732,0
331.833183318332,0
331.893189318932,0
331.953195319532,0
332.013201320132,0
332.073207320732,0
332.133213321332,0
332.193219321932,0
332.253225322532,0
332.313231323132,0
332.373237323732,0
332.433243324332,0
332.493249324932,0
332.553255325533,0
332.613261326133,0
332.673267326733,0
332.733273327333,0
332.793279327933,0
332.853285328533,0
332.913291329133,0
332.973297329733,0
333.033303330333,0
333.093309330933,0
333.153315331533,0
333.213321332133,0
333.273327332733,0
333.333333333333,0
333.393339333933,0
333.453345334533,0
333.513351335134,0
333.573357335734,0
333.633363336334,0
333.693369336934,0
333.753375337534,0
333.813381338134,0
333.873387338734,0
333.933393339334,0
333.993399339934,0
334.053405340534,0
334.113411341134,0
334.173417341734,0
334.233423342334,0
334.293429342934,0
334.353435343534,0
334.413441344134,0
334.473447344734,0
334.533453345335,0
334.593459345935,0
334.653465346535,0
334.713471347135,0
334.773477347735,0
334.833483348335,0
334.893489348935,0
334.953495349535,0
335.013501350135,0
335.073507350735,0
335.133513351335,0
335.193519351935,0
335.253525352535,0
335.313531353135,0
335.373537353735,0
335.433543354335,0
335.493549354935,0
335.553555355536,0
335.613561356136,0
335.673567356736,0
335.733573357336,0
335.793579357936,0
335.853585358536,0
335.913591359136,0
335.973597359736,0
336.033603360336,0
336.093609360936,0
336.153615361536,0
336.213621362136,0
336.273627362736,0
336.333633363336,0
336.393639363936,0
336.453645364536,0
336.513651365137,0
336.573657365737,0
336.633663366337,0
336.693669366937,0
336.753675367537,0
336.813681368137,0
336.873687368737,0
336.933693369337,0
336.993699369937,0
337.053705370537,0
337.113711371137,0
337.173717371737,0
337.233723372337,0
337.293729372937,0
337.353735373537,0
337.413741374137,0
337.473747374738,0
337.533753375338,0
337.593759375938,0
337.653765376538,0
337.713771377138,0
337.773777377738,0
337.833783378338,0
337.893789378938,0
337.953795379538,0
338.013801380138,0
338.073807380738,0
338.133813381338,0
338.193819381938,0
338.253825382538,0
338.313831383138,0
338.373837383738,0
338.433843384338,0
338.493849384938,0
338.553855385539,0
338.613861386139,0
338.673867386739,0
338.733873387339,0
338.793879387939,0
338.853885388539,0
338.913891389139,0
338.973897389739,0
339.033903390339,0
339.093909390939,0
339.153915391539,0
339.213921392139,0
339.273927392739,0
339.333933393339,0
339.393939393939,0
339.453945394539,0
339.51395139514,0
339.57395739574,0
339.63396339634,0
339.69396939694,0
339.75397539754,0
339.81398139814,0
339.87398739874,0
339.93399339934,0
339.99399939994,0
340.05400540054,0
340.11401140114,0
340.17401740174,0
340.23402340234,0
340.29402940294,0
340.35403540354,0
340.41404140414,0
340.47404740474,0
340.534053405341,0
340.594059405941,0
340.654065406541,0
340.714071407141,0
340.774077407741,0
340.834083408341,0
340.894089408941,0
340.954095409541,0
341.014101410141,0
341.074107410741,0
341.134113411341,0
341.194119411941,0
341.254125412541,0
341.314131413141,0
341.374137413741,0
341.434143414341,0
341.494149414941,0
341.554155415542,0
341.614161416142,0
341.674167416742,0
341.734173417342,0
341.794179417942,0
341.854185418542,0
341.914191419142,0
341.974197419742,0
342.034203420342,0
342.094209420942,0
342.154215421542,0
342.214221422142,0
342.274227422742,0
342.334233423342,0
342.394239423942,0
342.454245424542,0
342.514251425143,0
342.574257425743,0
342.634263426343,0
342.694269426943,0
342.754275427543,0
342.814281428143,0
342.874287428743,0
342.934293429343,0
342.994299429943,0
343.054305430543,0
343.114311431143,0
343.174317431743,0
343.234323432343,0
343.294329432943,0
343.354335433543,0
343.414341434143,0
343.474347434743,0
343.534353435344,0
343.594359435944,0
343.654365436544,0
343.714371437144,0
343.774377437744,0
343.834383438344,0
343.894389438944,0
343.954395439544,0
344.014401440144,0
344.074407440744,0
344.134413441344,0
344.194419441944,0
344.254425442544,0
344.314431443144,0
344.374437443744,0
344.434443444344,0
344.494449444945,0
344.554455445545,0
344.614461446145,0
344.674467446745,0
344.734473447345,0
344.794479447945,0
344.854485448545,0
344.914491449145,0
344.974497449745,0
345.034503450345,0
345.094509450945,0
345.154515451545,0
345.214521452145,0
345.274527452745,0
345.334533453345,0
345.394539453945,0
345.454545454545,0
345.514551455146,0
345.574557455746,0
345.634563456346,0
345.694569456946,0
345.754575457546,0
345.814581458146,0
345.874587458746,0
345.934593459346,0
345.994599459946,0
346.054605460546,0
346.114611461146,0
346.174617461746,0
346.234623462346,0
346.294629462946,0
346.354635463546,0
346.414641464146,0
346.474647464746,0
346.534653465347,0
346.594659465947,0
346.654665466547,0
346.714671467147,0
346.774677467747,0
346.834683468347,0
346.894689468947,0
346.954695469547,0
347.014701470147,0
347.074707470747,0
347.134713471347,0
347.194719471947,0
347.254725472547,0
347.314731473147,0
347.374737473747,0
347.434743474347,0
347.494749474948,0
347.554755475548,0
347.614761476148,0
347.674767476748,0
347.734773477348,0
347.794779477948,0
347.854785478548,0
347.914791479148,0
347.974797479748,0
348.034803480348,0
348.094809480948,0
348.154815481548,0
348.214821482148,0
348.274827482748,0
348.334833483348,0
348.394839483948,0
348.454845484548,0
348.514851485148,0
348.574857485749,0
348.634863486349,0
348.694869486949,0
348.754875487549,0
348.814881488149,0
348.874887488749,0
348.934893489349,0
348.994899489949,0
349.054905490549,0
349.114911491149,0
349.174917491749,0
349.234923492349,0
349.294929492949,0
349.354935493549,0
349.414941494149,0
349.474947494749,0
349.53495349535,0
349.59495949595,0
349.65496549655,0
349.71497149715,0
349.77497749775,0
349.83498349835,0
349.89498949895,0
349.95499549955,0
350.01500150015,0
350.07500750075,0
350.13501350135,0
350.19501950195,0
350.25502550255,0
350.31503150315,0
350.37503750375,0
350.43504350435,0
350.49504950495,0
350.555055505551,0
350.615061506151,0
350.675067506751,0
350.735073507351,0
350.795079507951,0
350.855085508551,0
350.915091509151,0
350.975097509751,0
351.035103510351,0
351.095109510951,0
351.155115511551,0
351.215121512151,0
351.275127512751,0
351.335133513351,0
351.395139513951,0
351.455145514551,0
351.515151515152,0
351.575157515752,0
351.635163516352,0
351.695169516952,0
351.755175517552,0
351.815181518152,0
351.875187518752,0
351.935193519352,0
351.995199519952,0
352.055205520552,0
352.115211521152,0
352.175217521752,0
352.235223522352,0
352.295229522952,0
352.355235523552,0
352.415241524152,0
352.475247524752,0
352.535253525353,0
352.595259525953,0
352.655265526553,0
352.715271527153,0
352.775277527753,0
352.835283528353,0
352.895289528953,0
352.955295529553,0
353.015301530153,0
353.075307530753,0
353.135313531353,0
353.195319531953,0
353.255325532553,0
353.315331533153,0
353.375337533753,0
353.435343534353,0
353.495349534954,0
353.555355535554,0
353.615361536154,0
353.675367536754,0
353.735373537354,0
353.795379537954,0
353.855385538554,0
353.915391539154,0
353.975397539754,0
354.035403540354,0
354.095409540954,0
354.155415541554,0
354.215421542154,0
354.275427542754,0
354.335433543354,0
354.395439543954,0
354.455445544554,0
354.515451545155,0
354.575457545755,0
354.635463546355,0
354.695469546955,0
354.755475547555,0
354.815481548155,0
354.875487548755,0
354.935493549355,0
354.995499549955,0
355.055505550555,0
355.115511551155,0
355.175517551755,0
355.235523552355,0
355.295529552955,0
355.355535553555,0
355.415541554155,0
355.475547554756,0
355.535553555356,0
355.595559555956,0
355.655565556556,0
355.715571557156,0
355.775577557756,0
355.835583558356,0
355.895589558956,0
355.955595559556,0
356.015601560156,0
356.075607560756,0
356.135613561356,0
356.195619561956,0
356.255625562556,0
356.315631563156,0
356.375637563756,0
356.435643564356,0
356.495649564956,0
356.555655565557,0
356.615661566157,0
356.675667566757,0
356.735673567357,0
356.795679567957,0
356.855685568557,0
356.915691569157,0
356.975697569757,0
357.035703570357,0
357.095709570957,0
357.155715571557,0
357.215721572157,0
357.275727572757,0
357.335733573357,0
357.395739573957,0
357.455745574557,0
357.515751575158,0
357.575757575758,0
357.635763576358,0
357.695769576958,0
357.755775577558,0
357.815781578158,0
357.875787578758,0
357.935793579358,0
357.995799579958,0
358.055805580558,0
358.115811581158,0
358.175817581758,0
358.235823582358,0
358.295829582958,0
358.355835583558,0
358.415841584158,0
358.475847584758,0
358.535853585358,0
358.595859585959,0
358.655865586559,0
358.715871587159,0
358.775877587759,0
358.835883588359,0
358.895889588959,0
358.955895589559,0
359.015901590159,0
359.075907590759,0
359.135913591359,0
359.195919591959,0
359.255925592559,0
359.315931593159,0
359.375937593759,0
359.435943594359,0
359.495949594959,0
359.55595559556,0
359.61596159616,0
359.67596759676,0
359.73597359736,0
359.79597959796,0
359.85598559856,0
359.91599159916,0
359.97599759976,0
360.03600360036,0
360.09600960096,0
360.15601560156,0
360.21602160216,0
360.27602760276,0
360.33603360336,0
360.39603960396,0
360.45604560456,0
360.516051605161,0
360.576057605761,0
360.636063606361,0
360.696069606961,0
360.756075607561,0
360.816081608161,0
360.876087608761,0
360.936093609361,0
360.996099609961,0
361.056105610561,0
361.116111611161,0
361.176117611761,0
361.236123612361,0
361.296129612961,0
361.356135613561,0
361.416141614161,0
361.476147614761,0
361.536153615362,0
361.596159615962,0
361.656165616562,0
361.716171617162,0
361.776177617762,0
361.836183618362,0
361.896189618962,0
361.956195619562,0
362.016201620162,0
362.076207620762,0
362.136213621362,0
362.196219621962,0
362.256225622562,0
362.316231623162,0
362.376237623762,0
362.436243624362,0
362.496249624963,0
362.556255625563,0
362.616261626163,0
362.676267626763,0
362.736273627363,0
362.796279627963,0
362.856285628563,0
362.916291629163,0
362.976297629763,0
363.036303630363,0
363.096309630963,0
363.156315631563,0
363.216321632163,0
363.276327632763,0
363.336333633363,0
363.396339633963,0
363.456345634563,0
363.516351635164,0
363.576357635764,0
363.636363636364,0
363.696369636964,0
363.756375637564,0
363.816381638164,0
363.876387638764,0
363.936393639364,0
363.996399639964,0
364.056405640564,0
364.116411641164,0
364.176417641764,0
364.236423642364,0
364.296429642964,0
364.356435643564,0
364.416441644164,0
364.476447644764,0
364.536453645365,0
364.596459645965,0
364.656465646565,0
364.716471647165,0
364.776477647765,0
364.836483648365,0
364.896489648965,0
364.956495649565,0
365.016501650165,0
365.076507650765,0
365.136513651365,0
365.196519651965,0
365.256525652565,0
365.316531653165,0
365.376537653765,0
365.436543654365,0
365.496549654966,0
365.556555655566,0
365.616561656166,0
365.676567656766,0
365.736573657366,0
365.796579657966,0
365.856585658566,0
365.916591659166,0
365.976597659766,0
366.036603660366,0
366.096609660966,0
366.156615661566,0
366.216621662166,0
366.276627662766,0
366.336633663366,0
366.396639663966,0
366.456645664566,0
366.516651665166,0
366.576657665767,0
366.636663666367,0
366.696669666967,0
366.756675667567,0
366.816681668167,0
366.876687668767,0
366.936693669367,0
366.996699669967,0
367.056705670567,0
367.116711671167,0
367.176717671767,0
367.236723672367,0
367.296729672967,0
367.356735673567,0
367.416741674167,0
367.476747674767,0
367.536753675368,0
367.596759675968,0
367.656765676568,0
367.716771677168,0
367.776777677768,0
367.836783678368,0
367.896789678968,0
367.956795679568,0
368.016801680168,0
368.076807680768,0
368.136813681368,0
368.196819681968,0
368.256825682568,0
368.316831683168,0
368.376837683768,0
368.436843684368,0
368.496849684968,0
368.556855685569,0
368.616861686169,0
368.676867686769,0
368.736873687369,0
368.796879687969,0
368.856885688569,0
368.916891689169,0
368.976897689769,0
369.036903690369,0
369.096909690969,0
369.156915691569,0
369.216921692169,0
369.276927692769,0
369.336933693369,0
369.396939693969,0
369.456945694569,0
369.516951695169,0
369.57695769577,0
369.63696369637,0
369.69696969697,0
369.75697569757,0
369.81698169817,0
369.87698769877,0
369.93699369937,0
369.99699969997,0
370.05700570057,0
370.11701170117,0
370.17701770177,0
370.23702370237,0
370.29702970297,0
370.35703570357,0
370.41704170417,0
370.47704770477,0
370.537053705371,0
370.597059705971,0
370.657065706571,0
370.717071707171,0
370.777077707771,0
370.837083708371,0
370.897089708971,0
370.957095709571,0
371.017101710171,0
371.077107710771,0
371.137113711371,0
371.197119711971,0
371.257125712571,0
371.317131713171,0
371.377137713771,0
371.437143714371,0
371.497149714971,0
371.557155715572,0
371.617161716172,0
371.677167716772,0
371.737173717372,0
371.797179717972,0
371.857185718572,0
371.917191719172,0
371.977197719772,0
372.037203720372,0
372.097209720972,0
372.157215721572,0
372.217221722172,0
372.277227722772,0
372.337233723372,0
372.397239723972,0
372.457245724572,0
372.517251725173,0
372.577257725773,0
372.637263726373,0
372.697269726973,0
372.757275727573,0
372.817281728173,0
372.877287728773,0
372.937293729373,0
372.997299729973,0
373.057305730573,0
373.117311731173,0
373.177317731773,0
373.237323732373,0
373.297329732973,0
373.357335733573,0
373.417341734173,0
373.477347734774,0
373.537353735374,0
373.597359735974,0
373.657365736574,0
373.717371737174,0
373.777377737774,0
373.837383738374,0
373.897389738974,0
373.957395739574,0
374.017401740174,0
374.077407740774,0
374.137413741374,0
374.197419741974,0
374.257425742574,0
374.317431743174,0
374.377437743774,0
374.437443744374,0
374.497449744974,0
374.557455745575,0
374.617461746175,0
374.677467746775,0
374.737473747375,0
374.797479747975,0
374.857485748575,0
374.917491749175,0
374.977497749775,0
375.037503750375,0
375.097509750975,0
375.157515751575,0
375.217521752175,0
375.277527752775,0
375.337533753375,0
375.397539753975,0
375.457545754575,0
375.517551755176,0
375.577557755776,0
375.637563756376,0
375.697569756976,0
375.757575757576,0
375.817581758176,0
375.877587758776,0
375.937593759376,0
375.997599759976,0
376.057605760576,0
376.117611761176,0
376.177617761776,0
376.237623762376,0
376.297629762976,0
376.357635763576,0
376.417641764176,0
376.477647764776,0
376.537653765377,0
376.597659765977,0
376.657665766577,0
376.717671767177,0
376.777677767777,0
376.837683768377,0
376.897689768977,0
376.957695769577,0
377.017701770177,0
377.077707770777,0
377.137713771377,0
377.197719771977,0
377.257725772577,0
377.317731773177,0
377.377737773777,0
377.437743774377,0
377.497749774977,0
377.557755775578,0
377.617761776178,0
377.677767776778,0
377.737773777378,0
377.797779777978,0
377.857785778578,0
377.917791779178,0
377.977797779778,0
378.037803780378,0
378.097809780978,0
378.157815781578,0
378.217821782178,0
378.277827782778,0
378.337833783378,0
378.397839783978,0
378.457845784578,0
378.517851785179,0
378.577857785779,0
378.637863786379,0
378.697869786979,0
378.757875787579,0
378.817881788179,0
378.877887788779,0
378.937893789379,0
378.997899789979,0
379.057905790579,0
379.117911791179,0
379.177917791779,0
379.237923792379,0
379.297929792979,0
379.357935793579,0
379.417941794179,0
379.477947794779,0
379.53795379538,0
379.59795979598,0
379.65796579658,0
379.71797179718,0
379.77797779778,0
379.83798379838,0
379.89798979898,0
379.95799579958,0
380.01800180018,0.000667219492051511
380.07800780078,0.000675640276153224
380.13801380138,0.00068406106025493
380.19801980198,0.000692481844356643
380.25802580258,0.000700902628458357
380.31803180318,0.000709323412560062
380.37803780378,0.000717744196661775
380.43804380438,0.000726164980763481
380.49804980498,0.000734585764865194
380.558055805581,0.000743006548966908
380.618061806181,0.000751427333068613
380.678067806781,0.000759848117170326
380.738073807381,0.000768268901272032
380.798079807981,0.000776689685373745
380.858085808581,0.000785110469475459
380.918091809181,0.000793531253577164
380.978097809781,0.000801952037678878
381.038103810381,0.000811501740167606
381.098109810981,0.000821700348500853
381.158115811581,0.0008318989568341
381.218121812181,0.000842097565167338
381.278127812781,0.000852296173500576
381.338133813381,0.000862494781833823
381.398139813981,0.00087269339016707
381.458145814581,0.000882891998500317
381.518151815182,0.000893090606833555
381.578157815782,0.000903289215166793
381.638163816382,0.00091348782350004
381.698169816982,0.000923686431833287
381.758175817582,0.000933885040166534
381.818181818182,0.000944083648499772
381.878187818782,0.000954282256833009
381.938193819382,0.000964480865166257
381.998199819982,0.000974679473499504
382.058205820582,0.00098696665081935
382.118211821182,0.000999318423056294
382.178217821782,0.00101167019529324
382.238223822382,0.0010240219675302
382.298229822982,0.00103637373976715
382.358235823582,0.00104872551200411
382.418241824182,0.00106107728424105
382.478247824782,0.001073429056478
382.538253825383,0.00108578082871495
382.598259825983,0.00109813260095191
382.658265826583,0.00111048437318887
382.718271827183,0.00112283614542581
382.778277827783,0.00113518791766276
382.838283828383,0.00114753968989971
382.898289828983,0.00115989146213667
382.958295829583,0.00117224323437363
383.018301830183,0.0011853903691936
383.078307830783,0.0012003498876044
383.138313831383,0.00121530940601521
383.198319831983,0.00123026892442602
383.258325832583,0.00124522844283683
383.318331833183,0.00126018796124763
383.378337833783,0.00127514747965843
383.438343834383,0.00129010699806924
383.498349834984,0.00130506651648006
383.558355835584,0.00132002603489087
383.618361836184,0.00133498555330167
383.678367836784,0.00134994507171247
383.738373837384,0.00136490459012328
383.798379837984,0.00137986410853409
383.858385838584,0.00139482362694489
383.918391839184,0.0014097831453557
383.978397839784,0.0014247426637665
384.038403840384,0.00144172349469312
384.098409840984,0.00145984131390987
384.158415841584,0.00147795913312661
384.218421842184,0.00149607695234336
384.278427842784,0.0015141947715601
384.338433843384,0.00153231259077686
384.398439843984,0.00155043040999361
384.458445844584,0.00156854822921035
384.518451845185,0.0015866660484271
384.578457845785,0.00160478386764384
384.638463846385,0.0016229016868606
384.698469846985,0.00164101950607735
384.758475847585,0.00165913732529409
384.818481848185,0.00167725514451084
384.878487848785,0.00169537296372758
384.938493849385,0.00171349078294433
384.998499849985,0.00173160860216109
385.058505850585,0.00175345588364967
385.118511851185,0.00177539879237599
385.178517851785,0.00179734170110233
385.238523852385,0.00181928460982867
385.298529852985,0.001841227518555
385.358535853585,0.00186317042728132
385.418541854185,0.00188511333600764
385.478547854785,0.00190705624473398
385.538553855386,0.00192899915346032
385.598559855986,0.00195094206218666
385.658565856586,0.00197288497091298
385.718571857186,0.00199482787963929
385.778577857786,0.00201677078836563
385.838583858386,0.00203871369709197
385.898589858986,0.00206065660581831
385.958595859586,0.00208259951454463
386.018601860186,0.0021059785452574
386.078607860786,0.00213255410555295
386.138613861386,0.00215912966584849
386.198619861986,0.00218570522614404
386.258625862586,0.00221228078643956
386.318631863186,0.00223885634673508
386.378637863786,0.00226543190703062
386.438643864386,0.00229200746732617
386.498649864987,0.00231858302762172
386.558655865587,0.00234515858791724
386.618661866187,0.00237173414821276
386.678667866787,0.0023983097085083
386.738673867387,0.00242488526880385
386.798679867987,0.00245146082909939
386.858685868587,0.00247803638939491
386.918691869187,0.00250461194969044
386.978697869787,0.00253118750998598
387.038703870387,0.00256138197621327
387.098709870987,0.00259356824337973
387.158715871587,0.00262575451054616
387.218721872187,0.0026579407777126
387.278727872787,0.00269012704487906
387.338733873387,0.00272231331204552
387.398739873987,0.00275449957921199
387.458745874587,0.00278668584637842
387.518751875187,0.00281887211354485
387.578757875788,0.00285105838071131
387.638763876388,0.00288324464787778
387.698769876988,0.00291543091504421
387.758775877588,0.00294761718221067
387.818781878188,0.00297980344937711
387.878787878788,0.00301198971654357
387.938793879388,0.00304417598371003
387.998799879988,0.00307636225087646
388.058805880588,0.00311520786259865
388.118811881188,0.00315418937931173
388.178817881788,0.00319317089602485
388.238823882388,0.00323215241273797
388.298829882988,0.00327113392945106
388.358835883588,0.00331011544616418
388.418841884188,0.00334909696287726
388.478847884788,0.00338807847959038
388.538853885389,0.0034270599963035
388.598859885989,0.00346604151301658
388.658865886589,0.0035050230297297
388.718871887189,0.00354400454644279
388.778877887789,0.00358298606315591
388.838883888389,0.00362196757986903
388.898889888989,0.00366094909658211
388.958895889589,0.0036999306132952
389.018901890189,0.00374150453983465
389.078907890789,0.00378871592901234
389.138913891389,0.00383592731819003
389.198919891989,0.00388313870736768
389.258925892589,0.00393035009654532
389.318931893189,0.00397756148572301
389.378937893789,0.0040247728749007
389.438943894389,0.00407198426407839
389.498949894989,0.00411919565325604
389.55895589559,0.00416640704243368
389.61896189619,0.00421361843161137
389.67896789679,0.00426082982078906
389.73897389739,0.00430804120996675
389.79897989799,0.0043552525991444
389.85898589859,0.00440246398832204
389.91899189919,0.00444967537749973
389.97899789979,0.00449688676667742
390.03900390039,0.00455057694718694
390.09900990099,0.0046077557076443
390.15901590159,0.00466493446810166
390.21902190219,0.00472211322855908
390.27902790279,0.0047792919890165
390.33903390339,0.00483647074947392
390.39903990399,0.00489364950993128
390.45904590459,0.00495082827038865
390.519051905191,0.00500800703084606
390.579057905791,0.00506518579130348
390.639063906391,0.0051223645517609
390.699069906991,0.00517954331221826
390.759075907591,0.00523672207267563
390.819081908191,0.00529390083313304
390.879087908791,0.00535107959359046
390.939093909391,0.00540825835404788
390.999099909991,0.00546543711450524
391.059105910591,0.00553450648669169
391.119111911191,0.00560375693418373
391.179117911791,0.00567300738167576
391.239123912391,0.00574225782916779
391.299129912991,0.00581150827665976
391.359135913591,0.00588075872415173
391.419141914191,0.00595000917164376
391.479147914791,0.0060192596191358
391.539153915392,0.00608851006662777
391.599159915992,0.0061577605141198
391.659165916592,0.00622701096161177
391.719171917192,0.0062962614091038
391.779177917792,0.00636551185659584
391.839183918392,0.0064347623040878
391.899189918992,0.00650401275157984
391.959195919592,0.00657326319907181
392.019201920192,0.0066471921293594
392.079207920792,0.00673106283558757
392.139213921392,0.00681493354181566
392.199219921992,0.00689880424804383
392.259225922592,0.00698267495427192
392.319231923192,0.00706654566050009
392.379237923792,0.00715041636672826
392.439243924392,0.00723428707295635
392.499249924993,0.00731815777918452
392.559255925593,0.00740202848541261
392.619261926193,0.00748589919164078
392.679267926793,0.00756976989786894
392.739273927393,0.00765364060409703
392.799279927993,0.00773751131032512
392.859285928593,0.00782138201655329
392.919291929193,0.00790525272278146
392.979297929793,0.00798912342900963
393.039303930393,0.00808459213665643
393.099309930993,0.0081861697152795
393.159315931593,0.00828774729390266
393.219321932193,0.00838932487252581
393.279327932793,0.00849090245114897
393.339333933393,0.00859248002977204
393.399339933993,0.0086940576083951
393.459345934593,0.00879563518701826
393.519351935194,0.00889721276564142
393.579357935794,0.00899879034426458
393.639363936394,0.00910036792288764
393.699369936994,0.0092019455015107
393.759375937594,0.00930352308013386
393.819381938194,0.00940510065875702
393.879387938794,0.00950667823738018
393.939393939394,0.00960825581600325
393.999399939994,0.00970983339462631
394.059405940594,0.00983264163337423
394.119411941194,0.00995566432323454
394.179417941794,0.0100786870130948
394.239423942394,0.010201709702955
394.299429942994,0.0103247323928152
394.359435943594,0.0104477550826755
394.419441944194,0.0105707777725358
394.479447944795,0.0106938004623961
394.539453945395,0.0108168231522563
394.599459945995,0.0109398458421165
394.659465946595,0.0110628685319768
394.719471947195,0.0111858912218371
394.779477947795,0.0113089139116974
394.839483948395,0.0114319366015576
394.899489948995,0.0115549592914178
394.959495949595,0.0116779819812781
395.019501950195,0.0118094457446422
395.079507950795,0.0119584409683603
395.139513951395,0.0121074361920783
395.199519951995,0.0122564314157962
395.259525952595,0.0124054266395143
395.319531953195,0.0125544218632324
395.379537953795,0.0127034170869503
395.439543954395,0.0128524123106684
395.499549954995,0.0130014075343864
395.559555955596,0.0131504027581045
395.619561956196,0.0132993979818226
395.679567956796,0.0134483932055405
395.739573957396,0.0135973884292586
395.799579957996,0.0137463836529766
395.859585958596,0.0138953788766947
395.919591959196,0.0140443741004128
395.979597959796,0.0141933693241307
396.039603960396,0.0143631253321427
396.099609960996,0.0145435762896393
396.159615961596,0.0147240272471361
396.219621962196,0.0149044782046329
396.279627962796,0.0150849291621295
396.339633963396,0.0152653801196262
396.399639963996,0.0154458310771228
396.459645964596,0.0156262820346196
396.519651965197,0.0158067329921163
396.579657965797,0.0159871839496129
396.639663966397,0.0161676349071095
396.699669966997,0.0163480858646063
396.759675967597,0.0165285368221031
396.819681968197,0.0167089877795998
396.879687968797,0.0168894387370964
396.939693969397,0.017069889694593
396.999699969997,0.0172503406520898
397.059705970597,0.0174686975934225
397.119711971197,0.0176872450170862
397.179717971797,0.0179057924407496
397.239723972397,0.018124339864413
397.299729972997,0.0183428872880767
397.359735973597,0.0185614347117403
397.419741974197,0.0187799821354039
397.479747974797,0.0189985295590673
397.539753975398,0.0192170769827308
397.599759975998,0.0194356244063944
397.659765976598,0.019654171830058
397.719771977198,0.0198727192537217
397.779777977798,0.0200912666773851
397.839783978398,0.0203098141010485
397.899789978998,0.0205283615247121
397.959795979598,0.0207469089483758
398.019801980198,0.0209806822639962
398.079807980798,0.0212453687541953
398.139813981398,0.0215100552443945
398.199819981998,0.0217747417345938
398.259825982598,0.0220394282247932
398.319831983198,0.0223041147149926
398.379837983798,0.0225688012051917
398.439843984398,0.0228334876953908
398.499849984998,0.0230981741855902
398.559855985599,0.0233628606757896
398.619861986199,0.023627547165989
398.679867986799,0.0238922336561881
398.739873987399,0.0241569201463872
398.799879987999,0.0244216066365866
398.859885988599,0.024686293126786
398.919891989199,0.0249509796169853
398.979897989799,0.0252156661071845
399.039903990399,0.0255175124206551
399.099909990999,0.0258380783443455
399.159915991599,0.026158644268036
399.219921992199,0.0264792101917261
399.279927992799,0.0267997761154166
399.339933993399,0.0271203420391067
399.399939993999,0.0274409079627971
399.459945994599,0.0277614738864876
399.5199519952,0.0280820398101777
399.5799579958,0.0284026057338681
399.6399639964,0.0287231716575583
399.699969997,0.0290437375812487
399.7599759976,0.0293643035049392
399.8199819982,0.0296848694286293
399.8799879988,0.0300054353523197
399.9399939994,0.0303260012760099
400,0.0306465671997003
400.0600060006,0.0310348090280834
400.1200120012,0.0314230508564661
400.1800180018,0.0318112926848493
400.2400240024,0.032199534513232
400.300030003,0.0325877763416151
400.3600360036,0.0329760181699982
400.4200420042,0.033364259998381
400.4800480048,0.0337525018267637
400.540054005401,0.0341407436551468
400.600060006001,0.0345289854835299
400.660066006601,0.034917227311913
400.720072007201,0.0353054691402958
400.780078007801,0.0356937109686785
400.840084008401,0.0360819527970616
400.900090009001,0.0364701946254447
400.960096009601,0.0368584364538278
401.020102010201,0.0372741356943235
401.080108010801,0.0377443399469238
401.140114011401,0.0382145441995246
401.200120012001,0.0386847484521254
401.260126012601,0.0391549527047262
401.320132013201,0.0396251569573265
401.380138013801,0.0400953612099269
401.440144014401,0.0405655654625277
401.500150015002,0.0410357697151285
401.560156015602,0.0415059739677293
401.620162016202,0.0419761782203296
401.680168016802,0.04244638247293
401.740174017402,0.0429165867255308
401.800180018002,0.0433867909781315
401.860186018602,0.0438569952307323
401.920192019202,0.0443271994833327
401.980198019802,0.044797403735933
402.040204020402,0.0453341151920532
402.100210021002,0.0459035839275187
402.160216021602,0.0464730526629843
402.220222022202,0.0470425213984493
402.280228022802,0.0476119901339143
402.340234023402,0.0481814588693798
402.400240024002,0.0487509276048454
402.460246024602,0.0493203963403109
402.520252025203,0.0498898650757759
402.580258025803,0.0504593338112409
402.640264026403,0.0510288025467065
402.700270027003,0.051598271282172
402.760276027603,0.0521677400176376
402.820282028203,0.0527372087531026
402.880288028803,0.0533066774885676
402.940294029403,0.0538761462240332
403.000300030003,0.0544462160515666
403.060306030603,0.0551359032006006
403.120312031203,0.0558255903496353
403.180318031803,0.0565152774986694
403.240324032403,0.0572049646477041
403.300330033003,0.0578946517967388
403.360336033603,0.0585843389457728
403.420342034203,0.0592740260948075
403.480348034803,0.0599637132438416
403.540354035404,0.0606534003928763
403.600360036004,0.061343087541911
403.660366036604,0.062032774690945
403.720372037204,0.0627224618399797
403.780378037804,0.0634121489890138
403.840384038404,0.0641018361380485
403.900390039004,0.0647915232870832
403.960396039604,0.0654812104361172
404.020402040204,0.0662203997986159
404.080408040804,0.0670556816931319
404.140414041404,0.0678909635876487
404.200420042004,0.0687262454821655
404.260426042604,0.0695615273766815
404.320432043204,0.0703968092711975
404.380438043804,0.0712320911657143
404.440444044404,0.0720673730602311
404.500450045005,0.0729026549547479
404.560456045605,0.073737936849264
404.620462046205,0.07457321874378
404.680468046805,0.0754085006382968
404.740474047405,0.0762437825328136
404.800480048005,0.0770790644273304
404.860486048605,0.0779143463218464
404.920492049205,0.0787496282163624
404.980498049805,0.0795849101108792
405.040504050405,0.0805392123703294
405.100510051005,0.0815508207314142
405.160516051605,0.0825624290924981
405.220522052205,0.0835740374535819
405.280528052805,0.0845856458146667
405.340534053405,0.0855972541757515
405.400540054005,0.0866088625368363
405.460546054605,0.0876204708979202
405.520552055205,0.088632079259004
405.580558055806,0.0896436876200888
405.640564056406,0.0906552959811736
405.700570057006,0.0916669043422584
405.760576057606,0.0926785127033423
405.820582058206,0.0936901210644261
405.880588058806,0.0947017294255109
405.940594059406,0.0957133377865957
406.000600060006,0.096727081579888
406.060606060606,0.0979522331617028
406.120612061206,0.0991773847435175
406.180618061806,0.100402536325333
406.240624062406,0.101627687907149
406.300630063006,0.102852839488965
406.360636063606,0.10407799107078
406.420642064206,0.105303142652595
406.480648064806,0.106528294234411
406.540654065407,0.107753445816227
406.600660066007,0.108978597398043
406.660666066607,0.110203748979858
406.720672067207,0.111428900561672
406.780678067807,0.112654052143488
406.840684068407,0.113879203725304
406.900690069007,0.115104355307119
406.960696069607,0.116329506888935
407.020702070207,0.117643879844412
407.080708070807,0.119127644103511
407.140714071407,0.12061140836261
407.200720072007,0.122095172621707
407.260726072607,0.123578936880806
407.320732073207,0.125062701139903
407.380738073807,0.126546465399002
407.440744074407,0.128030229658101
407.500750075007,0.129513993917198
407.560756075608,0.130997758176297
407.620762076208,0.132481522435395
407.680768076808,0.133965286694493
407.740774077408,0.135449050953592
407.800780078008,0.13693281521269
407.860786078608,0.138416579471788
407.920792079208,0.139900343730886
407.980798079808,0.141384107989985
408.040804080408,0.143080841833195
408.100810081008,0.144877796657161
408.160816081608,0.146674751481128
408.220822082208,0.148471706305096
408.280828082808,0.150268661129065
408.340834083408,0.152065615953033
408.400840084008,0.153862570777
408.460846084608,0.155659525600966
408.520852085209,0.157456480424935
408.580858085809,0.159253435248903
408.640864086409,0.161050390072871
408.700870087009,0.162847344896838
408.760876087609,0.164644299720805
408.820882088209,0.166441254544773
408.880888088809,0.168238209368741
408.940894089409,0.17003516419271
409.000900090009,0.171837808234176
409.060906090609,0.174014044224812
409.120912091209,0.176190280215449
409.180918091809,0.178366516206086
409.240924092409,0.180542752196724
409.300930093009,0.182718988187359
409.360936093609,0.184895224177994
409.420942094209,0.187071460168631
409.480948094809,0.189247696159269
409.54095409541,0.191423932149906
409.60096009601,0.193600168140541
409.66096609661,0.195776404131177
409.72097209721,0.197952640121814
409.78097809781,0.200128876112451
409.84098409841,0.202305112103089
409.90099009901,0.204481348093724
409.96099609961,0.206657584084359
410.02100210021,0.208872294145987
410.08100810081,0.211158456053739
410.14101410141,0.213444617961492
410.20102010201,0.215730779869242
410.26102610261,0.218016941776993
410.32103210321,0.220303103684745
410.38103810381,0.222589265592498
410.44104410441,0.22487542750025
410.501050105011,0.227161589408001
410.561056105611,0.229447751315751
410.621062106211,0.231733913223504
410.681068106811,0.234020075131256
410.741074107411,0.236306237039007
410.801080108011,0.238592398946759
410.861086108611,0.24087856085451
410.921092109211,0.243164722762262
410.981098109811,0.245450884670015
411.041104110411,0.248424706687963
411.101110111011,0.251714751968268
411.161116111611,0.255004797248569
411.221122112211,0.258294842528874
411.281128112811,0.261584887809179
411.341134113411,0.26487493308948
411.401140114011,0.268164978369785
411.461146114611,0.271455023650086
411.521152115212,0.274745068930391
411.581158115812,0.278035114210696
411.641164116412,0.281325159490997
411.701170117012,0.284615204771302
411.761176117612,0.287905250051603
411.821182118212,0.291195295331908
411.881188118812,0.294485340612213
411.941194119412,0.297775385892514
412.001200120012,0.301079814355958
412.061206120612,0.305089018793413
412.121212121212,0.309098223230867
412.181218121812,0.313107427668322
412.241224122412,0.317116632105773
412.301230123012,0.321125836543223
412.361236123612,0.325135040980678
412.421242124212,0.329144245418132
412.481248124813,0.333153449855587
412.541254125413,0.337162654293038
412.601260126013,0.341171858730488
412.661266126613,0.345181063167943
412.721272127213,0.349190267605397
412.781278127813,0.353199472042852
412.841284128413,0.357208676480303
412.901290129013,0.361217880917753
412.961296129613,0.365227085355208
413.021302130213,0.369526235785557
413.081308130813,0.374352189498772
413.141314131413,0.379178143211982
413.201320132013,0.384004096925192
413.261326132613,0.388830050638407
413.321332133213,0.393656004351622
413.381338133813,0.398481958064837
413.441344134413,0.403307911778047
413.501350135013,0.408133865491257
413.561356135614,0.412959819204472
413.621362136214,0.417785772917687
413.681368136814,0.422611726630901
413.741374137414,0.427437680344112
413.801380138014,0.432263634057322
413.861386138614,0.437089587770536
413.921392139214,0.441915541483751
413.981398139814,0.446741495196966
414.041404140414,0.452134086298382
414.101410141014,0.457781253617688
414.161416141614,0.463428420936999
414.221422142214,0.46907558825631
414.281428142814,0.47472275557562
414.341434143414,0.480369922894926
414.401440144014,0.486017090214231
414.461446144614,0.491664257533542
414.521452145215,0.497311424852853
414.581458145815,0.502958592172159
414.641464146415,0.508605759491469
414.701470147015,0.514252926810775
414.761476147615,0.519900094130086
414.821482148215,0.525547261449397
414.881488148815,0.531194428768702
414.941494149415,0.536841596088013
415.001500150015,0.542513860769524
415.061506150615,0.549164922577087
415.121512151215,0.555815984384651
415.181518151815,0.562467046192207
415.241524152415,0.56911810799977
415.301530153015,0.575769169807327
415.361536153615,0.582420231614891
415.421542154215,0.589071293422454
415.481548154815,0.59572235523001
415.541554155416,0.602373417037574
415.601560156016,0.60902447884513
415.661566156616,0.615675540652694
415.721572157216,0.622326602460257
415.781578157816,0.628977664267814
415.841584158416,0.63562872607537
415.901590159016,0.642279787882933
415.961596159616,0.648930849690497
416.021602160216,0.655998588874973
416.081608160816,0.663807087840621
416.141614161416,0.671615586806269
416.201620162016,0.679424085771925
416.261626162616,0.68723258473758
416.321632163216,0.695041083703236
416.381638163816,0.702849582668884
416.441644164416,0.710658081634532
416.501650165016,0.718466580600187
416.561656165617,0.726275079565843
416.621662166217,0.734083578531498
416.681668166817,0.741892077497146
416.741674167417,0.749700576462794
416.801680168017,0.75750907542845
416.861686168617,0.765317574394105
416.921692169217,0.773126073359761
416.981698169817,0.780934572325409
417.041704170417,0.789659809426443
417.101710171017,0.798787356068914
417.161716171617,0.807914902711386
417.221722172217,0.817042449353857
417.281728172817,0.82616999599632
417.341734173417,0.835297542638782
417.401740174017,0.844425089281254
417.461746174617,0.853552635923725
417.521752175218,0.862680182566196
417.581758175818,0.871807729208659
417.641764176418,0.880935275851122
417.701770177018,0.890062822493593
417.761776177618,0.899190369136065
417.821782178218,0.908317915778536
417.881788178818,0.917445462420999
417.941794179418,0.926573009063462
418.001800180018,0.935742307193279
418.061806180618,0.946261570080608
418.121812181218,0.956780832967936
418.181818181818,0.967300095855255
418.241824182418,0.977819358742575
418.301830183018,0.988338621629903
418.361836183618,0.998857884517232
418.421842184218,1.00937714740455
418.481848184818,1.01989641029188
418.541854185419,1.0304156731792
418.601860186019,1.04093493606653
418.661866186619,1.05145419895386
418.721872187219,1.06197346184118
418.781878187819,1.07249272472851
418.841884188419,1.08301198761582
418.901890189019,1.09353125050315
418.961896189619,1.10405051339048
419.021902190219,1.11510620642686
419.081908190819,1.12709514095546
419.141914191419,1.13908407548405
419.201920192019,1.15107301001265
419.261926192619,1.16306194454125
419.321932193219,1.17505087906984
419.381938193819,1.18703981359844
419.441944194419,1.19902874812703
419.50195019502,1.21101768265562
419.56195619562,1.22300661718422
419.62196219622,1.23499555171281
419.68196819682,1.2469844862414
419.74197419742,1.25897342077
419.80198019802,1.2709623552986
419.86198619862,1.2829512898272
419.92199219922,1.29494022435579
419.98199819982,1.30692915888437
420.04200420042,1.32001940093044
420.10201020102,1.33358163191256
420.16201620162,1.34714386289468
420.22202220222,1.36070609387679
420.28202820282,1.3742683248589
420.34203420342,1.38783055584102
420.40204020402,1.40139278682315
420.46204620462,1.41495501780527
420.522052205221,1.42851724878738
420.582058205821,1.44207947976949
420.642064206421,1.45564171075161
420.702070207021,1.46920394173373
420.762076207621,1.48276617271585
420.822082208221,1.49632840369796
420.882088208821,1.50989063468007
420.942094209421,1.52345286566219
421.002100210021,1.53707872360193
421.062106210621,1.5524588676588
421.122112211221,1.56783901171564
421.182118211821,1.58321915577249
421.242124212421,1.59859929982935
421.302130213021,1.61397944388622
421.362136213621,1.62935958794308
421.422142214221,1.64473973199993
421.482148214821,1.66011987605678
421.542154215422,1.67550002011364
421.602160216022,1.6908801641705
421.662166216622,1.70626030822737
421.722172217222,1.72164045228421
421.782178217822,1.73702059634106
421.842184218422,1.75240074039792
421.902190219022,1.76778088445479
421.962196219622,1.78316102851165
422.022202220222,1.79924908537902
422.082208220822,1.81654250730214
422.142214221422,1.83383592922527
422.202220222022,1.8511293511484
422.262226222622,1.86842277307152
422.322232223222,1.88571619499466
422.382238223822,1.90300961691777
422.442244224422,1.92030303884091
422.502250225023,1.93759646076404
422.562256225623,1.95488988268716
422.622262226223,1.9721833046103
422.682268226823,1.98947672653341
422.742274227423,2.00677014845655
422.802280228023,2.02406357037968
422.862286228623,2.0413569923028
422.922292229223,2.05865041422593
422.982298229823,2.07594383614905
423.042304230423,2.09456805841534
423.102310231023,2.11374914039969
423.162316231623,2.13293022238403
423.222322232223,2.15211130436838
423.282328232823,2.17129238635271
423.342334233423,2.19047346833706
423.402340234023,2.20965455032141
423.462346234623,2.22883563230575
423.522352235223,2.24801671429008
423.582358235824,2.26719779627443
423.642364236424,2.28637887825878
423.702370237024,2.30555996024313
423.762376237624,2.32474104222747
423.822382238224,2.3439221242118
423.882388238824,2.36310320619615
423.942394239424,2.3822842881805
424.002400240024,2.40153968574995
424.062406240624,2.4225786573617
424.122412241224,2.44361762897345
424.182418241824,2.46465660058522
424.242424242424,2.48569557219699
424.302430243024,2.50673454380877
424.362436243624,2.52777351542052
424.422442244224,2.54881248703227
424.482448244824,2.56985145864404
424.542454245425,2.59089043025581
424.602460246025,2.61192940186758
424.662466246625,2.63296837347933
424.722472247225,2.65400734509108
424.782478247825,2.67504631670285
424.842484248425,2.69608528831463
424.902490249025,2.7171242599264
424.962496249625,2.73816323153815
425.022502250225,2.75996244188951
425.082508250825,2.78302871680691
425.142514251425,2.80609499172431
425.202520252025,2.82916126664171
425.262526252625,2.85222754155908
425.322532253225,2.87529381647646
425.382538253825,2.89836009139386
425.442544254425,2.92142636631126
425.502550255026,2.94449264122866
425.562556255626,2.96755891614604
425.622562256226,2.99062519106341
425.682568256826,3.01369146598081
425.742574257426,3.03675774089821
425.802580258026,3.05982401581561
425.862586258626,3.08289029073299
425.922592259226,3.10595656565037
425.982598259826,3.12902284056776
426.042604260426,3.15361574716609
426.102610261026,3.17883220754957
426.162616261626,3.20404866793307
426.222622262226,3.22926512831654
426.282628262826,3.25448158870004
426.342634263426,3.27969804908354
426.402640264026,3.30491450946701
426.462646264626,3.33013096985051
426.522652265226,3.35534743023398
426.582658265827,3.38056389061748
426.642664266427,3.40578035100098
426.702670267027,3.43099681138445
426.762676267627,3.45621327176795
426.822682268227,3.48142973215142
426.882688268827,3.50664619253492
426.942694269427,3.53186265291842
427.002700270027,3.55718436218329
427.062706270627,3.58473968659775
427.122712271227,3.61229501101219
427.182718271827,3.63985033542666
427.242724272427,3.66740565984113
427.302730273027,3.69496098425557
427.362736273627,3.72251630867001
427.422742274227,3.75007163308448
427.482748274827,3.77762695749895
427.542754275428,3.80518228191342
427.602760276028,3.83273760632786
427.662766276628,3.8602929307423
427.722772277228,3.88784825515677
427.782778277828,3.91540357957124
427.842784278428,3.9429589039857
427.902790279028,3.97051422840015
427.962796279628,3.99806955281459
428.022802280228,4.02648017169281
428.082808280828,4.05628627101189
428.142814281428,4.08609237033096
428.202820282028,4.11589846965002
428.262826282628,4.14570456896907
428.322832283228,4.17551066828815
428.382838283828,4.20531676760722
428.442844284428,4.2351228669263
428.502850285029,4.26492896624535
428.562856285629,4.2947350655644
428.622862286229,4.32454116488348
428.682868286829,4.35434726420256
428.742874287429,4.38415336352164
428.802880288029,4.41395946284069
428.862886288629,4.44376556215974
428.922892289229,4.47357166147882
428.982898289829,4.5033777607979
429.042904290429,4.53460273305591
429.102910291029,4.56639327005177
429.162916291629,4.59818380704764
429.222922292229,4.62997434404353
429.282928292829,4.66176488103943
429.342934293429,4.69355541803532
429.402940294029,4.72534595503119
429.462946294629,4.75713649202706
429.52295229523,4.78892702902295
429.58295829583,4.82071756601885
429.64296429643,4.85250810301474
429.70297029703,4.88429864001061
429.76297629763,4.91608917700647
429.82298229823,4.94787971400237
429.88298829883,4.97967025099827
429.94299429943,5.01146078799413
430.00300030003,5.04336210917618
430.06300630063,5.07736832989506
430.12301230123,5.11137455061397
430.18301830183,5.14538077133288
430.24302430243,5.17938699205176
430.30303030303,5.21339321277067
430.36303630363,5.24739943348955
430.42304230423,5.28140565420846
430.483048304831,5.31541187492737
430.543054305431,5.34941809564625
430.603060306031,5.38342431636516
430.663066306631,5.41743053708404
430.723072307231,5.45143675780295
430.783078307831,5.48544297852186
430.843084308431,5.51944919924074
430.903090309031,5.55345541995965
430.963096309631,5.58746164067853
431.023102310231,5.6222746198136
431.083108310831,5.65837631693815
431.143114311431,5.69447801406266
431.203120312031,5.73057971118717
431.263126312631,5.76668140831171
431.323132313231,5.80278310543626
431.383138313831,5.8388848025608
431.443144314431,5.87498649968531
431.503150315031,5.91108819680982
431.563156315632,5.94718989393437
431.623162316232,5.98329159105891
431.683168316832,6.01939328818346
431.743174317432,6.05549498530797
431.803180318032,6.09159668243248
431.863186318632,6.12769837955702
431.923192319232,6.16380007668157
431.983198319832,6.19990177380611
432.043204320432,6.23787144955595
432.103210321032,6.27656756143786
432.163216321632,6.31526367331981
432.223222322232,6.35395978520175
432.283228322832,6.3926558970837
432.343234323432,6.43135200896561
432.403240324032,6.47004812084752
432.463246324632,6.50874423272947
432.523252325233,6.54744034461142
432.583258325833,6.58613645649336
432.643264326433,6.62483256837527
432.703270327033,6.66352868025718
432.763276327633,6.70222479213913
432.823282328233,6.74092090402108
432.883288328833,6.77961701590302
432.943294329433,6.81831312778494
433.003300330033,6.85718302408251
433.063306330633,6.89903885261293
433.123312331233,6.94089468114335
433.183318331833,6.98275050967377
433.243324332433,7.02460633820415
433.303330333033,7.06646216673454
433.363336333633,7.10831799526496
433.423342334233,7.15017382379538
433.483348334834,7.1920296523258
433.543354335434,7.23388548085618
433.603360336034,7.27574130938656
433.663366336634,7.31759713791698
433.723372337234,7.3594529664474
433.783378337834,7.40130879497779
433.843384338434,7.44316462350821
433.903390339034,7.48502045203859
433.963396339634,7.52687628056901
434.023402340234,7.57018134243283
434.083408340834,7.61575315386936
434.143414341434,7.66132496530594
434.203420342034,7.70689677674247
434.263426342634,7.75246858817904
434.323432343234,7.79804039961561
434.383438343834,7.84361221105214
434.443444344434,7.88918402248872
434.503450345034,7.93475583392525
434.563456345635,7.98032764536182
434.623462346235,8.0258994567984
434.683468346835,8.07147126823493
434.743474347435,8.1170430796715
434.803480348035,8.16261489110803
434.863486348635,8.20818670254461
434.923492349235,8.25375851398118
434.983498349835,8.29933032541771
435.043504350435,8.34802055679325
435.103510351035,8.39789363711123
435.163516351635,8.4477667174292
435.223522352235,8.49763979774718
435.283528352835,8.5475128780651
435.343534353435,8.59738595838303
435.403540354035,8.64725903870101
435.463546354635,8.69713211901898
435.523552355236,8.74700519933696
435.583558355836,8.79687827965488
435.643564356436,8.84675135997281
435.703570357036,8.89662444029079
435.763576357636,8.94649752060876
435.823582358236,8.99637060092673
435.883588358836,9.04624368124466
435.943594359436,9.09611676156259
436.003600360036,9.14628404898714
436.063606360636,9.20106058108142
436.123612361236,9.2558371131757
436.183618361836,9.31061364526992
436.243624362436,9.36539017736415
436.303630363036,9.42016670945843
436.363636363636,9.47494324155271
436.423642364236,9.52971977364699
436.483648364836,9.58449630574122
436.543654365437,9.63927283783544
436.603660366037,9.69404936992972
436.663666366637,9.748825902024
436.723672367237,9.80360243411828
436.783678367837,9.8583789662125
436.843684368437,9.91315549830673
436.903690369037,9.96793203040101
436.963696369637,10.0227085624953
437.023702370237,10.07963349778
437.083708370837,10.139849025293
437.143714371437,10.200064552806
437.203720372037,10.260280080319
437.263726372637,10.3204956078321
437.323732373237,10.3807111353451
437.383738373837,10.4409266628581
437.443744374437,10.5011421903711
437.503750375037,10.5613577178842
437.563756375638,10.6215732453972
437.623762376238,10.6817887729102
437.683768376838,10.7420043004233
437.743774377438,10.8022198279362
437.803780378038,10.8624353554493
437.863786378638,10.9226508829623
437.923792379238,10.9828664104753
437.983798379838,11.0430819379884
438.043804380438,11.1075855804074
438.103810381038,11.1736752379287
438.163816381638,11.2397648954501
438.223822382238,11.3058545529713
438.283828382838,11.3719442104927
438.343834383438,11.4380338680139
438.403840384038,11.5041235255353
438.463846384638,11.5702131830566
438.523852385239,11.6363028405779
438.583858385839,11.7023924980992
438.643864386439,11.7684821556204
438.703870387039,11.8345718131418
438.763876387639,11.9006614706631
438.823882388239,11.9667511281844
438.883888388839,12.0328407857056
438.943894389439,12.098930443227
439.003900390039,12.165424959686
439.063906390639,12.2377432162485
439.123912391239,12.3100614728109
439.183918391839,12.3823797293733
439.243924392439,12.4546979859359
439.303930393039,12.5270162424984
439.363936393639,12.5993344990609
439.423942394239,12.6716527556233
439.483948394839,12.7439710121857
439.54395439544,12.8162892687482
439.60396039604,12.8886075253108
439.66396639664,12.9609257818733
439.72397239724,13.0332440384357
439.78397839784,13.1055622949981
439.84398439844,13.1778805515606
439.90399039904,13.2501988081231
439.96399639964,13.3225170646857
440.02400240024,13.3973905717146
440.08400840084,13.4760969544435
440.14401440144,13.5548033371724
440.20402040204,13.6335097199013
440.26402640264,13.7122161026302
440.32403240324,13.790922485359
440.38403840384,13.8696288680879
440.44404440444,13.9483352508168
440.504050405041,14.0270416335457
440.564056405641,14.1057480162746
440.624062406241,14.1844543990034
440.684068406841,14.2631607817322
440.744074407441,14.3418671644611
440.804080408041,14.42057354719
440.864086408641,14.4992799299189
440.924092409241,14.5779863126478
440.984098409841,14.6566926953766
441.044104410441,14.7398016510066
441.104110411041,14.8244979288389
441.164116411641,14.9091942066713
441.224122412241,14.9938904845036
441.284128412841,15.0785867623358
441.344134413441,15.1632830401682
441.404140414041,15.2479793180006
441.464146414641,15.3326755958329
441.524152415242,15.4173718736652
441.584158415842,15.5020681514975
441.644164416442,15.5867644293299
441.704170417042,15.6714607071622
441.764176417642,15.7561569849945
441.824182418242,15.8408532628269
441.884188418842,15.9255495406592
441.944194419442,16.0102458184915
442.004200420042,16.0952652892501
442.064206420642,16.184578608886
442.124212421242,16.2738919285219
442.184218421842,16.3632052481577
442.244224422442,16.4525185677936
442.304230423042,16.5418318874295
442.364236423642,16.6311452070653
442.424242424242,16.7204585267012
442.484248424842,16.809771846337
442.544254425443,16.8990851659729
442.604260426043,16.9883984856088
442.664266426643,17.0777118052446
442.724272427243,17.1670251248804
442.784278427843,17.2563384445163
442.844284428443,17.3456517641522
442.904290429043,17.4349650837881
442.964296429643,17.5242784034239
443.024302430243,17.6144653357455
443.084308430843,17.7059357237413
443.144314431443,17.797406111737
443.204320432043,17.8888764997328
443.264326432643,17.9803468877284
443.324332433243,18.0718172757241
443.384338433843,18.1632876637198
443.444344434443,18.2547580517156
443.504350435044,18.3462284397113
443.564356435644,18.437698827707
443.624362436244,18.5291692157027
443.684368436844,18.6206396036984
443.744374437444,18.7121099916942
443.804380438044,18.8035803796899
443.864386438644,18.8950507676856
443.924392439244,18.9865211556812
443.984398439844,19.077991543677
444.044404440444,19.1686807179333
444.104410441044,19.2590954116866
444.164416441644,19.3495101054399
444.224422442244,19.4399247991931
444.284428442844,19.5303394929464
444.344434443444,19.6207541866997
444.404440444044,19.711168880453
444.464446444644,19.8015835742062
444.524452445244,19.8919982679594
444.584458445845,19.9824129617127
444.644464446445,20.072827655466
444.704470447045,20.1632423492193
444.764476447645,20.2536570429725
444.824482448245,20.3440717367257
444.884488448845,20.434486430479
444.944494449445,20.5249011242324
445.004500450045,20.6149784598321
445.064506450645,20.7008950448718
445.124512451245,20.7868116299116
445.184518451845,20.8727282149514
445.244524452445,20.9586447999911
445.304530453045,21.0445613850309
445.364536453645,21.1304779700707
445.424542454245,21.2163945551104
445.484548454845,21.3023111401502
445.544554455446,21.3882277251899
445.604560456046,21.4741443102297
445.664566456646,21.5600608952695
445.724572457246,21.6459774803092
445.784578457846,21.731894065349
445.844584458446,21.8178106503888
445.904590459046,21.9037272354285
445.964596459646,21.9896438204683
446.024602460246,22.0723310858622
446.084608460846,22.1503712815219
446.144614461446,22.2284114771816
446.204620462046,22.3064516728413
446.264626462646,22.3844918685011
446.324632463246,22.4625320641607
446.384638463846,22.5405722598205
446.444644464446,22.6186124554802
446.504650465046,22.6966526511399
446.564656465647,22.7746928467996
446.624662466247,22.8527330424593
446.684668466847,22.9307732381191
446.744674467447,23.0088134337788
446.804680468047,23.0868536294385
446.864686468647,23.1648938250982
446.924692469247,23.2429340207579
446.984698469847,23.3209742164177
447.044704470447,23.3906504476581
447.104710471047,23.4574638454395
447.164716471647,23.5242772432209
447.224722472247,23.5910906410023
447.284728472847,23.6579040387838
447.344734473447,23.7247174365652
447.404740474047,23.7915308343466
447.464746474647,23.858344232128
447.524752475248,23.9251576299095
447.584758475848,23.9919710276909
447.644764476448,24.0587844254724
447.704770477048,24.1255978232538
447.764776477648,24.1924112210352
447.824782478248,24.2592246188166
447.884788478848,24.3260380165981
447.944794479448,24.3928514143795
448.004800480048,24.4585021149191
448.064806480648,24.5107817971781
448.124812481248,24.5630614794372
448.184818481848,24.6153411616963
448.244824482448,24.6676208439553
448.304830483048,24.7199005262144
448.364836483648,24.7721802084734
448.424842484248,24.8244598907324
448.484848484848,24.8767395729915
448.544854485449,24.9290192552506
448.604860486049,24.9812989375096
448.664866486649,25.0335786197686
448.724872487249,25.0858583020277
448.784878487849,25.1381379842867
448.844884488449,25.1904176665458
448.904890489049,25.2426973488048
448.964896489649,25.2949770310638
449.024902490249,25.3400494616555
449.084908490849,25.3749622724268
449.144914491449,25.409875083198
449.204920492049,25.4447878939693
449.264926492649,25.4797007047406
449.324932493249,25.5146135155119
449.384938493849,25.5495263262832
449.444944494449,25.5844391370544
449.50495049505,25.6193519478257
449.56495649565,25.654264758597
449.62496249625,25.6891775693683
449.68496849685,25.7240903801396
449.74497449745,25.7590031909108
449.80498049805,25.7939160016821
449.86498649865,25.8288288124534
449.92499249925,25.8637416232247
449.98499849985,25.898654433996
450.04500450045,25.9192268118111
450.10501050105,25.9350190453075
450.16501650165,25.9508112788039
450.22502250225,25.9666035123003
450.28502850285,25.9823957457968
450.34503450345,25.9981879792932
450.40504050405,26.0139802127896
450.46504650465,26.029772446286
450.525052505251,26.0455646797824
450.585058505851,26.0613569132788
450.645064506451,26.0771491467752
450.705070507051,26.0929413802716
450.765076507651,26.108733613768
450.825082508251,26.1245258472645
450.885088508851,26.1403180807609
450.945094509451,26.1561103142573
451.005100510051,26.1702382574534
451.065106510651,26.1664506050635
451.125112511251,26.1626629526736
451.185118511851,26.1588753002837
451.245124512451,26.1550876478938
451.305130513051,26.1512999955039
451.365136513651,26.1475123431141
451.425142514251,26.1437246907242
451.485148514852,26.1399370383343
451.545154515452,26.1361493859444
451.605160516052,26.1323617335545
451.665166516652,26.1285740811647
451.725172517252,26.1247864287748
451.785178517852,26.1209987763849
451.845184518452,26.117211123995
451.905190519052,26.1134234716051
451.965196519652,26.1096358192152
452.025202520252,26.0978684345831
452.085208520852,26.0750814197118
452.145214521452,26.0522944048405
452.205220522052,26.0295073899691
452.265226522652,26.0067203750978
452.325232523252,25.9839333602265
452.385238523852,25.9611463453551
452.445244524452,25.9383593304838
452.505250525052,25.9155723156125
452.565256525653,25.8927853007411
452.625262526253,25.8699982858698
452.685268526853,25.8472112709984
452.745274527453,25.8244242561271
452.805280528053,25.8016372412558
452.865286528653,25.7788502263844
452.925292529253,25.7560632115131
452.985298529853,25.7332761966418
453.045304530453,25.6971758474823
453.105310531053,25.6567552772626
453.165316531653,25.6163347070428
453.225322532253,25.575914136823
453.285328532853,25.5354935666032
453.345334533453,25.4950729963834
453.405340534053,25.4546524261636
453.465346534653,25.4142318559438
453.525352535254,25.373811285724
453.585358535854,25.3333907155042
453.645364536454,25.2929701452844
453.705370537054,25.2525495750646
453.765376537654,25.2121290048448
453.825382538254,25.171708434625
453.885388538854,25.1312878644052
453.945394539454,25.0908672941854
454.005400540054,25.0490526500951
454.065406540654,24.9931423702032
454.125412541254,24.9372320903113
454.185418541854,24.8813218104194
454.245424542454,24.8254115305275
454.305430543054,24.7695012506356
454.365436543654,24.7135909707437
454.425442544254,24.6576806908518
454.485448544854,24.6017704109599
454.545454545455,24.545860131068
454.605460546055,24.4899498511761
454.665466546655,24.4340395712842
454.725472547255,24.3781292913922
454.785478547855,24.3222190115004
454.845484548455,24.2663087316085
454.905490549055,24.2103984517166
454.965496549655,24.1544881718246
455.025502550255,24.093223816882
455.085508550855,24.0247157133414
455.145514551455,23.9562076098008
455.205520552055,23.8876995062601
455.265526552655,23.8191914027194
455.325532553255,23.7506832991787
455.385538553855,23.6821751956381
455.445544554455,23.6136670920975
455.505550555055,23.5451589885569
455.565556555656,23.4766508850162
455.625562556256,23.4081427814755
455.685568556856,23.3396346779349
455.745574557456,23.2711265743943
455.805580558056,23.2026184708536
455.865586558656,23.1341103673129
455.925592559256,23.0656022637723
455.985598559856,22.9970941602317
456.045604560456,22.9215744685939
456.105610561056,22.8438405912414
456.165616561656,22.7661067138888
456.225622562256,22.6883728365363
456.285628562856,22.6106389591837
456.345634563456,22.5329050818312
456.405640564056,22.4551712044787
456.465646564656,22.3774373271261
456.525652565257,22.2997034497736
456.585658565857,22.221969572421
456.645664566457,22.1442356950685
456.705670567057,22.0665018177159
456.765676567657,21.9887679403633
456.825682568257,21.9110340630108
456.885688568857,21.8333001856582
456.945694569457,21.7555663083057
457.005700570057,21.6772925576535
457.065706570657,21.5938758034629
457.125712571257,21.5104590492724
457.185718571857,21.4270422950818
457.245724572457,21.3436255408913
457.305730573057,21.2602087867007
457.365736573657,21.1767920325101
457.425742574257,21.0933752783196
457.485748574857,21.009958524129
457.545754575458,20.9265417699385
457.605760576058,20.8431250157479
457.665766576658,20.7597082615574
457.725772577258,20.6762915073669
457.785778577858,20.5928747531763
457.845784578458,20.5094579989858
457.905790579058,20.4260412447952
457.965796579658,20.3426244906046
458.025802580258,20.2582980117453
458.085808580858,20.1727656187902
458.145814581458,20.0872332258351
458.205820582058,20.00170083288
458.265826582658,19.9161684399248
458.325832583258,19.8306360469697
458.385838583858,19.7451036540146
458.445844584458,19.6595712610595
458.505850585059,19.5740388681044
458.565856585659,19.4885064751493
458.625862586259,19.4029740821942
458.685868586859,19.317441689239
458.745874587459,19.2319092962839
458.805880588059,19.1463769033288
458.865886588659,19.0608445103737
458.925892589259,18.9753121174186
458.985898589859,18.8897797244634
459.045904590459,18.8052680180943
459.105910591059,18.7210698559704
459.165916591659,18.6368716938466
459.225922592259,18.5526735317227
459.285928592859,18.4684753695989
459.345934593459,18.3842772074751
459.405940594059,18.3000790453512
459.465946594659,18.2158808832274
459.52595259526,18.1316827211035
459.58595859586,18.0474845589797
459.64596459646,17.9632863968559
459.70597059706,17.879088234732
459.76597659766,17.7948900726082
459.82598259826,17.7106919104843
459.88598859886,17.6264937483605
459.94599459946,17.5422955862367
460.00600060006,17.4585262167027
460.06600660066,17.3786159804776
460.12601260126,17.2987057442524
460.18601860186,17.2187955080274
460.24602460246,17.1388852718022
460.30603060306,17.058975035577
460.36603660366,16.979064799352
460.42604260426,16.8991545631268
460.48604860486,16.8192443269017
460.546054605461,16.7393340906766
460.606060606061,16.6594238544514
460.666066606661,16.5795136182263
460.726072607261,16.4996033820012
460.786078607861,16.4196931457761
460.846084608461,16.339782909551
460.906090609061,16.2598726733258
460.966096609661,16.1799624371007
461.026102610261,16.1027669909858
461.086108610861,16.0290976515657
461.146114611461,15.9554283121457
461.206120612061,15.8817589727256
461.266126612661,15.8080896333056
461.326132613261,15.7344202938855
461.386138613861,15.6607509544654
461.446144614461,15.5870816150454
461.506150615062,15.5134122756253
461.566156615662,15.4397429362052
461.626162616262,15.3660735967852
461.686168616862,15.2924042573651
461.746174617462,15.2187349179451
461.806180618062,15.145065578525
461.866186618662,15.0713962391049
461.926192619262,14.9977268996849
461.986198619862,14.9240575602648
462.046204620462,14.8557536549433
462.106210621062,14.7890524117552
462.166216621662,14.7223511685671
462.226222622262,14.6556499253789
462.286228622862,14.5889486821908
462.346234623462,14.5222474390026
462.406240624062,14.4555461958145
462.466246624662,14.3888449526263
462.526252625263,14.3221437094382
462.586258625863,14.2554424662501
462.646264626463,14.1887412230619
462.706270627063,14.1220399798738
462.766276627663,14.0553387366856
462.826282628263,13.9886374934975
462.886288628863,13.9219362503093
462.946294629463,13.8552350071212
463.006300630063,13.7892444276887
463.066306630663,13.7293114107444
463.126312631263,13.6693783938001
463.186318631863,13.6094453768559
463.246324632463,13.5495123599116
463.306330633063,13.4895793429674
463.366336633663,13.4296463260231
463.426342634263,13.3697133090789
463.486348634863,13.3097802921346
463.546354635464,13.2498472751904
463.606360636064,13.1899142582461
463.666366636664,13.1299812413019
463.726372637264,13.0700482243576
463.786378637864,13.0101152074134
463.846384638464,12.9501821904691
463.906390639064,12.8902491735249
463.966396639664,12.8303161565806
464.026402640264,12.7731285783789
464.086408640864,12.7194351949404
464.146414641464,12.6657418115018
464.206420642064,12.6120484280634
464.266426642664,12.5583550446249
464.326432643264,12.5046616611864
464.386438643864,12.4509682777479
464.446444644464,12.3972748943093
464.506450645064,12.3435815108709
464.566456645665,12.2898881274324
464.626462646265,12.2361947439939
464.686468646865,12.1825013605554
464.746474647465,12.1288079771168
464.806480648065,12.0751145936784
464.866486648665,12.0214212102399
464.926492649265,11.9677278268014
464.986498649865,11.9140344433629
465.046504650465,11.8648074549507
465.106510651065,11.8168771618689
465.166516651665,11.768946868787
465.226522652265,11.7210165757052
465.286528652865,11.6730862826233
465.346534653465,11.6251559895414
465.406540654065,11.5772256964595
465.466546654665,11.5292954033776
465.526552655266,11.4813651102958
465.586558655866,11.4334348172139
465.646564656466,11.385504524132
465.706570657066,11.3375742310502
465.766576657666,11.2896439379683
465.826582658266,11.2417136448864
465.886588658866,11.1937833518045
465.946594659466,11.1458530587226
466.006600660066,11.0984980210703
466.066606660666,11.0557973228022
466.126612661266,11.0130966245342
466.186618661866,10.9703959262661
466.246624662466,10.927695227998
466.306630663066,10.8849945297299
466.366636663666,10.8422938314618
466.426642664266,10.7995931331938
466.486648664866,10.7568924349257
466.546654665467,10.7141917366576
466.606660666067,10.6714910383895
466.666666666667,10.6287903401215
466.726672667267,10.5860896418534
466.786678667867,10.5433889435853
466.846684668467,10.5006882453173
466.906690669067,10.4579875470492
466.966696669667,10.4152868487811
467.026702670267,10.3745233598931
467.086708670867,10.3361759411308
467.146714671467,10.2978285223686
467.206720672067,10.2594811036063
467.266726672667,10.2211336848441
467.326732673267,10.1827862660819
467.386738673867,10.1444388473196
467.446744674467,10.1060914285574
467.506750675068,10.0677440097951
467.566756675668,10.0293965910328
467.626762676268,9.99104917227061
467.686768676868,9.95270175350834
467.746774677468,9.91435433474612
467.806780678068,9.87600691598385
467.866786678668,9.83765949722162
467.926792679268,9.79931207845936
467.986798679868,9.76096465969709
468.046804680468,9.72511621235476
468.106810681068,9.68997260310518
468.166816681668,9.65482899385564
468.226822682268,9.61968538460606
468.286828682868,9.58454177535648
468.346834683468,9.54939816610694
468.406840684068,9.51425455685736
468.466846684668,9.47911094760781
468.526852685269,9.44396733835824
468.586858685869,9.40882372910866
468.646864686469,9.37368011985911
468.706870687069,9.33853651060954
468.766876687669,9.30339290135999
468.826882688269,9.26824929211041
468.886888688869,9.23310568286084
468.946894689469,9.19796207361129
469.006900690069,9.16307703313681
469.066906690669,9.1301818480185
469.126912691269,9.09728666290016
469.186918691869,9.06439147778183
469.246924692469,9.03149629266352
469.306930693069,8.99860110754518
469.366936693669,8.96570592242688
469.426942694269,8.93281073730854
469.48694869487,8.8999155521902
469.54695469547,8.86702036707189
469.60696069607,8.83412518195356
469.66696669667,8.80122999683525
469.72697269727,8.76833481171692
469.78697869787,8.73543962659858
469.84698469847,8.70254444148027
469.90699069907,8.66964925636193
469.96699669967,8.63675407124363
470.02700270027,8.60468421695436
470.08700870087,8.57362310034508
470.14701470147,8.54256198373578
470.20702070207,8.51150086712647
470.26702670267,8.4804397505172
470.32703270327,8.44937863390789
470.38703870387,8.41831751729862
470.44704470447,8.38725640068932
470.507050705071,8.35619528408001
470.567056705671,8.32513416747074
470.627062706271,8.29407305086144
470.687068706871,8.26301193425216
470.747074707471,8.23195081764286
470.807080708071,8.20088970103355
470.867086708671,8.16982858442428
470.927092709271,8.13876746781497
470.987098709871,8.1077063512057
471.047104710471,8.07808370005823
471.107110711071,8.0488550235277
471.167116711671,8.01962634699719
471.227122712271,7.99039767046666
471.287128712871,7.96116899393616
471.347134713471,7.93194031740563
471.407140714071,7.90271164087509
471.467146714671,7.87348296434459
471.527152715272,7.84425428781406
471.587158715872,7.81502561128355
471.647164716472,7.78579693475302
471.707170717072,7.75656825822252
471.767176717672,7.72733958169198
471.827182718272,7.69811090516145
471.887188718872,7.66888222863095
471.947194719472,7.63965355210042
472.007200720072,7.61065309349779
472.067206720672,7.58332623303294
472.127212721272,7.55599937256809
472.187218721872,7.52867251210327
472.247224722472,7.50134565163842
472.307230723072,7.47401879117359
472.367236723672,7.44669193070874
472.427242724272,7.41936507024389
472.487248724872,7.39203820977907
472.547254725473,7.36471134931421
472.607260726073,7.33738448884939
472.667266726673,7.31005762838454
472.727272727273,7.28273076791969
472.787278727873,7.25540390745486
472.847284728473,7.22807704699001
472.907290729073,7.20075018652519
472.967296729673,7.17342332606034
473.027302730273,7.14696414317355
473.087308730873,7.12154426639678
473.147314731473,7.09612438961998
473.207320732073,7.07070451284321
473.267326732673,7.04528463606642
473.327332733273,7.01986475928962
473.387338733873,6.99444488251285
473.447344734473,6.96902500573605
473.507350735073,6.94360512895928
473.567356735674,6.91818525218248
473.627362736274,6.89276537540568
473.687368736874,6.86734549862891
473.747374737474,6.84192562185212
473.807380738074,6.81650574507534
473.867386738674,6.79108586829855
473.927392739274,6.76566599152177
473.987398739874,6.74024611474498
474.047404740474,6.71634560430991
474.107410741074,6.69284897606697
474.167416741674,6.66935234782401
474.227422742274,6.64585571958107
474.287428742874,6.6223590913381
474.347434743474,6.59886246309514
474.407440744074,6.5753658348522
474.467446744674,6.55186920660924
474.527452745275,6.5283725783663
474.587458745875,6.50487595012334
474.647464746475,6.48137932188037
474.707470747075,6.45788269363743
474.767476747675,6.43438606539447
474.827482748275,6.41088943715153
474.887488748875,6.38739280890857
474.947494749475,6.36389618066561
475.007500750075,6.3406479632257
475.067506750675,6.31913862140702
475.127512751275,6.29762927958836
475.187518751875,6.27611993776968
475.247524752475,6.254610595951
475.307530753075,6.23310125413234
475.367536753675,6.21159191231366
475.427542754275,6.190082570495
475.487548754875,6.16857322867632
475.547554755476,6.14706388685766
475.607560756076,6.12555454503898
475.667566756676,6.1040452032203
475.727572757276,6.08253586140165
475.787578757876,6.06102651958297
475.847584758476,6.03951717776431
475.907590759076,6.01800783594563
475.967596759676,5.99649849412695
476.027602760276,5.97593001576844
476.087608760876,5.95646602929792
476.147614761476,5.93700204282742
476.207620762076,5.9175380563569
476.267626762676,5.89807406988639
476.327632763276,5.87861008341589
476.387638763876,5.85914609694537
476.447644764476,5.83968211047487
476.507650765077,5.82021812400435
476.567656765677,5.80075413753383
476.627662766277,5.78129015106333
476.687668766877,5.76182616459282
476.747674767477,5.74236217812232
476.807680768077,5.7228981916518
476.867686768677,5.70343420518128
476.927692769277,5.68397021871078
476.987698769877,5.66450623224026
477.047704770477,5.64668928399278
477.107710771077,5.62929704371474
477.167716771677,5.6119048034367
477.227722772277,5.59451256315867
477.287728772877,5.57712032288063
477.347734773477,5.5597280826026
477.407740774077,5.54233584232456
477.467746774677,5.52494360204652
477.527752775278,5.5075513617685
477.587758775878,5.49015912149046
477.647764776478,5.47276688121243
477.707770777078,5.45537464093439
477.767776777678,5.43798240065636
477.827782778278,5.42059016037832
477.887788778878,5.40319792010028
477.947794779478,5.38580567982225
478.007800780078,5.3686839915063
478.067806780678,5.35337292016743
478.127812781278,5.33806184882855
478.187818781878,5.32275077748967
478.247824782478,5.3074397061508
478.307830783078,5.29212863481191
478.367836783678,5.27681756347305
478.427842784278,5.26150649213416
478.487848784879,5.24619542079528
478.547854785479,5.23088434945641
478.607860786079,5.21557327811752
478.667866786679,5.20026220677866
478.727872787279,5.18495113543977
478.787878787879,5.16964006410089
478.847884788479,5.15432899276202
478.907890789079,5.13901792142313
478.967896789679,5.12370685008427
479.027902790279,5.10935440015503
479.087908790879,5.09610488023475
479.147914791479,5.08285536031447
479.207920792079,5.06960584039419
479.267926792679,5.05635632047392
479.327932793279,5.04310680055363
479.387938793879,5.02985728063336
479.447944794479,5.01660776071308
479.50795079508,5.0033582407928
479.56795679568,4.99010872087252
479.62796279628,4.97685920095224
479.68796879688,4.96360968103197
479.74797479748,4.95036016111168
479.80798079808,4.9371106411914
479.86798679868,4.92386112127113
479.92799279928,4.91061160135084
479.98799879988,4.89736208143057
480.04800480048,4.88570673390807
480.10801080108,4.87444992948501
480.16801680168,4.86319312506196
480.22802280228,4.85193632063891
480.28802880288,4.84067951621586
480.34803480348,4.8294227117928
480.40804080408,4.81816590736975
480.46804680468,4.8069091029467
480.528052805281,4.79565229852364
480.588058805881,4.78439549410059
480.648064806481,4.77313868967754
480.708070807081,4.76188188525448
480.768076807681,4.75062508083143
480.828082808281,4.73936827640838
480.888088808881,4.72811147198533
480.948094809481,4.71685466756227
481.008100810081,4.70585318556207
481.068106810681,4.69648765834538
481.128112811281,4.68712213112867
481.188118811881,4.67775660391198
481.248124812481,4.66839107669528
481.308130813081,4.65902554947857
481.368136813681,4.64966002226188
481.428142814281,4.64029449504518
481.488148814881,4.63092896782848
481.548154815482,4.62156344061178
481.608160816082,4.61219791339508
481.668166816682,4.60283238617838
481.728172817282,4.59346685896168
481.788178817882,4.58410133174498
481.848184818482,4.57473580452828
481.908190819082,4.56537027731158
481.968196819682,4.55600475009488
482.028202820282,4.54747221215377
482.088208820882,4.53987900254472
482.148214821482,4.53228579293566
482.208220822082,4.52469258332661
482.268226822682,4.51709937371755
482.328232823282,4.5095061641085
482.388238823882,4.50191295449945
482.448244824482,4.49431974489039
482.508250825082,4.48672653528134
482.568256825683,4.47913332567228
482.628262826283,4.47154011606322
482.688268826883,4.46394690645417
482.748274827483,4.45635369684511
482.808280828083,4.44876048723606
482.868286828683,4.44116727762701
482.928292829283,4.43357406801795
482.988298829883,4.4259808584089
483.048304830483,4.41968918560545
483.108310831083,4.41371279190399
483.168316831683,4.40773639820252
483.228322832283,4.40176000450106
483.288328832883,4.39578361079959
483.348334833483,4.38980721709813
483.408340834083,4.38383082339666
483.468346834683,4.3778544296952
483.528352835283,4.37187803599374
483.588358835884,4.36590164229227
483.648364836484,4.3599252485908
483.708370837084,4.35394885488934
483.768376837684,4.34797246118787
483.828382838284,4.34199606748641
483.888388838884,4.33601967378495
483.948394839484,4.33004328008348
484.008400840084,4.32426731958781
484.068406840684,4.31972259164205
484.128412841284,4.31517786369629
484.188418841884,4.31063313575053
484.248424842484,4.30608840780477
484.308430843084,4.30154367985901
484.368436843684,4.29699895191325
484.428442844284,4.29245422396749
484.488448844884,4.28790949602173
484.548454845485,4.28336476807597
484.608460846085,4.27882004013021
484.668466846685,4.27427531218445
484.728472847285,4.26973058423869
484.788478847885,4.26518585629293
484.848484848485,4.26064112834716
484.908490849085,4.25609640040141
484.968496849685,4.25155167245564
485.028502850285,4.24761977996508
485.088508850885,4.244365231925
485.148514851485,4.24111068388491
485.208520852085,4.23785613584483
485.268526852685,4.23460158780475
485.328532853285,4.23134703976467
485.388538853885,4.22809249172458
485.448544854485,4.2248379436845
485.508550855086,4.22158339564442
485.568556855686,4.21832884760433
485.628562856286,4.21507429956425
485.688568856886,4.21181975152417
485.748574857486,4.20856520348409
485.808580858086,4.205310655444
485.868586858686,4.20205610740392
485.928592859286,4.19880155936384
485.988598859886,4.19554701132376
486.048604860486,4.19331000217029
486.108610861086,4.19131167497788
486.168616861686,4.18931334778547
486.228622862286,4.18731502059306
486.288628862886,4.18531669340065
486.348634863486,4.18331836620824
486.408640864086,4.18132003901582
486.468646864686,4.17932171182341
486.528652865287,4.177323384631
486.588658865887,4.17532505743859
486.648664866487,4.17332673024618
486.708670867087,4.17132840305377
486.768676867687,4.16933007586136
486.828682868287,4.16733174866895
486.888688868887,4.16533342147654
486.948694869487,4.16333509428413
487.008700870087,4.1615257536565
487.068706870687,4.16083078208324
487.128712871287,4.16013581050999
487.188718871887,4.15944083893673
487.248724872487,4.15874586736347
487.308730873087,4.15805089579022
487.368736873687,4.15735592421696
487.428742874287,4.15666095264371
487.488748874888,4.15596598107045
487.548754875488,4.15527100949719
487.608760876088,4.15457603792394
487.668766876688,4.15388106635068
487.728772877288,4.15318609477743
487.788778877888,4.15249112320417
487.848784878488,4.15179615163091
487.908790879088,4.15110118005766
487.968796879688,4.1504062084844
488.028802880288,4.15036009071552
488.088808880888,4.15101689790137
488.148814881488,4.15167370508721
488.208820882088,4.15233051227306
488.268826882688,4.15298731945891
488.328832883288,4.15364412664476
488.388838883888,4.15430093383061
488.448844884488,4.15495774101645
488.508850885089,4.1556145482023
488.568856885689,4.15627135538815
488.628862886289,4.156928162574
488.688868886889,4.15758496975985
488.748874887489,4.15824177694569
488.808880888089,4.15889858413154
488.868886888689,4.15955539131739
488.928892889289,4.16021219850324
488.988898889889,4.16086900568909
489.048904890489,4.1626302492878
489.108910891089,4.16464219317656
489.168916891689,4.16665413706531
489.228922892289,4.16866608095407
489.288928892889,4.17067802484282
489.348934893489,4.17268996873158
489.408940894089,4.17470191262033
489.468946894689,4.17671385650909
489.52895289529,4.17872580039784
489.58895889589,4.1807377442866
489.64896489649,4.18274968817535
489.70897089709,4.18476163206411
489.76897689769,4.18677357595286
489.82898289829,4.18878551984162
489.88898889889,4.19079746373037
489.94899489949,4.19280940761913
490.00900090009,4.19501996017007
490.06900690069,4.19835596180675
490.12901290129,4.20169196344343
490.18901890189,4.20502796508011
490.24902490249,4.20836396671679
490.30903090309,4.21169996835348
490.36903690369,4.21503596999015
490.42904290429,4.21837197162684
490.48904890489,4.22170797326351
490.549054905491,4.2250439749002
490.609060906091,4.22837997653688
490.669066906691,4.23171597817356
490.729072907291,4.23505197981024
490.789078907891,4.23838798144692
490.849084908491,4.2417239830836
490.909090909091,4.24505998472028
490.969096909691,4.24839598635696
491.029102910291,4.25236309529372
491.089108910891,4.25700034909551
491.149114911491,4.2616376028973
491.209120912091,4.26627485669909
491.269126912691,4.27091211050089
491.329132913291,4.27554936430268
491.389138913891,4.28018661810447
491.449144914491,4.28482387190627
491.509150915091,4.28946112570806
491.569156915692,4.29409837950985
491.629162916292,4.29873563331164
491.689168916892,4.30337288711343
491.749174917492,4.30801014091523
491.809180918092,4.31264739471702
491.869186918692,4.31728464851881
491.929192919292,4.32192190232061
491.989198919892,4.3265591561224
492.049204920492,4.33228969968184
492.109210921092,4.33826023367588
492.169216921692,4.34423076766993
492.229222922292,4.35020130166398
492.289228922892,4.35617183565803
492.349234923492,4.36214236965208
492.409240924092,4.36811290364612
492.469246924692,4.37408343764017
492.529252925293,4.38005397163422
492.589258925893,4.38602450562826
492.649264926493,4.39199503962231
492.709270927093,4.39796557361636
492.769276927693,4.40393610761041
492.829282928293,4.40990664160446
492.889288928893,4.4158771755985
492.949294929493,4.42184770959255
493.009300930093,4.42803880746546
493.069306930693,4.43543233422634
493.129312931293,4.44282586098723
493.189318931893,4.45021938774812
493.249324932493,4.45761291450901
493.309330933093,4.46500644126989
493.369336933693,4.47239996803078
493.429342934293,4.47979349479166
493.489348934893,4.48718702155255
493.549354935494,4.49458054831344
493.609360936094,4.50197407507432
493.669366936694,4.50936760183521
493.729372937294,4.5167611285961
493.789378937894,4.52415465535699
493.849384938494,4.53154818211788
493.909390939094,4.53894170887876
493.969396939694,4.54633523563965
494.029402940294,4.55446156976774
494.089408940894,4.56335062176783
494.149414941494,4.57223967376792
494.209420942094,4.58112872576801
494.269426942694,4.5900177777681
494.329432943294,4.59890682976818
494.389438943894,4.60779588176828
494.449444944494,4.61668493376837
494.509450945094,4.62557398576845
494.569456945695,4.63446303776854
494.629462946295,4.64335208976863
494.689468946895,4.65224114176872
494.749474947495,4.6611301937688
494.809480948095,4.6700192457689
494.869486948695,4.67890829776899
494.929492949295,4.68779734976907
494.989498949895,4.69668640176917
495.049504950495,4.70678224399026
495.109510951095,4.71713407201582
495.169516951695,4.72748590004138
495.229522952295,4.73783772806694
495.289528952895,4.7481895560925
495.349534953495,4.75854138411805
495.409540954095,4.76889321214361
495.469546954695,4.77924504016917
495.529552955296,4.78959686819473
495.589558955896,4.79994869622029
495.649564956496,4.81030052424584
495.709570957096,4.8206523522714
495.769576957696,4.83100418029696
495.829582958296,4.84135600832251
495.889588958896,4.85170783634808
495.949594959496,4.86205966437363
496.009600960096,4.87262506157294
496.069606960696,4.88431169693441
496.129612961296,4.89599833229587
496.189618961896,4.90768496765735
496.249624962496,4.91937160301881
496.309630963096,4.93105823838029
496.369636963696,4.94274487374176
496.429642964296,4.95443150910323
496.489648964897,4.9661181444647
496.549654965497,4.97780477982617
496.609660966097,4.98949141518764
496.669666966697,5.00117805054912
496.729672967297,5.01286468591058
496.789678967897,5.02455132127206
496.849684968497,5.03623795663352
496.909690969097,5.047924591995
496.969696969697,5.05961122735646
497.029702970297,5.0718992761731
497.089708970897,5.08480088821167
497.149714971497,5.09770250025022
497.209720972097,5.11060411228879
497.269726972697,5.12350572432735
497.329732973297,5.13640733636592
497.389738973897,5.14930894840449
497.449744974497,5.16221056044304
497.509750975098,5.17511217248161
497.569756975698,5.18801378452017
497.629762976298,5.20091539655874
497.689768976898,5.21381700859731
497.749774977498,5.22671862063586
497.809780978098,5.23962023267443
497.869786978698,5.25252184471299
497.929792979298,5.26542345675156
497.989798979898,5.27832506879013
498.049804980498,5.29220136448982
498.109810981098,5.3062772941924
498.169816981698,5.32035322389497
498.229822982298,5.33442915359755
498.289828982898,5.34850508330013
498.349834983498,5.3625810130027
498.409840984098,5.37665694270528
498.469846984698,5.39073287240785
498.529852985299,5.40480880211043
498.589858985899,5.418884731813
498.649864986499,5.43296066151558
498.709870987099,5.44703659121817
498.769876987699,5.46111252092073
498.829882988299,5.47518845062332
498.889888988899,5.48926438032588
498.949894989499,5.50334031002847
499.009900990099,5.51761093931239
499.069906990699,5.53286686647762
499.129912991299,5.54812279364287
499.189918991899,5.5633787208081
499.249924992499,5.57863464797335
499.309930993099,5.59389057513859
499.369936993699,5.60914650230383
499.429942994299,5.62440242946907
499.489948994899,5.63965835663431
499.5499549955,5.65491428379955
499.6099609961,5.6701702109648
499.6699669967,5.68542613813003
499.7299729973,5.70068206529528
499.7899789979,5.71593799246051
499.8499849985,5.73119391962576
499.9099909991,5.746449846791
499.9699969997,5.76170577395624
500.0300030003,5.77753813358914
500.0900090009,5.79394692568968
500.1500150015,5.81035571779023
500.2100210021,5.82676450989078
500.2700270027,5.84317330199132
500.3300330033,5.85958209409188
500.3900390039,5.87599088619242
500.4500450045,5.89239967829297
500.510051005101,5.90880847039352
500.570057005701,5.92521726249406
500.630063006301,5.94162605459462
500.690069006901,5.95803484669516
500.750075007501,5.97444363879571
500.810081008101,5.99085243089625
500.870087008701,6.0072612229968
500.930093009301,6.02367001509736
500.990099009901,6.0400788071979
501.050105010501,6.05736025874496
501.110111011101,6.07481415197905
501.170117011701,6.09226804521315
501.230123012301,6.10972193844725
501.290129012901,6.12717583168133
501.350135013501,6.14462972491543
501.410141014101,6.16208361814952
501.470147014701,6.17953751138362
501.530153015302,6.19699140461772
501.590159015902,6.2144452978518
501.650165016502,6.2318991910859
501.710171017102,6.24935308431999
501.770177017702,6.26680697755409
501.830183018302,6.28426087078819
501.890189018902,6.30171476402227
501.950195019502,6.31916865725637
502.010201020102,6.33676737292623
502.070207020702,6.35507316284132
502.130213021302,6.3733789527564
502.190219021902,6.39168474267148
502.250225022502,6.40999053258656
502.310231023102,6.42829632250163
502.370237023702,6.44660211241672
502.430243024302,6.46490790233179
502.490249024902,6.48321369224688
502.550255025503,6.50151948216197
502.610261026103,6.51982527207704
502.670267026703,6.53813106199213
502.730273027303,6.5564368519072
502.790279027903,6.57474264182229
502.850285028503,6.59304843173738
502.910291029103,6.61135422165245
502.970297029703,6.62966001156754
503.030303030303,6.64826916349817
503.090309030903,6.66717567027576
503.150315031503,6.68608217705335
503.210321032103,6.70498868383092
503.270327032703,6.72389519060851
503.330333033303,6.74280169738609
503.390339033903,6.76170820416368
503.450345034503,6.78061471094127
503.510351035103,6.79952121771884
503.570357035704,6.81842772449643
503.630363036304,6.837334231274
503.690369036904,6.85624073805159
503.750375037504,6.87514724482918
503.810381038104,6.89405375160675
503.870387038704,6.91296025838434
503.930393039304,6.93186676516192
503.990399039904,6.95077327193951
504.050405040504,6.96998544815422
504.110411041104,6.98925584711884
504.170417041704,7.00852624608348
504.230423042304,7.0277966450481
504.290429042904,7.04706704401274
504.350435043504,7.06633744297739
504.410441044104,7.08560784194201
504.470447044704,7.10487824090665
504.530453045305,7.12414863987127
504.590459045905,7.14341903883591
504.650465046505,7.16268943780053
504.710471047105,7.18195983676517
504.770477047705,7.20123023572981
504.830483048305,7.22050063469444
504.890489048905,7.23977103365908
504.950495049505,7.2590414326237
505.010501050105,7.27835369006958
505.070507050705,7.2978632803556
505.130513051305,7.31737287064159
505.190519051905,7.33688246092761
505.250525052505,7.35639205121361
505.310531053105,7.37590164149963
505.370537053705,7.39541123178564
505.430543054305,7.41492082207164
505.490549054906,7.43443041235766
505.550555055506,7.45394000264365
505.610561056106,7.47344959292967
505.670567056706,7.49295918321569
505.730573057306,7.51246877350169
505.790579057906,7.5319783637877
505.850585058506,7.5514879540737
505.910591059106,7.57099754435972
505.970597059706,7.59050713464573
506.030603060306,7.61014560433619
506.090609060906,7.62990789933684
506.150615061506,7.64967019433747
506.210621062106,7.66943248933812
506.270627062706,7.68919478433875
506.330633063306,7.7089570793394
506.390639063906,7.72871937434005
506.450645064506,7.74848166934068
506.510651065107,7.76824396434133
506.570657065707,7.78800625934195
506.630663066307,7.8077685543426
506.690669066907,7.82753084934325
506.750675067507,7.84729314434388
506.810681068107,7.86705543934453
506.870687068707,7.88681773434516
506.930693069307,7.90658002934581
506.990699069907,7.92634232434646
507.050705070507,7.94635533913429
507.110711071107,7.96641434394228
507.170717071707,7.98647334875025
507.230723072307,8.00653235355824
507.290729072907,8.02659135836623
507.350735073507,8.0466503631742
507.410741074107,8.06670936798219
507.470747074707,8.08676837279016
507.530753075308,8.10682737759815
507.590759075908,8.12688638240614
507.650765076508,8.14694538721411
507.710771077108,8.1670043920221
507.770777077708,8.18706339683007
507.830783078308,8.20712240163806
507.890789078908,8.22718140644605
507.950795079508,8.24724041125402
508.010801080108,8.26734208541314
508.070807080708,8.2876381421718
508.130813081308,8.30793419893049
508.190819081908,8.32823025568918
508.250825082508,8.34852631244785
508.310831083108,8.36882236920653
508.370837083708,8.3891184259652
508.430843084308,8.40941448272388
508.490849084908,8.42971053948255
508.550855085509,8.45000659624124
508.610861086109,8.47030265299992
508.670867086709,8.49059870975859
508.730873087309,8.51089476651728
508.790879087909,8.53119082327595
508.850885088509,8.55148688003463
508.910891089109,8.57178293679332
508.970897089709,8.59207899355199
509.030903090309,8.6124134986152
509.090909090909,8.63278421227585
509.150915091509,8.65315492593653
509.210921092109,8.6735256395972
509.270927092709,8.69389635325786
509.330933093309,8.71426706691853
509.390939093909,8.73463778057919
509.450945094509,8.75500849423987
509.51095109511,8.77537920790054
509.57095709571,8.7957499215612
509.63096309631,8.81612063522187
509.69096909691,8.83649134888253
509.75097509751,8.8568620625432
509.81098109811,8.87723277620388
509.87098709871,8.89760348986453
509.93099309931,8.91797420352521
509.99099909991,8.93834491718586
510.05100510051,8.95865044602477
510.11101110111,8.97894447165981
510.17101710171,8.99923849729487
510.23102310231,9.01953252292994
510.29102910291,9.03982654856498
510.35103510351,9.06012057420004
510.41104110411,9.08041459983509
510.47104710471,9.10070862547015
510.531053105311,9.12100265110521
510.591059105911,9.14129667674026
510.651065106511,9.16159070237532
510.711071107111,9.18188472801036
510.771077107711,9.20217875364542
510.831083108311,9.22247277928049
510.891089108911,9.24276680491553
510.951095109511,9.26306083055059
511.011101110111,9.28332599928896
511.071107110711,9.30346404169872
511.131113111311,9.32360208410849
511.191119111911,9.34374012651824
511.251125112511,9.36387816892801
511.311131113111,9.38401621133776
511.371137113711,9.40415425374753
511.431143114311,9.4242922961573
511.491149114911,9.44443033856705
511.551155115512,9.46456838097681
511.611161116112,9.48470642338656
511.671167116712,9.50484446579633
511.731173117312,9.5249825082061
511.791179117912,9.54512055061585
511.851185118512,9.56525859302562
511.911191119112,9.58539663543537
511.971197119712,9.60553467784514
512.031203120312,9.62556688168413
512.091209120912,9.64550138838084
512.151215121512,9.66543589507762
512.211221122112,9.68537040177433
512.271227122712,9.70530490847108
512.331233123312,9.72523941516783
512.391239123912,9.74517392186454
512.451245124513,9.76510842856132
512.511251125112,9.78504293525803
512.571257125713,9.80497744195477
512.631263126313,9.82491194865152
512.691269126913,9.84484645534823
512.751275127513,9.86478096204501
512.811281128113,9.88471546874172
512.871287128713,9.90464997543847
512.931293129313,9.92458448213521
512.991299129913,9.94451898883192
513.051305130513,9.9642358138807
513.111311131113,9.9839157221587
513.171317131713,10.0035956304367
513.231323132313,10.0232755387148
513.291329132913,10.0429554469927
513.351335133513,10.0626353552708
513.411341134113,10.0823152635488
513.471347134713,10.1019951718268
513.531353135314,10.1216750801049
513.591359135914,10.1413549883829
513.651365136514,10.1610348966609
513.711371137114,10.1807148049389
513.771377137714,10.2003947132169
513.831383138314,10.220074621495
513.891389138914,10.239754529773
513.951395139514,10.259434438051
514.011401140114,10.2790598701776
514.071407140714,10.2984530618691
514.131413141314,10.3178462535606
514.191419141914,10.337239445252
514.251425142514,10.3566326369435
514.311431143114,10.376025828635
514.371437143714,10.3954190203265
514.431443144314,10.414812212018
514.491449144914,10.4342054037094
514.551455145515,10.4535985954009
514.611461146115,10.4729917870924
514.671467146715,10.4923849787839
514.731473147315,10.5117781704754
514.791479147915,10.5311713621669
514.851485148515,10.5505645538584
514.911491149115,10.5699577455499
514.971497149715,10.5893509372414
515.031503150315,10.6085913240787
515.091509150915,10.627693458905
515.151515151515,10.6467955937314
515.211521152115,10.6658977285578
515.271527152715,10.6849998633842
515.331533153315,10.7041019982106
515.391539153915,10.7232041330369
515.451545154515,10.7423062678633
515.511551155116,10.7614084026897
515.571557155716,10.7805105375161
515.631563156316,10.7996126723424
515.691569156916,10.8187148071688
515.751575157516,10.8378169419952
515.811581158116,10.8569190768216
515.871587158716,10.876021211648
515.931593159316,10.8951233464743
515.991599159916,10.9142254813007
516.051605160516,10.933050006022
516.111611161116,10.9518293384005
516.171617161716,10.9706086707791
516.231623162316,10.9893880031577
516.291629162916,11.0081673355362
516.351635163516,11.0269466679148
516.411641164116,11.0457260002934
516.471647164716,11.0645053326719
516.531653165317,11.0832846650506
516.591659165917,11.1020639974291
516.651665166517,11.1208433298077
516.711671167117,11.1396226621863
516.771677167717,11.1584019945648
516.831683168317,11.1771813269434
516.891689168917,11.195960659322
516.951695169517,11.2147399917005
517.011701170117,11.2334334849825
517.071707170717,11.2517726168655
517.131713171317,11.2701117487486
517.191719171917,11.2884508806316
517.251725172517,11.3067900125146
517.311731173117,11.3251291443976
517.371737173717,11.3434682762806
517.431743174317,11.3618074081637
517.491749174917,11.3801465400467
517.551755175518,11.3984856719298
517.611761176118,11.4168248038128
517.671767176718,11.4351639356958
517.731773177318,11.4535030675789
517.791779177918,11.4718421994619
517.851785178518,11.4901813313449
517.911791179118,11.508520463228
517.971797179718,11.526859595111
518.031803180318,11.5448741671269
518.091809180918,11.5626009219021
518.151815181518,11.5803276766774
518.211821182118,11.5980544314527
518.271827182718,11.6157811862279
518.331833183318,11.6335079410032
518.391839183918,11.6512346957784
518.451845184518,11.6689614505537
518.511851185119,11.6866882053289
518.571857185718,11.7044149601041
518.631863186319,11.7221417148794
518.691869186919,11.7398684696547
518.751875187519,11.7575952244299
518.811881188119,11.7753219792052
518.871887188719,11.7930487339804
518.931893189319,11.8107754887557
518.991899189919,11.8285022435309
519.051905190519,11.8456022452422
519.111911191119,11.8626044300013
519.171917191719,11.8796066147603
519.231923192319,11.8966087995194
519.291929192919,11.9136109842785
519.351935193519,11.9306131690376
519.411941194119,11.9476153537967
519.471947194719,11.9646175385557
519.53195319532,11.9816197233148
519.59195919592,11.9986219080739
519.65196519652,12.015624092833
519.71197119712,12.032626277592
519.77197719772,12.0496284623511
519.83198319832,12.0666306471102
519.89198919892,12.0836328318693
519.95199519952,12.1006350166283
520.01200120012,12.117496320485
520.07200720072,12.1337941007321
520.13201320132,12.1500918809793
520.19201920192,12.1663896612263
520.25202520252,12.1826874414734
520.31203120312,12.1989852217206
520.37203720372,12.2152830019676
520.432043204321,12.2315807822148
520.49204920492,12.2478785624619
520.552055205521,12.264176342709
520.612061206121,12.2804741229561
520.672067206721,12.2967719032032
520.732073207321,12.3130696834503
520.792079207921,12.3293674636974
520.852085208521,12.3456652439445
520.912091209121,12.3619630241916
520.972097209721,12.3782608044387
521.032103210321,12.3942235862207
521.092109210921,12.4098952011124
521.152115211521,12.4255668160042
521.212121212121,12.441238430896
521.272127212721,12.4569100457877
521.332133213321,12.4725816606795
521.392139213921,12.4882532755712
521.452145214521,12.503924890463
521.512151215122,12.5195965053547
521.572157215722,12.5352681202465
521.632163216322,12.5509397351382
521.692169216922,12.56661135003
521.752175217522,12.5822829649218
521.812181218122,12.5979545798135
521.872187218722,12.6136261947052
521.932193219322,12.629297809597
521.992199219922,12.6449694244888
522.052205220522,12.6600892493428
522.112211221122,12.675126622812
522.172217221722,12.6901639962811
522.232223222322,12.7052013697502
522.292229222922,12.7202387432194
522.352235223522,12.7352761166885
522.412241224122,12.7503134901577
522.472247224722,12.7653508636268
522.532253225323,12.7803882370959
522.592259225923,12.795425610565
522.652265226523,12.8104629840342
522.712271227123,12.8255003575033
522.772277227723,12.8405377309724
522.832283228323,12.8555751044416
522.892289228923,12.8706124779107
522.952295229523,12.8856498513798
523.012301230123,12.9005313546054
523.072307230723,12.9148083854229
523.132313231323,12.9290854162405
523.192319231923,12.943362447058
523.252325232523,12.9576394778755
523.312331233123,12.9719165086931
523.372337233723,12.9861935395106
523.432343234323,13.0004705703281
523.492349234923,13.0147476011457
523.552355235524,13.0290246319632
523.612361236124,13.0433016627807
523.672367236724,13.0575786935983
523.732373237324,13.0718557244158
523.792379237924,13.0861327552333
523.852385238524,13.1004097860508
523.912391239124,13.1146868168684
523.972397239724,13.1289638476859
524.032403240324,13.1427658135511
524.092409240924,13.1561630944567
524.152415241524,13.1695603753624
524.212421242124,13.1829576562681
524.272427242724,13.1963549371737
524.332433243324,13.2097522180794
524.392439243924,13.2231494989851
524.452445244524,13.2365467798907
524.512451245125,13.2499440607964
524.572457245725,13.2633413417021
524.632463246325,13.2767386226078
524.692469246925,13.2901359035134
524.752475247525,13.3035331844191
524.812481248125,13.3169304653248
524.872487248725,13.3303277462304
524.932493249325,13.3437250271361
524.992499249925,13.3571223080418
525.052505250525,13.3697629797567
525.112511251125,13.3822955644443
525.172517251725,13.394828149132
525.232523252325,13.4073607338196
525.292529252925,13.4198933185072
525.352535253525,13.4324259031949
525.412541254125,13.4449584878825
525.472547254725,13.4574910725701
525.532553255326,13.4700236572578
525.592559255926,13.4825562419454
525.652565256526,13.4950888266331
525.712571257126,13.5076214113207
525.772577257726,13.5201539960083
525.832583258326,13.532686580696
525.892589258926,13.5452191653836
525.952595259526,13.5577517500712
526.012601260126,13.570132835712
526.072607260726,13.5819439963664
526.132613261326,13.593755157021
526.192619261926,13.6055663176755
526.252625262526,13.6173774783299
526.312631263126,13.6291886389845
526.372637263726,13.640999799639
526.432643264326,13.6528109602935
526.492649264927,13.664622120948
526.552655265526,13.6764332816025
526.612661266127,13.688244442257
526.672667266727,13.7000556029115
526.732673267327,13.711866763566
526.792679267927,13.7236779242205
526.852685268527,13.735489084875
526.912691269127,13.7473002455295
526.972697269727,13.759111406184
527.032703270327,13.7706201995281
527.092709270927,13.7818765577783
527.152715271527,13.7931329160285
527.212721272127,13.8043892742787
527.272727272727,13.8156456325289
527.332733273327,13.8269019907791
527.392739273927,13.8381583490293
527.452745274527,13.8494147072794
527.512751275128,13.8606710655296
527.572757275728,13.8719274237798
527.632763276328,13.88318378203
527.692769276928,13.8944401402802
527.752775277528,13.9056964985303
527.812781278128,13.9169528567805
527.872787278728,13.9282092150307
527.932793279328,13.9394655732809
527.992799279928,13.9507219315311
528.052805280528,13.9615768018579
528.112811281128,13.9723769238316
528.172817281728,13.9831770458052
528.232823282328,13.9939771677789
528.292829282928,14.0047772897525
528.352835283528,14.0155774117262
528.412841284128,14.0263775336998
528.472847284728,14.0371776556735
528.532853285329,14.0479777776471
528.592859285929,14.0587778996208
528.652865286529,14.0695780215944
528.712871287129,14.0803781435681
528.772877287729,14.0911782655417
528.832883288329,14.1019783875154
528.892889288929,14.112778509489
528.952895289529,14.1235786314627
529.012901290129,14.1342804897524
529.072907290729,14.1446235713355
529.132913291329,14.1549666529187
529.192919291929,14.1653097345019
529.252925292529,14.175652816085
529.312931293129,14.1859958976682
529.372937293729,14.1963389792514
529.432943294329,14.2066820608346
529.49294929493,14.2170251424177
529.55295529553,14.2273682240009
529.61296129613,14.2377113055841
529.67296729673,14.2480543871672
529.73297329733,14.2583974687504
529.79297929793,14.2687405503336
529.85298529853,14.2790836319167
529.91299129913,14.2894267134999
529.97299729973,14.2997697950831
530.03300330033,14.3098175226806
530.09300930093,14.3196235970171
530.15301530153,14.3294296713536
530.21302130213,14.3392357456902
530.27302730273,14.3490418200267
530.33303330333,14.3588478943633
530.39303930393,14.3686539686998
530.45304530453,14.3784600430363
530.51305130513,14.3882661173728
530.573057305731,14.3980721917094
530.633063306331,14.4078782660459
530.693069306931,14.4176843403824
530.753075307531,14.427490414719
530.813081308131,14.4372964890555
530.873087308731,14.447102563392
530.933093309331,14.4569086377286
530.993099309931,14.4667147120651
531.053105310531,14.4759643247713
531.113111311131,14.485141628904
531.173117311731,14.4943189330368
531.233123312331,14.5034962371695
531.293129312931,14.5126735413023
531.353135313531,14.521850845435
531.413141314131,14.5310281495678
531.473147314731,14.5402054537005
531.533153315331,14.5493827578333
531.593159315932,14.5585600619661
531.653165316532,14.5677373660988
531.713171317132,14.5769146702315
531.773177317732,14.5860919743643
531.833183318332,14.595269278497
531.893189318932,14.6044465826298
531.953195319532,14.6136238867625
532.013201320132,14.62265911594
532.073207320732,14.6311906248211
532.133213321332,14.6397221337023
532.193219321932,14.6482536425835
532.253225322532,14.6567851514646
532.313231323132,14.6653166603458
532.373237323732,14.673848169227
532.433243324332,14.6823796781081
532.493249324933,14.6909111869893
532.553255325533,14.6994426958705
532.613261326133,14.7079742047517
532.673267326733,14.7165057136328
532.733273327333,14.725037222514
532.793279327933,14.7335687313952
532.853285328533,14.7421002402763
532.913291329133,14.7506317491575
532.973297329733,14.7591632580387
533.033303330333,14.7673845371338
533.093309330933,14.7753570734275
533.153315331533,14.7833296097212
533.213321332133,14.7913021460149
533.273327332733,14.7992746823086
533.333333333333,14.8072472186023
533.393339333933,14.815219754896
533.453345334533,14.8231922911897
533.513351335134,14.8311648274834
533.573357335734,14.8391373637772
533.633363336334,14.8471099000708
533.693369336934,14.8550824363646
533.753375337534,14.8630549726583
533.813381338134,14.871027508952
533.873387338734,14.8790000452457
533.933393339334,14.8869725815394
533.993399339934,14.8949451178331
534.053405340534,14.90252748115
534.113411341134,14.9100616208407
534.173417341734,14.9175957605313
534.233423342334,14.9251299002219
534.293429342934,14.9326640399125
534.353435343534,14.9401981796032
534.413441344134,14.9477323192938
534.473447344734,14.9552664589844
534.533453345334,14.962800598675
534.593459345935,14.9703347383657
534.653465346535,14.9778688780563
534.713471347135,14.9854030177469
534.773477347735,14.9929371574375
534.833483348335,15.0004712971281
534.893489348935,15.0080054368188
534.953495349535,15.0155395765094
535.013501350135,15.0229870633804
535.073507350735,15.0301360794282
535.133513351335,15.037285095476
535.193519351935,15.0444341115239
535.253525352535,15.0515831275717
535.313531353135,15.0587321436195
535.373537353735,15.0658811596674
535.433543354335,15.0730301757152
535.493549354936,15.080179191763
535.553555355536,15.0873282078108
535.613561356136,15.0944772238587
535.673567356736,15.1016262399065
535.733573357336,15.1087752559543
535.793579357936,15.1159242720022
535.853585358536,15.12307328805
535.913591359136,15.1302223040978
535.973597359736,15.1373713201457
536.033603360336,15.1442825829497
536.093609360936,15.1510070396336
536.153615361536,15.1577314963175
536.213621362136,15.1644559530013
536.273627362736,15.1711804096852
536.333633363336,15.1779048663691
536.393639363936,15.184629323053
536.453645364536,15.1913537797369
536.513651365137,15.1980782364208
536.573657365737,15.2048026931047
536.633663366337,15.2115271497886
536.693669366937,15.2182516064725
536.753675367537,15.2249760631563
536.813681368137,15.2317005198402
536.873687368737,15.2384249765241
536.933693369337,15.245149433208
536.993699369937,15.2518738898919
537.053705370537,15.2581626742087
537.113711371137,15.2644003461249
537.173717371737,15.2706380180411
537.233723372337,15.2768756899573
537.293729372937,15.2831133618735
537.353735373537,15.2893510337897
537.413741374137,15.2955887057059
537.473747374738,15.3018263776221
537.533753375337,15.3080640495383
537.593759375938,15.3143017214545
537.653765376538,15.3205393933707
537.713771377138,15.3267770652868
537.773777377738,15.333014737203
537.833783378338,15.3392524091192
537.893789378938,15.3454900810354
537.953795379538,15.3517277529516
538.013801380138,15.3578532039299
538.073807380738,15.3636029587245
538.133813381338,15.3693527135192
538.193819381938,15.3751024683138
538.253825382538,15.3808522231085
538.313831383138,15.3866019779031
538.373837383738,15.3923517326978
538.433843384338,15.3981014874924
538.493849384938,15.403851242287
538.553855385539,15.4096009970817
538.613861386139,15.4153507518763
538.673867386739,15.421100506671
538.733873387339,15.4268502614656
538.793879387939,15.4326000162603
538.853885388539,15.4383497710549
538.913891389139,15.4440995258496
538.973897389739,15.4498492806442
539.033903390339,15.4553623195941
539.093909390939,15.4606931082919
539.153915391539,15.4660238969897
539.213921392139,15.4713546856875
539.273927392739,15.4766854743853
539.333933393339,15.4820162630831
539.393939393939,15.4873470517809
539.453945394539,15.4926778404787
539.513951395139,15.4980086291765
539.57395739574,15.5033394178743
539.63396339634,15.5086702065721
539.69396939694,15.5140009952699
539.75397539754,15.5193317839677
539.81398139814,15.5246625726654
539.87398739874,15.5299933613632
539.93399339934,15.535324150061
539.99399939994,15.5406549387588
540.05400540054,15.5456736264959
540.11401140114,15.5506576363484
540.17401740174,15.555641646201
540.23402340234,15.5606256560535
540.29402940294,15.565609665906
540.35403540354,15.5705936757586
540.41404140414,15.5755776856111
540.474047404741,15.5805616954636
540.534053405341,15.5855457053162
540.594059405941,15.5905297151687
540.654065406541,15.5955137250212
540.714071407141,15.6004977348738
540.774077407741,15.6054817447263
540.834083408341,15.6104657545788
540.894089408941,15.6154497644314
540.954095409541,15.6204337742839
541.014101410141,15.6253419725276
541.074107410741,15.6300033797896
541.134113411341,15.6346647870515
541.194119411941,15.6393261943134
541.254125412541,15.6439876015753
541.314131413141,15.6486490088372
541.374137413741,15.6533104160991
541.434143414341,15.657971823361
541.494149414941,15.6626332306229
541.554155415542,15.6672946378848
541.614161416142,15.6719560451467
541.674167416742,15.6766174524086
541.734173417342,15.6812788596705
541.794179417942,15.6859402669325
541.854185418542,15.6906016741944
541.914191419142,15.6952630814563
541.974197419742,15.6999244887182
542.034203420342,15.7044041486821
542.094209420942,15.7087467010354
542.154215421542,15.7130892533886
542.214221422142,15.7174318057418
542.274227422742,15.721774358095
542.334233423342,15.7261169104482
542.394239423942,15.7304594628015
542.454245424542,15.7348020151547
542.514251425142,15.7391445675079
542.574257425743,15.7434871198611
542.634263426343,15.7478296722143
542.694269426943,15.7521722245675
542.754275427543,15.7565147769208
542.814281428143,15.760857329274
542.874287428743,15.7651998816272
542.934293429343,15.7695424339804
542.994299429943,15.7738849863336
543.054305430543,15.7779622643847
543.114311431143,15.782011695962
543.174317431743,15.7860611275394
543.234323432343,15.7901105591167
543.294329432943,15.794159990694
543.354335433543,15.7982094222714
543.414341434143,15.8022588538487
543.474347434744,15.806308285426
543.534353435344,15.8103577170034
543.594359435944,15.8144071485807
543.654365436544,15.818456580158
543.714371437144,15.8225060117354
543.774377437744,15.8265554433127
543.834383438344,15.8306048748901
543.894389438944,15.8346543064674
543.954395439544,15.8387037380447
544.014401440144,15.8426884975749
544.074407440744,15.846468462289
544.134413441344,15.8502484270031
544.194419441944,15.8540283917172
544.254425442544,15.8578083564314
544.314431443144,15.8615883211455
544.374437443744,15.8653682858596
544.434443444344,15.8691482505737
544.494449444945,15.8729282152878
544.554455445545,15.876708180002
544.614461446145,15.8804881447161
544.674467446745,15.8842681094302
544.734473447345,15.8880480741443
544.794479447945,15.8918280388584
544.854485448545,15.8956080035726
544.914491449145,15.8993879682867
544.974497449745,15.9031679330008
545.034503450345,15.9067839946339
545.094509450945,15.9102789105114
545.154515451545,15.9137738263889
545.214521452145,15.9172687422664
545.274527452745,15.9207636581438
545.334533453345,15.9242585740213
545.394539453945,15.9277534898988
545.454545454545,15.9312484057763
545.514551455145,15.9347433216538
545.574557455746,15.9382382375313
545.634563456346,15.9417331534088
545.694569456946,15.9452280692863
545.754575457546,15.9487229851638
545.814581458146,15.9522179010413
545.874587458746,15.9557128169188
545.934593459346,15.9592077327963
545.994599459946,15.9627026486738
546.054605460546,15.9659193759046
546.114611461146,15.9691085899725
546.174617461746,15.9722978040404
546.234623462346,15.9754870181083
546.294629462946,15.9786762321762
546.354635463546,15.9818654462441
546.414641464146,15.985054660312
546.474647464746,15.9882438743799
546.534653465347,15.9914330884478
546.594659465947,15.9946223025157
546.654665466547,15.9978115165836
546.714671467147,16.0010007306515
546.774677467747,16.0041899447194
546.834683468347,16.0073791587873
546.894689468947,16.0105683728552
546.954695469547,16.0137575869231
547.014701470147,16.0168780650204
547.074707470747,16.0197867241063
547.134713471347,16.0226953831923
547.194719471947,16.0256040422782
547.254725472547,16.0285127013641
547.314731473147,16.03142136045
547.374737473747,16.0343300195359
547.434743474347,16.0372386786218
547.494749474947,16.0401473377077
547.554755475548,16.0430559967936
547.614761476148,16.0459646558795
547.674767476748,16.0488733149654
547.734773477348,16.0517819740513
547.794779477948,16.0546906331372
547.854785478548,16.0575992922231
547.914791479148,16.060507951309
547.974797479748,16.0634166103949
548.034803480348,16.0661969238619
548.094809480948,16.0688842973981
548.154815481548,16.0715716709342
548.214821482148,16.0742590444703
548.274827482748,16.0769464180064
548.334833483348,16.0796337915425
548.394839483948,16.0823211650786
548.454845484549,16.0850085386147
548.514851485148,16.0876959121508
548.574857485749,16.0903832856869
548.634863486349,16.0930706592231
548.694869486949,16.0957580327592
548.754875487549,16.0984454062953
548.814881488149,16.1011327798314
548.874887488749,16.1038201533675
548.934893489349,16.1065075269036
548.994899489949,16.1091949004397
549.054905490549,16.1117489910348
549.114911491149,16.1142907001545
549.174917491749,16.1168324092742
549.234923492349,16.1193741183938
549.294929492949,16.1219158275135
549.354935493549,16.1244575366332
549.414941494149,16.1269992457529
549.474947494749,16.1295409548725
549.53495349535,16.1320826639922
549.59495949595,16.1346243731119
549.65496549655,16.1371660822316
549.71497149715,16.1397077913512
549.77497749775,16.1422495004709
549.83498349835,16.1447912095906
549.89498949895,16.1473329187103
549.95499549955,16.1498746278299
550.01500150015,16.1524068114929
550.07500750075,16.1549104187857
550.13501350135,16.1574140260785
550.19501950195,16.1599176333713
550.25502550255,16.1624212406641
550.31503150315,16.1649248479569
550.37503750375,16.1674284552497
550.43504350435,16.1699320625425
550.49504950495,16.1724356698353
550.555055505551,16.1749392771281
550.615061506151,16.177442884421
550.675067506751,16.1799464917138
550.735073507351,16.1824500990066
550.795079507951,16.1849537062994
550.855085508551,16.1874573135922
550.915091509151,16.189960920885
550.975097509751,16.1924645281778
551.035103510351,16.194989126229
551.095109510951,16.1975286151601
551.155115511551,16.2000681040913
551.215121512151,16.2026075930224
551.275127512751,16.2051470819535
551.335133513351,16.2076865708846
551.395139513951,16.2102260598158
551.455145514552,16.2127655487469
551.515151515152,16.215305037678
551.575157515752,16.2178445266091
551.635163516352,16.2203840155403
551.695169516952,16.2229235044714
551.755175517552,16.2254629934025
551.815181518152,16.2280024823336
551.875187518752,16.2305419712648
551.935193519352,16.2330814601959
551.995199519952,16.235620949127
552.055205520552,16.2380774298863
552.115211521152,16.2405266925437
552.175217521752,16.2429759552012
552.235223522352,16.2454252178586
552.295229522952,16.247874480516
552.355235523552,16.2503237431734
552.415241524152,16.2527730058308
552.475247524752,16.2552222684883
552.535253525353,16.2576715311457
552.595259525953,16.2601207938031
552.655265526553,16.2625700564605
552.715271527153,16.2650193191179
552.775277527753,16.2674685817754
552.835283528353,16.2699178444328
552.895289528953,16.2723671070902
552.955295529553,16.2748163697476
553.015301530153,16.2771560598209
553.075307530753,16.2791756260701
553.135313531353,16.2811951923192
553.195319531953,16.2832147585683
553.255325532553,16.2852343248175
553.315331533153,16.2872538910666
553.375337533753,16.2892734573158
553.435343534353,16.2912930235649
553.495349534953,16.293312589814
553.555355535554,16.2953321560632
553.615361536154,16.2973517223123
553.675367536754,16.2993712885615
553.735373537354,16.3013908548106
553.795379537954,16.3034104210597
553.855385538554,16.3054299873089
553.915391539154,16.307449553558
553.975397539754,16.3094691198072
554.035403540354,16.3110902525292
554.095409540954,16.3124345077154
554.155415541554,16.3137787629016
554.215421542154,16.3151230180879
554.275427542754,16.3164672732741
554.335433543354,16.3178115284604
554.395439543954,16.3191557836466
554.455445544554,16.3205000388328
554.515451545155,16.3218442940191
554.575457545754,16.3231885492053
554.635463546355,16.3245328043915
554.695469546955,16.3258770595778
554.755475547555,16.327221314764
554.815481548155,16.3285655699502
554.875487548755,16.3299098251365
554.935493549355,16.3312540803227
554.995499549955,16.3325983355089
555.055505550555,16.3334826857338
555.115511551155,16.3343297463673
555.175517551755,16.3351768070007
555.235523552355,16.3360238676341
555.295529552955,16.3368709282676
555.355535553555,16.337717988901
555.415541554155,16.3385650495344
555.475547554755,16.3394121101679
555.535553555356,16.3402591708013
555.595559555956,16.3411062314347
555.655565556556,16.3419532920682
555.715571557156,16.3428003527016
555.775577557756,16.3436474133351
555.835583558356,16.3444944739685
555.895589558956,16.3453415346019
555.955595559556,16.3461885952354
556.015601560156,16.347036898641
556.075607560756,16.3478887391674
556.135613561356,16.3487405796938
556.195619561956,16.3495924202203
556.255625562556,16.3504442607467
556.315631563156,16.3512961012731
556.375637563756,16.3521479417996
556.435643564356,16.352999782326
556.495649564956,16.3538516228524
556.555655565557,16.3547034633789
556.615661566157,16.3555553039053
556.675667566757,16.3564071444317
556.735673567357,16.3572589849582
556.795679567957,16.3581108254846
556.855685568557,16.358962666011
556.915691569157,16.3598145065375
556.975697569757,16.3606663470639
557.035703570357,16.3617150913046
557.095709570957,16.3628978624433
557.155715571557,16.364080633582
557.215721572157,16.3652634047206
557.275727572757,16.3664461758593
557.335733573357,16.367628946998
557.395739573957,16.3688117181367
557.455745574557,16.3699944892753
557.515751575158,16.371177260414
557.575757575758,16.3723600315527
557.635763576358,16.3735428026914
557.695769576958,16.37472557383
557.755775577558,16.3759083449687
557.815781578158,16.3770911161074
557.875787578758,16.378273887246
557.935793579358,16.3794566583847
557.995799579958,16.3806394295234
558.055805580558,16.3819467154132
558.115811581158,16.3832633733811
558.175817581758,16.384580031349
558.235823582358,16.3858966893168
558.295829582958,16.3872133472847
558.355835583558,16.3885300052526
558.415841584158,16.3898466632205
558.475847584758,16.3911633211883
558.535853585359,16.3924799791562
558.595859585959,16.3937966371241
558.655865586559,16.3951132950919
558.715871587159,16.3964299530598
558.775877587759,16.3977466110277
558.835883588359,16.3990632689956
558.895889588959,16.4003799269634
558.955895589559,16.4016965849313
559.015901590159,16.402916799806
559.075907590759,16.4038695215729
559.135913591359,16.4048222433399
559.195919591959,16.4057749651069
559.255925592559,16.4067276868739
559.315931593159,16.4076804086409
559.375937593759,16.4086331304079
559.43594359436,16.4095858521748
559.495949594959,16.4105385739418
559.55595559556,16.4114912957088
559.61596159616,16.4124440174758
559.67596759676,16.4133967392428
559.73597359736,16.4143494610098
559.79597959796,16.4153021827768
559.85598559856,16.4162549045437
559.91599159916,16.4172076263107
559.97599759976,16.4181603480777
560.03600360036,16.4187499347493
560.09600960096,16.4190974313574
560.15601560156,16.4194449279655
560.21602160216,16.4197924245735
560.27602760276,16.4201399211816
560.33603360336,16.4204874177896
560.39603960396,16.4208349143977
560.45604560456,16.4211824110057
560.516051605161,16.4215299076138
560.576057605761,16.4218774042219
560.636063606361,16.4222249008299
560.696069606961,16.422572397438
560.756075607561,16.422919894046
560.816081608161,16.4232673906541
560.876087608761,16.4236148872622
560.936093609361,16.4239623838702
560.996099609961,16.4243098804783
561.056105610561,16.424350007348
561.116111611161,16.4243687662681
561.176117611761,16.4243875251882
561.236123612361,16.4244062841082
561.296129612961,16.4244250430283
561.356135613561,16.4244438019483
561.416141614161,16.4244625608684
561.476147614761,16.4244813197884
561.536153615362,16.4245000787085
561.596159615962,16.4245188376285
561.656165616562,16.4245375965486
561.716171617162,16.4245563554686
561.776177617762,16.4245751143887
561.836183618362,16.4245938733088
561.896189618962,16.4246126322288
561.956195619562,16.4246313911489
562.016201620162,16.4246850866442
562.076207620762,16.4248332402874
562.136213621362,16.4249813939307
562.196219621962,16.4251295475739
562.256225622562,16.4252777012172
562.316231623162,16.4254258548604
562.376237623762,16.4255740085037
562.436243624362,16.4257221621469
562.496249624963,16.4258703157902
562.556255625562,16.4260184694334
562.616261626163,16.4261666230767
562.676267626763,16.42631477672
562.736273627363,16.4264629303632
562.796279627963,16.4266110840065
562.856285628563,16.4267592376497
562.916291629163,16.426907391293
562.976297629763,16.4270555449362
563.036303630363,16.4273397935109
563.096309630963,16.4277128974541
563.156315631563,16.4280860013972
563.216321632163,16.4284591053404
563.276327632763,16.4288322092835
563.336333633363,16.4292053132267
563.396339633963,16.4295784171698
563.456345634563,16.429951521113
563.516351635164,16.4303246250562
563.576357635764,16.4306977289993
563.636363636364,16.4310708329425
563.696369636964,16.4314439368856
563.756375637564,16.4318170408288
563.816381638164,16.4321901447719
563.876387638764,16.4325632487151
563.936393639364,16.4329363526583
563.996399639964,16.4333094566014
564.056405640564,16.4335352088844
564.116411641164,16.4337515557422
564.176417641764,16.4339679026
564.236423642364,16.4341842494579
564.296429642964,16.4344005963157
564.356435643564,16.4346169431735
564.416441644164,16.4348332900314
564.476447644764,16.4350496368892
564.536453645365,16.435265983747
564.596459645965,16.4354823306049
564.656465646565,16.4356986774627
564.716471647165,16.4359150243205
564.776477647765,16.4361313711784
564.836483648365,16.4363477180362
564.896489648965,16.436564064894
564.956495649565,16.4367804117519
565.016501650165,16.4368370739497
565.076507650765,16.4364727493167
565.136513651365,16.4361084246836
565.196519651965,16.4357441000506
565.256525652565,16.4353797754176
565.316531653165,16.4350154507845
565.376537653765,16.4346511261515
565.436543654365,16.4342868015185
565.496549654966,16.4339224768854
565.556555655565,16.4335581522524
565.616561656166,16.4331938276194
565.676567656766,16.4328295029863
565.736573657366,16.4324651783533
565.796579657966,16.4321008537203
565.856585658566,16.4317365290872
565.916591659166,16.4313722044542
565.976597659766,16.4310078798212
566.036603660366,16.4302769072491
566.096609660966,16.4293115204208
566.156615661566,16.4283461335925
566.216621662166,16.4273807467643
566.276627662766,16.426415359936
566.336633663366,16.4254499731078
566.396639663966,16.4244845862795
566.456645664566,16.4235191994513
566.516651665167,16.422553812623
566.576657665767,16.4215884257948
566.636663666367,16.4206230389665
566.696669666967,16.4196576521382
566.756675667567,16.41869226531
566.816681668167,16.4177268784817
566.876687668767,16.4167614916535
566.936693669367,16.4157961048252
566.996699669967,16.414830717997
567.056705670567,16.4136233086357
567.116711671167,16.4124018133068
567.176717671767,16.411180317978
567.236723672367,16.4099588226492
567.296729672967,16.4087373273204
567.356735673567,16.4075158319916
567.416741674167,16.4062943366627
567.476747674767,16.4050728413339
567.536753675368,16.4038513460051
567.596759675968,16.4026298506763
567.656765676568,16.4014083553475
567.716771677168,16.4001868600186
567.776777677768,16.3989653646898
567.836783678368,16.397743869361
567.896789678968,16.3965223740322
567.956795679568,16.3953008787034
568.016801680168,16.394101211987
568.076807680768,16.3929576759882
568.136813681368,16.3918141399895
568.196819681968,16.3906706039908
568.256825682568,16.3895270679921
568.316831683168,16.3883835319934
568.376837683768,16.3872399959946
568.436843684368,16.3860964599959
568.496849684969,16.3849529239972
568.556855685569,16.3838093879985
568.616861686169,16.3826658519997
568.676867686769,16.381522316001
568.736873687369,16.3803787800023
568.796879687969,16.3792352440036
568.856885688569,16.3780917080049
568.916891689169,16.3769481720061
568.976897689769,16.3758046360074
569.036903690369,16.3747561963449
569.096909690969,16.3737672885352
569.156915691569,16.3727783807255
569.216921692169,16.3717894729158
569.276927692769,16.3708005651061
569.336933693369,16.3698116572963
569.396939693969,16.3688227494866
569.456945694569,16.3678338416769
569.516951695169,16.3668449338672
569.57695769577,16.3658560260575
569.63696369637,16.3648671182478
569.69696969697,16.3638782104381
569.75697569757,16.3628893026283
569.81698169817,16.3619003948186
569.87698769877,16.3609114870089
569.93699369937,16.3599225791992
569.99699969997,16.3589336713895
570.05700570057,16.3579446339123
570.11701170117,16.3569555896106
570.17701770177,16.3559665453088
570.23702370237,16.3549775010071
570.29702970297,16.3539884567053
570.35703570357,16.3529994124036
570.41704170417,16.3520103681018
570.47704770477,16.3510213238001
570.53705370537,16.3500322794983
570.597059705971,16.3490432351966
570.657065706571,16.3480541908948
570.717071707171,16.3470651465931
570.777077707771,16.3460761022913
570.837083708371,16.3450870579896
570.897089708971,16.3440980136878
570.957095709571,16.3431089693861
571.017101710171,16.3420418990622
571.077107710771,16.3407790792442
571.137113711371,16.3395162594263
571.197119711971,16.3382534396083
571.257125712571,16.3369906197903
571.317131713171,16.3357277999724
571.377137713771,16.3344649801544
571.437143714371,16.3332021603365
571.497149714972,16.3319393405185
571.557155715572,16.3306765207005
571.617161716172,16.3294137008826
571.677167716772,16.3281508810646
571.737173717372,16.3268880612467
571.797179717972,16.3256252414287
571.857185718572,16.3243624216107
571.917191719172,16.3230996017928
571.977197719772,16.3218367819748
572.037203720372,16.3202325658144
572.097209720972,16.3184191067345
572.157215721572,16.3166056476545
572.217221722172,16.3147921885746
572.277227722772,16.3129787294946
572.337233723372,16.3111652704147
572.397239723972,16.3093518113348
572.457245724572,16.3075383522548
572.517251725173,16.3057248931749
572.577257725773,16.3039114340949
572.637263726373,16.302097975015
572.697269726973,16.300284515935
572.757275727573,16.2984710568551
572.817281728173,16.2966575977751
572.877287728773,16.2948441386952
572.937293729373,16.2930306796152
572.997299729973,16.2912172205353
573.057305730573,16.2887860863756
573.117311731173,16.2863258471073
573.177317731773,16.2838656078391
573.237323732373,16.2814053685709
573.297329732973,16.2789451293027
573.357335733573,16.2764848900345
573.417341734173,16.2740246507663
573.477347734774,16.2715644114981
573.537353735373,16.2691041722298
573.597359735974,16.2666439329616
573.657365736574,16.2641836936934
573.717371737174,16.2617234544252
573.777377737774,16.259263215157
573.837383738374,16.2568029758888
573.897389738974,16.2543427366205
573.957395739574,16.2518824973523
574.017401740174,16.2493050998462
574.077407740774,16.2464408666543
574.137413741374,16.2435766334623
574.197419741974,16.2407124002703
574.257425742574,16.2378481670784
574.317431743174,16.2349839338864
574.377437743774,16.2321197006944
574.437443744374,16.2292554675025
574.497449744975,16.2263912343105
574.557455745575,16.2235270011185
574.617461746175,16.2206627679266
574.677467746775,16.2177985347346
574.737473747375,16.2149343015427
574.797479747975,16.2120700683507
574.857485748575,16.2092058351587
574.917491749175,16.2063416019668
574.977497749775,16.2034773687748
575.037503750375,16.2006515233953
575.097509750975,16.1978487107033
575.157515751575,16.1950458980113
575.217521752175,16.1922430853193
575.277527752775,16.1894402726273
575.337533753375,16.1866374599353
575.397539753975,16.1838346472433
575.457545754575,16.1810318345512
575.517551755176,16.1782290218592
575.577557755776,16.1754262091672
575.637563756376,16.1726233964752
575.697569756976,16.1698205837832
575.757575757576,16.1670177710912
575.817581758176,16.1642149583992
575.877587758776,16.1614121457072
575.937593759376,16.1586093330152
575.997599759976,16.1558065203232
576.057605760576,16.1533393774196
576.117611761176,16.1508862207571
576.177617761776,16.1484330640947
576.237623762376,16.1459799074323
576.297629762976,16.1435267507698
576.357635763576,16.1410735941074
576.417641764176,16.138620437445
576.477647764777,16.1361672807826
576.537653765376,16.1337141241201
576.597659765977,16.1312609674577
576.657665766577,16.1288078107953
576.717671767177,16.1263546541328
576.777677767777,16.1239014974704
576.837683768377,16.121448340808
576.897689768977,16.1189951841455
576.957695769577,16.1165420274831
577.017701770177,16.1141381802575
577.077707770777,16.1118521742284
577.137713771377,16.1095661681993
577.197719771977,16.1072801621702
577.257725772577,16.104994156141
577.317731773177,16.1027081501119
577.377737773777,16.1004221440828
577.437743774377,16.0981361380537
577.497749774977,16.0958501320246
577.557755775578,16.0935641259955
577.617761776178,16.0912781199664
577.677767776778,16.0889921139372
577.737773777378,16.0867061079081
577.797779777978,16.084420101879
577.857785778578,16.0821340958499
577.917791779178,16.0798480898208
577.977797779778,16.0775620837917
578.037803780378,16.0750875967394
578.097809780978,16.0725024144829
578.157815781578,16.0699172322265
578.217821782178,16.0673320499701
578.277827782778,16.0647468677136
578.337833783378,16.0621616854572
578.397839783978,16.0595765032008
578.457845784578,16.0569913209443
578.517851785178,16.0544061386879
578.577857785779,16.0518209564315
578.637863786379,16.0492357741751
578.697869786979,16.0466505919186
578.757875787579,16.0440654096622
578.817881788179,16.0414802274058
578.877887788779,16.0388950451493
578.937893789379,16.0363098628929
578.997899789979,16.0337246806365
579.057905790579,16.0306238828112
579.117911791179,16.0275043839031
579.177917791779,16.024384884995
579.237923792379,16.0212653860869
579.297929792979,16.0181458871788
579.357935793579,16.0150263882707
579.417941794179,16.0119068893627
579.47794779478,16.0087873904546
579.53795379538,16.0056678915465
579.59795979598,16.0025483926384
579.65796579658,15.9994288937303
579.71797179718,15.9963093948222
579.77797779778,15.9931898959141
579.83798379838,15.990070397006
579.89798979898,15.986950898098
579.95799579958,15.9838313991899
580.01800180018,15.9806271528012
580.07800780078,15.9772251622913
580.13801380138,15.9738231717813
580.19801980198,15.9704211812714
580.25802580258,15.9670191907615
580.31803180318,15.9636172002515
580.37803780378,15.9602152097416
580.43804380438,15.9568132192317
580.49804980498,15.9534112287217
580.558055805581,15.9500092382118
580.618061806181,15.9466072477019
580.678067806781,15.9432052571919
580.738073807381,15.939803266682
580.798079807981,15.936401276172
580.858085808581,15.9329992856621
580.918091809181,15.9295972951522
580.978097809781,15.9261953046422
581.038103810381,15.922873042857
581.098109810981,15.9195966093939
581.158115811581,15.9163201759308
581.218121812181,15.9130437424677
581.278127812781,15.9097673090046
581.338133813381,15.9064908755415
581.398139813981,15.9032144420784
581.458145814581,15.8999380086153
581.518151815181,15.8966615751522
581.578157815782,15.893385141689
581.638163816382,15.8901087082259
581.698169816982,15.8868322747628
581.758175817582,15.8835558412997
581.818181818182,15.8802794078366
581.878187818782,15.8770029743735
581.938193819382,15.8737265409104
581.998199819982,15.8704501074473
582.058205820582,15.8673369446523
582.118211821182,15.8642288314656
582.178217821782,15.8611207182789
582.238223822382,15.8580126050921
582.298229822982,15.8549044919054
582.358235823582,15.8517963787187
582.418241824182,15.848688265532
582.478247824783,15.8455801523453
582.538253825383,15.8424720391586
582.598259825983,15.8393639259719
582.658265826583,15.8362558127851
582.718271827183,15.8331476995984
582.778277827783,15.8300395864117
582.838283828383,15.826931473225
582.898289828983,15.8238233600383
582.958295829583,15.8207152468516
583.018301830183,15.8175451107509
583.078307830783,15.8142336437477
583.138313831383,15.8109221767446
583.198319831983,15.8076107097415
583.258325832583,15.8042992427384
583.318331833183,15.8009877757353
583.378337833783,15.7976763087322
583.438343834383,15.7943648417291
583.498349834984,15.791053374726
583.558355835584,15.7877419077229
583.618361836184,15.7844304407198
583.678367836784,15.7811189737167
583.738373837384,15.7778075067136
583.798379837984,15.7744960397104
583.858385838584,15.7711845727073
583.918391839184,15.7678731057042
583.978397839784,15.7645616387011
584.038403840384,15.7609252200091
584.098409840984,15.7571060159921
584.158415841584,15.753286811975
584.218421842184,15.749467607958
584.278427842784,15.745648403941
584.338433843384,15.741829199924
584.398439843984,15.7380099959069
584.458445844585,15.7341907918899
584.518451845184,15.7303715878729
584.578457845785,15.7265523838558
584.638463846385,15.7227331798388
584.698469846985,15.7189139758218
584.758475847585,15.7150947718047
584.818481848185,15.7112755677877
584.878487848785,15.7074563637707
584.938493849385,15.7036371597537
584.998499849985,15.6998179557366
585.058505850585,15.6956386235733
585.118511851185,15.6914500573549
585.178517851785,15.6872614911365
585.238523852385,15.6830729249181
585.298529852985,15.6788843586997
585.358535853585,15.6746957924813
585.418541854185,15.6705072262629
585.478547854785,15.6663186600445
585.538553855386,15.6621300938261
585.598559855986,15.6579415276077
585.658565856586,15.6537529613893
585.718571857186,15.649564395171
585.778577857786,15.6453758289526
585.838583858386,15.6411872627342
585.898589858986,15.6369986965158
585.958595859586,15.6328101302974
586.018601860186,15.6286269777629
586.078607860786,15.624455875041
586.138613861386,15.6202847723191
586.198619861986,15.6161136695972
586.258625862586,15.6119425668752
586.318631863186,15.6077714641533
586.378637863786,15.6036003614314
586.438643864386,15.5994292587095
586.498649864986,15.5952581559876
586.558655865587,15.5910870532657
586.618661866187,15.5869159505438
586.678667866787,15.5827448478219
586.738673867387,15.5785737450999
586.798679867987,15.574402642378
586.858685868587,15.5702315396561
586.918691869187,15.5660604369342
586.978697869787,15.5618893342123
587.038703870387,15.5578431763584
587.098709870987,15.5538657866101
587.158715871587,15.5498883968618
587.218721872187,15.5459110071136
587.278727872787,15.5419336173653
587.338733873387,15.5379562276171
587.398739873987,15.5339788378688
587.458745874588,15.5300014481205
587.518751875187,15.5260240583723
587.578757875788,15.522046668624
587.638763876388,15.5180692788757
587.698769876988,15.5140918891275
587.758775877588,15.5101144993792
587.818781878188,15.506137109631
587.878787878788,15.5021597198827
587.938793879388,15.4981823301344
587.998799879988,15.4942049403862
588.058805880588,15.4902381767166
588.118811881188,15.4862716299059
588.178817881788,15.4823050830951
588.238823882388,15.4783385362843
588.298829882988,15.4743719894735
588.358835883588,15.4704054426627
588.418841884188,15.4664388958519
588.478847884788,15.4624723490412
588.538853885389,15.4585058022304
588.598859885989,15.4545392554196
588.658865886589,15.4505727086088
588.718871887189,15.446606161798
588.778877887789,15.4426396149872
588.838883888389,15.4386730681765
588.898889888989,15.4347065213657
588.958895889589,15.4307399745549
589.018901890189,15.4266840086765
589.078907890789,15.42243359181
589.138913891389,15.4181831749434
589.198919891989,15.4139327580768
589.258925892589,15.4096823412102
589.318931893189,15.4054319243436
589.378937893789,15.4011815074771
589.438943894389,15.3969310906105
589.498949894989,15.3926806737439
589.55895589559,15.3884302568773
589.61896189619,15.3841798400108
589.67896789679,15.3799294231442
589.73897389739,15.3756790062776
589.79897989799,15.371428589411
589.85898589859,15.3671781725444
589.91899189919,15.3629277556779
589.97899789979,15.3586773388113
590.03900390039,15.3541591986115
590.09900990099,15.3494968996939
590.15901590159,15.3448346007762
590.21902190219,15.3401723018586
590.27902790279,15.3355100029409
590.33903390339,15.3308477040233
590.39903990399,15.3261854051056
590.459045904591,15.3215231061879
590.519051905191,15.3168608072703
590.579057905791,15.3121985083526
590.639063906391,15.307536209435
590.699069906991,15.3028739105173
590.759075907591,15.2982116115997
590.819081908191,15.293549312682
590.879087908791,15.2888870137644
590.939093909391,15.2842247148467
590.999099909991,15.2795624159291
591.059105910591,15.2745733388999
591.119111911191,15.2695792855543
591.179117911791,15.2645852322087
591.239123912391,15.2595911788631
591.299129912991,15.2545971255176
591.359135913591,15.249603072172
591.419141914191,15.2446090188264
591.479147914791,15.2396149654808
591.539153915392,15.2346209121352
591.599159915992,15.2296268587896
591.659165916592,15.224632805444
591.719171917192,15.2196387520984
591.779177917792,15.2146446987529
591.839183918392,15.2096506454073
591.899189918992,15.2046565920617
591.959195919592,15.1996625387161
592.019201920192,15.1946070571748
592.079207920792,15.1894210407175
592.139213921392,15.1842350242602
592.199219921992,15.1790490078029
592.259225922592,15.1738629913456
592.319231923192,15.1686769748883
592.379237923792,15.163490958431
592.439243924392,15.1583049419737
592.499249924992,15.1531189255164
592.559255925593,15.1479329090591
592.619261926193,15.1427468926018
592.679267926793,15.1375608761445
592.739273927393,15.1323748596872
592.799279927993,15.12718884323
592.859285928593,15.1220028267727
592.919291929193,15.1168168103154
592.979297929793,15.1116307938581
593.039303930393,15.1063580651985
593.099309930993,15.1010396636996
593.159315931593,15.0957212622007
593.219321932193,15.0904028607017
593.279327932793,15.0850844592028
593.339333933393,15.0797660577039
593.399339933993,15.074447656205
593.459345934593,15.069129254706
593.519351935194,15.0638108532071
593.579357935793,15.0584924517082
593.639363936394,15.0531740502092
593.699369936994,15.0478556487103
593.759375937594,15.0425372472114
593.819381938194,15.0372188457125
593.879387938794,15.0319004442135
593.939393939394,15.0265820427146
593.999399939994,15.0212636412157
594.059405940594,15.0158043988979
594.119411941194,15.0103437339456
594.179417941794,15.0048830689932
594.239423942394,14.9994224040409
594.299429942994,14.9939617390886
594.359435943594,14.9885010741362
594.419441944194,14.9830404091839
594.479447944794,14.9775797442316
594.539453945395,14.9721190792792
594.599459945995,14.9666584143269
594.659465946595,14.9611977493746
594.719471947195,14.9557370844222
594.779477947795,14.9502764194699
594.839483948395,14.9448157545176
594.899489948995,14.9393550895653
594.959495949595,14.9338944246129
595.019501950195,14.9283955411682
595.079507950795,14.9228172808547
595.139513951395,14.9172390205412
595.199519951995,14.9116607602277
595.259525952595,14.9060824999142
595.319531953195,14.9005042396007
595.379537953795,14.8949259792872
595.439543954396,14.8893477189737
595.499549954995,14.8837694586602
595.559555955596,14.8781911983467
595.619561956196,14.8726129380332
595.679567956796,14.8670346777197
595.739573957396,14.8614564174062
595.799579957996,14.8558781570927
595.859585958596,14.8502998967792
595.919591959196,14.8447216364657
595.979597959796,14.8391433761522
596.039603960396,14.8335264566585
596.099609960996,14.8278896218295
596.159615961596,14.8222527870005
596.219621962196,14.8166159521716
596.279627962796,14.8109791173426
596.339633963396,14.8053422825136
596.399639963996,14.7997054476847
596.459645964596,14.7940686128557
596.519651965197,14.7884317780267
596.579657965797,14.7827949431977
596.639663966397,14.7771581083688
596.699669966997,14.7715212735398
596.759675967597,14.7658844387108
596.819681968197,14.7602476038819
596.879687968797,14.7546107690529
596.939693969397,14.7489739342239
596.999699969997,14.7433370993949
597.059705970597,14.7375954911295
597.119711971197,14.7318533563644
597.179717971797,14.7261112215993
597.239723972397,14.7203690868342
597.299729972997,14.7146269520691
597.359735973597,14.708884817304
597.419741974197,14.7031426825389
597.479747974797,14.6974005477738
597.539753975398,14.6916584130087
597.599759975998,14.6859162782436
597.659765976598,14.6801741434785
597.719771977198,14.6744320087134
597.779777977798,14.6686898739483
597.839783978398,14.6629477391832
597.899789978998,14.6572056044181
597.959795979598,14.651463469653
598.019801980198,14.6456189598647
598.079807980798,14.6395665977567
598.139813981398,14.6335142356487
598.199819981998,14.6274618735407
598.259825982598,14.6214095114327
598.319831983198,14.6153571493246
598.379837983798,14.6093047872166
598.439843984398,14.6032524251086
598.499849984998,14.5972000630006
598.559855985599,14.5911477008925
598.619861986199,14.5850953387845
598.679867986799,14.5790429766765
598.739873987399,14.5729906145685
598.799879987999,14.5669382524605
598.859885988599,14.5608858903524
598.919891989199,14.5548335282444
598.979897989799,14.5487811661364
599.039903990399,14.5423999146515
599.099909990999,14.535852982052
599.159915991599,14.5293060494524
599.219921992199,14.5227591168529
599.279927992799,14.5162121842534
599.339933993399,14.5096652516538
599.399939993999,14.5031183190543
599.459945994599,14.4965713864547
599.5199519952,14.4900244538552
599.5799579958,14.4834775212557
599.6399639964,14.4769305886561
599.699969997,14.4703836560566
599.7599759976,14.463836723457
599.8199819982,14.4572897908575
599.8799879988,14.450742858258
599.9399939994,14.4441959256584
600,14.4376489930589
600.0600060006,14.4306582854128
600.1200120012,14.4236675777668
600.1800180018,14.4166768701207
600.2400240024,14.4096861624747
600.300030003,14.4026954548286
600.3600360036,14.3957047471825
600.4200420042,14.3887140395365
600.4800480048,14.3817233318904
600.540054005401,14.3747326242444
600.600060006001,14.3677419165983
600.660066006601,14.3607512089522
600.720072007201,14.3537605013062
600.780078007801,14.3467697936601
600.840084008401,14.3397790860141
600.900090009001,14.332788378368
600.960096009601,14.3257976707219
601.020102010201,14.3187513358053
601.080108010801,14.3115945766053
601.140114011401,14.3044378174052
601.200120012001,14.2972810582052
601.260126012601,14.2901242990052
601.320132013201,14.2829675398051
601.380138013801,14.2758107806051
601.440144014401,14.268654021405
601.500150015002,14.261497262205
601.560156015601,14.254340503005
601.620162016202,14.2471837438049
601.680168016802,14.2400269846049
601.740174017402,14.2328702254049
601.800180018002,14.2257134662048
601.860186018602,14.2185567070048
601.920192019202,14.2113999478047
601.980198019802,14.2042431886047
602.040204020402,14.1971675896316
602.100210021002,14.1901319650987
602.160216021602,14.1830963405658
602.220222022202,14.1760607160328
602.280228022802,14.1690250914999
602.340234023402,14.161989466967
602.400240024002,14.154953842434
602.460246024602,14.1479182179011
602.520252025203,14.1408825933682
602.580258025803,14.1338469688353
602.640264026403,14.1268113443023
602.700270027003,14.1197757197694
602.760276027603,14.1127400952365
602.820282028203,14.1057044707035
602.880288028803,14.0986688461706
602.940294029403,14.0916332216377
603.000300030003,14.0845985384642
603.060306030603,14.0777511858172
603.120312031203,14.0709038331702
603.180318031803,14.0640564805233
603.240324032403,14.0572091278763
603.300330033003,14.0503617752293
603.360336033603,14.0435144225823
603.420342034203,14.0366670699353
603.480348034803,14.0298197172884
603.540354035404,14.0229723646414
603.600360036004,14.0161250119944
603.660366036604,14.0092776593475
603.720372037204,14.0024303067005
603.780378037804,13.9955829540535
603.840384038404,13.9887356014065
603.900390039004,13.9818882487596
603.960396039604,13.9750408961126
604.020402040204,13.9682195496603
604.080408040804,13.9614486858213
604.140414041404,13.9546778219823
604.200420042004,13.9479069581433
604.260426042604,13.9411360943043
604.320432043204,13.9343652304653
604.380438043804,13.9275943666263
604.440444044404,13.9208235027873
604.500450045005,13.9140526389483
604.560456045604,13.9072817751093
604.620462046205,13.9005109112702
604.680468046805,13.8937400474312
604.740474047405,13.8869691835922
604.800480048005,13.8801983197532
604.860486048605,13.8734274559142
604.920492049205,13.8666565920752
604.980498049805,13.8598857282362
605.040504050405,13.8530212031827
605.100510051005,13.8461115819889
605.160516051605,13.8392019607951
605.220522052205,13.8322923396012
605.280528052805,13.8253827184074
605.340534053405,13.8184730972136
605.400540054005,13.8115634760198
605.460546054605,13.804653854826
605.520552055206,13.7977442336322
605.580558055806,13.7908346124384
605.640564056406,13.7839249912445
605.700570057006,13.7770153700507
605.760576057606,13.7701057488569
605.820582058206,13.7631961276631
605.880588058806,13.7562865064693
605.940594059406,13.7493768852755
606.000600060006,13.7424644142894
606.060606060606,13.7352698138698
606.120612061206,13.7280752134502
606.180618061806,13.7208806130307
606.240624062406,13.7136860126111
606.300630063006,13.7064914121915
606.360636063606,13.6992968117719
606.420642064206,13.6921022113523
606.480648064806,13.6849076109328
606.540654065407,13.6777130105132
606.600660066007,13.6705184100936
606.660666066607,13.663323809674
606.720672067207,13.6561292092544
606.780678067807,13.6489346088349
606.840684068407,13.6417400084153
606.900690069007,13.6345454079957
606.960696069607,13.6273508075761
607.020702070207,13.6200671304892
607.080708070807,13.612614336831
607.140714071407,13.6051615431728
607.200720072007,13.5977087495146
607.260726072607,13.5902559558563
607.320732073207,13.5828031621981
607.380738073807,13.5753503685399
607.440744074407,13.5678975748817
607.500750075008,13.5604447812235
607.560756075608,13.5529919875653
607.620762076208,13.545539193907
607.680768076808,13.5380864002488
607.740774077408,13.5306336065906
607.800780078008,13.5231808129324
607.860786078608,13.5157280192742
607.920792079208,13.508275225616
607.980798079808,13.5008224319577
608.040804080408,13.4932466019145
608.100810081008,13.4856128723961
608.160816081608,13.4779791428776
608.220822082208,13.4703454133591
608.280828082808,13.4627116838407
608.340834083408,13.4550779543222
608.400840084008,13.4474442248037
608.460846084608,13.4398104952853
608.520852085209,13.4321767657668
608.580858085809,13.4245430362483
608.640864086409,13.4169093067299
608.700870087009,13.4092755772114
608.760876087609,13.4016418476929
608.820882088209,13.3940081181744
608.880888088809,13.386374388656
608.940894089409,13.3787406591375
609.000900090009,13.3711065869264
609.060906090609,13.3634500112364
609.120912091209,13.3557934355463
609.180918091809,13.3481368598562
609.240924092409,13.3404802841661
609.300930093009,13.3328237084759
609.360936093609,13.3251671327859
609.420942094209,13.3175105570958
609.480948094809,13.3098539814057
609.540954095409,13.3021974057156
609.60096009601,13.2945408300255
609.66096609661,13.2868842543354
609.72097209721,13.2792276786453
609.78097809781,13.2715711029552
609.84098409841,13.2639145272651
609.90099009901,13.256257951575
609.96099609961,13.2486013758849
610.02100210021,13.2408990425055
610.08100810081,13.2331117305602
610.14101410141,13.225324418615
610.20102010201,13.2175371066697
610.26102610261,13.2097497947244
610.32103210321,13.2019624827792
610.38103810381,13.1941751708339
610.44104410441,13.1863878588887
610.501050105011,13.1786005469434
610.561056105611,13.1708132349982
610.621062106211,13.1630259230529
610.681068106811,13.1552386111076
610.741074107411,13.1474512991624
610.801080108011,13.1396639872171
610.861086108611,13.1318766752719
610.921092109211,13.1240893633266
610.981098109811,13.1163020513814
611.041104110411,13.1084120515987
611.101110111011,13.1004748304017
611.161116111611,13.0925376092048
611.221122112211,13.0846003880078
611.281128112811,13.0766631668109
611.341134113411,13.0687259456139
611.401140114011,13.060788724417
611.461146114611,13.05285150322
611.521152115212,13.0449142820231
611.581158115812,13.0369770608261
611.641164116412,13.0290398396292
611.701170117012,13.0211026184322
611.761176117612,13.0131653972353
611.821182118212,13.0052281760383
611.881188118812,12.9972909548414
611.941194119412,12.9893537336444
612.001200120012,12.9814131703383
612.061206120612,12.9733088436852
612.121212121212,12.9652045170321
612.181218121812,12.9571001903789
612.241224122412,12.9489958637258
612.301230123012,12.9408915370726
612.361236123612,12.9327872104195
612.421242124212,12.9246828837663
612.481248124813,12.9165785571132
612.541254125412,12.9084742304601
612.601260126013,12.9003699038069
612.661266126613,12.8922655771538
612.721272127213,12.8841612505006
612.781278127813,12.8760569238475
612.841284128413,12.8679525971944
612.901290129013,12.8598482705412
612.961296129613,12.8517439438881
613.021302130213,12.8436424553981
613.081308130813,12.8355461235707
613.141314131413,12.8274497917434
613.201320132013,12.819353459916
613.261326132613,12.8112571280887
613.321332133213,12.8031607962614
613.381338133813,12.795064464434
613.441344134413,12.7869681326067
613.501350135014,12.7788718007793
613.561356135614,12.770775468952
613.621362136214,12.7626791371246
613.681368136814,12.7545828052973
613.741374137414,12.74648647347
613.801380138014,12.7383901416426
613.861386138614,12.7302938098153
613.921392139214,12.7221974779879
613.981398139814,12.7141011461606
614.041404140414,12.7058414601686
614.101410141014,12.6975083831751
614.161416141614,12.6891753061815
614.221422142214,12.680842229188
614.281428142814,12.6725091521945
614.341434143414,12.664176075201
614.401440144014,12.6558429982075
614.461446144614,12.6475099212139
614.521452145215,12.6391768442204
614.581458145815,12.6308437672269
614.641464146415,12.6225106902334
614.701470147015,12.6141776132399
614.761476147615,12.6058445362463
614.821482148215,12.5975114592528
614.881488148815,12.5891783822593
614.941494149415,12.5808453052658
615.001500150015,12.5725085893846
615.061506150615,12.5640299568856
615.121512151215,12.5555513243865
615.181518151815,12.5470726918874
615.241524152415,12.5385940593884
615.301530153015,12.5301154268893
615.361536153615,12.5216367943903
615.421542154215,12.5131581618912
615.481548154816,12.5046795293922
615.541554155415,12.4962008968931
615.601560156016,12.487722264394
615.661566156616,12.479243631895
615.721572157216,12.4707649993959
615.781578157816,12.4622863668969
615.841584158416,12.4538077343978
615.901590159016,12.4453291018988
615.961596159616,12.4368504693997
616.021602160216,12.4283458707382
616.081608160816,12.4197951100102
616.141614161416,12.4112443492821
616.201620162016,12.4026935885541
616.261626162616,12.394142827826
616.321632163216,12.385592067098
616.381638163816,12.37704130637
616.441644164416,12.3684905456419
616.501650165016,12.3599397849139
616.561656165617,12.3513890241858
616.621662166217,12.3428382634578
616.681668166817,12.3342875027297
616.741674167417,12.3257367420017
616.801680168017,12.3171859812737
616.861686168617,12.3086352205456
616.921692169217,12.3000844598176
616.981698169817,12.2915336990895
617.041704170417,12.2828554074636
617.101710171017,12.2741211490406
617.161716171617,12.2653868906177
617.221722172217,12.2566526321948
617.281728172817,12.2479183737718
617.341734173417,12.2391841153489
617.401740174017,12.230449856926
617.461746174617,12.2217155985031
617.521752175217,12.2129813400801
617.581758175818,12.2042470816572
617.641764176418,12.1955128232343
617.701770177018,12.1867785648114
617.761776177618,12.1780443063884
617.821782178218,12.1693100479655
617.881788178818,12.1605757895426
617.941794179418,12.1518415311196
618.001800180018,12.1430999864749
618.061806180618,12.1341228539906
618.121812181218,12.1251457215064
618.181818181818,12.1161685890221
618.241824182418,12.1071914565379
618.301830183018,12.0982143240537
618.361836183618,12.0892371915694
618.421842184218,12.0802600590852
618.481848184819,12.0712829266009
618.541854185419,12.0623057941167
618.601860186019,12.0533286616324
618.661866186619,12.0443515291482
618.721872187219,12.035374396664
618.781878187819,12.0263972641797
618.841884188419,12.0174201316955
618.901890189019,12.0084429992112
618.961896189619,11.999465866727
619.021902190219,11.9904744322691
619.081908190819,11.9814581162953
619.141914191419,11.9724418003216
619.201920192019,11.9634254843478
619.261926192619,11.954409168374
619.321932193219,11.9453928524003
619.381938193819,11.9363765364265
619.441944194419,11.9273602204528
619.50195019502,11.918343904479
619.56195619562,11.9093275885052
619.62196219622,11.9003112725315
619.68196819682,11.8912949565577
619.74197419742,11.882278640584
619.80198019802,11.8732623246102
619.86198619862,11.8642460086364
619.92199219922,11.8552296926627
619.98199819982,11.8462133766889
620.04200420042,11.8372212013928
620.10201020102,11.8282393721014
620.16201620162,11.81925754281
620.22202220222,11.8102757135186
620.28202820282,11.8012938842272
620.34203420342,11.7923120549358
620.40204020402,11.7833302256444
620.46204620462,11.774348396353
620.52205220522,11.7653665670616
620.582058205821,11.7563847377702
620.642064206421,11.7474029084788
620.702070207021,11.7384210791874
620.762076207621,11.729439249896
620.822082208221,11.7204574206046
620.882088208821,11.7114755913132
620.942094209421,11.7024937620218
621.002100210021,11.6935223628884
621.062106210621,11.6848385381113
621.122112211221,11.6761547133342
621.182118211821,11.667470888557
621.242124212421,11.6587870637799
621.302130213021,11.6501032390028
621.362136213621,11.6414194142257
621.422142214221,11.6327355894486
621.482148214821,11.6240517646714
621.542154215422,11.6153679398943
621.602160216022,11.6066841151172
621.662166216622,11.5980002903401
621.722172217222,11.589316465563
621.782178217822,11.5806326407858
621.842184218422,11.5719488160087
621.902190219022,11.5632649912316
621.962196219622,11.5545811664545
622.022202220222,11.5459461930053
622.082208220822,11.5373943988443
622.142214221422,11.5288426046832
622.202220222022,11.5202908105222
622.262226222622,11.5117390163612
622.322232223222,11.5031872222001
622.382238223822,11.4946354280391
622.442244224422,11.486083633878
622.502250225023,11.477531839717
622.562256225623,11.468980045556
622.622262226223,11.4604282513949
622.682268226823,11.4518764572339
622.742274227423,11.4433246630729
622.802280228023,11.4347728689118
622.862286228623,11.4262210747508
622.922292229223,11.4176692805898
622.982298229823,11.4091174864287
623.042304230423,11.4005057880654
623.102310231023,11.3918690234047
623.162316231623,11.3832322587439
623.222322232223,11.3745954940832
623.282328232823,11.3659587294225
623.342334233423,11.3573219647618
623.402340234023,11.348685200101
623.462346234624,11.3400484354403
623.522352235223,11.3314116707796
623.582358235824,11.3227749061189
623.642364236424,11.3141381414581
623.702370237024,11.3055013767974
623.762376237624,11.2968646121367
623.822382238224,11.288227847476
623.882388238824,11.2795910828152
623.942394239424,11.2709543181545
624.002400240024,11.2623109928472
624.062406240624,11.2535102120226
624.122412241224,11.244709431198
624.182418241824,11.2359086503734
624.242424242424,11.2271078695489
624.302430243024,11.2183070887243
624.362436243624,11.2095063078997
624.422442244224,11.2007055270751
624.482448244824,11.1919047462505
624.542454245425,11.1831039654259
624.602460246025,11.1743031846013
624.662466246625,11.1655024037767
624.722472247225,11.1567016229521
624.782478247825,11.1479008421275
624.842484248425,11.1391000613029
624.902490249025,11.1302992804784
624.962496249625,11.1214984996538
625.022502250225,11.112650897833
625.082508250825,11.1037252610185
625.142514251425,11.0947996242041
625.202520252025,11.0858739873897
625.262526252625,11.0769483505752
625.322532253225,11.0680227137608
625.382538253825,11.0590970769464
625.442544254425,11.0501714401319
625.502550255025,11.0412458033175
625.562556255626,11.032320166503
625.622562256226,11.0233945296886
625.682568256826,11.0144688928742
625.742574257426,11.0055432560597
625.802580258026,10.9966176192453
625.862586258626,10.9876919824309
625.922592259226,10.9787663456164
625.982598259826,10.969840708802
626.042604260426,10.9608948254842
626.102610261026,10.9519406724679
626.162616261626,10.9429865194516
626.222622262226,10.9340323664353
626.282628262826,10.925078213419
626.342634263426,10.9161240604027
626.402640264026,10.9071699073864
626.462646264627,10.89821575437
626.522652265226,10.8892616013537
626.582658265827,10.8803074483374
626.642664266427,10.8713532953211
626.702670267027,10.8623991423048
626.762676267627,10.8534449892885
626.822682268227,10.8444908362722
626.882688268827,10.8355366832559
626.942694269427,10.8265825302396
627.002700270027,10.8176294413154
627.062706270627,10.8086989347907
627.122712271227,10.7997684282661
627.182718271827,10.7908379217414
627.242724272427,10.7819074152168
627.302730273027,10.7729769086921
627.362736273627,10.7640464021675
627.422742274227,10.7551158956428
627.482748274827,10.7461853891182
627.542754275428,10.7372548825935
627.602760276028,10.7283243760689
627.662766276628,10.7193938695442
627.722772277228,10.7104633630196
627.782778277828,10.7015328564949
627.842784278428,10.6926023499703
627.902790279028,10.6836718434456
627.962796279628,10.674741336921
628.022802280228,10.665809885624
628.082808280828,10.6568768928562
628.142814281428,10.6479439000885
628.202820282028,10.6390109073208
628.262826282628,10.630077914553
628.322832283228,10.6211449217853
628.382838283828,10.6122119290176
628.442844284428,10.6032789362499
628.502850285028,10.5943459434821
628.562856285629,10.5854129507144
628.622862286229,10.5764799579467
628.682868286829,10.5675469651789
628.742874287429,10.5586139724112
628.802880288029,10.5496809796435
628.862886288629,10.5407479868757
628.922892289229,10.531814994108
628.982898289829,10.5228820013403
629.042904290429,10.5141227455037
629.102910291029,10.5054327414508
629.162916291629,10.4967427373978
629.222922292229,10.4880527333449
629.282928292829,10.479362729292
629.342934293429,10.4706727252391
629.402940294029,10.4619827211862
629.462946294629,10.4532927171333
629.52295229523,10.4446027130804
629.58295829583,10.4359127090274
629.64296429643,10.4272227049745
629.70297029703,10.4185327009216
629.76297629763,10.4098426968687
629.82298229823,10.4011526928158
629.88298829883,10.3924626887629
629.94299429943,10.38377268471
630.00300030003,10.3750849556538
630.06300630063,10.3664404515351
630.12301230123,10.3577959474165
630.18301830183,10.3491514432979
630.24302430243,10.3405069391793
630.30303030303,10.3318624350606
630.36303630363,10.323217930942
630.42304230423,10.3145734268234
630.483048304831,10.3059289227048
630.543054305431,10.2972844185861
630.603060306031,10.2886399144675
630.663066306631,10.2799954103489
630.723072307231,10.2713509062303
630.783078307831,10.2627064021116
630.843084308431,10.254061897993
630.903090309031,10.2454173938744
630.963096309631,10.2367728897558
631.023102310231,10.2281556151656
631.083108310831,10.2195818370948
631.143114311431,10.211008059024
631.203120312031,10.2024342809532
631.263126312631,10.1938605028825
631.323132313231,10.1852867248117
631.383138313831,10.1767129467409
631.443144314431,10.1681391686701
631.503150315031,10.1595653905994
631.563156315632,10.1509916125286
631.623162316232,10.1424178344578
631.683168316832,10.1338440563871
631.743174317432,10.1252702783163
631.803180318032,10.1166965002455
631.863186318632,10.1081227221748
631.923192319232,10.099548944104
631.983198319832,10.0909751660332
632.043204320432,10.0824012671278
632.103210321032,10.0738273212311
632.163216321632,10.0652533753344
632.223222322232,10.0566794294377
632.283228322832,10.0481054835411
632.343234323432,10.0395315376444
632.403240324032,10.0309575917477
632.463246324632,10.022383645851
632.523252325233,10.0138096999543
632.583258325833,10.0052357540576
632.643264326433,9.99666180816093
632.703270327033,9.98808786226426
632.763276327633,9.97951391636757
632.823282328233,9.97093997047089
632.883288328833,9.96236602457421
632.943294329433,9.95379207867751
633.003300330033,9.94520884805762
633.063306330633,9.93646608901157
633.123312331233,9.92772332996551
633.183318331833,9.91898057091948
633.243324332433,9.9102378118734
633.303330333033,9.90149505282737
633.363336333633,9.89275229378131
633.423342334233,9.88400953473526
633.483348334833,9.87526677568922
633.543354335434,9.86652401664315
633.603360336034,9.85778125759711
633.663366336634,9.84903849855106
633.723372337234,9.840295739505
633.783378337834,9.83155298045897
633.843384338434,9.82281022141289
633.903390339034,9.81406746236686
633.963396339634,9.8053247033208
634.023402340234,9.79652050615619
634.083408340834,9.78762021347284
634.143414341434,9.77871992078944
634.203420342034,9.76981962810609
634.263426342634,9.76091933542271
634.323432343234,9.75201904273934
634.383438343834,9.74311875005598
634.443444344435,9.73421845737259
634.503450345034,9.72531816468923
634.563456345635,9.71641787200586
634.623462346235,9.70751757932248
634.683468346835,9.69861728663912
634.743474347435,9.68971699395573
634.803480348035,9.68081670127237
634.863486348635,9.671916408589
634.923492349235,9.66301611590562
634.983498349835,9.65411582322227
635.043504350435,9.64513160523953
635.103510351035,9.63611555352259
635.163516351635,9.62709950180563
635.223522352235,9.61808345008868
635.283528352835,9.60906739837174
635.343534353435,9.60005134665476
635.403540354035,9.59103529493783
635.463546354635,9.58201924322087
635.523552355236,9.57300319150391
635.583558355836,9.56398713978697
635.643564356436,9.55497108807
635.703570357036,9.54595503635306
635.763576357636,9.5369389846361
635.823582358236,9.52792293291915
635.883588358836,9.51890688120221
635.943594359436,9.50989082948523
636.003600360036,9.50087451952157
636.063606360636,9.49185416369252
636.123612361236,9.48283380786347
636.183618361836,9.47381345203444
636.243624362436,9.46479309620538
636.303630363036,9.45577274037635
636.363636363636,9.4467523845473
636.423642364236,9.43773202871825
636.483648364836,9.42871167288922
636.543654365437,9.41969131706015
636.603660366037,9.41067096123112
636.663666366637,9.40165060540208
636.723672367237,9.39263024957303
636.783678367837,9.38360989374399
636.843684368437,9.37458953791495
636.903690369037,9.3655691820859
636.963696369637,9.35654882625685
637.023702370237,9.34758716119619
637.083708370837,9.33871538959092
637.143714371437,9.32984361798564
637.203720372037,9.32097184638035
637.263726372637,9.31210007477507
637.323732373237,9.30322830316979
637.383738373837,9.29435653156452
637.443744374437,9.28548475995924
637.503750375037,9.27661298835395
637.563756375638,9.26774121674867
637.623762376238,9.25886944514338
637.683768376838,9.24999767353812
637.743774377438,9.24112590193283
637.803780378038,9.23225413032755
637.863786378638,9.22338235872226
637.923792379238,9.21451058711698
637.983798379838,9.20563881551171
638.043804380438,9.19677904968614
638.103810381038,9.18792372435444
638.163816381638,9.17906839902274
638.223822382238,9.17021307369104
638.283828382838,9.16135774835935
638.343834383438,9.15250242302765
638.403840384038,9.14364709769595
638.463846384638,9.13479177236425
638.523852385239,9.12593644703255
638.583858385839,9.11708112170086
638.643864386439,9.10822579636916
638.703870387039,9.09937047103746
638.763876387639,9.09051514570576
638.823882388239,9.08165982037406
638.883888388839,9.07280449504237
638.943894389439,9.06394916971067
639.003900390039,9.0551017263968
639.063906390639,9.04636766287796
639.123912391239,9.03763359935908
639.183918391839,9.02889953584024
639.243924392439,9.02016547232138
639.303930393039,9.01143140880252
639.363936393639,9.00269734528368
639.423942394239,8.9939632817648
639.483948394839,8.98522921824595
639.54395439544,8.9764951547271
639.60396039604,8.96776109120824
639.66396639664,8.95902702768939
639.72397239724,8.95029296417051
639.78397839784,8.94155890065167
639.84398439844,8.93282483713281
639.90399039904,8.92409077361395
639.96399639964,8.91535671009511
640.02400240024,8.90662621943509
640.08400840084,8.89790108806339
640.14401440144,8.88917595669168
640.20402040204,8.88045082531996
640.26402640264,8.87172569394827
640.32403240324,8.86300056257654
640.38403840384,8.85427543120484
640.44404440444,8.84555029983313
640.504050405041,8.83682516846141
640.56405640564,8.82810003708972
640.624062406241,8.81937490571799
640.684068406841,8.81064977434629
640.744074407441,8.80192464297457
640.804080408041,8.79319951160286
640.864086408641,8.78447438023117
640.924092409241,8.77574924885943
640.984098409841,8.76702411748774
641.044104410441,8.75839845667907
641.104110411041,8.74980865940673
641.164116411641,8.74121886213441
641.224122412241,8.73262906486206
641.284128412841,8.72403926758974
641.344134413441,8.7154494703174
641.404140414041,8.70685967304506
641.464146414641,8.69826987577274
641.524152415242,8.68968007850039
641.584158415842,8.68109028122807
641.644164416442,8.67250048395574
641.704170417042,8.6639106866834
641.764176417642,8.65532088941108
641.824182418242,8.64673109213873
641.884188418842,8.63814129486641
641.944194419442,8.62955149759407
642.004200420042,8.62093941512554
642.064206420642,8.61203125790765
642.124212421242,8.60312310068973
642.184218421842,8.59421494347184
642.244224422442,8.58530678625394
642.304230423042,8.57639862903603
642.364236423642,8.56749047181814
642.424242424242,8.55858231460022
642.484248424842,8.54967415738233
642.544254425443,8.54076600016442
642.604260426043,8.53185784294651
642.664266426643,8.52294968572862
642.724272427243,8.5140415285107
642.784278427843,8.50513337129281
642.844284428443,8.49622521407491
642.904290429043,8.487317056857
642.964296429643,8.47840889963911
643.024302430243,8.46969602312865
643.084308430843,8.46127004049708
643.144314431443,8.4528440578655
643.204320432043,8.44441807523392
643.264326432643,8.43599209260235
643.324332433243,8.42756610997075
643.384338433843,8.41914012733918
643.444344434443,8.4107141447076
643.504350435044,8.40228816207602
643.564356435644,8.39386217944445
643.624362436244,8.38543619681285
643.684368436844,8.37701021418128
643.744374437444,8.3685842315497
643.804380438044,8.36015824891812
643.864386438644,8.35173226628655
643.924392439244,8.34330628365495
643.984398439844,8.33488030102338
644.044404440444,8.32642871108104
644.104410441044,8.31796812397545
644.164416441644,8.30950753686988
644.224422442244,8.30104694976427
644.284428442844,8.2925863626587
644.344434443444,8.28412577555311
644.404440444044,8.27566518844753
644.464446444644,8.26720460134196
644.524452445244,8.25874401423637
644.584458445845,8.25028342713078
644.644464446445,8.2418228400252
644.704470447045,8.23336225291961
644.764476447645,8.22490166581404
644.824482448245,8.21644107870845
644.884488448845,8.20798049160286
644.944494449445,8.19951990449727
645.004500450045,8.19107135422392
645.064506450645,8.1827712582148
645.124512451245,8.17447116220567
645.184518451845,8.16617106619654
645.244524452445,8.15787097018741
645.304530453045,8.14957087417828
645.364536453645,8.14127077816916
645.424542454245,8.13297068216003
645.484548454845,8.1246705861509
645.544554455446,8.11637049014176
645.604560456046,8.10807039413263
645.664566456646,8.09977029812352
645.724572457246,8.09147020211438
645.784578457846,8.08317010610525
645.844584458446,8.07487001009612
645.904590459046,8.06656991408699
645.964596459646,8.05826981807787
646.024602460246,8.04997345664423
646.084608460846,8.04168246935582
646.144614461446,8.03339148206741
646.204620462046,8.025100494779
646.264626462646,8.0168095074906
646.324632463246,8.00851852020219
646.384638463846,8.00022753291378
646.444644464446,7.99193654562536
646.504650465047,7.98364555833695
646.564656465647,7.97535457104855
646.624662466247,7.96706358376014
646.684668466847,7.95877259647173
646.744674467447,7.95048160918333
646.804680468047,7.94219062189491
646.864686468647,7.93389963460651
646.924692469247,7.9256086473181
646.984698469847,7.91731766002968
647.044704470447,7.90907402697195
647.104710471047,7.90084660240925
647.164716471647,7.89261917784658
647.224722472247,7.8843917532839
647.284728472847,7.87616432872121
647.344734473447,7.86793690415854
647.404740474047,7.85970947959584
647.464746474647,7.85148205503317
647.524752475248,7.84325463047049
647.584758475848,7.8350272059078
647.644764476448,7.82679978134513
647.704770477048,7.81857235678243
647.764776477648,7.81034493221976
647.824782478248,7.80211750765707
647.884788478848,7.79389008309439
647.944794479448,7.78566265853172
648.004800480048,7.77744639465752
648.064806480648,7.76935847870118
648.124812481248,7.76127056274483
648.184818481848,7.75318264678847
648.244824482448,7.74509473083213
648.304830483048,7.73700681487576
648.364836483648,7.72891889891942
648.424842484248,7.72083098296306
648.484848484848,7.71274306700671
648.544854485448,7.70465515105037
648.604860486049,7.696567235094
648.664866486649,7.68847931913766
648.724872487249,7.6803914031813
648.784878487849,7.67230348722494
648.844884488449,7.6642155712686
648.904890489049,7.65612765531223
648.964896489649,7.64803973935589
649.024902490249,7.64003372205843
649.084908490849,7.63214315226808
649.144914491449,7.62425258247775
649.204920492049,7.61636201268739
649.264926492649,7.60847144289706
649.324932493249,7.60058087310671
649.384938493849,7.59269030331637
649.444944494449,7.58479973352603
649.50495049505,7.57690916373567
649.56495649565,7.56901859394534
649.62496249625,7.561128024155
649.68496849685,7.55323745436465
649.74497449745,7.54534688457432
649.80498049805,7.53745631478396
649.86498649865,7.52956574499363
649.92499249925,7.52167517520328
649.98499849985,7.51378460541293
650.04500450045,7.50597556547914
650.10501050105,7.49819370216416
650.16501650165,7.49041183884921
650.22502250225,7.48262997553425
650.28502850285,7.47484811221929
650.34503450345,7.46706624890434
650.40504050405,7.45928438558936
650.46504650465,7.45150252227441
650.525052505251,7.44372065895945
650.585058505851,7.43593879564449
650.645064506451,7.42815693232954
650.705070507051,7.42037506901456
650.765076507651,7.41259320569961
650.825082508251,7.40481134238465
650.885088508851,7.39702947906969
650.945094509451,7.38924761575474
651.005100510051,7.38145757041577
651.065106510651,7.37357944799512
651.125112511251,7.36570132557445
651.185118511851,7.35782320315378
651.245124512451,7.34994508073313
651.305130513051,7.34206695831244
651.365136513651,7.33418883589179
651.425142514251,7.32631071347112
651.485148514852,7.31843259105045
651.545154515451,7.3105544686298
651.605160516052,7.30267634620911
651.665166516652,7.29479822378846
651.725172517252,7.28692010136779
651.785178517852,7.27904197894712
651.845184518452,7.27116385652647
651.905190519052,7.26328573410578
651.965196519652,7.25540761168513
652.025202520252,7.24750385474547
652.085208520852,7.23956469775578
652.145214521452,7.23162554076611
652.205220522052,7.22368638377642
652.265226522652,7.21574722678673
652.325232523252,7.20780806979704
652.385238523852,7.19986891280735
652.445244524452,7.19192975581768
652.505250525052,7.18399059882799
652.565256525653,7.1760514418383
652.625262526253,7.16811228484861
652.685268526853,7.16017312785892
652.745274527453,7.15223397086924
652.805280528053,7.14429481387956
652.865286528653,7.13635565688987
652.925292529253,7.12841649990018
652.985298529853,7.12047734291049
653.045304530453,7.11258052619911
653.105310531053,7.10469744904821
653.165316531653,7.09681437189732
653.225322532253,7.08893129474643
653.285328532853,7.08104821759554
653.345334533453,7.07316514044466
653.405340534053,7.06528206329377
653.465346534653,7.05739898614287
653.525352535254,7.04951590899198
653.585358535854,7.04163283184109
653.645364536454,7.03374975469021
653.705370537054,7.02586667753932
653.765376537654,7.01798360038843
653.825382538254,7.01010052323753
653.885388538854,7.00221744608664
653.945394539454,6.99433436893576
654.005400540054,6.98646337280665
654.065406540654,6.97871452923108
654.125412541254,6.97096568565551
654.185418541854,6.96321684207994
654.245424542454,6.95546799850439
654.305430543054,6.94771915492882
654.365436543654,6.93997031135325
654.425442544254,6.93222146777769
654.485448544855,6.92447262420211
654.545454545455,6.91672378062655
654.605460546055,6.90897493705098
654.665466546655,6.90122609347541
654.725472547255,6.89347724989986
654.785478547855,6.88572840632427
654.845484548455,6.87797956274872
654.905490549055,6.87023071917315
654.965496549655,6.86248187559758
655.025502550255,6.85457522647921
655.085508550855,6.84645507574405
655.145514551455,6.83833492500892
655.205520552055,6.83021477427378
655.265526552655,6.82209462353864
655.325532553255,6.81397447280351
655.385538553855,6.80585432206836
655.445544554455,6.79773417133323
655.505550555055,6.78961402059809
655.565556555656,6.78149386986294
655.625562556256,6.77337371912782
655.685568556856,6.76525356839266
655.745574557456,6.75713341765753
655.805580558056,6.74901326692239
655.865586558656,6.74089311618725
655.925592559256,6.73277296545212
655.985598559856,6.72465281471697
656.045604560456,6.71668990134454
656.105610561056,6.70877664187611
656.165616561656,6.70086338240768
656.225622562256,6.69295012293927
656.285628562856,6.68503686347082
656.345634563456,6.67712360400241
656.405640564056,6.66921034453398
656.465646564656,6.66129708506555
656.525652565256,6.65338382559713
656.585658565857,6.64547056612869
656.645664566457,6.63755730666027
656.705670567057,6.62964404719184
656.765676567657,6.62173078772341
656.825682568257,6.613817528255
656.885688568857,6.60590426878655
656.945694569457,6.59799100931814
657.005700570057,6.59009328102894
657.065706570657,6.58234350765771
657.125712571257,6.57459373428648
657.185718571857,6.56684396091523
657.245724572457,6.55909418754401
657.305730573057,6.55134441417277
657.365736573657,6.54359464080153
657.425742574257,6.53584486743031
657.485748574858,6.52809509405906
657.545754575458,6.52034532068784
657.605760576058,6.5125955473166
657.665766576658,6.50484577394536
657.725772577258,6.49709600057414
657.785778577858,6.48934622720289
657.845784578458,6.48159645383166
657.905790579058,6.47384668046043
657.965796579658,6.46609690708919
658.025802580258,6.45838313306273
658.085808580858,6.45071707909791
658.145814581458,6.44305102513312
658.205820582058,6.43538497116832
658.265826582658,6.42771891720352
658.325832583258,6.42005286323873
658.385838583858,6.41238680927391
658.445844584458,6.40472075530912
658.505850585059,6.39705470134431
658.565856585659,6.38938864737951
658.625862586259,6.38172259341472
658.685868586859,6.3740565394499
658.745874587459,6.36639048548511
658.805880588059,6.3587244315203
658.865886588659,6.3510583775555
658.925892589259,6.34339232359071
658.985898589859,6.33572626962589
659.045904590459,6.32816945687848
659.105910591059,6.32064620189065
659.165916591659,6.31312294690281
659.225922592259,6.30559969191499
659.285928592859,6.29807643692714
659.345934593459,6.29055318193932
659.405940594059,6.28302992695149
659.465946594659,6.27550667196366
659.525952595259,6.26798341697584
659.58595859586,6.26046016198799
659.64596459646,6.25293690700017
659.70597059706,6.24541365201233
659.76597659766,6.2378903970245
659.82598259826,6.23036714203668
659.88598859886,6.22284388704884
659.94599459946,6.21532063206101
660.00600060006,6.20780003453026
660.06600660066,6.20030335411323
660.12601260126,6.19280667369622
660.18601860186,6.18530999327919
660.24602460246,6.17781331286216
660.30603060306,6.17031663244514
660.36603660366,6.16281995202811
660.42604260426,6.1553232716111
660.48604860486,6.14782659119407
660.546054605461,6.14032991077705
660.606060606061,6.13283323036002
660.666066606661,6.12533654994299
660.726072607261,6.11783986952598
660.786078607861,6.11034318910895
660.846084608461,6.10284650869193
660.906090609061,6.0953498282749
660.966096609661,6.08785314785787
661.026102610261,6.08034993447968
661.086108610861,6.07283823576108
661.146114611461,6.06532653704249
661.206120612061,6.05781483832389
661.266126612661,6.05030313960529
661.326132613261,6.04279144088671
661.386138613861,6.03527974216812
661.446144614461,6.02776804344952
661.506150615062,6.02025634473093
661.566156615662,6.01274464601233
661.626162616262,6.00523294729375
661.686168616862,5.99772124857515
661.746174617462,5.99020954985656
661.806180618062,5.98269785113796
661.866186618662,5.97518615241937
661.926192619262,5.96767445370078
661.986198619862,5.96016275498219
662.046204620462,5.95275107786999
662.106210621062,5.94536927734154
662.166216621662,5.93798747681307
662.226222622262,5.93060567628462
662.286228622862,5.92322387575615
662.346234623462,5.91584207522769
662.406240624062,5.90846027469924
662.466246624663,5.90107847417076
662.526252625262,5.89369667364231
662.586258625863,5.88631487311385
662.646264626463,5.87893307258539
662.706270627063,5.87155127205694
662.766276627663,5.86416947152846
662.826282628263,5.85678767100001
662.886288628863,5.84940587047155
662.946294629463,5.84202406994308
663.006300630063,5.83469289109081
663.066306630663,5.82779320176406
663.126312631263,5.82089351243734
663.186318631863,5.8139938231106
663.246324632463,5.80709413378386
663.306330633063,5.80019444445714
663.366336633663,5.79329475513039
663.426342634263,5.78639506580367
663.486348634863,5.77949537647693
663.546354635464,5.77259568715019
663.606360636064,5.76569599782347
663.666366636664,5.75879630849672
663.726372637264,5.75189661916999
663.786378637864,5.74499692984326
663.846384638464,5.73809724051652
663.906390639064,5.7311975511898
663.966396639664,5.72429786186304
664.026402640264,5.71736543723822
664.086408640864,5.71039134950672
664.146414641464,5.70341726177522
664.206420642064,5.69644317404373
664.266426642664,5.68946908631221
664.326432643264,5.68249499858072
664.386438643864,5.67552091084922
664.446444644464,5.66854682311771
664.506450645064,5.66157273538622
664.566456645665,5.65459864765471
664.626462646265,5.64762455992322
664.686468646865,5.64065047219171
664.746474647465,5.63367638446021
664.806480648065,5.62670229672872
664.866486648665,5.6197282089972
664.926492649265,5.61275412126571
664.986498649865,5.60578003353421
665.046504650465,5.59888851435739
665.106510651065,5.59202096669646
665.166516651665,5.5851534190355
665.226522652265,5.57828587137457
665.286528652865,5.57141832371362
665.346534653465,5.56455077605268
665.406540654065,5.55768322839175
665.466546654666,5.55081568073079
665.526552655266,5.54394813306986
665.586558655866,5.53708058540892
665.646564656466,5.53021303774797
665.706570657066,5.52334549008704
665.766576657666,5.51647794242608
665.826582658266,5.50961039476515
665.886588658866,5.50274284710421
665.946594659466,5.49587529944326
666.006600660066,5.4890246632057
666.066606660666,5.48231085575718
666.126612661266,5.47559704830868
666.186618661866,5.46888324086017
666.246624662466,5.46216943341166
666.306630663066,5.45545562596317
666.366636663666,5.44874181851464
666.426642664266,5.44202801106615
666.486648664866,5.43531420361764
666.546654665467,5.42860039616913
666.606660666067,5.42188658872063
666.666666666667,5.41517278127211
666.726672667267,5.40845897382361
666.786678667867,5.4017451663751
666.846684668467,5.39503135892659
666.906690669067,5.38831755147809
666.966696669667,5.38160374402957
667.026702670267,5.374919331843
667.086708670867,5.36827158116287
667.146714671467,5.36162383048274
667.206720672067,5.35497607980262
667.266726672667,5.34832832912247
667.326732673267,5.34168057844235
667.386738673867,5.33503282776222
667.446744674467,5.32838507708208
667.506750675067,5.32173732640196
667.566756675668,5.31508957572183
667.626762676268,5.30844182504169
667.686768676868,5.30179407436156
667.746774677468,5.29514632368143
667.806780678068,5.28849857300131
667.866786678668,5.28185082232117
667.926792679268,5.27520307164104
667.986798679868,5.26855532096091
668.046804680468,5.26205616510825
668.106810681068,5.2555989206172
668.166816681668,5.24914167612614
668.226822682268,5.24268443163507
668.286828682868,5.23622718714401
668.346834683468,5.22976994265295
668.406840684068,5.2233126981619
668.466846684668,5.21685545367083
668.526852685269,5.21039820917977
668.586858685869,5.20394096468871
668.646864686469,5.19748372019764
668.706870687069,5.19102647570659
668.766876687669,5.18456923121553
668.826882688269,5.17811198672447
668.886888688869,5.17165474223341
668.946894689469,5.16519749774234
669.006900690069,5.15874076585364
669.066906690669,5.15228797877432
669.126912691269,5.145835191695
669.186918691869,5.13938240461568
669.246924692469,5.13292961753636
669.306930693069,5.12647683045704
669.366936693669,5.12002404337772
669.426942694269,5.1135712562984
669.48694869487,5.10711846921908
669.54695469547,5.10066568213976
669.60696069607,5.09421289506045
669.66696669667,5.08776010798113
669.72697269727,5.0813073209018
669.78697869787,5.07485453382249
669.84698469847,5.06840174674316
669.90699069907,5.06194895966385
669.96699669967,5.05549617258453
670.02700270027,5.04911651633385
670.08700870087,5.04282624220708
670.14701470147,5.03653596808029
670.20702070207,5.03024569395352
670.26702670267,5.02395541982674
670.32703270327,5.01766514569996
670.38703870387,5.0113748715732
670.44704470447,5.00508459744641
670.50705070507,4.99879432331964
670.567056705671,4.99250404919286
670.627062706271,4.98621377506608
670.687068706871,4.97992350093931
670.747074707471,4.97363322681252
670.807080708071,4.96734295268575
670.867086708671,4.96105267855897
670.927092709271,4.95476240443219
670.987098709871,4.94847213030542
671.047104710471,4.94216131922619
671.107110711071,4.93584488337657
671.167116711671,4.92952844752694
671.227122712271,4.92321201167731
671.287128712871,4.91689557582768
671.347134713471,4.91057913997804
671.407140714071,4.90426270412842
671.467146714671,4.89794626827878
671.527152715272,4.89162983242915
671.587158715872,4.88531339657953
671.647164716472,4.87899696072988
671.707170717072,4.87268052488026
671.767176717672,4.86636408903063
671.827182718272,4.860047653181
671.887188718872,4.85373121733137
671.947194719472,4.84741478148173
672.007200720072,4.8411096553611
672.067206720672,4.83488746725307
672.127212721272,4.82866527914503
672.187218721872,4.82244309103701
672.247224722472,4.81622090292896
672.307230723072,4.80999871482094
672.367236723672,4.80377652671291
672.427242724272,4.79755433860487
672.487248724872,4.79133215049685
672.547254725473,4.7851099623888
672.607260726073,4.77888777428078
672.667266726673,4.77266558617275
672.727272727273,4.76644339806471
672.787278727873,4.76022120995669
672.847284728473,4.75399902184864
672.907290729073,4.74777683374062
672.967296729673,4.74155464563259
673.027302730273,4.7354493278419
673.087308730873,4.7294839975742
673.147314731473,4.72351866730648
673.207320732073,4.71755333703878
673.267326732673,4.71158800677107
673.327332733273,4.70562267650335
673.387338733873,4.69965734623565
673.447344734474,4.69369201596793
673.507350735073,4.68772668570023
673.567356735674,4.68176135543252
673.627362736274,4.67579602516481
673.687368736874,4.66983069489711
673.747374737474,4.66386536462939
673.807380738074,4.65790003436169
673.867386738674,4.65193470409398
673.927392739274,4.64596937382627
673.987398739874,4.64000404355856
674.047404740474,4.63395633231828
674.107410741074,4.62788672233848
674.167416741674,4.62181711235866
674.227422742274,4.61574750237885
674.287428742874,4.60967789239905
674.347434743474,4.60360828241922
674.407440744074,4.59753867243942
674.467446744674,4.5914690624596
674.527452745275,4.58539945247979
674.587458745875,4.57932984249998
674.647464746475,4.57326023252016
674.707470747075,4.56719062254036
674.767476747675,4.56112101256054
674.827482748275,4.55505140258073
674.887488748875,4.54898179260092
674.947494749475,4.5429121826211
675.007500750075,4.53683509330243
675.067506750675,4.53070564861168
675.127512751275,4.52457620392093
675.187518751875,4.5184467592302
675.247524752475,4.51231731453945
675.307530753075,4.5061878698487
675.367536753675,4.50005842515796
675.427542754275,4.49392898046721
675.487548754875,4.48779953577647
675.547554755476,4.48167009108573
675.607560756076,4.47554064639498
675.667566756676,4.46941120170423
675.727572757276,4.46328175701349
675.787578757876,4.45715231232275
675.847584758476,4.451022867632
675.907590759076,4.44489342294126
675.967596759676,4.43876397825051
676.027602760276,4.43272601317614
676.087608760876,4.42679543721667
676.147614761476,4.42086486125718
676.207620762076,4.4149342852977
676.267626762676,4.40900370933821
676.327632763276,4.40307313337872
676.387638763876,4.39714255741925
676.447644764476,4.39121198145976
676.507650765077,4.38528140550028
676.567656765677,4.37935082954079
676.627662766277,4.3734202535813
676.687668766877,4.36748967762183
676.747674767477,4.36155910166234
676.807680768077,4.35562852570286
676.867686768677,4.34969794974337
676.927692769277,4.34376737378388
676.987698769877,4.33783679782441
677.047704770477,4.33203394383262
677.107710771077,4.32626402443627
677.167716771677,4.32049410503992
677.227722772277,4.31472418564358
677.287728772877,4.30895426624724
677.347734773477,4.3031843468509
677.407740774077,4.29741442745455
677.467746774677,4.29164450805821
677.527752775278,4.28587458866186
677.587758775878,4.28010466926552
677.647764776478,4.27433474986917
677.707770777078,4.26856483047283
677.767776777678,4.26279491107649
677.827782778278,4.25702499168013
677.887788778878,4.2512550722838
677.947794779478,4.24548515288745
678.007800780078,4.23972988366146
678.067806780678,4.23407265788322
678.127812781278,4.22841543210495
678.187818781878,4.22275820632671
678.247824782478,4.21710098054846
678.307830783078,4.21144375477021
678.367836783678,4.20578652899197
678.427842784278,4.20012930321371
678.487848784878,4.19447207743546
678.547854785479,4.18881485165721
678.607860786079,4.18315762587896
678.667866786679,4.17750040010072
678.727872787279,4.17184317432246
678.787878787879,4.16618594854422
678.847884788479,4.16052872276596
678.907890789079,4.15487149698771
678.967896789679,4.14921427120947
679.027902790279,4.14353055905305
679.087908790879,4.13781637332179
679.147914791479,4.13210218759052
679.207920792079,4.12638800185924
679.267926792679,4.12067381612798
679.327932793279,4.1149596303967
679.387938793879,4.10924544466543
679.447944794479,4.10353125893416
679.50795079508,4.09781707320288
679.567956795679,4.09210288747162
679.62796279628,4.08638870174034
679.68796879688,4.08067451600907
679.74797479748,4.0749603302778
679.80798079808,4.06924614454653
679.86798679868,4.06353195881526
679.92799279928,4.05781777308398
679.98799879988,4.05210358735272
680.04800480048,4.0465949104887
680.10801080108,4.0411376108415
680.16801680168,4.03568031119431
680.22802280228,4.0302230115471
680.28802880288,4.02476571189992
680.34803480348,4.01930841225272
680.40804080408,4.01385111260552
680.46804680468,4.00839381295833
680.528052805281,4.00293651331112
680.588058805881,3.99747921366393
680.648064806481,3.99202191401673
680.708070807081,3.98656461436953
680.768076807681,3.98110731472234
680.828082808281,3.97565001507513
680.888088808881,3.97019271542794
680.948094809481,3.96473541578075
681.008100810081,3.95928916051704
681.068106810681,3.95391367111793
681.128112811281,3.94853818171881
681.188118811881,3.9431626923197
681.248124812481,3.93778720292059
681.308130813081,3.93241171352147
681.368136813681,3.92703622412237
681.428142814282,3.92166073472324
681.488148814881,3.91628524532414
681.548154815482,3.91090975592502
681.608160816082,3.90553426652591
681.668166816682,3.9001587771268
681.728172817282,3.89478328772768
681.788178817882,3.88940779832857
681.848184818482,3.88403230892946
681.908190819082,3.87865681953034
681.968196819682,3.87328133013124
682.028202820282,3.86797883091752
682.088208820882,3.86275863978525
682.148214821482,3.85753844865297
682.208220822082,3.85231825752068
682.268226822682,3.84709806638841
682.328232823282,3.84187787525612
682.388238823882,3.83665768412385
682.448244824482,3.83143749299157
682.508250825083,3.82621730185928
682.568256825683,3.82099711072701
682.628262826283,3.81577691959472
682.688268826883,3.81055672846245
682.748274827483,3.80533653733016
682.808280828083,3.80011634619788
682.868286828683,3.79489615506561
682.928292829283,3.78967596393333
682.988298829883,3.78445577280105
683.048304830483,3.77946442032574
683.108310831083,3.77452850081703
683.168316831683,3.76959258130832
683.228322832283,3.76465666179961
683.288328832883,3.7597207422909
683.348334833483,3.75478482278219
683.408340834083,3.74984890327348
683.468346834683,3.74491298376477
683.528352835283,3.73997706425606
683.588358835884,3.73504114474735
683.648364836484,3.73010522523864
683.708370837084,3.72516930572993
683.768376837684,3.72023338622122
683.828382838284,3.71529746671251
683.888388838884,3.7103615472038
683.948394839484,3.70542562769509
684.008400840084,3.70047671232441
684.068406840684,3.69544796523026
684.128412841284,3.69041921813609
684.188418841884,3.68539047104193
684.248424842484,3.68036172394776
684.308430843084,3.67533297685359
684.368436843684,3.67030422975944
684.428442844284,3.66527548266527
684.488448844884,3.66024673557111
684.548454845485,3.65521798847694
684.608460846085,3.65018924138278
684.668466846685,3.64516049428862
684.728472847285,3.64013174719445
684.788478847885,3.63510300010029
684.848484848485,3.63007425300612
684.908490849085,3.62504550591196
684.968496849685,3.6200167588178
685.028502850285,3.61508455476647
685.088508850885,3.61025905618355
685.148514851485,3.60543355760064
685.208520852085,3.60060805901771
685.268526852685,3.59578256043479
685.328532853285,3.59095706185187
685.388538853885,3.58613156326895
685.448544854485,3.58130606468604
685.508550855086,3.5764805661031
685.568556855686,3.57165506752019
685.628562856286,3.56682956893727
685.688568856886,3.56200407035435
685.748574857486,3.55717857177143
685.808580858086,3.5523530731885
685.868586858686,3.54752757460559
685.928592859286,3.54270207602267
685.988598859886,3.53787657743974
686.048604860486,3.53310212279276
686.108610861086,3.52833964141469
686.168616861686,3.52357716003663
686.228622862286,3.51881467865857
686.288628862886,3.5140521972805
686.348634863486,3.50928971590245
686.408640864086,3.50452723452437
686.468646864686,3.49976475314632
686.528652865287,3.49500227176825
686.588658865887,3.49023979039019
686.648664866487,3.48547730901213
686.708670867087,3.48071482763405
686.768676867687,3.475952346256
686.828682868287,3.47118986487793
686.888688868887,3.46642738349987
686.948694869487,3.46166490212181
687.008700870087,3.45690362068559
687.068706870687,3.45214941476858
687.128712871287,3.44739520885157
687.188718871887,3.44264100293456
687.248724872487,3.43788679701755
687.308730873087,3.43313259110053
687.368736873687,3.42837838518353
687.428742874287,3.42362417926651
687.488748874888,3.4188699733495
687.548754875487,3.41411576743249
687.608760876088,3.40936156151547
687.668766876688,3.40460735559847
687.728772877288,3.39985314968145
687.788778877888,3.39509894376444
687.848784878488,3.39034473784743
687.908790879088,3.38559053193041
687.968796879688,3.38083632601341
688.028802880288,3.37612437785773
688.088808880888,3.37145820894349
688.148814881488,3.36679204002927
688.208820882088,3.36212587111502
688.268826882688,3.35745970220079
688.328832883288,3.35279353328656
688.388838883888,3.34812736437232
688.448844884488,3.34346119545809
688.508850885089,3.33879502654385
688.568856885689,3.33412885762962
688.628862886289,3.32946268871539
688.688868886889,3.32479651980115
688.748874887489,3.32013035088692
688.808880888089,3.31546418197268
688.868886888689,3.31079801305845
688.928892889289,3.30613184414422
688.988898889889,3.30146567522998
689.048904890489,3.29691880549614
689.108910891089,3.29239901594433
689.168916891689,3.28787922639253
689.228922892289,3.28335943684073
689.288928892889,3.27883964728893
689.348934893489,3.27431985773713
689.408940894089,3.26980006818532
689.468946894689,3.26528027863353
689.52895289529,3.26076048908173
689.58895889589,3.25624069952992
689.64896489649,3.25172090997813
689.70897089709,3.24720112042632
689.76897689769,3.24268133087452
689.82898289829,3.23816154132272
689.88898889889,3.23364175177092
689.94899489949,3.22912196221912
690.00900090009,3.22461665728171
690.06900690069,3.22019343182586
690.12901290129,3.21577020637001
690.18901890189,3.21134698091416
690.24902490249,3.20692375545831
690.30903090309,3.20250053000245
690.36903690369,3.19807730454661
690.42904290429,3.19365407909076
690.489048904891,3.18923085363491
690.54905490549,3.18480762817906
690.609060906091,3.18038440272321
690.669066906691,3.17596117726736
690.729072907291,3.1715379518115
690.789078907891,3.16711472635565
690.849084908491,3.16269150089981
690.909090909091,3.15826827544396
690.969096909691,3.1538450499881
691.029102910291,3.14945333567574
691.089108910891,3.14509508164977
691.149114911491,3.14073682762381
691.209120912091,3.13637857359783
691.269126912691,3.13202031957186
691.329132913291,3.12766206554589
691.389138913891,3.12330381151992
691.449144914491,3.11894555749395
691.509150915091,3.11458730346798
691.569156915692,3.11022904944201
691.629162916292,3.10587079541604
691.689168916892,3.10151254139006
691.749174917492,3.0971542873641
691.809180918092,3.09279603333813
691.869186918692,3.08843777931216
691.929192919292,3.08407952528618
691.989198919892,3.07972127126021
692.049204920492,3.07544991312079
692.109210921092,3.07119762968816
692.169216921692,3.06694534625553
692.229222922292,3.0626930628229
692.289228922892,3.05844077939027
692.349234923492,3.05418849595764
692.409240924092,3.04993621252501
692.469246924692,3.04568392909238
692.529252925293,3.04143164565975
692.589258925893,3.03717936222712
692.649264926493,3.0329270787945
692.709270927093,3.02867479536187
692.769276927693,3.02442251192924
692.829282928293,3.02017022849662
692.889288928893,3.01591794506398
692.949294929493,3.01166566163135
693.009300930093,3.00741629371751
693.069306930693,3.0031828200835
693.129312931293,2.99894934644949
693.189318931893,2.99471587281547
693.249324932493,2.99048239918147
693.309330933093,2.98624892554746
693.369336933693,2.98201545191344
693.429342934293,2.97778197827944
693.489348934894,2.97354850464542
693.549354935494,2.96931503101141
693.609360936094,2.9650815573774
693.669366936694,2.96084808374339
693.729372937294,2.95661461010938
693.789378937894,2.95238113647536
693.849384938494,2.94814766284136
693.909390939094,2.94391418920735
693.969396939694,2.93968071557333
694.029402940294,2.93543614805688
694.089408940894,2.93118003384643
694.149414941494,2.926923919636
694.209420942094,2.92266780542556
694.269426942694,2.91841169121512
694.329432943294,2.91415557700468
694.389438943894,2.90989946279424
694.449444944494,2.9056433485838
694.509450945094,2.90138723437336
694.569456945695,2.89713112016292
694.629462946295,2.89287500595249
694.689468946895,2.88861889174204
694.749474947495,2.88436277753161
694.809480948095,2.88010666332117
694.869486948695,2.87585054911072
694.929492949295,2.87159443490029
694.989498949895,2.86733832068984
695.049504950495,2.8630469634968
695.109510951095,2.85874813051956
695.169516951695,2.85444929754232
695.229522952295,2.85015046456509
695.289528952895,2.84585163158784
695.349534953495,2.84155279861061
695.409540954095,2.83725396563337
695.469546954695,2.83295513265613
695.529552955295,2.8286562996789
695.589558955896,2.82435746670165
695.649564956496,2.82005863372441
695.709570957096,2.81575980074717
695.769576957696,2.81146096776993
695.829582958296,2.8071621347927
695.889588958896,2.80286330181545
695.949594959496,2.79856446883822
696.009600960096,2.79429006290481
696.069606960696,2.79014389895149
696.129612961296,2.78599773499818
696.189618961896,2.78185157104485
696.249624962496,2.77770540709153
696.309630963096,2.77355924313821
696.369636963696,2.76941307918489
696.429642964296,2.76526691523158
696.489648964897,2.76112075127825
696.549654965497,2.75697458732494
696.609660966097,2.75282842337162
696.669666966697,2.7486822594183
696.729672967297,2.74453609546499
696.789678967897,2.74038993151166
696.849684968497,2.73624376755835
696.909690969097,2.73209760360502
696.969696969697,2.7279514396517
697.029702970297,2.72389800457572
697.089708970897,2.71993917168769
697.149714971497,2.71598033879967
697.209720972097,2.71202150591165
697.269726972697,2.70806267302363
697.329732973297,2.70410384013562
697.389738973897,2.70014500724759
697.449744974497,2.69618617435958
697.509750975098,2.69222734147156
697.569756975698,2.68826850858354
697.629762976298,2.68430967569553
697.689768976898,2.6803508428075
697.749774977498,2.67639200991949
697.809780978098,2.67243317703147
697.869786978698,2.66847434414345
697.929792979298,2.66451551125544
697.989798979898,2.66055667836741
698.049804980498,2.65664768409193
698.109810981098,2.65274889772504
698.169816981698,2.64885011135814
698.229822982298,2.64495132499126
698.289828982898,2.64105253862437
698.349834983498,2.63715375225747
698.409840984098,2.63325496589058
698.469846984699,2.62935617952369
698.529852985298,2.6254573931568
698.589858985899,2.62155860678991
698.649864986499,2.61765982042301
698.709870987099,2.61376103405612
698.769876987699,2.60986224768923
698.829882988299,2.60596346132234
698.889888988899,2.60206467495545
698.949894989499,2.59816588858856
699.009900990099,2.59428779906985
699.069906990699,2.59051444814654
699.129912991299,2.58674109722324
699.189918991899,2.58296774629993
699.249924992499,2.57919439537661
699.309930993099,2.5754210444533
699.369936993699,2.57164769352999
699.429942994299,2.56787434260669
699.489948994899,2.56410099168338
699.5499549955,2.56032764076006
699.6099609961,2.55655428983675
699.6699669967,2.55278093891344
699.7299729973,2.54900758799014
699.7899789979,2.54523423706683
699.8499849985,2.54146088614351
699.9099909991,2.5376875352202
699.9699969997,2.53391418429689
700.0300030003,2.53027143485148
700.0900090009,2.52675928688395
700.1500150015,2.52324713891642
700.2100210021,2.51973499094889
700.2700270027,2.51622284298137
700.3300330033,2.51271069501384
700.3900390039,2.50919854704631
700.4500450045,2.50568639907879
700.5100510051,2.50217425111126
700.570057005701,2.49866210314373
700.630063006301,2.49514995517621
700.690069006901,2.49163780720868
700.750075007501,2.48812565924115
700.810081008101,2.48461351127363
700.870087008701,2.48110136330609
700.930093009301,2.47758921533857
700.990099009901,2.47407706737104
701.050105010501,2.47044011585675
701.110111011101,2.46677850256377
701.170117011701,2.46311688927077
701.230123012301,2.45945527597779
701.290129012901,2.45579366268479
701.350135013501,2.4521320493918
701.410141014101,2.44847043609882
701.470147014702,2.44480882280582
701.530153015301,2.44114720951283
701.590159015902,2.43748559621984
701.650165016502,2.43382398292685
701.710171017102,2.43016236963387
701.770177017702,2.42650075634087
701.830183018302,2.42283914304788
701.890189018902,2.41917752975489
701.950195019502,2.4155159164619
702.010201020102,2.41187855010806
702.070207020702,2.40835956586884
702.130213021302,2.40484058162963
702.190219021902,2.40132159739042
702.250225022502,2.3978026131512
702.310231023102,2.39428362891199
702.370237023702,2.39076464467277
702.430243024302,2.38724566043357
702.490249024902,2.38372667619435
702.550255025503,2.38020769195514
702.610261026103,2.37668870771593
702.670267026703,2.37316972347671
702.730273027303,2.3696507392375
702.790279027903,2.36613175499829
702.850285028503,2.36261277075907
702.910291029103,2.35909378651987
702.970297029703,2.35557480228065
703.030303030303,2.35215495874448
703.090309030903,2.34883229272911
703.150315031503,2.34550962671374
703.210321032103,2.34218696069837
703.270327032703,2.33886429468299
703.330333033303,2.33554162866763
703.390339033903,2.33221896265226
703.450345034503,2.32889629663689
703.510351035103,2.32557363062152
703.570357035704,2.32225096460615
703.630363036304,2.31892829859078
703.690369036904,2.31560563257541
703.750375037504,2.31228296656004
703.810381038104,2.30896030054467
703.870387038704,2.3056376345293
703.930393039304,2.30231496851393
703.990399039904,2.29899230249856
704.050405040504,2.29563503681885
704.110411041104,2.2922711807269
704.170417041704,2.28890732463493
704.230423042304,2.28554346854297
704.290429042904,2.28217961245101
704.350435043504,2.27881575635905
704.410441044104,2.27545190026709
704.470447044705,2.27208804417512
704.530453045305,2.26872418808317
704.590459045905,2.2653603319912
704.650465046505,2.26199647589924
704.710471047105,2.25863261980729
704.770477047705,2.25526876371532
704.830483048305,2.25190490762336
704.890489048905,2.2485410515314
704.950495049505,2.24517719543944
705.010501050105,2.24184016042472
705.070507050705,2.23862956763126
705.130513051305,2.23541897483781
705.190519051905,2.23220838204436
705.250525052505,2.22899778925091
705.310531053105,2.22578719645746
705.370537053705,2.222576603664
705.430543054305,2.21936601087055
705.490549054906,2.2161554180771
705.550555055506,2.21294482528364
705.610561056106,2.2097342324902
705.670567056706,2.20652363969674
705.730573057306,2.20331304690329
705.790579057906,2.20010245410984
705.850585058506,2.19689186131638
705.910591059106,2.19368126852294
705.970597059706,2.19047067572948
706.030603060306,2.18727089654148
706.090609060906,2.18408150689595
706.150615061506,2.18089211725043
706.210621062106,2.17770272760492
706.270627062706,2.17451333795939
706.330633063306,2.17132394831387
706.390639063906,2.16813455866835
706.450645064506,2.16494516902283
706.510651065106,2.16175577937731
706.570657065707,2.15856638973179
706.630663066307,2.15537700008627
706.690669066907,2.15218761044075
706.750675067507,2.14899822079523
706.810681068107,2.14580883114971
706.870687068707,2.14261944150419
706.930693069307,2.13943005185867
706.990699069907,2.13624066221314
707.050705070507,2.13314707638347
707.110711071107,2.13007106403481
707.170717071707,2.12699505168614
707.230723072307,2.12391903933748
707.290729072907,2.12084302698881
707.350735073507,2.11776701464015
707.410741074107,2.11469100229149
707.470747074707,2.11161498994282
707.530753075308,2.10853897759416
707.590759075908,2.1054629652455
707.650765076508,2.10238695289683
707.710771077108,2.09931094054817
707.770777077708,2.09623492819951
707.830783078308,2.09315891585084
707.890789078908,2.09008290350218
707.950795079508,2.08700689115351
708.010801080108,2.08394747690648
708.070807080708,2.08096367623353
708.130813081308,2.07797987556057
708.190819081908,2.07499607488762
708.250825082508,2.07201227421466
708.310831083108,2.06902847354171
708.370837083708,2.06604467286876
708.430843084308,2.0630608721958
708.490849084908,2.06007707152285
708.550855085509,2.05709327084989
708.610861086109,2.05410947017695
708.670867086709,2.05112566950399
708.730873087309,2.04814186883104
708.790879087909,2.04515806815809
708.850885088509,2.04217426748513
708.910891089109,2.03919046681218
708.970897089709,2.03620666613922
709.030903090309,2.0332654798146
709.090909090909,2.03036442544909
709.150915091509,2.02746337108356
709.210921092109,2.02456231671805
709.270927092709,2.02166126235253
709.330933093309,2.01876020798701
709.390939093909,2.0158591536215
709.45094509451,2.01295809925598
709.510951095109,2.01005704489046
709.57095709571,2.00715599052495
709.63096309631,2.00425493615943
709.69096909691,2.00135388179392
709.75097509751,1.99845282742839
709.81098109811,1.99555177306288
709.87098709871,1.99265071869736
709.93099309931,1.98974966433184
709.99099909991,1.98684860996633
710.05100510051,1.98400200908574
710.11101110111,1.98116501764367
710.17101710171,1.9783280262016
710.23102310231,1.97549103475953
710.29102910291,1.97265404331746
710.35103510351,1.96981705187538
710.41104110411,1.96698006043332
710.47104710471,1.96414306899124
710.531053105311,1.96130607754917
710.591059105911,1.95846908610711
710.651065106511,1.95563209466503
710.711071107111,1.95279510322296
710.771077107711,1.94995811178089
710.831083108311,1.94712112033882
710.891089108911,1.94428412889675
710.951095109511,1.94144713745467
711.011101110111,1.93861758003455
711.071107110711,1.93582077249488
711.131113111311,1.93302396495521
711.191119111911,1.93022715741554
711.251125112511,1.92743034987586
711.311131113111,1.92463354233619
711.371137113711,1.92183673479652
711.431143114311,1.91903992725684
711.491149114911,1.91624311971717
711.551155115512,1.9134463121775
711.611161116112,1.91064950463783
711.671167116712,1.90785269709815
711.731173117312,1.90505588955848
711.791179117912,1.90225908201881
711.851185118512,1.89946227447913
711.911191119112,1.89666546693947
711.971197119712,1.89386865939979
712.031203120312,1.89113198610919
712.091209120912,1.88845082135618
712.151215121512,1.88576965660317
712.211221122112,1.88308849185016
712.271227122712,1.88040732709716
712.331233123312,1.87772616234415
712.391239123912,1.87504499759114
712.451245124512,1.87236383283814
712.511251125112,1.86968266808513
712.571257125713,1.86700150333212
712.631263126313,1.86432033857911
712.691269126913,1.86163917382611
712.751275127513,1.8589580090731
712.811281128113,1.85627684432009
712.871287128713,1.85359567956708
712.931293129313,1.85091451481407
712.991299129913,1.84823335006107
713.051305130513,1.84550941782119
713.111311131113,1.84277823261571
713.171317131713,1.84004704741022
713.231323132313,1.83731586220474
713.291329132913,1.83458467699926
713.351335133513,1.83185349179378
713.411341134113,1.82912230658829
713.471347134713,1.82639112138281
713.531353135314,1.82365993617732
713.591359135914,1.82092875097184
713.651365136514,1.81819756576636
713.711371137114,1.81546638056088
713.771377137714,1.81273519535539
713.831383138314,1.81000401014991
713.891389138914,1.80727282494443
713.951395139514,1.80454163973894
714.011401140114,1.80181586132044
714.071407140714,1.79911313288855
714.131413141314,1.79641040445666
714.191419141914,1.79370767602478
714.251425142514,1.79100494759289
714.311431143114,1.788302219161
714.371437143714,1.78559949072911
714.431443144314,1.78289676229722
714.491449144914,1.78019403386534
714.551455145515,1.77749130543345
714.611461146115,1.77478857700156
714.671467146715,1.77208584856967
714.731473147315,1.76938312013779
714.791479147915,1.7666803917059
714.851485148515,1.76397766327401
714.911491149115,1.76127493484212
714.971497149715,1.75857220641024
715.031503150315,1.75590841612288
715.091509150915,1.75327985558534
715.151515151515,1.7506512950478
715.211521152115,1.74802273451025
715.271527152715,1.74539417397271
715.331533153315,1.74276561343516
715.391539153915,1.74013705289763
715.451545154515,1.73750849236008
715.511551155116,1.73487993182254
715.571557155716,1.73225137128499
715.631563156316,1.72962281074745
715.691569156916,1.72699425020991
715.751575157516,1.72436568967237
715.811581158116,1.72173712913482
715.871587158716,1.71910856859728
715.931593159316,1.71648000805974
715.991599159916,1.7138514475222
716.051605160516,1.71135440350062
716.111611161116,1.70887876914443
716.171617161716,1.70640313478824
716.231623162316,1.70392750043205
716.291629162916,1.70145186607586
716.351635163516,1.69897623171967
716.411641164116,1.69650059736348
716.471647164717,1.69402496300729
716.531653165317,1.6915493286511
716.591659165917,1.68907369429492
716.651665166517,1.68659805993873
716.711671167117,1.68412242558254
716.771677167717,1.68164679122635
716.831683168317,1.67917115687016
716.891689168917,1.67669552251397
716.951695169517,1.67421988815778
717.011701170117,1.67172828576842
717.071707170717,1.66917076406262
717.131713171317,1.66661324235683
717.191719171917,1.66405572065103
717.251725172517,1.66149819894523
717.311731173117,1.65894067723944
717.371737173717,1.65638315553364
717.431743174317,1.65382563382785
717.491749174917,1.65126811212205
717.551755175518,1.64871059041625
717.611761176118,1.64615306871045
717.671767176718,1.64359554700466
717.731773177318,1.64103802529886
717.791779177918,1.63848050359307
717.851785178518,1.63592298188727
717.911791179118,1.63336546018147
717.971797179718,1.63080793847567
718.031803180318,1.62826540343418
718.091809180918,1.62573615845346
718.151815181518,1.62320691347275
718.211821182118,1.62067766849204
718.271827182718,1.61814842351133
718.331833183318,1.61561917853062
718.391839183918,1.61308993354991
718.451845184518,1.6105606885692
718.511851185119,1.60803144358848
718.571857185719,1.60550219860777
718.631863186319,1.60297295362706
718.691869186919,1.60044370864635
718.751875187519,1.59791446366564
718.811881188119,1.59538521868493
718.871887188719,1.59285597370422
718.931893189319,1.59032672872351
718.991899189919,1.5877974837428
719.051905190519,1.58540842970383
719.111911191119,1.58304125517601
719.171917191719,1.58067408064818
719.231923192319,1.57830690612036
719.291929192919,1.57593973159253
719.351935193519,1.57357255706471
719.411941194119,1.57120538253688
719.47194719472,1.56883820800906
719.531953195319,1.56647103348124
719.59195919592,1.56410385895341
719.65196519652,1.56173668442558
719.71197119712,1.55936950989776
719.77197719772,1.55700233536993
719.83198319832,1.55463516084211
719.89198919892,1.55226798631429
719.95199519952,1.54990081178646
720.01200120012,1.54754963319984
720.07200720072,1.54526243837802
720.13201320132,1.54297524355621
720.19201920192,1.5406880487344
720.25202520252,1.53840085391258
720.31203120312,1.53611365909077
720.37203720372,1.53382646426896
720.43204320432,1.53153926944714
720.49204920492,1.52925207462533
720.552055205521,1.52696487980351
720.612061206121,1.5246776849817
720.672067206721,1.52239049015989
720.732073207321,1.52010329533807
720.792079207921,1.51781610051626
720.852085208521,1.51552890569444
720.912091209121,1.51324171087263
720.972097209721,1.51095451605082
721.032103210321,1.50866940598341
721.092109210921,1.50638610789881
721.152115211521,1.50410280981421
721.212121212121,1.50181951172961
721.272127212721,1.49953621364501
721.332133213321,1.49725291556041
721.392139213921,1.49496961747581
721.452145214521,1.4926863193912
721.512151215122,1.4904030213066
721.572157215722,1.488119723222
721.632163216322,1.4858364251374
721.692169216922,1.4835531270528
721.752175217522,1.4812698289682
721.812181218122,1.4789865308836
721.872187218722,1.476703232799
721.932193219322,1.4744199347144
721.992199219922,1.4721366366298
722.052205220522,1.47003845711325
722.112211221122,1.46796793899194
722.172217221722,1.46589742087062
722.232223222322,1.4638269027493
722.292229222922,1.46175638462799
722.352235223522,1.45968586650667
722.412241224122,1.45761534838535
722.472247224722,1.45554483026404
722.532253225323,1.45347431214272
722.592259225923,1.4514037940214
722.652265226523,1.44933327590008
722.712271227123,1.44726275777876
722.772277227723,1.44519223965745
722.832283228323,1.44312172153613
722.892289228923,1.44105120341481
722.952295229523,1.4389806852935
723.012301230123,1.43688715118208
723.072307230723,1.43470435993831
723.132313231323,1.43252156869453
723.192319231923,1.43033877745076
723.252325232523,1.42815598620699
723.312331233123,1.42597319496322
723.372337233723,1.42379040371945
723.432343234323,1.42160761247568
723.492349234923,1.41942482123191
723.552355235524,1.41724202998813
723.612361236124,1.41505923874436
723.672367236724,1.41287644750059
723.732373237324,1.41069365625682
723.792379237924,1.40851086501305
723.852385238524,1.40632807376928
723.912391239124,1.4041452825255
723.972397239724,1.40196249128174
724.032403240324,1.39982900795839
724.092409240924,1.39773752767837
724.152415241524,1.39564604739835
724.212421242124,1.39355456711834
724.272427242724,1.39146308683832
724.332433243324,1.3893716065583
724.392439243924,1.38728012627829
724.452445244524,1.38518864599827
724.512451245124,1.38309716571825
724.572457245725,1.38100568543824
724.632463246325,1.37891420515822
724.692469246925,1.3768227248782
724.752475247525,1.37473124459818
724.812481248125,1.37263976431817
724.872487248725,1.37054828403815
724.932493249325,1.36845680375813
724.992499249925,1.36636532347811
725.052505250525,1.36429105948027
725.112511251125,1.36221925495131
725.172517251725,1.36014745042235
725.232523252325,1.35807564589338
725.292529252925,1.35600384136442
725.352535253525,1.35393203683546
725.412541254125,1.3518602323065
725.472547254725,1.34978842777754
725.532553255326,1.34771662324857
725.592559255926,1.34564481871961
725.652565256526,1.34357301419065
725.712571257126,1.34150120966169
725.772577257726,1.33942940513273
725.832583258326,1.33735760060376
725.892589258926,1.3352857960748
725.952595259526,1.33321399154584
726.012601260126,1.33118488790843
726.072607260726,1.32931642095831
726.132613261326,1.32744795400818
726.192619261926,1.32557948705805
726.252625262526,1.32371102010792
726.312631263126,1.32184255315779
726.372637263726,1.31997408620766
726.432643264326,1.31810561925753
726.492649264927,1.31623715230741
726.552655265527,1.31436868535728
726.612661266127,1.31250021840715
726.672667266727,1.31063175145702
726.732673267327,1.30876328450689
726.792679267927,1.30689481755676
726.852685268527,1.30502635060663
726.912691269127,1.30315788365651
726.972697269727,1.30128941670638
727.032703270327,1.29941523783998
727.092709270927,1.29753629030953
727.152715271527,1.29565734277909
727.212721272127,1.29377839524865
727.272727272727,1.2918994477182
727.332733273327,1.29002050018775
727.392739273927,1.28814155265731
727.452745274528,1.28626260512686
727.512751275127,1.28438365759642
727.572757275728,1.28250471006598
727.632763276328,1.28062576253553
727.692769276928,1.27874681500509
727.752775277528,1.27686786747464
727.812781278128,1.2749889199442
727.872787278728,1.27310997241375
727.932793279328,1.27123102488331
727.992799279928,1.26935207735286
728.052805280528,1.26745518279758
728.112811281128,1.26555584092072
728.172817281728,1.26365649904386
728.232823282328,1.261757157167
728.292829282928,1.25985781529014
728.352835283528,1.25795847341328
728.412841284128,1.25605913153642
728.472847284728,1.25415978965956
728.532853285329,1.2522604477827
728.592859285929,1.25036110590584
728.652865286529,1.24846176402898
728.712871287129,1.24656242215212
728.772877287729,1.24466308027526
728.832883288329,1.2427637383984
728.892889288929,1.24086439652154
728.952895289529,1.23896505464469
729.012901290129,1.23707487476214
729.072907290729,1.23521814681231
729.132913291329,1.23336141886248
729.192919291929,1.23150469091265
729.252925292529,1.22964796296282
729.312931293129,1.227791235013
729.372937293729,1.22593450706317
729.432943294329,1.22407777911334
729.49294929493,1.22222105116351
729.55295529553,1.22036432321368
729.61296129613,1.21850759526385
729.67296729673,1.21665086731402
729.73297329733,1.2147941393642
729.79297929793,1.21293741141437
729.85298529853,1.21108068346454
729.91299129913,1.20922395551471
729.97299729973,1.20736722756488
730.03300330033,1.20557081652786
730.09300930093,1.20382375569222
730.15301530153,1.20207669485659
730.21302130213,1.20032963402096
730.27302730273,1.19858257318532
730.33303330333,1.19683551234968
730.39303930393,1.19508845151405
730.45304530453,1.19334139067842
730.51305130513,1.19159432984278
730.573057305731,1.18984726900714
730.633063306331,1.18810020817151
730.693069306931,1.18635314733587
730.753075307531,1.18460608650024
730.813081308131,1.1828590256646
730.873087308731,1.18111196482897
730.933093309331,1.17936490399333
730.993099309931,1.1776178431577
731.053105310531,1.17596375864862
731.113111311131,1.1743217558091
731.173117311731,1.17267975296957
731.233123312331,1.17103775013005
731.293129312931,1.16939574729053
731.353135313531,1.16775374445101
731.413141314131,1.16611174161148
731.473147314731,1.16446973877196
731.533153315332,1.16282773593243
731.593159315932,1.16118573309291
731.653165316532,1.15954373025339
731.713171317132,1.15790172741386
731.773177317732,1.15625972457434
731.833183318332,1.15461772173481
731.893189318932,1.15297571889529
731.953195319532,1.15133371605577
732.013201320132,1.14972192421765
732.073207320732,1.14821724411178
732.133213321332,1.14671256400591
732.193219321932,1.14520788390005
732.253225322532,1.14370320379418
732.313231323132,1.14219852368831
732.373237323732,1.14069384358244
732.433243324332,1.13918916347658
732.493249324932,1.13768448337071
732.553255325533,1.13617980326484
732.613261326133,1.13467512315898
732.673267326733,1.13317044305311
732.733273327333,1.13166576294724
732.793279327933,1.13016108284137
732.853285328533,1.12865640273551
732.913291329133,1.12715172262964
732.973297329733,1.12564704252377
733.033303330333,1.12406550180897
733.093309330933,1.12242233411944
733.153315331533,1.1207791664299
733.213321332133,1.11913599874037
733.273327332733,1.11749283105083
733.333333333333,1.1158496633613
733.393339333933,1.11420649567176
733.453345334533,1.11256332798223
733.513351335134,1.11092016029269
733.573357335734,1.10927699260316
733.633363336334,1.10763382491362
733.693369336934,1.10599065722409
733.753375337534,1.10434748953456
733.813381338134,1.10270432184502
733.873387338734,1.10106115415549
733.933393339334,1.09941798646595
733.993399339934,1.09777481877642
734.053405340534,1.09628801645089
734.113411341134,1.09482054018159
734.173417341734,1.09335306391228
734.233423342334,1.09188558764298
734.293429342934,1.09041811137368
734.353435343534,1.08895063510437
734.413441344134,1.08748315883507
734.473447344734,1.08601568256577
734.533453345335,1.08454820629646
734.593459345935,1.08308073002716
734.653465346535,1.08161325375786
734.713471347135,1.08014577748855
734.773477347735,1.07867830121925
734.833483348335,1.07721082494995
734.893489348935,1.07574334868064
734.953495349535,1.07427587241134
735.013501350135,1.07278098434141
735.073507350735,1.07119167784707
735.133513351335,1.06960237135274
735.193519351935,1.06801306485841
735.253525352535,1.06642375836408
735.313531353135,1.06483445186975
735.373537353735,1.06324514537541
735.433543354335,1.06165583888108
735.493549354935,1.06006653238675
735.553555355536,1.05847722589242
735.613561356136,1.05688791939809
735.673567356736,1.05529861290375
735.733573357336,1.05370930640942
735.793579357936,1.05211999991509
735.853585358536,1.05053069342076
735.913591359136,1.04894138692643
735.973597359736,1.0473520804321
736.033603360336,1.04587014781923
736.093609360936,1.04447258039895
736.153615361536,1.04307501297867
736.213621362136,1.04167744555839
736.273627362736,1.04027987813811
736.333633363336,1.03888231071784
736.393639363936,1.03748474329756
736.453645364536,1.03608717587728
736.513651365137,1.034689608457
736.573657365737,1.03329204103672
736.633663366337,1.03189447361644
736.693669366937,1.03049690619616
736.753675367537,1.02909933877588
736.813681368137,1.0277017713556
736.873687368737,1.02630420393532
736.933693369337,1.02490663651504
736.993699369937,1.02350906909476
737.053705370537,1.0219899784787
737.113711371137,1.0204566309514
737.173717371737,1.0189232834241
737.233723372337,1.0173899358968
737.293729372937,1.0158565883695
737.353735373537,1.0143232408422
737.413741374137,1.0127898933149
737.473747374738,1.0112565457876
737.533753375337,1.0097231982603
737.593759375938,1.008189850733
737.653765376538,1.0066565032057
737.713771377138,1.0051231556784
737.773777377738,1.0035898081511
737.833783378338,1.0020564606238
737.893789378938,1.0005231130965
737.953795379538,0.9989897655692
738.013801380138,0.997481041254267
738.073807380738,0.996054751172041
738.133813381338,0.994628461089819
738.193819381938,0.993202171007593
738.253825382538,0.991775880925368
738.313831383138,0.990349590843142
738.373837383738,0.988923300760917
738.433843384338,0.987497010678694
738.493849384938,0.986070720596469
738.553855385539,0.984644430514243
738.613861386139,0.983218140432018
738.673867386739,0.981791850349792
738.733873387339,0.980365560267569
738.793879387939,0.978939270185344
738.853885388539,0.977512980103119
738.913891389139,0.976086690020893
738.973897389739,0.974660399938668
739.033903390339,0.973266971814687
739.093909390939,0.971898844490412
739.153915391539,0.970530717166137
739.213921392139,0.969162589841862
739.273927392739,0.967794462517587
739.333933393339,0.966426335193315
739.393939393939,0.96505820786904
739.453945394539,0.963690080544765
739.51395139514,0.962321953220491
739.57395739574,0.960953825896216
739.63396339634,0.959585698571943
739.69396939694,0.958217571247668
739.75397539754,0.956849443923394
739.81398139814,0.955481316599119
739.87398739874,0.954113189274846
739.93399339934,0.952745061950572
739.99399939994,0.951376934626297
740.05400540054,0.950035105732983
740.11401140114,0.948696198887554
740.17401740174,0.947357292042128
740.23402340234,0.946018385196699
740.29402940294,0.94467947835127
740.35403540354,0.943340571505841
740.41404140414,0.942001664660412
740.47404740474,0.940662757814986
740.534053405341,0.939323850969557
740.594059405941,0.937984944124128
740.654065406541,0.936646037278699
740.714071407141,0.93530713043327
740.774077407741,0.933968223587843
740.834083408341,0.932629316742414
740.894089408941,0.931290409896985
740.954095409541,0.929951503051556
741.014101410141,0.928629572368786
741.074107410741,0.927362904513394
741.134113411341,0.926096236658
741.194119411941,0.924829568802606
741.254125412541,0.923562900947213
741.314131413141,0.922296233091819
741.374137413741,0.921029565236427
741.434143414341,0.919762897381033
741.494149414941,0.918496229525639
741.554155415542,0.917229561670246
741.614161416142,0.915962893814852
741.674167416742,0.91469622595946
741.734173417342,0.913429558104066
741.794179417942,0.912162890248672
741.854185418542,0.910896222393278
741.914191419142,0.909629554537885
741.974197419742,0.908362886682493
742.034203420342,0.907099000914513
742.094209420942,0.905837213914231
742.154215421542,0.90457542691395
742.214221422142,0.903313639913668
742.274227422742,0.902051852913388
742.334233423342,0.900790065913107
742.394239423942,0.899528278912825
742.454245424542,0.898266491912543
742.514251425143,0.897004704912261
742.574257425743,0.895742917911982
742.634263426343,0.8944811309117
742.694269426943,0.893219343911418
742.754275427543,0.891957556911136
742.814281428143,0.890695769910855
742.874287428743,0.889433982910575
742.934293429343,0.888172195910293
742.994299429943,0.886910408910012
743.054305430543,0.885627897250046
743.114311431143,0.884343210073318
743.174317431743,0.883058522896592
743.234323432343,0.881773835719864
743.294329432943,0.880489148543136
743.354335433543,0.879204461366408
743.414341434143,0.877919774189682
743.474347434743,0.876635087012954
743.534353435344,0.875350399836226
743.594359435944,0.874065712659498
743.654365436544,0.87278102548277
743.714371437144,0.871496338306045
743.774377437744,0.870211651129317
743.834383438344,0.868926963952588
743.894389438944,0.86764227677586
743.954395439544,0.866357589599132
744.014401440144,0.86510113079059
744.074407440744,0.863934061814629
744.134413441344,0.862766992838667
744.194419441944,0.861599923862705
744.254425442544,0.860432854886743
744.314431443144,0.859265785910783
744.374437443744,0.858098716934821
744.434443444344,0.856931647958859
744.494449444945,0.855764578982897
744.554455445545,0.854597510006935
744.614461446145,0.853430441030976
744.674467446745,0.852263372055014
744.734473447345,0.851096303079052
744.794479447945,0.84992923410309
744.854485448545,0.848762165127128
744.914491449145,0.847595096151168
744.974497449745,0.846428027175206
745.034503450345,0.845225424703252
745.094509450945,0.843996558342955
745.154515451545,0.842767691982658
745.214521452145,0.841538825622364
745.274527452745,0.840309959262067
745.334533453345,0.83908109290177
745.394539453945,0.837852226541473
745.454545454545,0.836623360181177
745.514551455145,0.835394493820882
745.574557455746,0.834165627460585
745.634563456346,0.832936761100289
745.694569456946,0.831707894739992
745.754575457546,0.830479028379695
745.814581458146,0.829250162019401
745.874587458746,0.828021295659104
745.934593459346,0.826792429298807
745.994599459946,0.82556356293851
746.054605460546,0.824355960754931
746.114611461146,0.823150461621798
746.174617461746,0.821944962488663
746.234623462346,0.820739463355528
746.294629462946,0.819533964222393
746.354635463546,0.818328465089258
746.414641464146,0.817122965956125
746.474647464746,0.81591746682299
746.534653465347,0.814711967689855
746.594659465947,0.81350646855672
746.654665466547,0.812300969423585
746.714671467147,0.811095470290453
746.774677467747,0.809889971157318
746.834683468347,0.808684472024183
746.894689468947,0.807478972891048
746.954695469547,0.806273473757913
747.014701470147,0.805073275324289
747.074707470747,0.803889411699353
747.134713471347,0.802705548074418
747.194719471947,0.801521684449482
747.254725472547,0.800337820824546
747.314731473147,0.799153957199613
747.374737473747,0.797970093574677
747.434743474347,0.796786229949742
747.494749474948,0.795602366324806
747.554755475547,0.794418502699873
747.614761476148,0.793234639074937
747.674767476748,0.792050775450002
747.734773477348,0.790866911825066
747.794779477948,0.78968304820013
747.854785478548,0.788499184575197
747.914791479148,0.787315320950262
747.974797479748,0.786131457325326
748.034803480348,0.784967491919388
748.094809480948,0.783817935568587
748.154815481548,0.782668379217788
748.214821482148,0.781518822866987
748.274827482748,0.780369266516186
748.334833483348,0.779219710165385
748.394839483948,0.778070153814584
748.454845484548,0.776920597463785
748.514851485148,0.775771041112983
748.574857485749,0.774621484762182
748.634863486349,0.773471928411381
748.694869486949,0.77232237206058
748.754875487549,0.771172815709781
748.814881488149,0.77002325935898
748.874887488749,0.768873703008179
748.934893489349,0.767724146657377
748.994899489949,0.766574590306576
749.054905490549,0.765498067226527
749.114911491149,0.764428328657967
749.174917491749,0.763358590089406
749.234923492349,0.762288851520846
749.294929492949,0.761219112952285
749.354935493549,0.760149374383727
749.414941494149,0.759079635815166
749.474947494749,0.758009897246605
749.53495349535,0.756940158678045
749.59495949595,0.755870420109484
749.65496549655,0.754800681540926
749.71497149715,0.753730942972365
749.77497749775,0.752661204403805
749.83498349835,0.751591465835244
749.89498949895,0.750521727266684
749.95499549955,0.749451988698125
750.01500150015,0.748378055543909
750.07500750075,0.747291538632726
750.13501350135,0.746205021721544
750.19501950195,0.745118504810361
750.25502550255,0.744031987899181
750.31503150315,0.742945470987998
750.37503750375,0.741858954076815
750.43504350435,0.740772437165633
750.495049504951,0.73968592025445
750.555055505551,0.73859940334327
750.615061506151,0.737512886432087
750.675067506751,0.736426369520904
750.735073507351,0.735339852609722
750.795079507951,0.734253335698539
750.855085508551,0.733166818787359
750.915091509151,0.732080301876176
750.975097509751,0.730993784964993
751.035103510351,0.730069929615903
751.095109510951,0.729261466657017
751.155115511551,0.728453003698128
751.215121512151,0.72764454073924
751.275127512751,0.726836077780352
751.335133513351,0.726027614821464
751.395139513951,0.725219151862577
751.455145514551,0.724410688903689
751.515151515152,0.723602225944801
751.575157515752,0.722793762985913
751.635163516352,0.721985300027025
751.695169516952,0.721176837068138
751.755175517552,0.72036837410925
751.815181518152,0.719559911150362
751.875187518752,0.718751448191474
751.935193519352,0.717942985232585
751.995199519952,0.717134522273699
752.055205520552,0.716179343803134
752.115211521152,0.715211407461989
752.175217521752,0.714243471120844
752.235223522352,0.713275534779699
752.295229522952,0.712307598438556
752.355235523552,0.711339662097411
752.415241524152,0.710371725756266
752.475247524752,0.709403789415121
752.535253525353,0.708435853073976
752.595259525953,0.707467916732833
752.655265526553,0.706499980391688
752.715271527153,0.705532044050543
752.775277527753,0.704564107709398
752.835283528353,0.703596171368253
752.895289528953,0.702628235027109
752.955295529553,0.701660298685964
753.015301530153,0.700717899142065
753.075307530753,0.699850107103846
753.135313531353,0.698982315065627
753.195319531953,0.69811452302741
753.255325532553,0.697246730989191
753.315331533153,0.696378938950971
753.375337533753,0.695511146912752
753.435343534353,0.694643354874533
753.495349534953,0.693775562836316
753.555355535554,0.692907770798097
753.615361536154,0.692039978759877
753.675367536754,0.691172186721658
753.735373537354,0.690304394683439
753.795379537954,0.689436602645222
753.855385538554,0.688568810607003
753.915391539154,0.687701018568783
753.975397539754,0.686833226530564
754.035403540354,0.685997569736609
754.095409540954,0.685184244214093
754.155415541554,0.684370918691576
754.215421542154,0.683557593169058
754.275427542754,0.68274426764654
754.335433543354,0.681930942124023
754.395439543954,0.681117616601507
754.455445544554,0.680304291078989
754.515451545155,0.679490965556472
754.575457545755,0.678677640033954
754.635463546355,0.677864314511437
754.695469546955,0.677050988988921
754.755475547555,0.676237663466403
754.815481548155,0.675424337943885
754.875487548755,0.674611012421368
754.935493549355,0.67379768689885
754.995499549955,0.672984361376334
755.055505550555,0.672105723881387
755.115511551155,0.671221790821107
755.175517551755,0.670337857760827
755.235523552355,0.669453924700549
755.295529552955,0.668569991640269
755.355535553555,0.667686058579989
755.415541554155,0.666802125519709
755.475547554756,0.665918192459429
755.535553555355,0.665034259399151
755.595559555956,0.664150326338871
755.655565556556,0.663266393278591
755.715571557156,0.662382460218312
755.775577557756,0.661498527158032
755.835583558356,0.660614594097754
755.895589558956,0.659730661037474
755.955595559556,0.658846727977194
756.015601560156,0.658002269898176
756.075607560756,0.657270163688905
756.135613561356,0.656538057479635
756.195619561956,0.655805951270364
756.255625562556,0.655073845061093
756.315631563156,0.654341738851822
756.375637563756,0.653609632642551
756.435643564356,0.652877526433281
756.495649564956,0.65214542022401
756.555655565557,0.651413314014739
756.615661566157,0.650681207805468
756.675667566757,0.649949101596197
756.735673567357,0.649216995386927
756.795679567957,0.648484889177656
756.855685568557,0.647752782968384
756.915691569157,0.647020676759113
756.975697569757,0.646288570549842
757.035703570357,0.645486604047765
757.095709570957,0.644637085581675
757.155715571557,0.643787567115585
757.215721572157,0.642938048649494
757.275727572757,0.642088530183404
757.335733573357,0.641239011717315
757.395739573957,0.640389493251225
757.455745574557,0.639539974785135
757.515751575158,0.638690456319045
757.575757575758,0.637840937852954
757.635763576358,0.636991419386866
757.695769576958,0.636141900920775
757.755775577558,0.635292382454685
757.815781578158,0.634442863988595
757.875787578758,0.633593345522505
757.935793579358,0.632743827056416
757.995799579958,0.631894308590326
758.055805580558,0.631092689607217
758.115811581158,0.630294675961537
758.175817581758,0.629496662315857
758.235823582358,0.628698648670179
758.295829582958,0.627900635024499
758.355835583558,0.627102621378819
758.415841584158,0.62630460773314
758.475847584759,0.62550659408746
758.535853585358,0.624708580441782
758.595859585959,0.623910566796102
758.655865586559,0.623112553150422
758.715871587159,0.622314539504742
758.775877587759,0.621516525859064
758.835883588359,0.620718512213384
758.895889588959,0.619920498567704
758.955895589559,0.619122484922024
759.015901590159,0.618348767908033
759.075907590759,0.617642439664953
759.135913591359,0.616936111421872
759.195919591959,0.616229783178791
759.255925592559,0.615523454935709
759.315931593159,0.614817126692628
759.375937593759,0.614110798449548
759.435943594359,0.613404470206466
759.495949594959,0.612698141963385
759.55595559556,0.611991813720304
759.61596159616,0.611285485477222
759.67596759676,0.610579157234142
759.73597359736,0.609872828991061
759.79597959796,0.60916650074798
759.85598559856,0.608460172504898
759.91599159916,0.607753844261817
759.97599759976,0.607047516018737
760.03600360036,0.606338203663999
760.09600960096,0.605626901901491
760.15601560156,0.604915600138983
760.21602160216,0.604204298376474
760.27602760276,0.603492996613967
760.33603360336,0.602781694851459
760.39603960396,0.602070393088951
760.45604560456,0.601359091326442
760.516051605161,0.600647789563934
760.576057605761,0.599936487801427
760.636063606361,0.599225186038919
760.696069606961,0.59851388427641
760.756075607561,0.597802582513902
760.816081608161,0.597091280751394
760.876087608761,0.596379978988887
760.936093609361,0.595668677226378
760.996099609961,0.59495737546387
761.056105610561,0.594233075106577
761.116111611161,0.593507871103657
761.176117611761,0.592782667100739
761.236123612361,0.592057463097819
761.296129612961,0.591332259094899
761.356135613561,0.590607055091979
761.416141614161,0.589881851089059
761.476147614761,0.589156647086141
761.536153615362,0.588431443083221
761.596159615962,0.587706239080301
761.656165616562,0.586981035077382
761.716171617162,0.586255831074462
761.776177617762,0.585530627071543
761.836183618362,0.584805423068624
761.896189618962,0.584080219065704
761.956195619562,0.583355015062784
762.016201620162,0.582632513873999
762.076207620762,0.581917320293804
762.136213621362,0.581202126713608
762.196219621962,0.580486933133411
762.256225622562,0.579771739553215
762.316231623162,0.579056545973018
762.376237623762,0.578341352392823
762.436243624362,0.577626158812626
762.496249624963,0.57691096523243
762.556255625563,0.576195771652233
762.616261626163,0.575480578072037
762.676267626763,0.574765384491841
762.736273627363,0.574050190911645
762.796279627963,0.573334997331448
762.856285628563,0.572619803751252
762.916291629163,0.571904610171057
762.976297629763,0.57118941659086
763.036303630363,0.570527966592702
763.096309630963,0.569901605379513
763.156315631563,0.569275244166323
763.216321632163,0.568648882953134
763.276327632763,0.568022521739944
763.336333633363,0.567396160526755
763.396339633963,0.566769799313565
763.456345634563,0.566143438100375
763.516351635163,0.565517076887186
763.576357635764,0.564890715673997
763.636363636364,0.564264354460807
763.696369636964,0.563637993247617
763.756375637564,0.563011632034427
763.816381638164,0.562385270821239
763.876387638764,0.561758909608049
763.936393639364,0.561132548394859
763.996399639964,0.560506187181669
764.056405640564,0.559835479277791
764.116411641164,0.559161940734083
764.176417641764,0.558488402190374
764.236423642364,0.557814863646665
764.296429642964,0.557141325102955
764.356435643564,0.556467786559246
764.416441644164,0.555794248015538
764.476447644764,0.555120709471829
764.536453645365,0.554447170928119
764.596459645965,0.55377363238441
764.656465646565,0.553100093840701
764.716471647165,0.552426555296993
764.776477647765,0.551753016753283
764.836483648365,0.551079478209574
764.896489648965,0.550405939665865
764.956495649565,0.549732401122156
765.016501650165,0.549030071173953
765.076507650765,0.548251836613901
765.136513651365,0.547473602053849
765.196519651965,0.546695367493797
765.256525652565,0.545917132933745
765.316531653165,0.545138898373695
765.376537653765,0.544360663813643
765.436543654365,0.543582429253591
765.496549654966,0.542804194693539
765.556555655566,0.542025960133487
765.616561656166,0.541247725573436
765.676567656766,0.540469491013384
765.736573657366,0.539691256453332
765.796579657966,0.53891302189328
765.856585658566,0.538134787333228
765.916591659166,0.537356552773177
765.976597659766,0.536578318213125
766.036603660366,0.535855427140797
766.096609660966,0.535167919609801
766.156615661566,0.534480412078805
766.216621662166,0.53379290454781
766.276627662766,0.533105397016814
766.336633663366,0.532417889485818
766.396639663966,0.531730381954822
766.456645664566,0.531042874423827
766.516651665166,0.530355366892831
766.576657665767,0.529667859361834
766.636663666367,0.528980351830838
766.696669666967,0.528292844299842
766.756675667567,0.527605336768847
766.816681668167,0.526917829237851
766.876687668767,0.526230321706855
766.936693669367,0.525542814175859
766.996699669967,0.524855306644862
767.056705670567,0.524283942381986
767.116711671167,0.523719337780216
767.176717671767,0.523154733178446
767.236723672367,0.522590128576676
767.296729672967,0.522025523974906
767.356735673567,0.521460919373137
767.416741674167,0.520896314771367
767.476747674767,0.520331710169596
767.536753675368,0.519767105567826
767.596759675968,0.519202500966056
767.656765676568,0.518637896364287
767.716771677168,0.518073291762517
767.776777677768,0.517508687160747
767.836783678368,0.516944082558977
767.896789678968,0.516379477957207
767.956795679568,0.515814873355438
768.016801680168,0.515246591054985
768.076807680768,0.514668851815063
768.136813681368,0.51409111257514
768.196819681968,0.513513373335218
768.256825682568,0.512935634095297
768.316831683168,0.512357894855375
768.376837683768,0.511780155615452
768.436843684368,0.51120241637553
768.496849684969,0.510624677135608
768.556855685569,0.510046937895686
768.616861686169,0.509469198655764
768.676867686769,0.508891459415842
768.736873687369,0.508313720175919
768.796879687969,0.507735980935997
768.856885688569,0.507158241696076
768.916891689169,0.506580502456153
768.976897689769,0.506002763216231
769.036903690369,0.505429459273704
769.096909690969,0.504858931899466
769.156915691569,0.504288404525229
769.216921692169,0.503717877150991
769.276927692769,0.503147349776752
769.336933693369,0.502576822402514
769.396939693969,0.502006295028276
769.456945694569,0.501435767654039
769.516951695169,0.5008652402798
769.57695769577,0.500294712905562
769.63696369637,0.499724185531324
769.69696969697,0.499153658157086
769.75697569757,0.498583130782848
769.81698169817,0.49801260340861
769.87698769877,0.497442076034372
769.93699369937,0.496871548660134
769.99699969997,0.496301021285895
770.05700570057,0.495755378530288
770.11701170117,0.49521104549145
770.17701770177,0.494666712452611
770.23702370237,0.494122379413773
770.29702970297,0.493578046374934
770.35703570357,0.493033713336097
770.41704170417,0.492489380297258
770.47704770477,0.49194504725842
770.537053705371,0.491400714219581
770.597059705971,0.490856381180744
770.657065706571,0.490312048141905
770.717071707171,0.489767715103067
770.777077707771,0.489223382064228
770.837083708371,0.48867904902539
770.897089708971,0.488134715986552
770.957095709571,0.487590382947714
771.017101710171,0.487051019332494
771.077107710771,0.486524122867756
771.137113711371,0.485997226403018
771.197119711971,0.485470329938281
771.257125712571,0.484943433473543
771.317131713171,0.484416537008805
771.377137713771,0.483889640544067
771.437143714371,0.483362744079329
771.497149714971,0.482835847614592
771.557155715572,0.482308951149854
771.617161716172,0.481782054685115
771.677167716772,0.481255158220377
771.737173717372,0.480728261755639
771.797179717972,0.480201365290902
771.857185718572,0.479674468826164
771.917191719172,0.479147572361426
771.977197719772,0.478620675896688
772.037203720372,0.478103544896322
772.097209720972,0.477592399180573
772.157215721572,0.477081253464822
772.217221722172,0.476570107749071
772.277227722772,0.476058962033321
772.337233723372,0.47554781631757
772.397239723972,0.475036670601821
772.457245724572,0.47452552488607
772.517251725173,0.474014379170319
772.577257725773,0.473503233454569
772.637263726373,0.472992087738818
772.697269726973,0.472480942023068
772.757275727573,0.471969796307318
772.817281728173,0.471458650591567
772.877287728773,0.470947504875816
772.937293729373,0.470436359160066
772.997299729973,0.469925213444316
773.057305730573,0.469427499730865
773.117311731173,0.468930418938988
773.177317731773,0.468433338147111
773.237323732373,0.467936257355234
773.297329732973,0.467439176563358
773.357335733573,0.466942095771481
773.417341734173,0.466445014979604
773.477347734774,0.465947934187727
773.537353735374,0.46545085339585
773.597359735974,0.464953772603974
773.657365736574,0.464456691812097
773.717371737174,0.46395961102022
773.777377737774,0.463462530228343
773.837383738374,0.462965449436466
773.897389738974,0.46246836864459
773.957395739574,0.461971287852713
774.017401740174,0.461477796999476
774.077407740774,0.460993095306359
774.137413741374,0.460508393613243
774.197419741974,0.460023691920126
774.257425742574,0.459538990227009
774.317431743174,0.459054288533892
774.377437743774,0.458569586840775
774.437443744374,0.458084885147659
774.497449744974,0.457600183454542
774.557455745575,0.457115481761425
774.617461746175,0.456630780068308
774.677467746775,0.456146078375191
774.737473747375,0.455661376682075
774.797479747975,0.455176674988958
774.857485748575,0.454691973295841
774.917491749175,0.454207271602724
774.977497749775,0.453722569909608
775.037503750375,0.45324455151252
775.097509750975,0.45277054309305
775.157515751575,0.452296534673579
775.217521752175,0.451822526254108
775.277527752775,0.451348517834638
775.337533753375,0.450874509415168
775.397539753975,0.450400500995697
775.457545754575,0.449926492576226
775.517551755176,0.449452484156756
775.577557755776,0.448978475737285
775.637563756376,0.448504467317815
775.697569756976,0.448030458898345
775.757575757576,0.447556450478874
775.817581758176,0.447082442059403
775.877587758776,0.446608433639933
775.937593759376,0.446134425220463
775.997599759976,0.445660416800992
776.057605760576,0.445195055532113
776.117611761176,0.444730054561174
776.177617761776,0.444265053590236
776.237623762376,0.443800052619299
776.297629762976,0.443335051648361
776.357635763576,0.442870050677423
776.417641764176,0.442405049706485
776.477647764777,0.441940048735547
776.537653765376,0.441475047764609
776.597659765977,0.441010046793671
776.657665766577,0.440545045822733
776.717671767177,0.440080044851795
776.777677767777,0.439615043880857
776.837683768377,0.43915004290992
776.897689768977,0.438685041938981
776.957695769577,0.438220040968043
777.017701770177,0.437757199876014
777.077707770777,0.437299520528495
777.137713771377,0.436841841180977
777.197719771977,0.436384161833457
777.257725772577,0.435926482485938
777.317731773177,0.435468803138419
777.377737773777,0.4350111237909
777.437743774377,0.434553444443382
777.497749774977,0.434095765095863
777.557755775578,0.433638085748344
777.617761776178,0.433180406400825
777.677767776778,0.432722727053306
777.737773777378,0.432265047705788
777.797779777978,0.431807368358269
777.857785778578,0.43134968901075
777.917791779178,0.430892009663231
777.977797779778,0.430434330315712
778.037803780378,0.429980201521126
778.097809780978,0.429528157971912
778.157815781578,0.429076114422698
778.217821782178,0.428624070873484
778.277827782778,0.428172027324271
778.337833783378,0.427719983775057
778.397839783978,0.427267940225843
778.457845784578,0.426815896676629
778.517851785179,0.426363853127415
778.577857785779,0.425911809578202
778.637863786379,0.425459766028988
778.697869786979,0.425007722479774
778.757875787579,0.42455567893056
778.817881788179,0.424103635381346
778.877887788779,0.423651591832133
778.937893789379,0.423199548282919
778.997899789979,0.422747504733705
779.057905790579,0.422299272908621
779.117911791179,0.421851179332598
779.177917791779,0.421403085756577
779.237923792379,0.420954992180554
779.297929792979,0.420506898604532
779.357935793579,0.42005880502851
779.417941794179,0.419610711452488
779.477947794779,0.419162617876466
779.53795379538,0.418714524300444
779.59795979598,0.418266430724421
779.65796579658,0.417818337148399
779.71797179718,0.417370243572377
779.77797779778,0.416922149996355
779.83798379838,0.416474056420333
779.89798979898,0.416025962844311
779.95799579958,0.415577869268288
780.01800180018,0
780.07800780078,0
780.13801380138,0
780.19801980198,0
780.25802580258,0
780.31803180318,0
780.37803780378,0
780.43804380438,0
780.49804980498,0
780.558055805581,0
780.618061806181,0
780.678067806781,0
780.738073807381,0
780.798079807981,0
780.858085808581,0
780.918091809181,0
780.978097809781,0
781.038103810381,0
781.098109810981,0
781.158115811581,0
781.218121812181,0
781.278127812781,0
781.338133813381,0
781.398139813981,0
781.458145814581,0
781.518151815182,0
781.578157815782,0
781.638163816382,0
781.698169816982,0
781.758175817582,0
781.818181818182,0
781.878187818782,0
781.938193819382,0
781.998199819982,0
782.058205820582,0
782.118211821182,0
782.178217821782,0
782.238223822382,0
782.298229822982,0
782.358235823582,0
782.418241824182,0
782.478247824782,0
782.538253825383,0
782.598259825983,0
782.658265826583,0
782.718271827183,0
782.778277827783,0
782.838283828383,0
782.898289828983,0
782.958295829583,0
783.018301830183,0
783.078307830783,0
783.138313831383,0
783.198319831983,0
783.258325832583,0
783.318331833183,0
783.378337833783,0
783.438343834383,0
783.498349834984,0
783.558355835584,0
783.618361836184,0
783.678367836784,0
783.738373837384,0
783.798379837984,0
783.858385838584,0
783.918391839184,0
783.978397839784,0
784.038403840384,0
784.098409840984,0
784.158415841584,0
784.218421842184,0
784.278427842784,0
784.338433843384,0
784.398439843984,0
784.458445844585,0
784.518451845184,0
784.578457845785,0
784.638463846385,0
784.698469846985,0
784.758475847585,0
784.818481848185,0
784.878487848785,0
784.938493849385,0
784.998499849985,0
785.058505850585,0
785.118511851185,0
785.178517851785,0
785.238523852385,0
785.298529852985,0
785.358535853585,0
785.418541854185,0
785.478547854785,0
785.538553855386,0
785.598559855986,0
785.658565856586,0
785.718571857186,0
785.778577857786,0
785.838583858386,0
785.898589858986,0
785.958595859586,0
786.018601860186,0
786.078607860786,0
786.138613861386,0
786.198619861986,0
786.258625862586,0
786.318631863186,0
786.378637863786,0
786.438643864386,0
786.498649864987,0
786.558655865587,0
786.618661866187,0
786.678667866787,0
786.738673867387,0
786.798679867987,0
786.858685868587,0
786.918691869187,0
786.978697869787,0
787.038703870387,0
787.098709870987,0
787.158715871587,0
787.218721872187,0
787.278727872787,0
787.338733873387,0
787.398739873987,0
787.458745874587,0
787.518751875187,0
787.578757875788,0
787.638763876388,0
787.698769876988,0
787.758775877588,0
787.818781878188,0
787.878787878788,0
787.938793879388,0
787.998799879988,0
788.058805880588,0
788.118811881188,0
788.178817881788,0
788.238823882388,0
788.298829882988,0
788.358835883588,0
788.418841884188,0
788.478847884788,0
788.538853885389,0
788.598859885989,0
788.658865886589,0
788.718871887189,0
788.778877887789,0
788.838883888389,0
788.898889888989,0
788.958895889589,0
789.018901890189,0
789.078907890789,0
789.138913891389,0
789.198919891989,0
789.258925892589,0
789.318931893189,0
789.378937893789,0
789.438943894389,0
789.498949894989,0
789.55895589559,0
789.61896189619,0
789.67896789679,0
789.73897389739,0
789.79897989799,0
789.85898589859,0
789.91899189919,0
789.97899789979,0
790.03900390039,0
790.09900990099,0
790.15901590159,0
790.21902190219,0
790.27902790279,0
790.33903390339,0
790.39903990399,0
790.45904590459,0
790.519051905191,0
790.579057905791,0
790.639063906391,0
790.699069906991,0
790.759075907591,0
790.819081908191,0
790.879087908791,0
790.939093909391,0
790.999099909991,0
791.059105910591,0
791.119111911191,0
791.179117911791,0
791.239123912391,0
791.299129912991,0
791.359135913591,0
791.419141914191,0
791.479147914791,0
791.539153915392,0
791.599159915992,0
791.659165916592,0
791.719171917192,0
791.779177917792,0
791.839183918392,0
791.899189918992,0
791.959195919592,0
792.019201920192,0
792.079207920792,0
792.139213921392,0
792.199219921992,0
792.259225922592,0
792.319231923192,0
792.379237923792,0
792.439243924392,0
792.499249924992,0
792.559255925593,0
792.619261926193,0
792.679267926793,0
792.739273927393,0
792.799279927993,0
792.859285928593,0
792.919291929193,0
792.979297929793,0
793.039303930393,0
793.099309930993,0
793.159315931593,0
793.219321932193,0
793.279327932793,0
793.339333933393,0
793.399339933993,0
793.459345934593,0
793.519351935194,0
793.579357935794,0
793.639363936394,0
793.699369936994,0
793.759375937594,0
793.819381938194,0
793.879387938794,0
793.939393939394,0
793.999399939994,0
794.059405940594,0
794.119411941194,0
794.179417941794,0
794.239423942394,0
794.299429942994,0
794.359435943594,0
794.419441944194,0
794.479447944795,0
794.539453945394,0
794.599459945995,0
794.659465946595,0
794.719471947195,0
794.779477947795,0
794.839483948395,0
794.899489948995,0
794.959495949595,0
795.019501950195,0
795.079507950795,0
795.139513951395,0
795.199519951995,0
795.259525952595,0
795.319531953195,0
795.379537953795,0
795.439543954395,0
795.499549954995,0
795.559555955596,0
795.619561956196,0
795.679567956796,0
795.739573957396,0
795.799579957996,0
795.859585958596,0
795.919591959196,0
795.979597959796,0
796.039603960396,0
796.099609960996,0
796.159615961596,0
796.219621962196,0
796.279627962796,0
796.339633963396,0
796.399639963996,0
796.459645964596,0
796.519651965197,0
796.579657965797,0
796.639663966397,0
796.699669966997,0
796.759675967597,0
796.819681968197,0
796.879687968797,0
796.939693969397,0
796.999699969997,0
797.059705970597,0
797.119711971197,0
797.179717971797,0
797.239723972397,0
797.299729972997,0
797.359735973597,0
797.419741974197,0
797.479747974797,0
797.539753975398,0
797.599759975998,0
797.659765976598,0
797.719771977198,0
797.779777977798,0
797.839783978398,0
797.899789978998,0
797.959795979598,0
798.019801980198,0
798.079807980798,0
798.139813981398,0
798.199819981998,0
798.259825982598,0
798.319831983198,0
798.379837983798,0
798.439843984398,0
798.499849984998,0
798.559855985599,0
798.619861986199,0
798.679867986799,0
798.739873987399,0
798.799879987999,0
798.859885988599,0
798.919891989199,0
798.979897989799,0
799.039903990399,0
799.099909990999,0
799.159915991599,0
799.219921992199,0
799.279927992799,0
799.339933993399,0
799.399939993999,0
799.459945994599,0
799.5199519952,0
799.5799579958,0
799.6399639964,0
799.699969997,0
799.7599759976,0
799.8199819982,0
799.8799879988,0
799.9399939994,0
800,0
