ID,system,Donor,Aux,Bridge,Anchor,VIP_eV,VEA_eV,I_AIP_electronic_eV,A_AEA_electronic_eV,AIP_Gibbs_eV,AEA_Gibbs_eV,chi_eV,mu_eV,eta_eV,softness_eV_inv,omega_eV,I_minus_A_eV,lambda_h_eV,lambda_e_eV,lambda_total_eV,CT_percent,Anchor_electron_percent,Donor_to_Anchor_net_e,off_diagonal_fraction,optical_value,PCC_nm,PCB_nm,dominated_by_count,pareto_front,epsilon_dominated_by_count,epsilon_pareto_front,z_optical,z_CT,z_reorg,core_compromise_score,distance_to_ideal,z_anchor,z_TDM,mechanistic_support_score,sigma_ev,source,optical_metric
D01,D01_TPA_NONE_T_CAA,TPA,NONE,T,CAA,5.0901562,3.12777197,5.02117669,3.28423364,5.08148148,3.39244352,4.152705165,-4.152705165,0.8684715249999999,0.5757241148464828,9.928339439463882,1.7369430499999998,0.11174655,0.29789665,0.4096432,70.577,37.98,0.18657,0.2489111733662811,0.2014959594239617,474.76817172735264,39.45818902028292,4,False,4,False,0.13875916327477125,0.39325842696629154,0.8090733169885994,0.4470303024098874,1.0706652668207401,0.6282736504543024,0.17790793536218272,0.40309079290824257,0.2,AM15G,PCF_sigma_0.20
D02,D02_TPA_NONE_T_RAA,TPA,NONE,T,RAA,5.04126849,3.12996821,4.98357328,3.25670415,5.01696328,3.38204877,4.120138715,-4.120138715,0.8634345649999999,0.5790826777938871,9.830242915305256,1.72686913,0.12017637,0.25915117,0.37932754,69.983,51.89,0.19012,0.269464825092078,0.2333153603397069,482.19591901770457,41.67141330295439,2,False,3,False,0.3296661107893276,0.31910112359550563,0.9096024505030391,0.5194565616292908,0.9597616995214303,1.0,0.22249435272146376,0.6112471763607319,0.2,AM15G,PCF_sigma_0.20
D03,D03_TPA_NONE_TT_CAA,TPA,NONE,TT,CAA,5.05277728,3.18736328,4.99420286,3.32592257,5.04874618,3.45263511,4.160062715,-4.160062715,0.8341401449999999,0.5994196574725462,10.373629597178285,1.6682802899999998,0.11402333,0.27610795,0.3901312799999999,68.089,36.08,0.13624,0.252109328320968,0.2329405994543792,481.2742524419813,41.51694832789111,4,False,5,False,0.32741765687106533,0.08264669163545477,0.8737763915976654,0.42794691336806184,1.1444808866793235,0.577498663816141,0.18484559653751306,0.38117213017682705,0.2,AM15G,PCF_sigma_0.20
D04,D04_TPA_NONE_TT_RAA,TPA,NONE,TT,RAA,5.01761962,3.18246577,4.94952476,3.30351943,5.02431036,3.37524593,4.126522095,-4.126522095,0.823002665,0.6075314470579509,10.345157631125772,1.64600533,0.13825833,0.24401539,0.38227372,67.427,50.18,0.13417,0.1668983551300852,0.2602099213498896,489.0429383262055,43.80010990089685,2,False,3,False,0.49102548272701046,0.0,0.8998326839013037,0.4636193888761047,1.1265383040303996,0.9543025120256547,0.0,0.4771512560128274,0.2,AM15G,PCF_sigma_0.20
D05,D05_TPA_BTD_T_CAA,TPA,BTD,T,CAA,5.04680819,3.38230674,4.99307604,3.53598984,4.96349291,3.63821676,4.2645329400000005,-4.2645329400000005,0.7285431,0.686301194809202,12.48123906213994,1.4570862,0.1088118,0.28619385,0.39500565,74.294,15.55,0.06196,0.5009125244839033,0.2683897566488263,504.5819608105272,50.24951395860434,2,False,2,False,0.540102063151223,0.8573033707865166,0.8576125939917816,0.751672675976507,0.5021380424707943,0.028861571352218066,0.7245668729528656,0.37671422215254186,0.2,AM15G,PCF_sigma_0.20
D06,D06_TPA_BTD_T_RAA,TPA,BTD,T,RAA,5.0340885,3.32617836,4.97840067,3.47259303,5.01108562,3.58295044,4.22549685,-4.22549685,0.75290382,0.6640954484730865,11.85730710554764,1.50580764,0.10890432,0.27493269,0.38383701,74.75,22.03,0.065,0.5090548317371103,0.2996893085217921,504.1895288049034,51.495576040572665,1,False,1,False,0.727890070928725,0.9142322097378279,0.8946486902448308,0.8455903236371279,0.3041361961568531,0.20203099946552647,0.7422297347305292,0.47213036709802786,0.2,AM15G,PCF_sigma_0.20
D07,D07_TPA_BTD_TT_CAA,TPA,BTD,TT,CAA,5.03634786,3.37466741,4.98133297,3.50388204,4.99894934,3.61549526,4.2426075050000005,-4.2426075050000005,0.7387254650000001,0.6768414298537819,12.182955166898386,1.4774509300000005,0.10810485,0.25150777,0.35961262,73.75,14.52,0.046,0.3952570232230634,0.3145524617123313,509.5458988180018,53.508200294380565,1,False,1,False,0.8170645721570938,0.7893882646691636,0.9749786892161829,0.86047717534748,0.28008702185655404,0.001336183858898956,0.49537157771453433,0.24835388078671664,0.2,AM15G,PCF_sigma_0.20
D08,D08_TPA_BTD_TT_RAA,TPA,BTD,TT,RAA,5.02517269,3.32108819,4.96767394,3.44502926,4.98621442,3.55758943,4.2063516,-4.2063516,0.76132234,0.656752040141105,11.620172463888656,1.52264468,0.11340182,0.23866535,0.35206717,74.758,21.66,0.05156,0.4121693902561036,0.3450432101948242,513.1703493332927,54.86306114820977,0,True,0,True,1.0,0.9152309612983767,1.0,0.9717436537661256,0.08476903870162333,0.19214323890967394,0.5320590659102234,0.36210115240994867,0.2,AM15G,PCF_sigma_0.20
D09,D09_PTZ_NONE_T_CAA,PTZ,NONE,T,CAA,5.06368877,3.13684561,4.86635098,3.28042295,4.89366849,3.40177703,4.073386965,-4.073386965,0.7929640149999999,0.6305456370551696,10.462316733648947,1.5859280299999998,0.35212813,0.28186044,0.63398857,70.744,36.98,0.2035,0.4188660044651044,0.1783682864688607,471.9367490528463,38.55787412486376,7,False,7,False,0.0,0.41410736579275864,0.06512627265321569,0.1597445461486581,1.4890463608973261,0.6015499732763228,0.5465858293291957,0.5740679013027592,0.2,AM15G,PCF_sigma_0.20
D10,D10_PTZ_NONE_T_RAA,PTZ,NONE,T,RAA,5.03526702,3.14132243,4.83802937,3.26284168,4.87483821,3.3668104,4.050435525,-4.050435525,0.787593845,0.6348449815526428,10.415284506306692,1.57518769,0.35003339,0.24278244,0.5928158299999999,70.257,50.84,0.19543,0.5379915504597523,0.2164593189397089,478.8174285877619,41.02991526044745,4,False,4,False,0.22853487266911915,0.3533083645443198,0.20165834474451516,0.2611671939859847,1.2848026745660448,0.9719401389631214,0.8050012867246953,0.8884707128439083,0.2,AM15G,PCF_sigma_0.20
D11,D11_PTZ_NONE_TT_CAA,PTZ,NONE,TT,CAA,5.04212021,3.19515852,4.84919883,3.33140512,4.83423882,3.45483923,4.090301975,-4.090301975,0.7588968549999999,0.6588510634953153,11.022953999914062,1.51779371,0.34786791,0.26582531,0.61369322,68.96,36.43,0.14881,0.3718822119043091,0.2057371009424947,473.25037895826654,39.66295826192725,7,False,7,False,0.16420475175157184,0.19138576779026076,0.1324272632921225,0.16267259427798506,1.4508939061852848,0.586851950828434,0.4446653038583727,0.5157586273434034,0.2,AM15G,PCF_sigma_0.20
D12,D12_PTZ_NONE_TT_RAA,PTZ,NONE,TT,RAA,5.00510783,3.18605768,4.8186799,3.30676303,4.81151732,3.43462117,4.062721465,-4.062721465,0.7559584350000002,0.661412025913832,10.917072247610903,1.5119168700000003,0.34261367,0.23805473,0.5806684,67.638,50.4,0.13778,0.3351928448249243,0.2442065680987529,484.43168688597694,42.603953581616175,4,False,4,False,0.3950101200474488,0.026342072409487986,0.24194018628539893,0.22109745958077856,1.3742915251044332,0.9601817210048103,0.365076165389311,0.6626289431970607,0.2,AM15G,PCF_sigma_0.20
D13,D13_PTZ_BTD_T_CAA,PTZ,BTD,T,CAA,5.01843596,3.38197938,4.81683714,3.53898963,4.83217076,3.64099233,4.177913385,-4.177913385,0.6389237549999998,0.7825659886444513,13.659658226795909,1.2778475099999995,0.36423747,0.28939064,0.65362811,75.109,15.4,0.06707,0.6278829540982833,0.2527433109871862,498.429663556312,50.47702778668962,2,False,2,False,0.4462280399216399,0.9590511860174777,0.0,0.4684264086463725,1.143826992659119,0.024853019775521103,1.0,0.5124265098877605,0.2,AM15G,PCF_sigma_0.20
D14,D14_PTZ_BTD_T_RAA,PTZ,BTD,T,RAA,5.01143583,3.33864008,4.80743969,3.47363958,4.82555839,3.5926649,4.140539635,-4.140539635,0.6669000549999999,0.74973753001115,12.853551548294543,1.33380011,0.36350004,0.25966248,0.6231625199999999,75.437,21.83,0.0697,0.6146302906601093,0.3005550561641174,504.1352483319514,52.85711034282969,0,True,0,True,0.7330842994483593,1.0,0.10102631328845191,0.6113702042456037,0.9377620596935695,0.19668626402993045,0.9712513965372447,0.5839688302835876,0.2,AM15G,PCF_sigma_0.20
D15,D15_PTZ_BTD_TT_CAA,PTZ,BTD,TT,CAA,5.01602639,3.37544076,4.81053553,3.50912976,4.86109646,3.59944054,4.159832645,-4.159832645,0.6507028850000001,0.7683998511855376,13.296550571162516,1.30140577,0.37032084,0.25269772,0.62301856,74.688,14.47,0.05022,0.5715069108060646,0.2997744046760524,503.025890634773,53.0722336085073,2,False,4,False,0.7284006225603561,0.906491885143571,0.1015036960688609,0.5787987345909293,0.9432950744849266,0.0,0.8777051480279325,0.43885257401396627,0.2,AM15G,PCF_sigma_0.20
D16,D16_PTZ_BTD_TT_RAA,PTZ,BTD,TT,RAA,5.00446101,3.32119105,4.80024282,3.44621948,4.80610225,3.56191604,4.1232311500000005,-4.1232311500000005,0.6770116700000002,0.738539706413037,12.555939483532333,1.3540233400000004,0.37124875,0.24034103,0.6115897800000001,75.203,21.35,0.05454,0.5720088908396997,0.3364937430351875,509.4455629190412,54.79399524597233,0,True,0,True,0.9487057382807432,0.9707865168539332,0.13940243719892864,0.6862982307778683,0.862619669368832,0.18385889898450028,0.8787940781890673,0.5313264885867838,0.2,AM15G,PCF_sigma_0.20
D01,D01_TPA_NONE_T_CAA,TPA,NONE,T,CAA,5.0901562,3.12777197,5.02117669,3.28423364,5.08148148,3.39244352,4.152705165,-4.152705165,0.8684715249999999,0.5757241148464828,9.928339439463882,1.7369430499999998,0.11174655,0.29789665,0.4096432,70.577,37.98,0.18657,0.2489111733662811,0.2653922223204901,475.5475999947124,41.644569588466055,4,False,4,False,0.11643586754144446,0.39325842696629154,0.8090733169885994,0.4395892038321118,1.0887028570277542,0.6282736504543024,0.17790793536218272,0.40309079290824257,0.2,CIEFL10,PCF_sigma_0.20
D02,D02_TPA_NONE_T_RAA,TPA,NONE,T,RAA,5.04126849,3.12996821,4.98357328,3.25670415,5.01696328,3.38204877,4.120138715,-4.120138715,0.8634345649999999,0.5790826777938871,9.830242915305256,1.72686913,0.12017637,0.25915117,0.37932754,69.983,51.89,0.19012,0.269464825092078,0.3130948259739941,484.3943785370754,45.01245935103763,2,False,3,False,0.2933932359806256,0.31910112359550563,0.9096024505030391,0.5073656033597235,0.9854380324515033,1.0,0.22249435272146376,0.6112471763607319,0.2,CIEFL10,PCF_sigma_0.20
D03,D03_TPA_NONE_TT_CAA,TPA,NONE,TT,CAA,5.05277728,3.18736328,4.99420286,3.32592257,5.04874618,3.45263511,4.160062715,-4.160062715,0.8341401449999999,0.5994196574725462,10.373629597178285,1.6682802899999998,0.11402333,0.27610795,0.3901312799999999,68.089,36.08,0.13624,0.252109328320968,0.3116972735863689,483.3532481182375,44.74168875472319,4,False,5,False,0.2882088817980656,0.08264669163545477,0.8737763915976654,0.41487732167706187,1.1679538037254054,0.577498663816141,0.18484559653751306,0.38117213017682705,0.2,CIEFL10,PCF_sigma_0.20
D04,D04_TPA_NONE_TT_RAA,TPA,NONE,TT,RAA,5.01761962,3.18246577,4.94952476,3.30351943,5.02431036,3.37524593,4.126522095,-4.126522095,0.823002665,0.6075314470579509,10.345157631125772,1.64600533,0.13825833,0.24401539,0.38227372,67.427,50.18,0.13417,0.1668983551300852,0.3578153521531776,492.7361637006055,47.33106107046184,2,False,3,False,0.45928830295361117,0.0,0.8998326839013037,0.45304032895163826,1.1412285619179017,0.9543025120256547,0.0,0.4771512560128274,0.2,CIEFL10,PCF_sigma_0.20
D05,D05_TPA_BTD_T_CAA,TPA,BTD,T,CAA,5.04680819,3.38230674,4.99307604,3.53598984,4.96349291,3.63821676,4.2645329400000005,-4.2645329400000005,0.7285431,0.686301194809202,12.48123906213994,1.4570862,0.1088118,0.28619385,0.39500565,74.294,15.55,0.06196,0.5009125244839033,0.3788772197997647,512.550116319288,50.08384794811016,2,False,2,False,0.5374193144226384,0.8573033707865166,0.8576125939917816,0.7507784264003122,0.5045962663831962,0.028861571352218066,0.7245668729528656,0.37671422215254186,0.2,CIEFL10,PCF_sigma_0.20
D06,D06_TPA_BTD_T_RAA,TPA,BTD,T,RAA,5.0340885,3.32617836,4.97840067,3.47259303,5.01108562,3.58295044,4.22549685,-4.22549685,0.75290382,0.6640954484730865,11.85730710554764,1.50580764,0.10890432,0.27493269,0.38383701,74.75,22.03,0.065,0.5090548317371103,0.4263560428499885,512.0713641891184,51.25269236419905,1,False,1,False,0.7135465473213818,0.9142322097378279,0.8946486902448308,0.8408091491013469,0.31703405631743553,0.20203099946552647,0.7422297347305292,0.47213036709802786,0.2,CIEFL10,PCF_sigma_0.20
D07,D07_TPA_BTD_TT_CAA,TPA,BTD,TT,CAA,5.03634786,3.37466741,4.98133297,3.50388204,4.99894934,3.61549526,4.2426075050000005,-4.2426075050000005,0.7387254650000001,0.6768414298537819,12.182955166898386,1.4774509300000005,0.10810485,0.25150777,0.35961262,73.75,14.52,0.046,0.3952570232230634,0.4522238818345766,517.8397983072686,51.88279237952657,1,False,1,False,0.8095057689012071,0.7893882646691636,0.9749786892161829,0.8579575742621844,0.28508142895377625,0.001336183858898956,0.49537157771453433,0.24835388078671664,0.2,CIEFL10,PCF_sigma_0.20
D08,D08_TPA_BTD_TT_RAA,TPA,BTD,TT,RAA,5.02517269,3.32108819,4.96767394,3.44502926,4.98621442,3.55758943,4.2063516,-4.2063516,0.76132234,0.656752040141105,11.620172463888656,1.52264468,0.11340182,0.23866535,0.35206717,74.758,21.66,0.05156,0.4121693902561036,0.5035756333018113,520.6992149112318,52.92899003096535,0,True,0,True,1.0,0.9152309612983767,1.0,0.9717436537661256,0.08476903870162333,0.19214323890967394,0.5320590659102234,0.36210115240994867,0.2,CIEFL10,PCF_sigma_0.20
D09,D09_PTZ_NONE_T_CAA,PTZ,NONE,T,CAA,5.06368877,3.13684561,4.86635098,3.28042295,4.89366849,3.40177703,4.073386965,-4.073386965,0.7929640149999999,0.6305456370551696,10.462316733648947,1.5859280299999998,0.35212813,0.28186044,0.63398857,70.744,36.98,0.2035,0.4188660044651044,0.2340044700648366,472.3322482811378,40.037021420341766,7,False,7,False,0.0,0.41410736579275864,0.06512627265321569,0.1597445461486581,1.4890463608973261,0.6015499732763228,0.5465858293291957,0.5740679013027592,0.2,CIEFL10,PCF_sigma_0.20
D10,D10_PTZ_NONE_T_RAA,PTZ,NONE,T,RAA,5.03526702,3.14132243,4.83802937,3.26284168,4.87483821,3.3668104,4.050435525,-4.050435525,0.787593845,0.6348449815526428,10.415284506306692,1.57518769,0.35003339,0.24278244,0.5928158299999999,70.257,50.84,0.19543,0.5379915504597523,0.286895185117768,480.6598745182639,43.73978121597051,4,False,4,False,0.19620316363896914,0.3533083645443198,0.20165834474451516,0.25038995764260136,1.304472622950904,0.9719401389631214,0.8050012867246953,0.8884707128439083,0.2,CIEFL10,PCF_sigma_0.20
D11,D11_PTZ_NONE_TT_CAA,PTZ,NONE,TT,CAA,5.04212021,3.19515852,4.84919883,3.33140512,4.83423882,3.45483923,4.090301975,-4.090301975,0.7588968549999999,0.6588510634953153,11.022953999914062,1.51779371,0.34786791,0.26582531,0.61369322,68.96,36.43,0.14881,0.3718822119043091,0.269241898100996,474.270927346421,41.35859156317918,7,False,8,False,0.13071660786351577,0.19138576779026076,0.1324272632921225,0.15150987964863302,1.4704397457411353,0.586851950828434,0.4446653038583727,0.5157586273434034,0.2,CIEFL10,PCF_sigma_0.20
D12,D12_PTZ_NONE_TT_RAA,PTZ,NONE,TT,RAA,5.00510783,3.18605768,4.8186799,3.30676303,4.81151732,3.43462117,4.062721465,-4.062721465,0.7559584350000002,0.661412025913832,10.917072247610903,1.5119168700000003,0.34261367,0.23805473,0.5806684,67.638,50.4,0.13778,0.3351928448249243,0.3299165299562651,487.3113503661421,45.986958778076136,4,False,4,False,0.3557949549934392,0.026342072409487986,0.24194018628539893,0.2080257378961087,1.3920002087430776,0.9601817210048103,0.365076165389311,0.6626289431970607,0.2,CIEFL10,PCF_sigma_0.20
D13,D13_PTZ_BTD_T_CAA,PTZ,BTD,T,CAA,5.01843596,3.38197938,4.81683714,3.53898963,4.83217076,3.64099233,4.177913385,-4.177913385,0.6389237549999998,0.7825659886444513,13.659658226795909,1.2778475099999995,0.36423747,0.28939064,0.65362811,75.109,15.4,0.06707,0.6278829540982833,0.3484377802635786,506.9711981253931,50.4548974078065,2,False,2,False,0.4245013035691281,0.9590511860174777,0.0,0.4611841631955353,1.1545022975118793,0.024853019775521103,1.0,0.5124265098877605,0.2,CIEFL10,PCF_sigma_0.20
D14,D14_PTZ_BTD_T_RAA,PTZ,BTD,T,RAA,5.01143583,3.33864008,4.80743969,3.47363958,4.82555839,3.5926649,4.140539635,-4.140539635,0.6669000549999999,0.74973753001115,12.853551548294543,1.33380011,0.36350004,0.25966248,0.6231625199999999,75.437,21.83,0.0697,0.6146302906601093,0.4264309176624288,512.5508867200085,52.0388689919318,0,True,0,True,0.7138243025958748,1.0,0.10102631328845191,0.6049502052947756,0.9434247289447579,0.19668626402993045,0.9712513965372447,0.5839688302835876,0.2,CIEFL10,PCF_sigma_0.20
D15,D15_PTZ_BTD_TT_CAA,PTZ,BTD,TT,CAA,5.01602639,3.37544076,4.81053553,3.50912976,4.86109646,3.59944054,4.159832645,-4.159832645,0.6507028850000001,0.7683998511855376,13.296550571162516,1.30140577,0.37032084,0.25269772,0.62301856,74.688,14.47,0.05022,0.5715069108060646,0.4235742009699847,511.6742326175686,52.19233682631962,3,False,4,False,0.7032270389340609,0.906491885143571,0.1015036960688609,0.570407540048831,0.9508488660884896,0.0,0.8777051480279325,0.43885257401396627,0.2,CIEFL10,PCF_sigma_0.20
D16,D16_PTZ_BTD_TT_RAA,PTZ,BTD,TT,RAA,5.00446101,3.32119105,4.80024282,3.44621948,4.80610225,3.56191604,4.1232311500000005,-4.1232311500000005,0.6770116700000002,0.738539706413037,12.555939483532333,1.3540233400000004,0.37124875,0.24034103,0.6115897800000001,75.203,21.35,0.05454,0.5720088908396997,0.4873468085688001,517.2775626175769,53.25983188550656,0,True,0,True,0.9397976232393047,0.9707865168539332,0.13940243719892864,0.6833288590973888,0.8631951800515955,0.18385889898450028,0.8787940781890673,0.5313264885867838,0.2,CIEFL10,PCF_sigma_0.20
D01,D01_TPA_NONE_T_CAA,TPA,NONE,T,CAA,5.0901562,3.12777197,5.02117669,3.28423364,5.08148148,3.39244352,4.152705165,-4.152705165,0.8684715249999999,0.5757241148464828,9.928339439463882,1.7369430499999998,0.11174655,0.29789665,0.4096432,70.577,37.98,0.18657,0.2489111733662811,0.1367822446939764,490.4558696796086,40.90354622276956,4,False,4,False,0.08036631012351256,0.39325842696629154,0.8090733169885994,0.4275660180261345,1.1181746099286096,0.6282736504543024,0.17790793536218272,0.40309079290824257,0.2,LEDB2,PCF_sigma_0.20
D02,D02_TPA_NONE_T_RAA,TPA,NONE,T,RAA,5.04126849,3.12996821,4.98357328,3.25670415,5.01696328,3.38204877,4.120138715,-4.120138715,0.8634345649999999,0.5790826777938871,9.830242915305256,1.72686913,0.12017637,0.25915117,0.37932754,69.983,51.89,0.19012,0.269464825092078,0.172050825246021,499.52024236577336,43.91080397355046,2,False,3,False,0.22915051154629143,0.31910112359550563,0.9096024505030391,0.4859513618816121,1.0324746634631294,1.0,0.22249435272146376,0.6112471763607319,0.2,LEDB2,PCF_sigma_0.20
D03,D03_TPA_NONE_TT_CAA,TPA,NONE,TT,CAA,5.05277728,3.18736328,4.99420286,3.32592257,5.04874618,3.45263511,4.160062715,-4.160062715,0.8341401449999999,0.5994196574725462,10.373629597178285,1.6682802899999998,0.11402333,0.27610795,0.3901312799999999,68.089,36.08,0.13624,0.252109328320968,0.169941418442792,498.54594620892993,43.61251997760766,4,False,5,False,0.22025175798769356,0.08264669163545477,0.8737763915976654,0.39222494707360456,1.2105687971390824,0.577498663816141,0.18484559653751306,0.38117213017682705,0.2,LEDB2,PCF_sigma_0.20
D04,D04_TPA_NONE_TT_RAA,TPA,NONE,TT,RAA,5.01761962,3.18246577,4.94952476,3.30351943,5.02431036,3.37524593,4.126522095,-4.126522095,0.823002665,0.6075314470579509,10.345157631125772,1.64600533,0.13825833,0.24401539,0.38227372,67.427,50.18,0.13417,0.1668983551300852,0.2075906935319364,507.9919656339695,46.17064621057582,2,False,3,False,0.3790791686916419,0.0,0.8998326839013037,0.42630395086431516,1.181345068118151,0.9543025120256547,0.0,0.4771512560128274,0.2,LEDB2,PCF_sigma_0.20
D05,D05_TPA_BTD_T_CAA,TPA,BTD,T,CAA,5.04680819,3.38230674,4.99307604,3.53598984,4.96349291,3.63821676,4.2645329400000005,-4.2645329400000005,0.7285431,0.686301194809202,12.48123906213994,1.4570862,0.1088118,0.28619385,0.39500565,74.294,15.55,0.06196,0.5009125244839033,0.2514528982832051,528.6991625752264,49.08324498853665,2,False,2,False,0.5641164739761497,0.8573033707865166,0.8576125939917816,0.7596774795848159,0.4802405122827771,0.028861571352218066,0.7245668729528656,0.37671422215254186,0.2,LEDB2,PCF_sigma_0.20
D06,D06_TPA_BTD_T_RAA,TPA,BTD,T,RAA,5.0340885,3.32617836,4.97840067,3.47259303,5.01108562,3.58295044,4.22549685,-4.22549685,0.75290382,0.6640954484730865,11.85730710554764,1.50580764,0.10890432,0.27493269,0.38383701,74.75,22.03,0.065,0.5090548317371103,0.2813628975007304,529.5573165274487,49.766022051787296,1,False,1,False,0.6902949387308777,0.9142322097378279,0.8946486902448308,0.8330586129045122,0.33818964692801634,0.20203099946552647,0.7422297347305292,0.47213036709802786,0.2,LEDB2,PCF_sigma_0.20
D07,D07_TPA_BTD_TT_CAA,TPA,BTD,TT,CAA,5.03634786,3.37466741,4.98133297,3.50388204,4.99894934,3.61549526,4.2426075050000005,-4.2426075050000005,0.7387254650000001,0.6768414298537819,12.182955166898386,1.4774509300000005,0.10810485,0.25150777,0.35961262,73.75,14.52,0.046,0.3952570232230634,0.3112150152854528,535.9631669356335,50.245186614599845,1,False,1,False,0.8162292245982791,0.7893882646691636,0.9749786892161829,0.8601987261612085,0.28063333184808326,0.001336183858898956,0.49537157771453433,0.24835388078671664,0.2,LEDB2,PCF_sigma_0.20
D08,D08_TPA_BTD_TT_RAA,TPA,BTD,TT,RAA,5.02517269,3.32108819,4.96767394,3.44502926,4.98621442,3.55758943,4.2063516,-4.2063516,0.76132234,0.656752040141105,11.620172463888656,1.52264468,0.11340182,0.23866535,0.35206717,74.758,21.66,0.05156,0.4121693902561036,0.3547769952093172,539.9040432977707,51.09508838821076,0,True,0,True,1.0,0.9152309612983767,1.0,0.9717436537661256,0.08476903870162333,0.19214323890967394,0.5320590659102234,0.36210115240994867,0.2,LEDB2,PCF_sigma_0.20
D09,D09_PTZ_NONE_T_CAA,PTZ,NONE,T,CAA,5.06368877,3.13684561,4.86635098,3.28042295,4.89366849,3.40177703,4.073386965,-4.073386965,0.7929640149999999,0.6305456370551696,10.462316733648947,1.5859280299999998,0.35212813,0.28186044,0.63398857,70.744,36.98,0.2035,0.4188660044651044,0.1177317967622933,486.8919382739795,39.56024055006807,7,False,7,False,0.0,0.41410736579275864,0.06512627265321569,0.1597445461486581,1.4890463608973261,0.6015499732763228,0.5465858293291957,0.5740679013027592,0.2,LEDB2,PCF_sigma_0.20
D10,D10_PTZ_NONE_T_RAA,PTZ,NONE,T,RAA,5.03526702,3.14132243,4.83802937,3.26284168,4.87483821,3.3668104,4.050435525,-4.050435525,0.787593845,0.6348449815526428,10.415284506306692,1.57518769,0.35003339,0.24278244,0.5928158299999999,70.257,50.84,0.19543,0.5379915504597523,0.1537112718810329,495.7275872986856,42.75033042960345,4,False,4,False,0.1517831846181878,0.3533083645443198,0.20165834474451516,0.2355832979690076,1.3323029819755239,0.9719401389631214,0.8050012867246953,0.8884707128439083,0.2,LEDB2,PCF_sigma_0.20
D11,D11_PTZ_NONE_TT_CAA,PTZ,NONE,TT,CAA,5.04212021,3.19515852,4.84919883,3.33140512,4.83423882,3.45483923,4.090301975,-4.090301975,0.7588968549999999,0.6588510634953153,11.022953999914062,1.51779371,0.34786791,0.26582531,0.61369322,68.96,36.43,0.14881,0.3718822119043091,0.13706967177242,489.4268566659515,40.49146511764052,7,False,8,False,0.08157885136175168,0.19138576779026076,0.1324272632921225,0.1351306274813783,1.5000122787087249,0.586851950828434,0.4446653038583727,0.5157586273434034,0.2,LEDB2,PCF_sigma_0.20
D12,D12_PTZ_NONE_TT_RAA,PTZ,NONE,TT,RAA,5.00510783,3.18605768,4.8186799,3.30676303,4.81151732,3.43462117,4.062721465,-4.062721465,0.7559584350000002,0.661412025913832,10.917072247610903,1.5119168700000003,0.34261367,0.23805473,0.5806684,67.638,50.4,0.13778,0.3351928448249243,0.1847630423528345,502.5525411703663,44.77862226907229,4,False,4,False,0.28277833100897715,0.026342072409487986,0.24194018628539893,0.18368686323462136,1.4272600896820224,0.9601817210048103,0.365076165389311,0.6626289431970607,0.2,LEDB2,PCF_sigma_0.20
D13,D13_PTZ_BTD_T_CAA,PTZ,BTD,T,CAA,5.01843596,3.38197938,4.81683714,3.53898963,4.83217076,3.64099233,4.177913385,-4.177913385,0.6389237549999998,0.7825659886444513,13.659658226795909,1.2778475099999995,0.36423747,0.28939064,0.65362811,75.109,15.4,0.06707,0.6278829540982833,0.2220632596030712,523.8717669848018,48.6920057920244,2,False,2,False,0.4401332046558809,0.9590511860174777,0.0,0.4663947968911195,1.1467901437906889,0.024853019775521103,1.0,0.5124265098877605,0.2,LEDB2,PCF_sigma_0.20
D14,D14_PTZ_BTD_T_RAA,PTZ,BTD,T,RAA,5.01143583,3.33864008,4.80743969,3.47363958,4.82555839,3.5926649,4.140539635,-4.140539635,0.6669000549999999,0.74973753001115,12.853551548294543,1.33380011,0.36350004,0.25966248,0.6231625199999999,75.437,21.83,0.0697,0.6146302906601093,0.2819484312622057,531.0198812241771,50.07101836862868,0,True,0,True,0.6927650742379934,1.0,0.10102631328845191,0.5979304625088151,0.9500247307348048,0.19668626402993045,0.9712513965372447,0.5839688302835876,0.2,LEDB2,PCF_sigma_0.20
D15,D15_PTZ_BTD_TT_CAA,PTZ,BTD,TT,CAA,5.01602639,3.37544076,4.81053553,3.50912976,4.86109646,3.59944054,4.159832645,-4.159832645,0.6507028850000001,0.7683998511855376,13.296550571162516,1.30140577,0.37032084,0.25269772,0.62301856,74.688,14.47,0.05022,0.5715069108060646,0.2781312989830183,530.3723145011238,50.05748238453714,3,False,4,False,0.6766621018757818,0.906491885143571,0.1015036960688609,0.5615525610294045,0.9594721320003559,0.0,0.8777051480279325,0.43885257401396627,0.2,LEDB2,PCF_sigma_0.20
D16,D16_PTZ_BTD_TT_RAA,PTZ,BTD,TT,RAA,5.00446101,3.32119105,4.80024282,3.44621948,4.80610225,3.56191604,4.1232311500000005,-4.1232311500000005,0.6770116700000002,0.738539706413037,12.555939483532333,1.3540233400000004,0.37124875,0.24034103,0.6115897800000001,75.203,21.35,0.05454,0.5720088908396997,0.3342358671614376,536.9649676670011,51.13326645953447,0,True,0,True,0.9133450996584086,0.9707865168539332,0.13940243719892864,0.6745113512370903,0.8654424674407194,0.18385889898450028,0.8787940781890673,0.5313264885867838,0.2,LEDB2,PCF_sigma_0.20
D01,D01_TPA_NONE_T_CAA,TPA,NONE,T,CAA,5.0901562,3.12777197,5.02117669,3.28423364,5.08148148,3.39244352,4.152705165,-4.152705165,0.8684715249999999,0.5757241148464828,9.928339439463882,1.7369430499999998,0.11174655,0.29789665,0.4096432,70.577,37.98,0.18657,0.2489111733662811,0.2098840503280995,482.4684646591458,39.39703054063247,4,False,4,False,0.1053821709716561,0.39325842696629154,0.8090733169885994,0.435904638308849,1.097692759723112,0.6282736504543024,0.17790793536218272,0.40309079290824257,0.2,LEDB3,PCF_sigma_0.20
D02,D02_TPA_NONE_T_RAA,TPA,NONE,T,RAA,5.04126849,3.12996821,4.98357328,3.25670415,5.01696328,3.38204877,4.120138715,-4.120138715,0.8634345649999999,0.5790826777938871,9.830242915305256,1.72686913,0.12017637,0.25915117,0.37932754,69.983,51.89,0.19012,0.269464825092078,0.2539792154050706,490.5194161046775,42.60193925637012,2,False,3,False,0.2799826821108431,0.31910112359550563,0.9096024505030391,0.5028954187364626,0.9950979524168732,1.0,0.22249435272146376,0.6112471763607319,0.2,LEDB3,PCF_sigma_0.20
D03,D03_TPA_NONE_TT_CAA,TPA,NONE,TT,CAA,5.05277728,3.18736328,4.99420286,3.32592257,5.04874618,3.45263511,4.160062715,-4.160062715,0.8341401449999999,0.5994196574725462,10.373629597178285,1.6682802899999998,0.11402333,0.27610795,0.3901312799999999,68.089,36.08,0.13624,0.252109328320968,0.2519955831703734,489.6418470830534,42.289187207796985,4,False,5,False,0.27212823363591987,0.08264669163545477,0.8737763915976654,0.40951710562301336,1.1778229068732906,0.577498663816141,0.18484559653751306,0.38117213017682705,0.2,LEDB3,PCF_sigma_0.20
D04,D04_TPA_NONE_TT_RAA,TPA,NONE,TT,RAA,5.01761962,3.18246577,4.94952476,3.30351943,5.02431036,3.37524593,4.126522095,-4.126522095,0.823002665,0.6075314470579509,10.345157631125772,1.64600533,0.13825833,0.24401539,0.38227372,67.427,50.18,0.13417,0.1668983551300852,0.2952653702127975,498.093089186717,45.16063083040078,2,False,3,False,0.44346055366019854,0.0,0.8998326839013037,0.4477644125205007,1.1488122764606188,0.9543025120256547,0.0,0.4771512560128274,0.2,LEDB3,PCF_sigma_0.20
D05,D05_TPA_BTD_T_CAA,TPA,BTD,T,CAA,5.04680819,3.38230674,4.99307604,3.53598984,4.96349291,3.63821676,4.2645329400000005,-4.2645329400000005,0.7285431,0.686301194809202,12.48123906213994,1.4570862,0.1088118,0.28619385,0.39500565,74.294,15.55,0.06196,0.5009125244839033,0.3239897728025187,517.7971062598004,48.8337530395885,2,False,2,False,0.5571985420672853,0.8573033707865166,0.8576125939917816,0.7573715022818611,0.4865281415560433,0.028861571352218066,0.7245668729528656,0.37671422215254186,0.2,LEDB3,PCF_sigma_0.20
D06,D06_TPA_BTD_T_RAA,TPA,BTD,T,RAA,5.0340885,3.32617836,4.97840067,3.47259303,5.01108562,3.58295044,4.22549685,-4.22549685,0.75290382,0.6640954484730865,11.85730710554764,1.50580764,0.10890432,0.27493269,0.38383701,74.75,22.03,0.065,0.5090548317371103,0.3620174867317967,518.1257055814232,49.75179006445082,1,False,1,False,0.7077741953824896,0.9142322097378279,0.8946486902448308,0.8388850317883828,0.32225910878970804,0.20203099946552647,0.7422297347305292,0.47213036709802786,0.2,LEDB3,PCF_sigma_0.20
D07,D07_TPA_BTD_TT_CAA,TPA,BTD,TT,CAA,5.03634786,3.37466741,4.98133297,3.50388204,4.99894934,3.61549526,4.2426075050000005,-4.2426075050000005,0.7387254650000001,0.6768414298537819,12.182955166898386,1.4774509300000005,0.10810485,0.25150777,0.35961262,73.75,14.52,0.046,0.3952570232230634,0.3886470002980653,524.2947225649169,50.5915824640979,1,False,1,False,0.8132171996652121,0.7893882646691636,0.9749786892161829,0.8591947178501863,0.28261490327530836,0.001336183858898956,0.49537157771453433,0.24835388078671664,0.2,LEDB3,PCF_sigma_0.20
D08,D08_TPA_BTD_TT_RAA,TPA,BTD,TT,RAA,5.02517269,3.32108819,4.96767394,3.44502926,4.98621442,3.55758943,4.2063516,-4.2063516,0.76132234,0.656752040141105,11.620172463888656,1.52264468,0.11340182,0.23866535,0.35206717,74.758,21.66,0.05156,0.4121693902561036,0.4358187889747646,527.6582890462452,51.85150479513658,0,True,0,True,1.0,0.9152309612983767,1.0,0.9717436537661256,0.08476903870162333,0.19214323890967394,0.5320590659102234,0.36210115240994867,0.2,LEDB3,PCF_sigma_0.20
D09,D09_PTZ_NONE_T_CAA,PTZ,NONE,T,CAA,5.06368877,3.13684561,4.86635098,3.28042295,4.89366849,3.40177703,4.073386965,-4.073386965,0.7929640149999999,0.6305456370551696,10.462316733648947,1.5859280299999998,0.35212813,0.28186044,0.63398857,70.744,36.98,0.2035,0.4188660044651044,0.1832699001469444,479.31699552323,37.976459046734696,7,False,7,False,0.0,0.41410736579275864,0.06512627265321569,0.1597445461486581,1.4890463608973261,0.6015499732763228,0.5465858293291957,0.5740679013027592,0.2,LEDB3,PCF_sigma_0.20
D10,D10_PTZ_NONE_T_RAA,PTZ,NONE,T,RAA,5.03526702,3.14132243,4.83802937,3.26284168,4.87483821,3.3668104,4.050435525,-4.050435525,0.787593845,0.6348449815526428,10.415284506306692,1.57518769,0.35003339,0.24278244,0.5928158299999999,70.257,50.84,0.19543,0.5379915504597523,0.2305136433198258,487.1617471292046,41.32174114611888,4,False,4,False,0.18706771347186835,0.3533083645443198,0.20165834474451516,0.2473448075869011,1.3101215105341435,0.9719401389631214,0.8050012867246953,0.8884707128439083,0.2,LEDB3,PCF_sigma_0.20
D11,D11_PTZ_NONE_TT_CAA,PTZ,NONE,TT,CAA,5.04212021,3.19515852,4.84919883,3.33140512,4.83423882,3.45483923,4.090301975,-4.090301975,0.7588968549999999,0.6588510634953153,11.022953999914062,1.51779371,0.34786791,0.26582531,0.61369322,68.96,36.43,0.14881,0.3718822119043091,0.2113792365933479,481.543721177885,39.00083159222582,7,False,8,False,0.11130255443557924,0.19138576779026076,0.1324272632921225,0.1450385285059875,1.4819995208378673,0.586851950828434,0.4446653038583727,0.5157586273434034,0.2,LEDB3,PCF_sigma_0.20
D12,D12_PTZ_NONE_TT_RAA,PTZ,NONE,TT,RAA,5.00510783,3.18605768,4.8186799,3.30676303,4.81151732,3.43462117,4.062721465,-4.062721465,0.7559584350000002,0.661412025913832,10.917072247610903,1.5119168700000003,0.34261367,0.23805473,0.5806684,67.638,50.4,0.13778,0.3351928448249243,0.2691951407886124,493.21776164086367,43.567239580490885,4,False,4,False,0.3402321072980412,0.026342072409487986,0.24194018628539893,0.20283812199764273,1.399270564747665,0.9601817210048103,0.365076165389311,0.6626289431970607,0.2,LEDB3,PCF_sigma_0.20
D13,D13_PTZ_BTD_T_CAA,PTZ,BTD,T,CAA,5.01843596,3.38197938,4.81683714,3.53898963,4.83217076,3.64099233,4.177913385,-4.177913385,0.6389237549999998,0.7825659886444513,13.659658226795909,1.2778475099999995,0.36423747,0.28939064,0.65362811,75.109,15.4,0.06707,0.6278829540982833,0.2927576998057117,513.1208714680315,48.220413929913725,2,False,2,False,0.4335311082418288,0.9590511860174777,0.0,0.46419409808643547,1.150027743446351,0.024853019775521103,1.0,0.5124265098877605,0.2,LEDB3,PCF_sigma_0.20
D14,D14_PTZ_BTD_T_RAA,PTZ,BTD,T,RAA,5.01143583,3.33864008,4.80743969,3.47363958,4.82555839,3.5926649,4.140539635,-4.140539635,0.6669000549999999,0.74973753001115,12.853551548294543,1.33380011,0.36350004,0.25966248,0.6231625199999999,75.437,21.83,0.0697,0.6146302906601093,0.3607099429993217,519.3746199122518,50.17602540181466,0,True,0,True,0.7025968068042076,1.0,0.10102631328845191,0.6012077066975532,0.9468908853309375,0.19668626402993045,0.9712513965372447,0.5839688302835876,0.2,LEDB3,PCF_sigma_0.20
D15,D15_PTZ_BTD_TT_CAA,PTZ,BTD,TT,CAA,5.01602639,3.37544076,4.81053553,3.50912976,4.86109646,3.59944054,4.159832645,-4.159832645,0.6507028850000001,0.7683998511855376,13.296550571162516,1.30140577,0.37032084,0.25269772,0.62301856,74.688,14.47,0.05022,0.5715069108060646,0.3569921358720276,518.7187506460568,50.13602789189196,3,False,4,False,0.6878756684751105,0.906491885143571,0.1015036960688609,0.5652904165625142,0.9557515231752342,0.0,0.8777051480279325,0.43885257401396627,0.2,LEDB3,PCF_sigma_0.20
D16,D16_PTZ_BTD_TT_RAA,PTZ,BTD,TT,RAA,5.00446101,3.32119105,4.80024282,3.44621948,4.80610225,3.56191604,4.1232311500000005,-4.1232311500000005,0.6770116700000002,0.738539706413037,12.555939483532333,1.3540233400000004,0.37124875,0.24034103,0.6115897800000001,75.203,21.35,0.05454,0.5720088908396997,0.4167642128605883,524.6286754545678,51.75430506993119,0,True,0,True,0.9245509406015755,0.9707865168539332,0.13940243719892864,0.6782466315514791,0.8643923607140316,0.18385889898450028,0.8787940781890673,0.5313264885867838,0.2,LEDB3,PCF_sigma_0.20
D01,D01_TPA_NONE_T_CAA,TPA,NONE,T,CAA,5.0901562,3.12777197,5.02117669,3.28423364,5.08148148,3.39244352,4.152705165,-4.152705165,0.8684715249999999,0.5757241148464828,9.928339439463882,1.7369430499999998,0.11174655,0.29789665,0.4096432,70.577,37.98,0.18657,0.2489111733662811,0.2486893609624486,478.0125059181219,38.6443599393424,4,False,4,False,0.11462920762033466,0.39325842696629154,0.8090733169885994,0.43898698385840856,1.0901696082409154,0.6282736504543024,0.17790793536218272,0.40309079290824257,0.2,LEDB4,PCF_sigma_0.20
D02,D02_TPA_NONE_T_RAA,TPA,NONE,T,RAA,5.04126849,3.12996821,4.98357328,3.25670415,5.01696328,3.38204877,4.120138715,-4.120138715,0.8634345649999999,0.5790826777938871,9.830242915305256,1.72686913,0.12017637,0.25915117,0.37932754,69.983,51.89,0.19012,0.269464825092078,0.2955335454226037,485.9351948561576,42.46478728631008,2,False,3,False,0.29705701866792633,0.31910112359550563,0.9096024505030391,0.5085868642554904,0.9828142407637276,1.0,0.22249435272146376,0.6112471763607319,0.2,LEDB4,PCF_sigma_0.20
D03,D03_TPA_NONE_TT_CAA,TPA,NONE,TT,CAA,5.05277728,3.18736328,4.99420286,3.32592257,5.04874618,3.45263511,4.160062715,-4.160062715,0.8341401449999999,0.5994196574725462,10.373629597178285,1.6682802899999998,0.11402333,0.27610795,0.3901312799999999,68.089,36.08,0.13624,0.252109328320968,0.2936855406588246,485.0729387097784,42.10175924935483,4,False,5,False,0.2898602349530023,0.08264669163545477,0.8737763915976654,0.41542777272870746,1.166948146914201,0.577498663816141,0.18484559653751306,0.38117213017682705,0.2,LEDB4,PCF_sigma_0.20
D04,D04_TPA_NONE_TT_RAA,TPA,NONE,TT,RAA,5.01761962,3.18246577,4.94952476,3.30351943,5.02431036,3.37524593,4.126522095,-4.126522095,0.823002665,0.6075314470579509,10.345157631125772,1.64600533,0.13825833,0.24401539,0.38227372,67.427,50.18,0.13417,0.1668983551300852,0.339143156915407,493.4663096780529,45.37570132284154,2,False,3,False,0.4668882593427408,0.0,0.8998326839013037,0.45557364774801484,1.137647405500065,0.9543025120256547,0.0,0.4771512560128274,0.2,LEDB4,PCF_sigma_0.20
D05,D05_TPA_BTD_T_CAA,TPA,BTD,T,CAA,5.04680819,3.38230674,4.99307604,3.53598984,4.96349291,3.63821676,4.2645329400000005,-4.2645329400000005,0.7285431,0.686301194809202,12.48123906213994,1.4570862,0.1088118,0.28619385,0.39500565,74.294,15.55,0.06196,0.5009125244839033,0.3590956285628179,513.0866797956338,49.41638666190006,2,False,2,False,0.5445902360037357,0.8573033707865166,0.8576125939917816,0.7531687335940113,0.49803067628588177,0.028861571352218066,0.7245668729528656,0.37671422215254186,0.2,LEDB4,PCF_sigma_0.20
D06,D06_TPA_BTD_T_RAA,TPA,BTD,T,RAA,5.0340885,3.32617836,4.97840067,3.47259303,5.01108562,3.58295044,4.22549685,-4.22549685,0.75290382,0.6640954484730865,11.85730710554764,1.50580764,0.10890432,0.27493269,0.38383701,74.75,22.03,0.065,0.5090548317371103,0.4019016959290918,513.2603188796531,50.23024518218217,1,False,1,False,0.7112921918426152,0.9142322097378279,0.8946486902448308,0.8400576972750913,0.3190724225072215,0.20203099946552647,0.7422297347305292,0.47213036709802786,0.2,LEDB4,PCF_sigma_0.20
D07,D07_TPA_BTD_TT_CAA,TPA,BTD,TT,CAA,5.03634786,3.37466741,4.98133297,3.50388204,4.99894934,3.61549526,4.2426075050000005,-4.2426075050000005,0.7387254650000001,0.6768414298537819,12.182955166898386,1.4774509300000005,0.10810485,0.25150777,0.35961262,73.75,14.52,0.046,0.3952570232230634,0.4265130514179723,519.3436265161833,51.0508259845316,1,False,1,False,0.8071375088332343,0.7893882646691636,0.9749786892161829,0.857168154239527,0.2866693383524953,0.001336183858898956,0.49537157771453433,0.24835388078671664,0.2,LEDB4,PCF_sigma_0.20
D08,D08_TPA_BTD_TT_RAA,TPA,BTD,TT,RAA,5.02517269,3.32108819,4.96767394,3.44502926,4.98621442,3.55758943,4.2063516,-4.2063516,0.76132234,0.656752040141105,11.620172463888656,1.52264468,0.11340182,0.23866535,0.35206717,74.758,21.66,0.05156,0.4121693902561036,0.4760366742679121,522.412391024398,52.22511815249921,0,True,0,True,1.0,0.9152309612983767,1.0,0.9717436537661256,0.08476903870162333,0.19214323890967394,0.5320590659102234,0.36210115240994867,0.2,LEDB4,PCF_sigma_0.20
D09,D09_PTZ_NONE_T_CAA,PTZ,NONE,T,CAA,5.06368877,3.13684561,4.86635098,3.28042295,4.89366849,3.40177703,4.073386965,-4.073386965,0.7929640149999999,0.6305456370551696,10.462316733648947,1.5859280299999998,0.35212813,0.28186044,0.63398857,70.744,36.98,0.2035,0.4188660044651044,0.2192546398228767,474.96409457225707,36.902266148571776,7,False,7,False,0.0,0.41410736579275864,0.06512627265321569,0.1597445461486581,1.4890463608973261,0.6015499732763228,0.5465858293291957,0.5740679013027592,0.2,LEDB4,PCF_sigma_0.20
D10,D10_PTZ_NONE_T_RAA,PTZ,NONE,T,RAA,5.03526702,3.14132243,4.83802937,3.26284168,4.87483821,3.3668104,4.050435525,-4.050435525,0.787593845,0.6348449815526428,10.415284506306692,1.57518769,0.35003339,0.24278244,0.5928158299999999,70.257,50.84,0.19543,0.5379915504597523,0.2701622224788914,482.5982281848122,40.94726713322264,4,False,4,False,0.19825211980284208,0.3533083645443198,0.20165834474451516,0.251072943030559,1.303211085467372,0.9719401389631214,0.8050012867246953,0.8884707128439083,0.2,LEDB4,PCF_sigma_0.20
D11,D11_PTZ_NONE_TT_CAA,PTZ,NONE,TT,CAA,5.04212021,3.19515852,4.84919883,3.33140512,4.83423882,3.45483923,4.090301975,-4.090301975,0.7588968549999999,0.6588510634953153,11.022953999914062,1.51779371,0.34786791,0.26582531,0.61369322,68.96,36.43,0.14881,0.3718822119043091,0.2509057532582504,477.1304579781714,38.17849415601144,7,False,8,False,0.12326062258903335,0.19138576779026076,0.1324272632921225,0.14902455122380553,1.4748597783904447,0.586851950828434,0.4446653038583727,0.5157586273434034,0.2,LEDB4,PCF_sigma_0.20
D12,D12_PTZ_NONE_TT_RAA,PTZ,NONE,TT,RAA,5.00510783,3.18605768,4.8186799,3.30676303,4.81151732,3.43462117,4.062721465,-4.062721465,0.7559584350000002,0.661412025913832,10.917072247610903,1.5119168700000003,0.34261367,0.23805473,0.5806684,67.638,50.4,0.13778,0.3351928448249243,0.3116805718293373,488.6195041872927,43.57976966474829,4,False,4,False,0.3599392465528756,0.026342072409487986,0.24194018628539893,0.20940716841592086,1.3900871228927225,0.9601817210048103,0.365076165389311,0.6626289431970607,0.2,LEDB4,PCF_sigma_0.20
D13,D13_PTZ_BTD_T_CAA,PTZ,BTD,T,CAA,5.01843596,3.38197938,4.81683714,3.53898963,4.83217076,3.64099233,4.177913385,-4.177913385,0.6389237549999998,0.7825659886444513,13.659658226795909,1.2778475099999995,0.36423747,0.28939064,0.65362811,75.109,15.4,0.06707,0.6278829540982833,0.3267571024872043,508.4535391929312,48.77574179231685,2,False,2,False,0.4186525856322658,0.9590511860174777,0.0,0.4592345905499145,1.157428884017772,0.024853019775521103,1.0,0.5124265098877605,0.2,LEDB4,PCF_sigma_0.20
D14,D14_PTZ_BTD_T_RAA,PTZ,BTD,T,RAA,5.01143583,3.33864008,4.80743969,3.47363958,4.82555839,3.5926649,4.140539635,-4.140539635,0.6669000549999999,0.74973753001115,12.853551548294543,1.33380011,0.36350004,0.25966248,0.6231625199999999,75.437,21.83,0.0697,0.6146302906601093,0.3991891462266231,514.4952291952189,50.62198245731639,0,True,0,True,0.7007285645688803,1.0,0.10102631328845191,0.6005849592857774,0.9474793303628082,0.19668626402993045,0.9712513965372447,0.5839688302835876,0.2,LEDB4,PCF_sigma_0.20
D15,D15_PTZ_BTD_TT_CAA,PTZ,BTD,TT,CAA,5.01602639,3.37544076,4.81053553,3.50912976,4.86109646,3.59944054,4.159832645,-4.159832645,0.6507028850000001,0.7683998511855376,13.296550571162516,1.30140577,0.37032084,0.25269772,0.62301856,74.688,14.47,0.05022,0.5715069108060646,0.39547598219011,513.8495620327432,50.57457936075958,3,False,4,False,0.6862681914180168,0.906491885143571,0.1015036960688609,0.5647545908768162,0.9562776915927942,0.0,0.8777051480279325,0.43885257401396627,0.2,LEDB4,PCF_sigma_0.20
D16,D16_PTZ_BTD_TT_RAA,PTZ,BTD,TT,RAA,5.00446101,3.32119105,4.80024282,3.44621948,4.80610225,3.56191604,4.1232311500000005,-4.1232311500000005,0.6770116700000002,0.738539706413037,12.555939483532333,1.3540233400000004,0.37124875,0.24034103,0.6115897800000001,75.203,21.35,0.05454,0.5720088908396997,0.4576463299798584,519.4408662745798,52.103394995392,0,True,0,True,0.928381499399678,0.9707865168539332,0.13940243719892864,0.67952348448418,0.8640664339765246,0.18385889898450028,0.8787940781890673,0.5313264885867838,0.2,LEDB4,PCF_sigma_0.20
D01,D01_TPA_NONE_T_CAA,TPA,NONE,T,CAA,5.0901562,3.12777197,5.02117669,3.28423364,5.08148148,3.39244352,4.152705165,-4.152705165,0.8684715249999999,0.5757241148464828,9.928339439463882,1.7369430499999998,0.11174655,0.29789665,0.4096432,70.577,37.98,0.18657,0.2489111733662811,0.2416485438407287,495.1755798725072,59.91562922697122,4,False,4,False,0.1509168918553965,0.39325842696629154,0.8090733169885994,0.4510828786034291,1.0609102032074418,0.6282736504543024,0.17790793536218272,0.40309079290824257,0.3,AM15G,PCF_sigma_0.30
D02,D02_TPA_NONE_T_RAA,TPA,NONE,T,RAA,5.04126849,3.12996821,4.98357328,3.25670415,5.01696328,3.38204877,4.120138715,-4.120138715,0.8634345649999999,0.5790826777938871,9.830242915305256,1.72686913,0.12017637,0.25915117,0.37932754,69.983,51.89,0.19012,0.269464825092078,0.2857000265247068,503.10165858706455,62.98321565361229,2,False,3,False,0.3623926841788727,0.31910112359550563,0.9096024505030391,0.5303654194258058,0.9371969302300244,1.0,0.22249435272146376,0.6112471763607319,0.3,AM15G,PCF_sigma_0.30
D03,D03_TPA_NONE_TT_CAA,TPA,NONE,TT,CAA,5.05277728,3.18736328,4.99420286,3.32592257,5.04874618,3.45263511,4.160062715,-4.160062715,0.8341401449999999,0.5994196574725462,10.373629597178285,1.6682802899999998,0.11402333,0.27610795,0.3901312799999999,68.089,36.08,0.13624,0.252109328320968,0.2857672082181314,502.2049194313618,62.73480657658678,3,False,5,False,0.36271520003942903,0.08264669163545477,0.8737763915976654,0.4397127610908497,1.1241002659666386,0.577498663816141,0.18484559653751306,0.38117213017682705,0.3,AM15G,PCF_sigma_0.30
D04,D04_TPA_NONE_TT_RAA,TPA,NONE,TT,RAA,5.01761962,3.18246577,4.94952476,3.30351943,5.02431036,3.37524593,4.126522095,-4.126522095,0.823002665,0.6075314470579509,10.345157631125772,1.64600533,0.13825833,0.24401539,0.38227372,67.427,50.18,0.13417,0.1668983551300852,0.323611501100169,510.2228927027058,65.85544220132113,2,False,3,False,0.5443924407253915,0.0,0.8998326839013037,0.48140837487556504,1.1034544572761407,0.9543025120256547,0.0,0.4771512560128274,0.3,AM15G,PCF_sigma_0.30
D05,D05_TPA_BTD_T_CAA,TPA,BTD,T,CAA,5.04680819,3.38230674,4.99307604,3.53598984,4.96349291,3.63821676,4.2645329400000005,-4.2645329400000005,0.7285431,0.686301194809202,12.48123906213994,1.4570862,0.1088118,0.28619385,0.39500565,74.294,15.55,0.06196,0.5009125244839033,0.3182234401722462,525.4612435612528,71.87964693858146,2,False,2,False,0.5185262408974781,0.8573033707865166,0.8576125939917816,0.7444807352252587,0.5219707674601642,0.028861571352218066,0.7245668729528656,0.37671422215254186,0.3,AM15G,PCF_sigma_0.30
D06,D06_TPA_BTD_T_RAA,TPA,BTD,T,RAA,5.0340885,3.32617836,4.97840067,3.47259303,5.01108562,3.58295044,4.22549685,-4.22549685,0.75290382,0.6640954484730865,11.85730710554764,1.50580764,0.10890432,0.27493269,0.38383701,74.75,22.03,0.065,0.5090548317371103,0.359161686455007,526.5588925837527,72.65442358174255,1,False,1,False,0.7150564719248493,0.9142322097378279,0.8946486902448308,0.8413124573025027,0.31567043970809133,0.20203099946552647,0.7422297347305292,0.47213036709802786,0.3,AM15G,PCF_sigma_0.30
D07,D07_TPA_BTD_TT_CAA,TPA,BTD,TT,CAA,5.03634786,3.37466741,4.98133297,3.50388204,4.99894934,3.61549526,4.2426075050000005,-4.2426075050000005,0.7387254650000001,0.6768414298537819,12.182955166898386,1.4774509300000005,0.10810485,0.25150777,0.35961262,73.75,14.52,0.046,0.3952570232230634,0.3770024513426245,531.9076439417017,74.59213997795568,1,False,1,False,0.8007037568830465,0.7893882646691636,0.9749786892161829,0.855023570256131,0.2910367014191483,0.001336183858898956,0.49537157771453433,0.24835388078671664,0.3,AM15G,PCF_sigma_0.30
D08,D08_TPA_BTD_TT_RAA,TPA,BTD,TT,RAA,5.02517269,3.32108819,4.96767394,3.44502926,4.98621442,3.55758943,4.2063516,-4.2063516,0.76132234,0.656752040141105,11.620172463888656,1.52264468,0.11340182,0.23866535,0.35206717,74.758,21.66,0.05156,0.4121693902561036,0.4185168720060517,536.3077100195086,76.01393738374858,0,True,0,True,1.0,0.9152309612983767,1.0,0.9717436537661256,0.08476903870162333,0.19214323890967394,0.5320590659102234,0.36210115240994867,0.3,AM15G,PCF_sigma_0.30
D09,D09_PTZ_NONE_T_CAA,PTZ,NONE,T,CAA,5.06368877,3.13684561,4.86635098,3.28042295,4.89366849,3.40177703,4.073386965,-4.073386965,0.7929640149999999,0.6305456370551696,10.462316733648947,1.5859280299999998,0.35212813,0.28186044,0.63398857,70.744,36.98,0.2035,0.4188660044651044,0.2102117880057216,491.47227048781326,58.83069812967634,7,False,7,False,0.0,0.41410736579275864,0.06512627265321569,0.1597445461486581,1.4890463608973261,0.6015499732763228,0.5465858293291957,0.5740679013027592,0.3,AM15G,PCF_sigma_0.30
D10,D10_PTZ_NONE_T_RAA,PTZ,NONE,T,RAA,5.03526702,3.14132243,4.83802937,3.26284168,4.87483821,3.3668104,4.050435525,-4.050435525,0.787593845,0.6348449815526428,10.415284506306692,1.57518769,0.35003339,0.24278244,0.5928158299999999,70.257,50.84,0.19543,0.5379915504597523,0.2614197436483052,499.23809340310896,61.91239549113701,4,False,4,False,0.2458315210516056,0.3533083645443198,0.20165834474451516,0.2669327434468135,1.274491884840286,0.9719401389631214,0.8050012867246953,0.8884707128439083,0.3,AM15G,PCF_sigma_0.30
D11,D11_PTZ_NONE_TT_CAA,PTZ,NONE,TT,CAA,5.04212021,3.19515852,4.84919883,3.33140512,4.83423882,3.45483923,4.090301975,-4.090301975,0.7588968549999999,0.6588510634953153,11.022953999914062,1.51779371,0.34786791,0.26582531,0.61369322,68.96,36.43,0.14881,0.3718822119043091,0.248600833874125,493.6784623852062,59.901925078969896,7,False,7,False,0.18429240962905424,0.19138576779026076,0.1324272632921225,0.16936848023714582,1.4394159589916034,0.586851950828434,0.4446653038583727,0.5157586273434034,0.3,AM15G,PCF_sigma_0.30
D12,D12_PTZ_NONE_TT_RAA,PTZ,NONE,TT,RAA,5.00510783,3.18605768,4.8186799,3.30676303,4.81151732,3.43462117,4.062721465,-4.062721465,0.7559584350000002,0.661412025913832,10.917072247610903,1.5119168700000003,0.34261367,0.23805473,0.5806684,67.638,50.4,0.13778,0.3351928448249243,0.3009456412682056,505.4663956600995,64.12330941281029,4,False,4,False,0.4355815591247894,0.026342072409487986,0.24194018628539893,0.23462127260655877,1.3569202694074807,0.9601817210048103,0.365076165389311,0.6626289431970607,0.3,AM15G,PCF_sigma_0.30
D13,D13_PTZ_BTD_T_CAA,PTZ,BTD,T,CAA,5.01843596,3.38197938,4.81683714,3.53898963,4.83217076,3.64099233,4.177913385,-4.177913385,0.6389237549999998,0.7825659886444513,13.659658226795909,1.2778475099999995,0.36423747,0.28939064,0.65362811,75.109,15.4,0.06707,0.6278829540982833,0.2940856197945136,519.4863170841609,71.13184437275736,2,False,2,False,0.4026489905001986,0.9590511860174777,0.0,0.45390005883922546,1.1655492413094382,0.024853019775521103,1.0,0.5124265098877605,0.3,AM15G,PCF_sigma_0.30
D14,D14_PTZ_BTD_T_RAA,PTZ,BTD,T,RAA,5.01143583,3.33864008,4.80743969,3.47363958,4.82555839,3.5926649,4.140539635,-4.140539635,0.6669000549999999,0.74973753001115,12.853551548294543,1.33380011,0.36350004,0.25966248,0.6231625199999999,75.437,21.83,0.0697,0.6146302906601093,0.3548400274810769,526.7483594777949,73.42860034512034,0,True,0,True,0.694309695653545,1.0,0.10102631328845191,0.598445336313999,0.949526330109482,0.19668626402993045,0.9712513965372447,0.5839688302835876,0.3,AM15G,PCF_sigma_0.30
D15,D15_PTZ_BTD_TT_CAA,PTZ,BTD,TT,CAA,5.01602639,3.37544076,4.81053553,3.50912976,4.86109646,3.59944054,4.159832645,-4.159832645,0.6507028850000001,0.7683998511855376,13.296550571162516,1.30140577,0.37032084,0.25269772,0.62301856,74.688,14.47,0.05022,0.5715069108060646,0.3529858422146529,525.6504778744478,73.4806438614068,3,False,4,False,0.6854083993874343,0.906491885143571,0.1015036960688609,0.5644679935332887,0.956560113582987,0.0,0.8777051480279325,0.43885257401396627,0.3,AM15G,PCF_sigma_0.30
D16,D16_PTZ_BTD_TT_RAA,PTZ,BTD,TT,RAA,5.00446101,3.32119105,4.80024282,3.44621948,4.80610225,3.56191604,4.1232311500000005,-4.1232311500000005,0.6770116700000002,0.738539706413037,12.555939483532333,1.3540233400000004,0.37124875,0.24034103,0.6115897800000001,75.203,21.35,0.05454,0.5720088908396997,0.4025609136665905,532.7609300501888,75.50057936028183,0,True,0,True,0.9234010133932407,0.9707865168539332,0.13940243719892864,0.6778633224820342,0.8644934918470191,0.18385889898450028,0.8787940781890673,0.5313264885867838,0.3,AM15G,PCF_sigma_0.30
D01,D01_TPA_NONE_T_CAA,TPA,NONE,T,CAA,5.0901562,3.12777197,5.02117669,3.28423364,5.08148148,3.39244352,4.152705165,-4.152705165,0.8684715249999999,0.5757241148464828,9.928339439463882,1.7369430499999998,0.11174655,0.29789665,0.4096432,70.577,37.98,0.18657,0.2489111733662811,0.3319202036428618,500.5592663775111,57.28488817208515,4,False,4,False,0.15528813648736592,0.39325842696629154,0.8090733169885994,0.452539960147419,1.057414992844409,0.6282736504543024,0.17790793536218272,0.40309079290824257,0.3,CIEFL10,PCF_sigma_0.30
D02,D02_TPA_NONE_T_RAA,TPA,NONE,T,RAA,5.04126849,3.12996821,4.98357328,3.25670415,5.01696328,3.38204877,4.120138715,-4.120138715,0.8634345649999999,0.5790826777938871,9.830242915305256,1.72686913,0.12017637,0.25915117,0.37932754,69.983,51.89,0.19012,0.269464825092078,0.3977329940695122,507.81583162821227,58.71921524763814,2,False,3,False,0.37798360874115294,0.31910112359550563,0.9096024505030391,0.5355623942798992,0.9266603411383468,1.0,0.22249435272146376,0.6112471763607319,0.3,CIEFL10,PCF_sigma_0.30
D03,D03_TPA_NONE_TT_CAA,TPA,NONE,TT,CAA,5.05277728,3.18736328,4.99420286,3.32592257,5.04874618,3.45263511,4.160062715,-4.160062715,0.8341401449999999,0.5994196574725462,10.373629597178285,1.6682802899999998,0.11402333,0.27610795,0.3901312799999999,68.089,36.08,0.13624,0.252109328320968,0.3972454514747744,507.0820712192162,58.630329136551765,4,False,5,False,0.3763338757990439,0.08264669163545477,0.8737763915976654,0.44425231967738804,1.1164358137220987,0.577498663816141,0.18484559653751306,0.38117213017682705,0.3,CIEFL10,PCF_sigma_0.30
D04,D04_TPA_NONE_TT_RAA,TPA,NONE,TT,RAA,5.01761962,3.18246577,4.94952476,3.30351943,5.02431036,3.37524593,4.126522095,-4.126522095,0.823002665,0.6075314470579509,10.345157631125772,1.64600533,0.13825833,0.24401539,0.38227372,67.427,50.18,0.13417,0.1668983551300852,0.4541651840557555,513.9790581530486,59.77789318986785,2,False,3,False,0.5689372686274978,0.0,0.8998326839013037,0.4895899841762672,1.093548613273657,0.9543025120256547,0.0,0.4771512560128274,0.3,CIEFL10,PCF_sigma_0.30
D05,D05_TPA_BTD_T_CAA,TPA,BTD,T,CAA,5.04680819,3.38230674,4.99307604,3.53598984,4.96349291,3.63821676,4.2645329400000005,-4.2645329400000005,0.7285431,0.686301194809202,12.48123906213994,1.4570862,0.1088118,0.28619385,0.39500565,74.294,15.55,0.06196,0.5009125244839033,0.4448202989487383,525.9546107117867,60.9776183369956,2,False,2,False,0.5373163088023106,0.8573033707865166,0.8576125939917816,0.7507440911935364,0.5046906968420939,0.028861571352218066,0.7245668729528656,0.37671422215254186,0.3,CIEFL10,PCF_sigma_0.30
D06,D06_TPA_BTD_T_RAA,TPA,BTD,T,RAA,5.0340885,3.32617836,4.97840067,3.47259303,5.01108562,3.58295044,4.22549685,-4.22549685,0.75290382,0.6640954484730865,11.85730710554764,1.50580764,0.10890432,0.27493269,0.38383701,74.75,22.03,0.065,0.5090548317371103,0.5026378682767965,526.4683945389692,61.489784182636456,1,False,1,False,0.7329577764046942,0.9142322097378279,0.8946486902448308,0.8472795587957843,0.2996106832145857,0.20203099946552647,0.7422297347305292,0.47213036709802786,0.3,CIEFL10,PCF_sigma_0.30
D07,D07_TPA_BTD_TT_CAA,TPA,BTD,TT,CAA,5.03634786,3.37466741,4.98133297,3.50388204,4.99894934,3.61549526,4.2426075050000005,-4.2426075050000005,0.7387254650000001,0.6768414298537819,12.182955166898386,1.4774509300000005,0.10810485,0.25150777,0.35961262,73.75,14.52,0.046,0.3952570232230634,0.5251951616029628,530.1864591931052,61.7986169981916,1,False,1,False,0.8092865121636874,0.7893882646691636,0.9749786892161829,0.8578844886830113,0.2852279851190938,0.001336183858898956,0.49537157771453433,0.24835388078671664,0.3,CIEFL10,PCF_sigma_0.30
D08,D08_TPA_BTD_TT_RAA,TPA,BTD,TT,RAA,5.02517269,3.32108819,4.96767394,3.44502926,4.98621442,3.55758943,4.2063516,-4.2063516,0.76132234,0.656752040141105,11.620172463888656,1.52264468,0.11340182,0.23866535,0.35206717,74.758,21.66,0.05156,0.4121693902561036,0.5815563739773348,532.7708399144208,62.2117623043958,0,True,0,True,1.0,0.9152309612983767,1.0,0.9717436537661256,0.08476903870162333,0.19214323890967394,0.5320590659102234,0.36210115240994867,0.3,CIEFL10,PCF_sigma_0.30
D09,D09_PTZ_NONE_T_CAA,PTZ,NONE,T,CAA,5.06368877,3.13684561,4.86635098,3.28042295,4.89366849,3.40177703,4.073386965,-4.073386965,0.7929640149999999,0.6305456370551696,10.462316733648947,1.5859280299999998,0.35212813,0.28186044,0.63398857,70.744,36.98,0.2035,0.4188660044651044,0.2860281813266591,497.1963997299828,56.60764482264808,7,False,7,False,0.0,0.41410736579275864,0.06512627265321569,0.1597445461486581,1.4890463608973261,0.6015499732763228,0.5465858293291957,0.5740679013027592,0.3,CIEFL10,PCF_sigma_0.30
D10,D10_PTZ_NONE_T_RAA,PTZ,NONE,T,RAA,5.03526702,3.14132243,4.83802937,3.26284168,4.87483821,3.3668104,4.050435525,-4.050435525,0.787593845,0.6348449815526428,10.415284506306692,1.57518769,0.35003339,0.24278244,0.5928158299999999,70.257,50.84,0.19543,0.5379915504597523,0.3608629964087373,504.54199156001977,58.23173314946983,4,False,4,False,0.2532239459486544,0.3533083645443198,0.20165834474451516,0.2693968850791631,1.270131467521732,0.9719401389631214,0.8050012867246953,0.8884707128439083,0.3,CIEFL10,PCF_sigma_0.30
D11,D11_PTZ_NONE_TT_CAA,PTZ,NONE,TT,CAA,5.04212021,3.19515852,4.84919883,3.33140512,4.83423882,3.45483923,4.090301975,-4.090301975,0.7588968549999999,0.6588510634953153,11.022953999914062,1.51779371,0.34786791,0.26582531,0.61369322,68.96,36.43,0.14881,0.3718822119043091,0.3397982475771945,499.5179458412906,57.26703670855064,7,False,7,False,0.18194564034062718,0.19138576779026076,0.1324272632921225,0.16858622380767016,1.4407471552526656,0.586851950828434,0.4446653038583727,0.5157586273434034,0.3,CIEFL10,PCF_sigma_0.30
D12,D12_PTZ_NONE_TT_RAA,PTZ,NONE,TT,RAA,5.00510783,3.18605768,4.8186799,3.30676303,4.81151732,3.43462117,4.062721465,-4.062721465,0.7559584350000002,0.661412025913832,10.917072247610903,1.5119168700000003,0.34261367,0.23805473,0.5806684,67.638,50.4,0.13778,0.3351928448249243,0.4199551916256582,509.9963099109312,59.17741956071327,4,False,4,False,0.45317845684288177,0.026342072409487986,0.24194018628539893,0.24048690517925622,1.349695610569138,0.9601817210048103,0.365076165389311,0.6626289431970607,0.3,CIEFL10,PCF_sigma_0.30
D13,D13_PTZ_BTD_T_CAA,PTZ,BTD,T,CAA,5.01843596,3.38197938,4.81683714,3.53898963,4.83217076,3.64099233,4.177913385,-4.177913385,0.6389237549999998,0.7825659886444513,13.659658226795909,1.2778475099999995,0.36423747,0.28939064,0.65362811,75.109,15.4,0.06707,0.6278829540982833,0.409000625146473,521.6781558564845,61.21604767040858,2,False,2,False,0.4161107023896413,0.9590511860174777,0.0,0.45838729613570633,1.1587076927467483,0.024853019775521103,1.0,0.5124265098877605,0.3,CIEFL10,PCF_sigma_0.30
D14,D14_PTZ_BTD_T_RAA,PTZ,BTD,T,RAA,5.01143583,3.33864008,4.80743969,3.47363958,4.82555839,3.5926649,4.140539635,-4.140539635,0.6669000549999999,0.74973753001115,12.853551548294543,1.33380011,0.36350004,0.25966248,0.6231625199999999,75.437,21.83,0.0697,0.6146302906601093,0.4949019646592774,526.5648405116136,61.82648704037105,0,True,0,True,0.7067812429642343,1.0,0.10102631328845191,0.6026025187508954,0.9455849665034612,0.19668626402993045,0.9712513965372447,0.5839688302835876,0.3,CIEFL10,PCF_sigma_0.30
D15,D15_PTZ_BTD_TT_CAA,PTZ,BTD,TT,CAA,5.01602639,3.37544076,4.81053553,3.50912976,4.86109646,3.59944054,4.159832645,-4.159832645,0.6507028850000001,0.7683998511855376,13.296550571162516,1.30140577,0.37032084,0.25269772,0.62301856,74.688,14.47,0.05022,0.5715069108060646,0.4916064856456008,525.8441866015447,61.95432241178057,3,False,4,False,0.6956300936132417,0.906491885143571,0.1015036960688609,0.5678752249418912,0.9532473003558967,0.0,0.8777051480279325,0.43885257401396627,0.3,CIEFL10,PCF_sigma_0.30
D16,D16_PTZ_BTD_TT_RAA,PTZ,BTD,TT,RAA,5.00446101,3.32119105,4.80024282,3.44621948,4.80610225,3.56191604,4.1232311500000005,-4.1232311500000005,0.6770116700000002,0.738539706413037,12.555939483532333,1.3540233400000004,0.37124875,0.24034103,0.6115897800000001,75.203,21.35,0.05454,0.5720088908396997,0.5599114322386243,530.3964733359171,62.3549235985804,0,True,0,True,0.9267584539242399,0.9707865168539332,0.13940243719892864,0.6789824693257006,0.8642024744052965,0.18385889898450028,0.8787940781890673,0.5313264885867838,0.3,CIEFL10,PCF_sigma_0.30
D01,D01_TPA_NONE_T_CAA,TPA,NONE,T,CAA,5.0901562,3.12777197,5.02117669,3.28423364,5.08148148,3.39244352,4.152705165,-4.152705165,0.8684715249999999,0.5757241148464828,9.928339439463882,1.7369430499999998,0.11174655,0.29789665,0.4096432,70.577,37.98,0.18657,0.2489111733662811,0.206556762196476,527.1842421132785,58.2178543431194,4,False,4,False,0.11171764339446805,0.39325842696629154,0.8090733169885994,0.43801646244978637,1.092535527930251,0.6282736504543024,0.17790793536218272,0.40309079290824257,0.3,LEDB2,PCF_sigma_0.30
D02,D02_TPA_NONE_T_RAA,TPA,NONE,T,RAA,5.04126849,3.12996821,4.98357328,3.25670415,5.01696328,3.38204877,4.120138715,-4.120138715,0.8634345649999999,0.5790826777938871,9.830242915305256,1.72686913,0.12017637,0.25915117,0.37932754,69.983,51.89,0.19012,0.269464825092078,0.2620839750663121,535.071282397293,59.05844410381383,2,False,3,False,0.29876951387146294,0.31910112359550563,0.9096024505030391,0.5091576959900026,0.9815901341802609,1.0,0.22249435272146376,0.6112471763607319,0.3,LEDB2,PCF_sigma_0.30
D03,D03_TPA_NONE_TT_CAA,TPA,NONE,TT,CAA,5.05277728,3.18736328,4.99420286,3.32592257,5.04874618,3.45263511,4.160062715,-4.160062715,0.8341401449999999,0.5994196574725462,10.373629597178285,1.6682802899999998,0.11402333,0.27610795,0.3901312799999999,68.089,36.08,0.13624,0.252109328320968,0.2601801715811001,534.3323167385463,58.97755550544216,4,False,5,False,0.2923562619806413,0.08264669163545477,0.8737763915976654,0.4162597817379205,1.1654308866867624,0.577498663816141,0.18484559653751306,0.38117213017682705,0.3,LEDB2,PCF_sigma_0.30
D04,D04_TPA_NONE_TT_RAA,TPA,NONE,TT,RAA,5.01761962,3.18246577,4.94952476,3.30351943,5.02431036,3.37524593,4.126522095,-4.126522095,0.823002665,0.6075314470579509,10.345157631125772,1.64600533,0.13825833,0.24401539,0.38227372,67.427,50.18,0.13417,0.1668983551300852,0.3142817000224781,541.83400612479,59.60845682789379,2,False,3,False,0.4746054974023142,0.0,0.8998326839013037,0.4581460604345393,1.1340515308284214,0.9543025120256547,0.0,0.4771512560128274,0.3,LEDB2,PCF_sigma_0.30
D05,D05_TPA_BTD_T_CAA,TPA,BTD,T,CAA,5.04680819,3.38230674,4.99307604,3.53598984,4.96349291,3.63821676,4.2645329400000005,-4.2645329400000005,0.7285431,0.686301194809202,12.48123906213994,1.4570862,0.1088118,0.28619385,0.39500565,74.294,15.55,0.06196,0.5009125244839033,0.3391640469620894,554.6100309012388,60.18565660642677,2,False,2,False,0.5584254713639492,0.8573033707865166,0.8576125939917816,0.7577804787140825,0.485411748641079,0.028861571352218066,0.7245668729528656,0.37671422215254186,0.3,LEDB2,PCF_sigma_0.30
D06,D06_TPA_BTD_T_RAA,TPA,BTD,T,RAA,5.0340885,3.32617836,4.97840067,3.47259303,5.01108562,3.58295044,4.22549685,-4.22549685,0.75290382,0.6640954484730865,11.85730710554764,1.50580764,0.10890432,0.27493269,0.38383701,74.75,22.03,0.065,0.5090548317371103,0.3853466893355982,555.6974658224769,60.479625070583296,1,False,1,False,0.7139987334288931,0.9142322097378279,0.8946486902448308,0.8409598778038506,0.3166255466538714,0.20203099946552647,0.7422297347305292,0.47213036709802786,0.3,LEDB2,PCF_sigma_0.30
D07,D07_TPA_BTD_TT_CAA,TPA,BTD,TT,CAA,5.03634786,3.37466741,4.98133297,3.50388204,4.99894934,3.61549526,4.2426075050000005,-4.2426075050000005,0.7387254650000001,0.6768414298537819,12.182955166898386,1.4774509300000005,0.10810485,0.25150777,0.35961262,73.75,14.52,0.046,0.3952570232230634,0.4151093408181288,559.7191064337832,60.54363946792272,1,False,1,False,0.8142587562615263,0.7893882646691636,0.9749786892161829,0.8595419033822909,0.28192761247866754,0.001336183858898956,0.49537157771453433,0.24835388078671664,0.3,LEDB2,PCF_sigma_0.30
D08,D08_TPA_BTD_TT_RAA,TPA,BTD,TT,RAA,5.02517269,3.32108819,4.96767394,3.44502926,4.98621442,3.55758943,4.2063516,-4.2063516,0.76132234,0.656752040141105,11.620172463888656,1.52264468,0.11340182,0.23866535,0.35206717,74.758,21.66,0.05156,0.4121693902561036,0.4702474880789593,562.7342868210936,60.7932934132038,0,True,0,True,1.0,0.9152309612983767,1.0,0.9717436537661256,0.08476903870162333,0.19214323890967394,0.5320590659102234,0.36210115240994867,0.3,LEDB2,PCF_sigma_0.30
D09,D09_PTZ_NONE_T_CAA,PTZ,NONE,T,CAA,5.06368877,3.13684561,4.86635098,3.28042295,4.89366849,3.40177703,4.073386965,-4.073386965,0.7929640149999999,0.6305456370551696,10.462316733648947,1.5859280299999998,0.35212813,0.28186044,0.63398857,70.744,36.98,0.2035,0.4188660044651044,0.1733928630584345,523.6465562984341,57.827496536575005,7,False,7,False,0.0,0.41410736579275864,0.06512627265321569,0.1597445461486581,1.4890463608973261,0.6015499732763228,0.5465858293291957,0.5740679013027592,0.3,LEDB2,PCF_sigma_0.30
D10,D10_PTZ_NONE_T_RAA,PTZ,NONE,T,RAA,5.03526702,3.14132243,4.83802937,3.26284168,4.87483821,3.3668104,4.050435525,-4.050435525,0.787593845,0.6348449815526428,10.415284506306692,1.57518769,0.35003339,0.24278244,0.5928158299999999,70.257,50.84,0.19543,0.5379915504597523,0.2317547807621205,531.679966884224,58.7822383493974,4,False,4,False,0.196601005288871,0.3533083645443198,0.20165834474451516,0.250522571525902,1.3042275164200694,0.9719401389631214,0.8050012867246953,0.8884707128439083,0.3,LEDB2,PCF_sigma_0.30
D11,D11_PTZ_NONE_TT_CAA,PTZ,NONE,TT,CAA,5.04212021,3.19515852,4.84919883,3.33140512,4.83423882,3.45483923,4.090301975,-4.090301975,0.7588968549999999,0.6588510634953153,11.022953999914062,1.51779371,0.34786791,0.26582531,0.61369322,68.96,36.43,0.14881,0.3718822119043091,0.2094913528794357,526.3456324104405,58.09162875451102,7,False,8,False,0.12160325889652332,0.19138576779026076,0.1324272632921225,0.14847209665963554,1.475845610079913,0.586851950828434,0.4446653038583727,0.5157586273434034,0.3,LEDB2,PCF_sigma_0.30
D12,D12_PTZ_NONE_TT_RAA,PTZ,NONE,TT,RAA,5.00510783,3.18605768,4.8186799,3.30676303,4.81151732,3.43462117,4.062721465,-4.062721465,0.7559584350000002,0.661412025913832,10.917072247610903,1.5119168700000003,0.34261367,0.23805473,0.5806684,67.638,50.4,0.13778,0.3351928448249243,0.2815080884062551,537.548930677905,59.28489979651268,4,False,4,False,0.3642025969457117,0.026342072409487986,0.24194018628539893,0.2108282852135329,1.3881292370883354,0.9601817210048103,0.365076165389311,0.6626289431970607,0.3,LEDB2,PCF_sigma_0.30
D13,D13_PTZ_BTD_T_CAA,PTZ,BTD,T,CAA,5.01843596,3.38197938,4.81683714,3.53898963,4.83217076,3.64099233,4.177913385,-4.177913385,0.6389237549999998,0.7825659886444513,13.659658226795909,1.2778475099999995,0.36423747,0.28939064,0.65362811,75.109,15.4,0.06707,0.6278829540982833,0.3015290692107195,550.8602831926606,60.35148704814813,2,False,2,False,0.4316463189462706,0.9590511860174777,0.0,0.46356583498791615,1.1509573024808086,0.024853019775521103,1.0,0.5124265098877605,0.3,LEDB2,PCF_sigma_0.30
D14,D14_PTZ_BTD_T_RAA,PTZ,BTD,T,RAA,5.01143583,3.33864008,4.80743969,3.47363958,4.82555839,3.5926649,4.140539635,-4.140539635,0.6669000549999999,0.74973753001115,12.853551548294543,1.33380011,0.36350004,0.25966248,0.6231625199999999,75.437,21.83,0.0697,0.6146302906601093,0.3799967086320288,556.2406978263065,60.66094606500161,0,True,0,True,0.6959765089033378,1.0,0.10102631328845191,0.5990009407305966,0.9489910286922395,0.19668626402993045,0.9712513965372447,0.5839688302835876,0.3,LEDB2,PCF_sigma_0.30
D15,D15_PTZ_BTD_TT_CAA,PTZ,BTD,TT,CAA,5.01602639,3.37544076,4.81053553,3.50912976,4.86109646,3.59944054,4.159832645,-4.159832645,0.6507028850000001,0.7683998511855376,13.296550571162516,1.30140577,0.37032084,0.25269772,0.62301856,74.688,14.47,0.05022,0.5715069108060646,0.3753482303992546,555.7142945145371,60.7171587343768,3,False,4,False,0.6803174022532299,0.906491885143571,0.1015036960688609,0.5627709944885539,0.9582464917880181,0.0,0.8777051480279325,0.43885257401396627,0.3,LEDB2,PCF_sigma_0.30
D16,D16_PTZ_BTD_TT_RAA,PTZ,BTD,TT,RAA,5.00446101,3.32119105,4.80024282,3.44621948,4.80610225,3.56191604,4.1232311500000005,-4.1232311500000005,0.6770116700000002,0.738539706413037,12.555939483532333,1.3540233400000004,0.37124875,0.24034103,0.6115897800000001,75.203,21.35,0.05454,0.5720088908396997,0.4442296707824077,560.5853694941525,60.91903585143712,0,True,0,True,0.912355021267556,0.9707865168539332,0.13940243719892864,0.674181325106806,0.8655421624586985,0.18385889898450028,0.8787940781890673,0.5313264885867838,0.3,LEDB2,PCF_sigma_0.30
D01,D01_TPA_NONE_T_CAA,TPA,NONE,T,CAA,5.0901562,3.12777197,5.02117669,3.28423364,5.08148148,3.39244352,4.152705165,-4.152705165,0.8684715249999999,0.5757241148464828,9.928339439463882,1.7369430499999998,0.11174655,0.29789665,0.4096432,70.577,37.98,0.18657,0.2489111733662811,0.2729227694718891,511.5977825828669,56.49195794441163,4,False,4,False,0.1352552023385452,0.39325842696629154,0.8090733169885994,0.44586231543114535,1.0734858638173608,0.6282736504543024,0.17790793536218272,0.40309079290824257,0.3,LEDB3,PCF_sigma_0.30
D02,D02_TPA_NONE_T_RAA,TPA,NONE,T,RAA,5.04126849,3.12996821,4.98357328,3.25670415,5.01696328,3.38204877,4.120138715,-4.120138715,0.8634345649999999,0.5790826777938871,9.830242915305256,1.72686913,0.12017637,0.25915117,0.37932754,69.983,51.89,0.19012,0.269464825092078,0.334206500192605,518.9606081103234,58.149799316700346,2,False,3,False,0.3416355701010347,0.31910112359550563,0.9096024505030391,0.5234463813998599,0.9514403393803249,1.0,0.22249435272146376,0.6112471763607319,0.3,LEDB3,PCF_sigma_0.30
D03,D03_TPA_NONE_TT_CAA,TPA,NONE,TT,CAA,5.05277728,3.18736328,4.99420286,3.32592257,5.04874618,3.45263511,4.160062715,-4.160062715,0.8341401449999999,0.5994196574725462,10.373629597178285,1.6682802899999998,0.11402333,0.27610795,0.3901312799999999,68.089,36.08,0.13624,0.252109328320968,0.3329108928531372,518.2611272460424,58.00356808422758,4,False,5,False,0.33727245584459853,0.08264669163545477,0.8737763915976654,0.43123184635923956,1.138717387883285,0.577498663816141,0.18484559653751306,0.38117213017682705,0.3,LEDB3,PCF_sigma_0.30
D04,D04_TPA_NONE_TT_RAA,TPA,NONE,TT,RAA,5.01761962,3.18246577,4.94952476,3.30351943,5.02431036,3.37524593,4.126522095,-4.126522095,0.823002665,0.6075314470579509,10.345157631125772,1.64600533,0.13825833,0.24401539,0.38227372,67.427,50.18,0.13417,0.1668983551300852,0.3887211644030424,525.3677756820343,59.41438448049664,2,False,3,False,0.5252202885228126,0.0,0.8998326839013037,0.4750176574747054,1.1115076543347677,0.9543025120256547,0.0,0.4771512560128274,0.3,LEDB3,PCF_sigma_0.30
D05,D05_TPA_BTD_T_CAA,TPA,BTD,T,CAA,5.04680819,3.38230674,4.99307604,3.53598984,4.96349291,3.63821676,4.2645329400000005,-4.2645329400000005,0.7285431,0.686301194809202,12.48123906213994,1.4570862,0.1088118,0.28619385,0.39500565,74.294,15.55,0.06196,0.5009125244839033,0.3956878358311331,537.9674720608166,61.08465801790769,2,False,2,False,0.5486813962997217,0.8573033707865166,0.8576125939917816,0.7545324536926733,0.4942924068045234,0.028861571352218066,0.7245668729528656,0.37671422215254186,0.3,LEDB3,PCF_sigma_0.30
D06,D06_TPA_BTD_T_RAA,TPA,BTD,T,RAA,5.0340885,3.32617836,4.97840067,3.47259303,5.01108562,3.58295044,4.22549685,-4.22549685,0.75290382,0.6640954484730865,11.85730710554764,1.50580764,0.10890432,0.27493269,0.38383701,74.75,22.03,0.065,0.5090548317371103,0.4477597446150976,538.8161407616936,61.57898852302059,1,False,1,False,0.7240398406787727,0.9142322097378279,0.8946486902448308,0.8443069135538105,0.3075857959109664,0.20203099946552647,0.7422297347305292,0.47213036709802786,0.3,LEDB3,PCF_sigma_0.30
D07,D07_TPA_BTD_TT_CAA,TPA,BTD,TT,CAA,5.03634786,3.37466741,4.98133297,3.50388204,4.99894934,3.61549526,4.2426075050000005,-4.2426075050000005,0.7387254650000001,0.6768414298537819,12.182955166898386,1.4774509300000005,0.10810485,0.25150777,0.35961262,73.75,14.52,0.046,0.3952570232230634,0.4736974271707422,542.8440369276361,62.00276065552979,1,False,1,False,0.8113881205858107,0.7893882646691636,0.9749786892161829,0.8585850248237191,0.28382707782831323,0.001336183858898956,0.49537157771453433,0.24835388078671664,0.3,LEDB3,PCF_sigma_0.30
D08,D08_TPA_BTD_TT_RAA,TPA,BTD,TT,RAA,5.02517269,3.32108819,4.96767394,3.44502926,4.98621442,3.55758943,4.2063516,-4.2063516,0.76132234,0.656752040141105,11.620172463888656,1.52264468,0.11340182,0.23866535,0.35206717,74.758,21.66,0.05156,0.4121693902561036,0.5297048844403681,545.7153785017034,62.581958548514486,0,True,0,True,1.0,0.9152309612983767,1.0,0.9717436537661256,0.08476903870162333,0.19214323890967394,0.5320590659102234,0.36210115240994867,0.3,LEDB3,PCF_sigma_0.30
D09,D09_PTZ_NONE_T_CAA,PTZ,NONE,T,CAA,5.06368877,3.13684561,4.86635098,3.28042295,4.89366849,3.40177703,4.073386965,-4.073386965,0.7929640149999999,0.6305456370551696,10.462316733648947,1.5859280299999998,0.35212813,0.28186044,0.63398857,70.744,36.98,0.2035,0.4188660044651044,0.2327593397398974,508.3139712246953,55.71758776920784,7,False,7,False,0.0,0.41410736579275864,0.06512627265321569,0.1597445461486581,1.4890463608973261,0.6015499732763228,0.5465858293291957,0.5740679013027592,0.3,LEDB3,PCF_sigma_0.30
D10,D10_PTZ_NONE_T_RAA,PTZ,NONE,T,RAA,5.03526702,3.14132243,4.83802937,3.26284168,4.87483821,3.3668104,4.050435525,-4.050435525,0.787593845,0.6348449815526428,10.415284506306692,1.57518769,0.35003339,0.24278244,0.5928158299999999,70.257,50.84,0.19543,0.5379915504597523,0.3000926807777185,515.7593026528416,57.50210797182126,4,False,4,False,0.22675316144493868,0.3533083645443198,0.20165834474451516,0.26057329024459125,1.2858732998315996,0.9719401389631214,0.8050012867246953,0.8884707128439083,0.3,LEDB3,PCF_sigma_0.30
D11,D11_PTZ_NONE_TT_CAA,PTZ,NONE,TT,CAA,5.04212021,3.19515852,4.84919883,3.33140512,4.83423882,3.45483923,4.090301975,-4.090301975,0.7588968549999999,0.6588510634953153,11.022953999914062,1.51779371,0.34786791,0.26582531,0.61369322,68.96,36.43,0.14881,0.3718822119043091,0.2779225978538314,510.8037535089308,56.3108152823655,7,False,8,False,0.15209272851522393,0.19138576779026076,0.1324272632921225,0.15863525319920238,1.4579047194682169,0.586851950828434,0.4446653038583727,0.5157586273434034,0.3,LEDB3,PCF_sigma_0.30
D12,D12_PTZ_NONE_TT_RAA,PTZ,NONE,TT,RAA,5.00510783,3.18605768,4.8186799,3.30676303,4.81151732,3.43462117,4.062721465,-4.062721465,0.7559584350000002,0.661412025913832,10.917072247610903,1.5119168700000003,0.34261367,0.23805473,0.5806684,67.638,50.4,0.13778,0.3351928448249243,0.3550081242587395,521.2877331030058,58.64169449586309,4,False,4,False,0.4116875524842596,0.026342072409487986,0.24194018628539893,0.2266566037263822,1.3670318127354708,0.9601817210048103,0.365076165389311,0.6626289431970607,0.3,LEDB3,PCF_sigma_0.30
D13,D13_PTZ_BTD_T_CAA,PTZ,BTD,T,CAA,5.01843596,3.38197938,4.81683714,3.53898963,4.83217076,3.64099233,4.177913385,-4.177913385,0.6389237549999998,0.7825659886444513,13.659658226795909,1.2778475099999995,0.36423747,0.28939064,0.65362811,75.109,15.4,0.06707,0.6278829540982833,0.3580944839752646,534.07109971416,60.916291097614106,2,False,2,False,0.4220812417367396,0.9590511860174777,0.0,0.4603774759180725,1.1557105591449461,0.024853019775521103,1.0,0.5124265098877605,0.3,LEDB3,PCF_sigma_0.30
D14,D14_PTZ_BTD_T_RAA,PTZ,BTD,T,RAA,5.01143583,3.33864008,4.80743969,3.47363958,4.82555839,3.5926649,4.140539635,-4.140539635,0.6669000549999999,0.74973753001115,12.853551548294543,1.33380011,0.36350004,0.25966248,0.6231625199999999,75.437,21.83,0.0697,0.6146302906601093,0.4406873391873625,539.2482235808607,61.8135013853287,0,True,0,True,0.7002226608828306,1.0,0.10102631328845191,0.6004163247237608,0.94763924699641,0.19668626402993045,0.9712513965372447,0.5839688302835876,0.3,LEDB3,PCF_sigma_0.30
D15,D15_PTZ_BTD_TT_CAA,PTZ,BTD,TT,CAA,5.01602639,3.37544076,4.81053553,3.50912976,4.86109646,3.59944054,4.159832645,-4.159832645,0.6507028850000001,0.7683998511855376,13.296550571162516,1.30140577,0.37032084,0.25269772,0.62301856,74.688,14.47,0.05022,0.5715069108060646,0.4364311228798067,538.6734337695375,61.83088814087521,3,False,4,False,0.6858893382130155,0.906491885143571,0.1015036960688609,0.5646283064751492,0.9564020512160032,0.0,0.8777051480279325,0.43885257401396627,0.3,LEDB3,PCF_sigma_0.30
D16,D16_PTZ_BTD_TT_RAA,PTZ,BTD,TT,RAA,5.00446101,3.32119105,4.80024282,3.44621948,4.80610225,3.56191604,4.1232311500000005,-4.1232311500000005,0.6770116700000002,0.738539706413037,12.555939483532333,1.3540233400000004,0.37124875,0.24034103,0.6115897800000001,75.203,21.35,0.05454,0.5720088908396997,0.5054642812252716,543.4494481798847,62.52962273437451,0,True,0,True,0.9183668398205873,0.9707865168539332,0.13940243719892864,0.676185264624483,0.8649540829070334,0.18385889898450028,0.8787940781890673,0.5313264885867838,0.3,LEDB3,PCF_sigma_0.30
D01,D01_TPA_NONE_T_CAA,TPA,NONE,T,CAA,5.0901562,3.12777197,5.02117669,3.28423364,5.08148148,3.39244352,4.152705165,-4.152705165,0.8684715249999999,0.5757241148464828,9.928339439463882,1.7369430499999998,0.11174655,0.29789665,0.4096432,70.577,37.98,0.18657,0.2489111733662811,0.3075139468272768,504.853415925201,55.383275038317365,4,False,4,False,0.14831035672931783,0.39325842696629154,0.8090733169885994,0.4502140335614029,1.0629974521078105,0.6282736504543024,0.17790793536218272,0.40309079290824257,0.3,LEDB4,PCF_sigma_0.30
D02,D02_TPA_NONE_T_RAA,TPA,NONE,T,RAA,5.04126849,3.12996821,4.98357328,3.25670415,5.01696328,3.38204877,4.120138715,-4.120138715,0.8634345649999999,0.5790826777938871,9.830242915305256,1.72686913,0.12017637,0.25915117,0.37932754,69.983,51.89,0.19012,0.269464825092078,0.3711526661988998,511.9056057897578,57.27003160267535,2,False,3,False,0.3652897112566724,0.31910112359550563,0.9096024505030391,0.5313310951184057,0.9352283932177191,1.0,0.22249435272146376,0.6112471763607319,0.3,LEDB4,PCF_sigma_0.30
D03,D03_TPA_NONE_TT_CAA,TPA,NONE,TT,CAA,5.05277728,3.18736328,4.99420286,3.32592257,5.04874618,3.45263511,4.160062715,-4.160062715,0.8341401449999999,0.5994196574725462,10.373629597178285,1.6682802899999998,0.11402333,0.27610795,0.3901312799999999,68.089,36.08,0.13624,0.252109328320968,0.3702219887525331,511.24075736641646,57.104762598275386,4,False,5,False,0.3621165205705653,0.08264669163545477,0.8737763915976654,0.4395132012678952,1.124439782742715,0.577498663816141,0.18484559653751306,0.38117213017682705,0.3,LEDB4,PCF_sigma_0.30
D04,D04_TPA_NONE_TT_RAA,TPA,NONE,TT,RAA,5.01761962,3.18246577,4.94952476,3.30351943,5.02431036,3.37524593,4.126522095,-4.126522095,0.823002665,0.6075314470579509,10.345157631125772,1.64600533,0.13825833,0.24401539,0.38227372,67.427,50.18,0.13417,0.1668983551300852,0.4263610609109546,518.0233061513129,58.71175118151525,2,False,3,False,0.5535254577863964,0.0,0.8998326839013037,0.4844527138959,1.0997149667342274,0.9543025120256547,0.0,0.4771512560128274,0.3,LEDB4,PCF_sigma_0.30
D05,D05_TPA_BTD_T_CAA,TPA,BTD,T,CAA,5.04680819,3.38230674,4.99307604,3.53598984,4.96349291,3.63821676,4.2645329400000005,-4.2645329400000005,0.7285431,0.686301194809202,12.48123906213994,1.4570862,0.1088118,0.28619385,0.39500565,74.294,15.55,0.06196,0.5009125244839033,0.4227036219405566,530.178059708618,60.7553934862532,2,False,2,False,0.5410552391073258,0.8573033707865166,0.8576125939917816,0.751990401295208,0.5012651942130767,0.028861571352218066,0.7245668729528656,0.37671422215254186,0.3,LEDB4,PCF_sigma_0.30
D06,D06_TPA_BTD_T_RAA,TPA,BTD,T,RAA,5.0340885,3.32617836,4.97840067,3.47259303,5.01108562,3.58295044,4.22549685,-4.22549685,0.75290382,0.6640954484730865,11.85730710554764,1.50580764,0.10890432,0.27493269,0.38383701,74.75,22.03,0.065,0.5090548317371103,0.4777888773666353,530.8641302475596,61.26226972821912,1,False,1,False,0.7288711361640892,0.9142322097378279,0.8946486902448308,0.8459173453822494,0.30325875604595065,0.20203099946552647,0.7422297347305292,0.47213036709802786,0.3,LEDB4,PCF_sigma_0.30
D07,D07_TPA_BTD_TT_CAA,TPA,BTD,TT,CAA,5.03634786,3.37466741,4.98133297,3.50388204,4.99894934,3.61549526,4.2426075050000005,-4.2426075050000005,0.7387254650000001,0.6768414298537819,12.182955166898386,1.4774509300000005,0.10810485,0.25150777,0.35961262,73.75,14.52,0.046,0.3952570232230634,0.5012012394226414,534.7578537988683,61.82751247880806,1,False,1,False,0.8086967400893961,0.7893882646691636,0.9749786892161829,0.8576878979915808,0.2856226642002184,0.001336183858898956,0.49537157771453433,0.24835388078671664,0.3,LEDB4,PCF_sigma_0.30
D08,D08_TPA_BTD_TT_RAA,TPA,BTD,TT,RAA,5.02517269,3.32108819,4.96767394,3.44502926,4.98621442,3.55758943,4.2063516,-4.2063516,0.76132234,0.656752040141105,11.620172463888656,1.52264468,0.11340182,0.23866535,0.35206717,74.758,21.66,0.05156,0.4121693902561036,0.5573093170729174,537.4208681744561,62.5165114525145,0,True,0,True,1.0,0.9152309612983767,1.0,0.9717436537661256,0.08476903870162333,0.19214323890967394,0.5320590659102234,0.36210115240994867,0.3,LEDB4,PCF_sigma_0.30
D09,D09_PTZ_NONE_T_CAA,PTZ,NONE,T,CAA,5.06368877,3.13684561,4.86635098,3.28042295,4.89366849,3.40177703,4.073386965,-4.073386965,0.7929640149999999,0.6305456370551696,10.462316733648947,1.5859280299999998,0.35212813,0.28186044,0.63398857,70.744,36.98,0.2035,0.4188660044651044,0.2640154250791513,501.6864223607829,54.47678205269063,7,False,7,False,0.0,0.41410736579275864,0.06512627265321569,0.1597445461486581,1.4890463608973261,0.6015499732763228,0.5465858293291957,0.5740679013027592,0.3,LEDB4,PCF_sigma_0.30
D10,D10_PTZ_NONE_T_RAA,PTZ,NONE,T,RAA,5.03526702,3.14132243,4.83802937,3.26284168,4.87483821,3.3668104,4.050435525,-4.050435525,0.787593845,0.6348449815526428,10.415284506306692,1.57518769,0.35003339,0.24278244,0.5928158299999999,70.257,50.84,0.19543,0.5379915504597523,0.335340594928643,508.8297051848417,56.51860372639044,4,False,4,False,0.2431866867892621,0.3533083645443198,0.20165834474451516,0.26605113202603237,1.276058721586677,0.9719401389631214,0.8050012867246953,0.8884707128439083,0.3,LEDB4,PCF_sigma_0.30
D11,D11_PTZ_NONE_TT_CAA,PTZ,NONE,TT,CAA,5.04212021,3.19515852,4.84919883,3.33140512,4.83423882,3.45483923,4.090301975,-4.090301975,0.7588968549999999,0.6588510634953153,11.022953999914062,1.51779371,0.34786791,0.26582531,0.61369322,68.96,36.43,0.14881,0.3718822119043091,0.3136258276654709,504.1070621074617,55.17801149432603,7,False,7,False,0.16914911609333502,0.19138576779026076,0.1324272632921225,0.16432071572523943,1.4480513186000794,0.586851950828434,0.4446653038583727,0.5157586273434034,0.3,LEDB4,PCF_sigma_0.30
D12,D12_PTZ_NONE_TT_RAA,PTZ,NONE,TT,RAA,5.00510783,3.18605768,4.8186799,3.30676303,4.81151732,3.43462117,4.062721465,-4.062721465,0.7559584350000002,0.661412025913832,10.917072247610903,1.5119168700000003,0.34261367,0.23805473,0.5806684,67.638,50.4,0.13778,0.3351928448249243,0.3924767851851672,514.1290342918305,57.82560064732767,4,False,4,False,0.4379953473724107,0.026342072409487986,0.24194018628539893,0.2354258686890992,1.355918017692782,0.9601817210048103,0.365076165389311,0.6626289431970607,0.3,LEDB4,PCF_sigma_0.30
D13,D13_PTZ_BTD_T_CAA,PTZ,BTD,T,CAA,5.01843596,3.38197938,4.81683714,3.53898963,4.83217076,3.64099233,4.177913385,-4.177913385,0.6389237549999998,0.7825659886444513,13.659658226795909,1.2778475099999995,0.36423747,0.28939064,0.65362811,75.109,15.4,0.06707,0.6278829540982833,0.3855792670582343,526.3568206669088,60.43985006804834,2,False,2,False,0.41447791889804103,0.9590511860174777,0.0,0.4578430349718396,1.1595313332655328,0.024853019775521103,1.0,0.5124265098877605,0.3,LEDB4,PCF_sigma_0.30
D14,D14_PTZ_BTD_T_RAA,PTZ,BTD,T,RAA,5.01143583,3.33864008,4.80743969,3.47363958,4.82555839,3.5926649,4.140539635,-4.140539635,0.6669000549999999,0.74973753001115,12.853551548294543,1.33380011,0.36350004,0.25966248,0.6231625199999999,75.437,21.83,0.0697,0.6146302906601093,0.4697852480911963,531.2424359912432,61.49799717044864,0,True,0,True,0.7015823671378011,1.0,0.10102631328845191,0.6008695601420844,0.9472099941421811,0.19668626402993045,0.9712513965372447,0.5839688302835876,0.3,LEDB4,PCF_sigma_0.30
D15,D15_PTZ_BTD_TT_CAA,PTZ,BTD,TT,CAA,5.01602639,3.37544076,4.81053553,3.50912976,4.86109646,3.59944054,4.159832645,-4.159832645,0.6507028850000001,0.7683998511855376,13.296550571162516,1.30140577,0.37032084,0.25269772,0.62301856,74.688,14.47,0.05022,0.5715069108060646,0.4658005066682115,530.6707172494088,61.48958208526436,3,False,4,False,0.6879961945929275,0.906491885143571,0.1015036960688609,0.5653305919351198,0.9557121691756443,0.0,0.8777051480279325,0.43885257401396627,0.3,LEDB4,PCF_sigma_0.30
D16,D16_PTZ_BTD_TT_RAA,PTZ,BTD,TT,RAA,5.00446101,3.32119105,4.80024282,3.44621948,4.80610225,3.56191604,4.1232311500000005,-4.1232311500000005,0.6770116700000002,0.738539706413037,12.555939483532333,1.3540233400000004,0.37124875,0.24034103,0.6115897800000001,75.203,21.35,0.05454,0.5720088908396997,0.5343457336768691,535.1959418948461,62.36529207025019,0,True,0,True,0.9217045290648725,0.9707865168539332,0.13940243719892864,0.6772978277059115,0.864645461137467,0.18385889898450028,0.8787940781890673,0.5313264885867838,0.3,LEDB4,PCF_sigma_0.30
D01,D01_TPA_NONE_T_CAA,TPA,NONE,T,CAA,5.0901562,3.12777197,5.02117669,3.28423364,5.08148148,3.39244352,4.152705165,-4.152705165,0.8684715249999999,0.5757241148464828,9.928339439463882,1.7369430499999998,0.11174655,0.29789665,0.4096432,70.577,37.98,0.18657,0.2489111733662811,0.2711522338053075,519.8469847373258,79.25703798169401,4,False,4,False,0.16272841859781134,0.39325842696629154,0.8090733169885994,0.455020054184234,1.0514808775041402,0.6282736504543024,0.17790793536218272,0.40309079290824257,0.4,AM15G,PCF_sigma_0.40
D02,D02_TPA_NONE_T_RAA,TPA,NONE,T,RAA,5.04126849,3.12996821,4.98357328,3.25670415,5.01696328,3.38204877,4.120138715,-4.120138715,0.8634345649999999,0.5790826777938871,9.830242915305256,1.72686913,0.12017637,0.25915117,0.37932754,69.983,51.89,0.19012,0.269464825092078,0.3229604091927693,527.4307254669391,81.79327827207824,2,False,3,False,0.3911382252905465,0.31910112359550563,0.9096024505030391,0.5399472664630304,0.917882158856083,1.0,0.22249435272146376,0.6112471763607319,0.4,AM15G,PCF_sigma_0.40
D03,D03_TPA_NONE_TT_CAA,TPA,NONE,TT,CAA,5.05277728,3.18736328,4.99420286,3.32592257,5.04874618,3.45263511,4.160062715,-4.160062715,0.8341401449999999,0.5994196574725462,10.373629597178285,1.6682802899999998,0.11402333,0.27610795,0.3901312799999999,68.089,36.08,0.13624,0.252109328320968,0.3237316662975659,526.626133763666,81.61799726088984,3,False,5,False,0.39453851269498613,0.08264669163545477,0.8737763915976654,0.45032053197603544,1.1063693344878471,0.577498663816141,0.18484559653751306,0.38117213017682705,0.4,AM15G,PCF_sigma_0.40
D04,D04_TPA_NONE_TT_RAA,TPA,NONE,TT,RAA,5.01761962,3.18246577,4.94952476,3.30351943,5.02431036,3.37524593,4.126522095,-4.126522095,0.823002665,0.6075314470579509,10.345157631125772,1.64600533,0.13825833,0.24401539,0.38227372,67.427,50.18,0.13417,0.1668983551300852,0.3675017627366317,533.8522794083392,84.05842836548074,2,False,3,False,0.587510359161305,0.0,0.8998326839013037,0.4957810143542029,1.0863614476838046,0.9543025120256547,0.0,0.4771512560128274,0.4,AM15G,PCF_sigma_0.40
D05,D05_TPA_BTD_T_CAA,TPA,BTD,T,CAA,5.04680819,3.38230674,4.99307604,3.53598984,4.96349291,3.63821676,4.2645329400000005,-4.2645329400000005,0.7285431,0.686301194809202,12.48123906213994,1.4570862,0.1088118,0.28619385,0.39500565,74.294,15.55,0.06196,0.5009125244839033,0.3467706863250218,545.657510401756,87.69187525149778,2,False,2,False,0.4961120205729494,0.8573033707865166,0.8576125939917816,0.7370093284504158,0.5427150239211325,0.028861571352218066,0.7245668729528656,0.37671422215254186,0.4,AM15G,PCF_sigma_0.40
D06,D06_TPA_BTD_T_RAA,TPA,BTD,T,RAA,5.0340885,3.32617836,4.97840067,3.47259303,5.01108562,3.58295044,4.22549685,-4.22549685,0.75290382,0.6640954484730865,11.85730710554764,1.50580764,0.10890432,0.27493269,0.38383701,74.75,22.03,0.065,0.5090548317371103,0.3954924756643221,547.2747494523388,88.1793541794083,1,False,1,False,0.7109146921877268,0.9142322097378279,0.8946486902448308,0.8399318640567951,0.3194140377417722,0.20203099946552647,0.7422297347305292,0.47213036709802786,0.4,AM15G,PCF_sigma_0.40
D07,D07_TPA_BTD_TT_CAA,TPA,BTD,TT,CAA,5.03634786,3.37466741,4.98133297,3.50388204,4.99894934,3.61549526,4.2426075050000005,-4.2426075050000005,0.7387254650000001,0.6768414298537819,12.182955166898386,1.4774509300000005,0.10810485,0.25150777,0.35961262,73.75,14.52,0.046,0.3952570232230634,0.4127605714238508,551.5476138752726,89.33036494233568,1,False,1,False,0.787045580505792,0.7893882646691636,0.9749786892161829,0.8504708447970462,0.3005544107720294,0.001336183858898956,0.49537157771453433,0.24835388078671664,0.4,AM15G,PCF_sigma_0.40
D08,D08_TPA_BTD_TT_RAA,TPA,BTD,TT,RAA,5.02517269,3.32108819,4.96767394,3.44502926,4.98621442,3.55758943,4.2063516,-4.2063516,0.76132234,0.656752040141105,11.620172463888656,1.52264468,0.11340182,0.23866535,0.35206717,74.758,21.66,0.05156,0.4121693902561036,0.4610631380887433,555.5380211831982,90.20969585398008,0,True,0,True,1.0,0.9152309612983767,1.0,0.9717436537661256,0.08476903870162333,0.19214323890967394,0.5320590659102234,0.36210115240994867,0.4,AM15G,PCF_sigma_0.40
D09,D09_PTZ_NONE_T_CAA,PTZ,NONE,T,CAA,5.06368877,3.13684561,4.86635098,3.28042295,4.89366849,3.40177703,4.073386965,-4.073386965,0.7929640149999999,0.6305456370551696,10.462316733648947,1.5859280299999998,0.35212813,0.28186044,0.63398857,70.744,36.98,0.2035,0.4188660044651044,0.2342419865032688,515.5339134595104,78.3513988443835,7,False,7,False,0.0,0.41410736579275864,0.06512627265321569,0.1597445461486581,1.4890463608973261,0.6015499732763228,0.5465858293291957,0.5740679013027592,0.4,AM15G,PCF_sigma_0.40
D10,D10_PTZ_NONE_T_RAA,PTZ,NONE,T,RAA,5.03526702,3.14132243,4.83802937,3.26284168,4.87483821,3.3668104,4.050435525,-4.050435525,0.787593845,0.6348449815526428,10.415284506306692,1.57518769,0.35003339,0.24278244,0.5928158299999999,70.257,50.84,0.19543,0.5379915504597523,0.2938987638183734,523.4512513209382,80.88948258589815,4,False,4,False,0.2630124082260632,0.3533083645443198,0.20165834474451516,0.2726597058382994,1.2644011152767767,0.9719401389631214,0.8050012867246953,0.8884707128439083,0.4,AM15G,PCF_sigma_0.40
D11,D11_PTZ_NONE_TT_CAA,PTZ,NONE,TT,CAA,5.04212021,3.19515852,4.84919883,3.33140512,4.83423882,3.45483923,4.090301975,-4.090301975,0.7588968549999999,0.6588510634953153,11.022953999914062,1.51779371,0.34786791,0.26582531,0.61369322,68.96,36.43,0.14881,0.3718822119043091,0.2809849883332466,518.3337418034325,79.25624123902777,7,False,7,False,0.2060786725719595,0.19138576779026076,0.1324272632921225,0.17663056788478093,1.4271827157571817,0.586851950828434,0.4446653038583727,0.5157586273434034,0.4,AM15G,PCF_sigma_0.40
D12,D12_PTZ_NONE_TT_RAA,PTZ,NONE,TT,RAA,5.00510783,3.18605768,4.8186799,3.30676303,4.81151732,3.43462117,4.062721465,-4.062721465,0.7559584350000002,0.661412025913832,10.917072247610903,1.5119168700000003,0.34261367,0.23805473,0.5806684,67.638,50.4,0.13778,0.3351928448249243,0.3411508171076407,529.5425725181799,82.71092346612312,4,False,4,False,0.471335366464202,0.026342072409487986,0.24194018628539893,0.24653920838636298,1.3424420791529168,0.9601817210048103,0.365076165389311,0.6626289431970607,0.4,AM15G,PCF_sigma_0.40
D13,D13_PTZ_BTD_T_CAA,PTZ,BTD,T,CAA,5.01843596,3.38197938,4.81683714,3.53898963,4.83217076,3.64099233,4.177913385,-4.177913385,0.6389237549999998,0.7825659886444513,13.659658226795909,1.2778475099999995,0.36423747,0.28939064,0.65362811,75.109,15.4,0.06707,0.6278829540982833,0.3195474333413922,540.2574465106271,87.06984597340649,2,False,2,False,0.3760912341809409,0.9590511860174777,0.0,0.44504747339947287,1.1793807499838365,0.024853019775521103,1.0,0.5124265098877605,0.4,AM15G,PCF_sigma_0.40
D14,D14_PTZ_BTD_T_RAA,PTZ,BTD,T,RAA,5.01143583,3.33864008,4.80743969,3.47363958,4.82555839,3.5926649,4.140539635,-4.140539635,0.6669000549999999,0.74973753001115,12.853551548294543,1.33380011,0.36350004,0.25966248,0.6231625199999999,75.437,21.83,0.0697,0.6146302906601093,0.3879275916947427,547.2595331556662,88.47949052736733,0,True,0,True,0.6775629350138432,1.0,0.10102631328845191,0.5928630827674317,0.9550493967730882,0.19668626402993045,0.9712513965372447,0.5839688302835876,0.4,AM15G,PCF_sigma_0.40
D15,D15_PTZ_BTD_TT_CAA,PTZ,BTD,TT,CAA,5.01602639,3.37544076,4.81053553,3.50912976,4.86109646,3.59944054,4.159832645,-4.159832645,0.6507028850000001,0.7683998511855376,13.296550571162516,1.30140577,0.37032084,0.25269772,0.62301856,74.688,14.47,0.05022,0.5715069108060646,0.3859886248156901,546.1947444022455,88.53578657580967,3,False,4,False,0.6690144955693764,0.906491885143571,0.1015036960688609,0.5590033589272695,0.9620762858864754,0.0,0.8777051480279325,0.43885257401396627,0.4,AM15G,PCF_sigma_0.40
D16,D16_PTZ_BTD_TT_RAA,PTZ,BTD,TT,RAA,5.00446101,3.32119105,4.80024282,3.44621948,4.80610225,3.56191604,4.1232311500000005,-4.1232311500000005,0.6770116700000002,0.738539706413037,12.555939483532333,1.3540233400000004,0.37124875,0.24034103,0.6115897800000001,75.203,21.35,0.05454,0.5720088908396997,0.4423214324668962,552.557795444526,89.79508597931871,0,True,0,True,0.9173723195969908,0.9707865168539332,0.13940243719892864,0.6758537578832842,0.8650485109318733,0.18385889898450028,0.8787940781890673,0.5313264885867838,0.4,AM15G,PCF_sigma_0.40
D01,D01_TPA_NONE_T_CAA,TPA,NONE,T,CAA,5.0901562,3.12777197,5.02117669,3.28423364,5.08148148,3.39244352,4.152705165,-4.152705165,0.8684715249999999,0.5757241148464828,9.928339439463882,1.7369430499999998,0.11174655,0.29789665,0.4096432,70.577,37.98,0.18657,0.2489111733662811,0.3635921642206524,517.5740062524261,64.70200892010962,4,False,4,False,0.18496798342311047,0.39325842696629154,0.8090733169885994,0.4624332424593338,1.0338595275851288,0.6282736504543024,0.17790793536218272,0.40309079290824257,0.4,CIEFL10,PCF_sigma_0.40
D02,D02_TPA_NONE_T_RAA,TPA,NONE,T,RAA,5.04126849,3.12996821,4.98357328,3.25670415,5.01696328,3.38204877,4.120138715,-4.120138715,0.8634345649999999,0.5790826777938871,9.830242915305256,1.72686913,0.12017637,0.25915117,0.37932754,69.983,51.89,0.19012,0.269464825092078,0.431466034442608,522.6718045871548,65.26753329780466,2,False,3,False,0.43401473109221894,0.31910112359550563,0.9096024505030391,0.5542394350635879,0.8900192815128061,1.0,0.22249435272146376,0.6112471763607319,0.4,CIEFL10,PCF_sigma_0.40
D03,D03_TPA_NONE_TT_CAA,TPA,NONE,TT,CAA,5.05277728,3.18736328,4.99420286,3.32592257,5.04874618,3.45263511,4.160062715,-4.160062715,0.8341401449999999,0.5994196574725462,10.373629597178285,1.6682802899999998,0.11402333,0.27610795,0.3901312799999999,68.089,36.08,0.13624,0.252109328320968,0.4325801670383127,522.1790898334929,65.26004782765928,3,False,5,False,0.43810277113656937,0.08264669163545477,0.8737763915976654,0.46484195145656315,1.0831426441101306,0.577498663816141,0.18484559653751306,0.38117213017682705,0.4,CIEFL10,PCF_sigma_0.40
D04,D04_TPA_NONE_TT_RAA,TPA,NONE,TT,RAA,5.01761962,3.18246577,4.94952476,3.30351943,5.02431036,3.37524593,4.126522095,-4.126522095,0.823002665,0.6075314470579509,10.345157631125772,1.64600533,0.13825833,0.24401539,0.38227372,67.427,50.18,0.13417,0.1668983551300852,0.4873250560903794,526.7492749489662,65.75817289959059,2,False,3,False,0.6389758983847795,0.0,0.8998326839013037,0.5129361940953611,1.0678819659313914,0.9543025120256547,0.0,0.4771512560128274,0.4,CIEFL10,PCF_sigma_0.40
D05,D05_TPA_BTD_T_CAA,TPA,BTD,T,CAA,5.04680819,3.38230674,4.99307604,3.53598984,4.96349291,3.63821676,4.2645329400000005,-4.2645329400000005,0.7285431,0.686301194809202,12.48123906213994,1.4570862,0.1088118,0.28619385,0.39500565,74.294,15.55,0.06196,0.5009125244839033,0.450050613200934,533.5058360694112,66.20331690819052,2,False,2,False,0.5022063471209789,0.8573033707865166,0.8576125939917816,0.7390407706330923,0.5370614696897171,0.028861571352218066,0.7245668729528656,0.37671422215254186,0.4,CIEFL10,PCF_sigma_0.40
D06,D06_TPA_BTD_T_RAA,TPA,BTD,T,RAA,5.0340885,3.32617836,4.97840067,3.47259303,5.01108562,3.58295044,4.22549685,-4.22549685,0.75290382,0.6640954484730865,11.85730710554764,1.50580764,0.10890432,0.27493269,0.38383701,74.75,22.03,0.065,0.5090548317371103,0.5118779780704814,534.2673864347554,66.40114895364681,1,False,1,False,0.7290669060865883,0.9142322097378279,0.8946486902448308,0.8459826020230823,0.30308374039377156,0.20203099946552647,0.7422297347305292,0.47213036709802786,0.4,CIEFL10,PCF_sigma_0.40
D07,D07_TPA_BTD_TT_CAA,TPA,BTD,TT,CAA,5.03634786,3.37466741,4.98133297,3.50388204,4.99894934,3.61549526,4.2426075050000005,-4.2426075050000005,0.7387254650000001,0.6768414298537819,12.182955166898386,1.4774509300000005,0.10810485,0.25150777,0.35961262,73.75,14.52,0.046,0.3952570232230634,0.5289980433708003,536.5811274378801,66.55414188879175,1,False,1,False,0.7918848442560837,0.7893882646691636,0.9749786892161829,0.8520839327138101,0.2971452289751952,0.001336183858898956,0.49537157771453433,0.24835388078671664,0.4,CIEFL10,PCF_sigma_0.40
D08,D08_TPA_BTD_TT_RAA,TPA,BTD,TT,RAA,5.02517269,3.32108819,4.96767394,3.44502926,4.98621442,3.55758943,4.2063516,-4.2063516,0.76132234,0.656752040141105,11.620172463888656,1.52264468,0.11340182,0.23866535,0.35206717,74.758,21.66,0.05156,0.4121693902561036,0.5857166361827504,538.586340613846,66.71480923491107,0,True,0,True,1.0,0.9152309612983767,1.0,0.9717436537661256,0.08476903870162333,0.19214323890967394,0.5320590659102234,0.36210115240994867,0.4,CIEFL10,PCF_sigma_0.40
D09,D09_PTZ_NONE_T_CAA,PTZ,NONE,T,CAA,5.06368877,3.13684561,4.86635098,3.28042295,4.89366849,3.40177703,4.073386965,-4.073386965,0.7929640149999999,0.6305456370551696,10.462316733648947,1.5859280299999998,0.35212813,0.28186044,0.63398857,70.744,36.98,0.2035,0.4188660044651044,0.3131819781026737,514.6019161904544,64.55849749400424,7,False,7,False,0.0,0.41410736579275864,0.06512627265321569,0.1597445461486581,1.4890463608973261,0.6015499732763228,0.5465858293291957,0.5740679013027592,0.4,CIEFL10,PCF_sigma_0.40
D10,D10_PTZ_NONE_T_RAA,PTZ,NONE,T,RAA,5.03526702,3.14132243,4.83802937,3.26284168,4.87483821,3.3668104,4.050435525,-4.050435525,0.787593845,0.6348449815526428,10.415284506306692,1.57518769,0.35003339,0.24278244,0.5928158299999999,70.257,50.84,0.19543,0.5379915504597523,0.3926455166695016,520.064483306778,65.15340590092018,4,False,4,False,0.2915722320479319,0.3533083645443198,0.20165834474451516,0.2821796471122556,1.247970100719548,0.9719401389631214,0.8050012867246953,0.8884707128439083,0.4,CIEFL10,PCF_sigma_0.40
D11,D11_PTZ_NONE_TT_CAA,PTZ,NONE,TT,CAA,5.04212021,3.19515852,4.84919883,3.33140512,4.83423882,3.45483923,4.090301975,-4.090301975,0.7588968549999999,0.6588510634953153,11.022953999914062,1.51779371,0.34786791,0.26582531,0.61369322,68.96,36.43,0.14881,0.3718822119043091,0.3759502023815523,516.6660324941358,64.82482471811389,7,False,7,False,0.23031281496842113,0.19138576779026076,0.1324272632921225,0.18470861535026814,1.4138450384723138,0.586851950828434,0.4446653038583727,0.5157586273434034,0.4,CIEFL10,PCF_sigma_0.40
D12,D12_PTZ_NONE_TT_RAA,PTZ,NONE,TT,RAA,5.00510783,3.18605768,4.8186799,3.30676303,4.81151732,3.43462117,4.062721465,-4.062721465,0.7559584350000002,0.661412025913832,10.917072247610903,1.5119168700000003,0.34261367,0.23805473,0.5806684,67.638,50.4,0.13778,0.3351928448249243,0.4543964364214417,524.0610064016702,65.50921954229636,3,False,4,False,0.5181522941470295,0.026342072409487986,0.24194018628539893,0.26214485094730544,1.3247043642883636,0.9601817210048103,0.365076165389311,0.6626289431970607,0.4,CIEFL10,PCF_sigma_0.40
D13,D13_PTZ_BTD_T_CAA,PTZ,BTD,T,CAA,5.01843596,3.38197938,4.81683714,3.53898963,4.83217076,3.64099233,4.177913385,-4.177913385,0.6389237549999998,0.7825659886444513,13.659658226795909,1.2778475099999995,0.36423747,0.28939064,0.65362811,75.109,15.4,0.06707,0.6278829540982833,0.4166536936925205,530.198162443312,66.43546020134981,2,False,2,False,0.3796644299069094,0.9590511860174777,0.0,0.4462385386414624,1.1774943842283474,0.024853019775521103,1.0,0.5124265098877605,0.4,CIEFL10,PCF_sigma_0.40
D14,D14_PTZ_BTD_T_RAA,PTZ,BTD,T,RAA,5.01143583,3.33864008,4.80743969,3.47363958,4.82555839,3.5926649,4.140539635,-4.140539635,0.6669000549999999,0.74973753001115,12.853551548294543,1.33380011,0.36350004,0.25966248,0.6231625199999999,75.437,21.83,0.0697,0.6146302906601093,0.5011990187386991,534.1085375692047,66.55046422258812,0,True,0,True,0.6898830481251373,1.0,0.10102631328845191,0.5969697871378631,0.9509606791239628,0.19668626402993045,0.9712513965372447,0.5839688302835876,0.4,CIEFL10,PCF_sigma_0.40
D15,D15_PTZ_BTD_TT_CAA,PTZ,BTD,TT,CAA,5.01602639,3.37544076,4.81053553,3.50912976,4.86109646,3.59944054,4.159832645,-4.159832645,0.6507028850000001,0.7683998511855376,13.296550571162516,1.30140577,0.37032084,0.25269772,0.62301856,74.688,14.47,0.05022,0.5715069108060646,0.4987462528387696,533.474844320012,66.6757391633309,3,False,4,False,0.6808832169946365,0.906491885143571,0.1015036960688609,0.5629595994023561,0.9580578776449851,0.0,0.8777051480279325,0.43885257401396627,0.4,CIEFL10,PCF_sigma_0.40
D16,D16_PTZ_BTD_TT_RAA,PTZ,BTD,TT,RAA,5.00446101,3.32119105,4.80024282,3.44621948,4.80610225,3.56191604,4.1232311500000005,-4.1232311500000005,0.6770116700000002,0.738539706413037,12.555939483532333,1.3540233400000004,0.37124875,0.24034103,0.6115897800000001,75.203,21.35,0.05454,0.5720088908396997,0.5650822912227192,536.9021612069289,66.77926671873621,0,True,0,True,0.9242872627452458,0.9707865168539332,0.13940243719892864,0.6781587389327025,0.864415415919497,0.18385889898450028,0.8787940781890673,0.5313264885867838,0.4,CIEFL10,PCF_sigma_0.40
D01,D01_TPA_NONE_T_CAA,TPA,NONE,T,CAA,5.0901562,3.12777197,5.02117669,3.28423364,5.08148148,3.39244352,4.152705165,-4.152705165,0.8684715249999999,0.5757241148464828,9.928339439463882,1.7369430499999998,0.11174655,0.29789665,0.4096432,70.577,37.98,0.18657,0.2489111733662811,0.2649465694188792,552.2437696536143,65.01197449541927,4,False,4,False,0.14689868520991964,0.39325842696629154,0.8090733169885994,0.4497434763882702,1.0641288399576991,0.6282736504543024,0.17790793536218272,0.40309079290824257,0.4,LEDB2,PCF_sigma_0.40
D02,D02_TPA_NONE_T_RAA,TPA,NONE,T,RAA,5.04126849,3.12996821,4.98357328,3.25670415,5.01696328,3.38204877,4.120138715,-4.120138715,0.8634345649999999,0.5790826777938871,9.830242915305256,1.72686913,0.12017637,0.25915117,0.37932754,69.983,51.89,0.19012,0.269464825092078,0.3279017434250715,557.5729172332539,64.99390204028434,2,False,3,False,0.36625933283710627,0.31910112359550563,0.9096024505030391,0.5316543023118837,0.9345706126666021,1.0,0.22249435272146376,0.6112471763607319,0.4,LEDB2,PCF_sigma_0.40
D03,D03_TPA_NONE_TT_CAA,TPA,NONE,TT,CAA,5.05277728,3.18736328,4.99420286,3.32592257,5.04874618,3.45263511,4.160062715,-4.160062715,0.8341401449999999,0.5994196574725462,10.373629597178285,1.6682802899999998,0.11402333,0.27610795,0.3901312799999999,68.089,36.08,0.13624,0.252109328320968,0.3274019971678761,557.114426978451,64.99735366806533,4,False,5,False,0.36451801984165866,0.08264669163545477,0.8737763915976654,0.4403137010249263,1.1230791774365017,0.577498663816141,0.18484559653751306,0.38117213017682705,0.4,LEDB2,PCF_sigma_0.40
D04,D04_TPA_NONE_TT_RAA,TPA,NONE,TT,RAA,5.01761962,3.18246577,4.94952476,3.30351943,5.02431036,3.37524593,4.126522095,-4.126522095,0.823002665,0.6075314470579509,10.345157631125772,1.64600533,0.13825833,0.24401539,0.38227372,67.427,50.18,0.13417,0.1668983551300852,0.3832001922075508,561.9830251825672,64.98738886442929,2,False,3,False,0.5589409309613577,0.0,0.8998326839013037,0.4862578716208871,1.0975274910432313,0.9543025120256547,0.0,0.4771512560128274,0.4,LEDB2,PCF_sigma_0.40
D05,D05_TPA_BTD_T_CAA,TPA,BTD,T,CAA,5.04680819,3.38230674,4.99307604,3.53598984,4.96349291,3.63821676,4.2645329400000005,-4.2645329400000005,0.7285431,0.686301194809202,12.48123906213994,1.4570862,0.1088118,0.28619385,0.39500565,74.294,15.55,0.06196,0.5009125244839033,0.3746572955546341,569.0367619469331,64.96626326949348,2,False,2,False,0.5291741108075192,0.8573033707865166,0.8576125939917816,0.7480300251952725,0.5121655194490642,0.028861571352218066,0.7245668729528656,0.37671422215254186,0.4,LEDB2,PCF_sigma_0.40
D06,D06_TPA_BTD_T_RAA,TPA,BTD,T,RAA,5.0340885,3.32617836,4.97840067,3.47259303,5.01108562,3.58295044,4.22549685,-4.22549685,0.75290382,0.6640954484730865,11.85730710554764,1.50580764,0.10890432,0.27493269,0.38383701,74.75,22.03,0.065,0.5090548317371103,0.429216598188104,570.0051732316764,65.05223971628057,1,False,1,False,0.7192802323248455,0.9142322097378279,0.8946486902448308,0.8427203774358348,0.3118631114402251,0.20203099946552647,0.7422297347305292,0.47213036709802786,0.4,LEDB2,PCF_sigma_0.40
D07,D07_TPA_BTD_TT_CAA,TPA,BTD,TT,CAA,5.03634786,3.37466741,4.98133297,3.50388204,4.99894934,3.61549526,4.2426075050000005,-4.2426075050000005,0.7387254650000001,0.6768414298537819,12.182955166898386,1.4774509300000005,0.10810485,0.25150777,0.35961262,73.75,14.52,0.046,0.3952570232230634,0.4523782459722447,572.4536346091766,65.00544023567436,1,False,1,False,0.7999845451672204,0.7893882646691636,0.9749786892161829,0.8547838330175223,0.29152967468916496,0.001336183858898956,0.49537157771453433,0.24835388078671664,0.4,LEDB2,PCF_sigma_0.40
D08,D08_TPA_BTD_TT_RAA,TPA,BTD,TT,RAA,5.02517269,3.32108819,4.96767394,3.44502926,4.98621442,3.55758943,4.2063516,-4.2063516,0.76132234,0.656752040141105,11.620172463888656,1.52264468,0.11340182,0.23866535,0.35206717,74.758,21.66,0.05156,0.4121693902561036,0.5097814671020712,574.603716664913,65.02260050797928,0,True,0,True,1.0,0.9152309612983767,1.0,0.9717436537661256,0.08476903870162333,0.19214323890967394,0.5320590659102234,0.36210115240994867,0.4,LEDB2,PCF_sigma_0.40
D09,D09_PTZ_NONE_T_CAA,PTZ,NONE,T,CAA,5.06368877,3.13684561,4.86635098,3.28042295,4.89366849,3.40177703,4.073386965,-4.073386965,0.7929640149999999,0.6305456370551696,10.462316733648947,1.5859280299999998,0.35212813,0.28186044,0.63398857,70.744,36.98,0.2035,0.4188660044651044,0.2227875386688022,549.4842876958476,65.11822659821968,7,False,7,False,0.0,0.41410736579275864,0.06512627265321569,0.1597445461486581,1.4890463608973261,0.6015499732763228,0.5465858293291957,0.5740679013027592,0.4,LEDB2,PCF_sigma_0.40
D10,D10_PTZ_NONE_T_RAA,PTZ,NONE,T,RAA,5.03526702,3.14132243,4.83802937,3.26284168,4.87483821,3.3668104,4.050435525,-4.050435525,0.787593845,0.6348449815526428,10.415284506306692,1.57518769,0.35003339,0.24278244,0.5928158299999999,70.257,50.84,0.19543,0.5379915504597523,0.292137616064566,555.080760746647,65.0889854300936,4,False,4,False,0.24164301236041272,0.3533083645443198,0.20165834474451516,0.26553657388308255,1.2769748590266758,0.9719401389631214,0.8050012867246953,0.8884707128439083,0.4,LEDB2,PCF_sigma_0.40
D11,D11_PTZ_NONE_TT_CAA,PTZ,NONE,TT,CAA,5.04212021,3.19515852,4.84919883,3.33140512,4.83423882,3.45483923,4.090301975,-4.090301975,0.7588968549999999,0.6588510634953153,11.022953999914062,1.51779371,0.34786791,0.26582531,0.61369322,68.96,36.43,0.14881,0.3718822119043091,0.2718962937360751,551.6265520290102,65.05663871207206,7,False,7,False,0.1711142648047049,0.19138576779026076,0.1324272632921225,0.16497576529569605,1.4469246670166305,0.586851950828434,0.4446653038583727,0.5157586273434034,0.4,LEDB2,PCF_sigma_0.40
D12,D12_PTZ_NONE_TT_RAA,PTZ,NONE,TT,RAA,5.00510783,3.18605768,4.8186799,3.30676303,4.81151732,3.43462117,4.062721465,-4.062721465,0.7559584350000002,0.661412025913832,10.917072247610903,1.5119168700000003,0.34261367,0.23805473,0.5806684,67.638,50.4,0.13778,0.3351928448249243,0.3493807461704968,559.1688321128458,65.01382053967774,4,False,4,False,0.4411006469467165,0.026342072409487986,0.24194018628539893,0.23646096854720114,1.3546338722962177,0.9601817210048103,0.365076165389311,0.6626289431970607,0.4,LEDB2,PCF_sigma_0.40
D13,D13_PTZ_BTD_T_CAA,PTZ,BTD,T,CAA,5.01843596,3.38197938,4.81683714,3.53898963,4.83217076,3.64099233,4.177913385,-4.177913385,0.6389237549999998,0.7825659886444513,13.659658226795909,1.2778475099999995,0.36423747,0.28939064,0.65362811,75.109,15.4,0.06707,0.6278829540982833,0.3379026632034525,566.1947821721033,65.2998258431127,2,False,2,False,0.40110648041607116,0.9590511860174777,0.0,0.45338588881118297,1.166340539107769,0.024853019775521103,1.0,0.5124265098877605,0.4,LEDB2,PCF_sigma_0.40
D14,D14_PTZ_BTD_T_RAA,PTZ,BTD,T,RAA,5.01143583,3.33864008,4.80743969,3.47363958,4.82555839,3.5926649,4.140539635,-4.140539635,0.6669000549999999,0.74973753001115,12.853551548294543,1.33380011,0.36350004,0.25966248,0.6231625199999999,75.437,21.83,0.0697,0.6146302906601093,0.4200077245520599,570.057278152254,65.17618672824838,0,True,0,True,0.6871928857864839,1.0,0.10102631328845191,0.5960730663583119,0.9518413628868733,0.19668626402993045,0.9712513965372447,0.5839688302835876,0.4,LEDB2,PCF_sigma_0.40
D15,D15_PTZ_BTD_TT_CAA,PTZ,BTD,TT,CAA,5.01602639,3.37544076,4.81053553,3.50912976,4.86109646,3.59944054,4.159832645,-4.159832645,0.6507028850000001,0.7683998511855376,13.296550571162516,1.30140577,0.37032084,0.25269772,0.62301856,74.688,14.47,0.05022,0.5715069108060646,0.4159345188192675,569.6124318162,65.2621218685348,3,False,4,False,0.6730002310671716,0.906491885143571,0.1015036960688609,0.5603319374265344,0.9607123526862993,0.0,0.8777051480279325,0.43885257401396627,0.4,LEDB2,PCF_sigma_0.40
D16,D16_PTZ_BTD_TT_RAA,PTZ,BTD,TT,RAA,5.00446101,3.32119105,4.80024282,3.44621948,4.80610225,3.56191604,4.1232311500000005,-4.1232311500000005,0.6770116700000002,0.738539706413037,12.555939483532333,1.3540233400000004,0.37124875,0.24034103,0.6115897800000001,75.203,21.35,0.05454,0.5720088908396997,0.4851172066187258,573.0446072822176,65.15914695626404,0,True,0,True,0.9140599920772183,0.9707865168539332,0.13940243719892864,0.6747496487100267,0.8653711791239856,0.18385889898450028,0.8787940781890673,0.5313264885867838,0.4,LEDB2,PCF_sigma_0.40
D01,D01_TPA_NONE_T_CAA,TPA,NONE,T,CAA,5.0901562,3.12777197,5.02117669,3.28423364,5.08148148,3.39244352,4.152705165,-4.152705165,0.8684715249999999,0.5757241148464828,9.928339439463882,1.7369430499999998,0.11174655,0.29789665,0.4096432,70.577,37.98,0.18657,0.2489111733662811,0.3156201546399041,532.9840183690461,65.101642130406,4,False,4,False,0.16644327178383608,0.39325842696629154,0.8090733169885994,0.4562583385795757,1.0485252280644421,0.6282736504543024,0.17790793536218272,0.40309079290824257,0.4,LEDB3,PCF_sigma_0.40
D02,D02_TPA_NONE_T_RAA,TPA,NONE,T,RAA,5.04126849,3.12996821,4.98357328,3.25670415,5.01696328,3.38204877,4.120138715,-4.120138715,0.8634345649999999,0.5790826777938871,9.830242915305256,1.72686913,0.12017637,0.25915117,0.37932754,69.983,51.89,0.19012,0.269464825092078,0.3813211294545157,538.3219352530975,65.73294189857643,2,False,3,False,0.40015499577779357,0.31910112359550563,0.9096024505030391,0.5429528566254461,0.9119259980581194,1.0,0.22249435272146376,0.6112471763607319,0.4,LEDB3,PCF_sigma_0.40
D03,D03_TPA_NONE_TT_CAA,TPA,NONE,TT,CAA,5.05277728,3.18736328,4.99420286,3.32592257,5.04874618,3.45263511,4.160062715,-4.160062715,0.8341401449999999,0.5994196574725462,10.373629597178285,1.6682802899999998,0.11402333,0.27610795,0.3901312799999999,68.089,36.08,0.13624,0.252109328320968,0.3815441214450752,537.8526925433646,65.69053180236745,3,False,5,False,0.4009482236210267,0.08264669163545477,0.8737763915976654,0.45245710228471564,1.102874663082023,0.577498663816141,0.18484559653751306,0.38117213017682705,0.4,LEDB3,PCF_sigma_0.40
D04,D04_TPA_NONE_TT_RAA,TPA,NONE,TT,RAA,5.01761962,3.18246577,4.94952476,3.30351943,5.02431036,3.37524593,4.126522095,-4.126522095,0.823002665,0.6075314470579509,10.345157631125772,1.64600533,0.13825833,0.24401539,0.38227372,67.427,50.18,0.13417,0.1668983551300852,0.4369413087485679,542.7497388191332,66.24137707169841,2,False,3,False,0.5980072807453376,0.0,0.8998326839013037,0.49927998821554703,1.082419344592554,0.9543025120256547,0.0,0.4771512560128274,0.4,LEDB3,PCF_sigma_0.40
D05,D05_TPA_BTD_T_CAA,TPA,BTD,T,CAA,5.04680819,3.38230674,4.99307604,3.53598984,4.96349291,3.63821676,4.2645329400000005,-4.2645329400000005,0.7285431,0.686301194809202,12.48123906213994,1.4570862,0.1088118,0.28619385,0.39500565,74.294,15.55,0.06196,0.5009125244839033,0.414005267335034,549.9701789922766,66.86465673880396,2,False,2,False,0.5164191186902187,0.8573033707865166,0.8576125939917816,0.7437783611561724,0.5239150409627351,0.028861571352218066,0.7245668729528656,0.37671422215254186,0.4,LEDB3,PCF_sigma_0.40
D06,D06_TPA_BTD_T_RAA,TPA,BTD,T,RAA,5.0340885,3.32617836,4.97840067,3.47259303,5.01108562,3.58295044,4.22549685,-4.22549685,0.75290382,0.6640954484730865,11.85730710554764,1.50580764,0.10890432,0.27493269,0.38383701,74.75,22.03,0.065,0.5090548317371103,0.4724054038061728,550.8791281254167,67.08342011899836,1,False,1,False,0.7241602764837681,0.9142322097378279,0.8946486902448308,0.8443470588221422,0.3074777477852613,0.20203099946552647,0.7422297347305292,0.47213036709802786,0.4,LEDB3,PCF_sigma_0.40
D07,D07_TPA_BTD_TT_CAA,TPA,BTD,TT,CAA,5.03634786,3.37466741,4.98133297,3.50388204,4.99894934,3.61549526,4.2426075050000005,-4.2426075050000005,0.7387254650000001,0.6768414298537819,12.182955166898386,1.4774509300000005,0.10810485,0.25150777,0.35961262,73.75,14.52,0.046,0.3952570232230634,0.4925699473237116,553.4071880786786,67.26313184457716,1,False,1,False,0.7958896570954406,0.7893882646691636,0.9749786892161829,0.8534188703269291,0.2943542103198517,0.001336183858898956,0.49537157771453433,0.24835388078671664,0.4,LEDB3,PCF_sigma_0.40
D08,D08_TPA_BTD_TT_RAA,TPA,BTD,TT,RAA,5.02517269,3.32108819,4.96767394,3.44502926,4.98621442,3.55758943,4.2063516,-4.2063516,0.76132234,0.656752040141105,11.620172463888656,1.52264468,0.11340182,0.23866535,0.35206717,74.758,21.66,0.05156,0.4121693902561036,0.5499493901235983,555.5863094644225,67.49492235198862,0,True,0,True,1.0,0.9152309612983767,1.0,0.9717436537661256,0.08476903870162333,0.19214323890967394,0.5320590659102234,0.36210115240994867,0.4,LEDB3,PCF_sigma_0.40
D09,D09_PTZ_NONE_T_CAA,PTZ,NONE,T,CAA,5.06368877,3.13684561,4.86635098,3.28042295,4.89366849,3.40177703,4.073386965,-4.073386965,0.7929640149999999,0.6305456370551696,10.462316733648947,1.5859280299999998,0.35212813,0.28186044,0.63398857,70.744,36.98,0.2035,0.4188660044651044,0.2688296683919224,530.1666426610071,64.85142235674445,7,False,7,False,0.0,0.41410736579275864,0.06512627265321569,0.1597445461486581,1.4890463608973261,0.6015499732763228,0.5465858293291957,0.5740679013027592,0.4,LEDB3,PCF_sigma_0.40
D10,D10_PTZ_NONE_T_RAA,PTZ,NONE,T,RAA,5.03526702,3.14132243,4.83802937,3.26284168,4.87483821,3.3668104,4.050435525,-4.050435525,0.787593845,0.6348449815526428,10.415284506306692,1.57518769,0.35003339,0.24278244,0.5928158299999999,70.257,50.84,0.19543,0.5379915504597523,0.3436498734597734,535.7669357961294,65.52561969675446,4,False,4,False,0.2661506798845853,0.3533083645443198,0.20165834474451516,0.27370579639114007,1.2625744708801403,0.9719401389631214,0.8050012867246953,0.8884707128439083,0.4,LEDB3,PCF_sigma_0.40
D11,D11_PTZ_NONE_TT_CAA,PTZ,NONE,TT,CAA,5.04212021,3.19515852,4.84919883,3.33140512,4.83423882,3.45483923,4.090301975,-4.090301975,0.7588968549999999,0.6588510634953153,11.022953999914062,1.51779371,0.34786791,0.26582531,0.61369322,68.96,36.43,0.14881,0.3718822119043091,0.3249032168897856,532.3128869464408,65.09427968637668,7,False,7,False,0.19946501139249287,0.19138576779026076,0.1324272632921225,0.17442601415829206,1.4308723555914287,0.586851950828434,0.4446653038583727,0.5157586273434034,0.4,LEDB3,PCF_sigma_0.40
D12,D12_PTZ_NONE_TT_RAA,PTZ,NONE,TT,RAA,5.00510783,3.18605768,4.8186799,3.30676303,4.81151732,3.43462117,4.062721465,-4.062721465,0.7559584350000002,0.661412025913832,10.917072247610903,1.5119168700000003,0.34261367,0.23805473,0.5806684,67.638,50.4,0.13778,0.3351928448249243,0.4034418497361389,539.9027324888885,65.94732019330702,4,False,4,False,0.47884289481725356,0.026342072409487986,0.24194018628539893,0.24904171783738016,1.3395033293767233,0.9601817210048103,0.365076165389311,0.6626289431970607,0.4,LEDB3,PCF_sigma_0.40
D13,D13_PTZ_BTD_T_CAA,PTZ,BTD,T,CAA,5.01843596,3.38197938,4.81683714,3.53898963,4.83217076,3.64099233,4.177913385,-4.177913385,0.6389237549999998,0.7825659886444513,13.659658226795909,1.2778475099999995,0.36423747,0.28939064,0.65362811,75.109,15.4,0.06707,0.6278829540982833,0.3784117069239145,546.8631024493001,66.93221148642594,2,False,2,False,0.3898055883698773,0.9590511860174777,0.0,0.44961892479578497,1.1721834435578788,0.024853019775521103,1.0,0.5124265098877605,0.4,LEDB3,PCF_sigma_0.40
D14,D14_PTZ_BTD_T_RAA,PTZ,BTD,T,RAA,5.01143583,3.33864008,4.80743969,3.47363958,4.82555839,3.5926649,4.140539635,-4.140539635,0.6669000549999999,0.74973753001115,12.853551548294543,1.33380011,0.36350004,0.25966248,0.6231625199999999,75.437,21.83,0.0697,0.6146302906601093,0.4623066036657327,550.8569665526785,67.2111479153758,0,True,0,True,0.6882367913642173,1.0,0.10102631328845191,0.596421034884223,0.9514988111703719,0.19668626402993045,0.9712513965372447,0.5839688302835876,0.4,LEDB3,PCF_sigma_0.40
D15,D15_PTZ_BTD_TT_CAA,PTZ,BTD,TT,CAA,5.01602639,3.37544076,4.81053553,3.50912976,4.86109646,3.59944054,4.159832645,-4.159832645,0.6507028850000001,0.7683998511855376,13.296550571162516,1.30140577,0.37032084,0.25269772,0.62301856,74.688,14.47,0.05022,0.5715069108060646,0.4588279104742156,550.3425244814126,67.26490387964532,3,False,4,False,0.6758623724864218,0.906491885143571,0.1015036960688609,0.5612859845662846,0.9597419326527585,0.0,0.8777051480279325,0.43885257401396627,0.4,LEDB3,PCF_sigma_0.40
D16,D16_PTZ_BTD_TT_RAA,PTZ,BTD,TT,RAA,5.00446101,3.32119105,4.80024282,3.44621948,4.80610225,3.56191604,4.1232311500000005,-4.1232311500000005,0.6770116700000002,0.738539706413037,12.555939483532333,1.3540233400000004,0.37124875,0.24034103,0.6115897800000001,75.203,21.35,0.05454,0.5720088908396997,0.5270652848558623,553.9032821438909,67.49766535147843,0,True,0,True,0.918596585373763,0.9707865168539332,0.13940243719892864,0.6762618464755416,0.8649324300831138,0.18385889898450028,0.8787940781890673,0.5313264885867838,0.4,LEDB3,PCF_sigma_0.40
D01,D01_TPA_NONE_T_CAA,TPA,NONE,T,CAA,5.0901562,3.12777197,5.02117669,3.28423364,5.08148148,3.39244352,4.152705165,-4.152705165,0.8684715249999999,0.5757241148464828,9.928339439463882,1.7369430499999998,0.11174655,0.29789665,0.4096432,70.577,37.98,0.18657,0.2489111733662811,0.3412227653811583,524.1428591309859,64.17803020551615,4,False,4,False,0.17761228438894888,0.39325842696629154,0.8090733169885994,0.45998134278127994,1.039668163175692,0.6282736504543024,0.17790793536218272,0.40309079290824257,0.4,LEDB4,PCF_sigma_0.40
D02,D02_TPA_NONE_T_RAA,TPA,NONE,T,RAA,5.04126849,3.12996821,4.98357328,3.25670415,5.01696328,3.38204877,4.120138715,-4.120138715,0.8634345649999999,0.5790826777938871,9.830242915305256,1.72686913,0.12017637,0.25915117,0.37932754,69.983,51.89,0.19012,0.269464825092078,0.4077649292461452,529.3132107043535,65.09871816563138,2,False,3,False,0.4193267218661853,0.31910112359550563,0.9096024505030391,0.5493434319882433,0.899431182905412,1.0,0.22249435272146376,0.6112471763607319,0.4,LEDB4,PCF_sigma_0.40
D03,D03_TPA_NONE_TT_CAA,TPA,NONE,TT,CAA,5.05277728,3.18736328,4.99420286,3.32592257,5.04874618,3.45263511,4.160062715,-4.160062715,0.8341401449999999,0.5994196574725462,10.373629597178285,1.6682802899999998,0.11402333,0.27610795,0.3901312799999999,68.089,36.08,0.13624,0.252109328320968,0.4084001627470689,528.8559548386501,65.03001765381003,3,False,5,False,0.4216342078183105,0.08264669163545477,0.8737763915976654,0.45935243035047685,1.0917767543098889,0.577498663816141,0.18484559653751306,0.38117213017682705,0.4,LEDB4,PCF_sigma_0.40
D04,D04_TPA_NONE_TT_RAA,TPA,NONE,TT,RAA,5.01761962,3.18246577,4.94952476,3.30351943,5.02431036,3.37524593,4.126522095,-4.126522095,0.823002665,0.6075314470579509,10.345157631125772,1.64600533,0.13825833,0.24401539,0.38227372,67.427,50.18,0.13417,0.1668983551300852,0.4630248061952954,533.6027136007777,65.85161677791345,2,False,3,False,0.6200582475034719,0.0,0.8998326839013037,0.5066303104682586,1.0744250678872629,0.9543025120256547,0.0,0.4771512560128274,0.4,LEDB4,PCF_sigma_0.40
D05,D05_TPA_BTD_T_CAA,TPA,BTD,T,CAA,5.04680819,3.38230674,4.99307604,3.53598984,4.96349291,3.63821676,4.2645329400000005,-4.2645329400000005,0.7285431,0.686301194809202,12.48123906213994,1.4570862,0.1088118,0.28619385,0.39500565,74.294,15.55,0.06196,0.5009125244839033,0.4321588652168835,540.6987350759986,66.8940724939916,2,False,2,False,0.5079377042650501,0.8573033707865166,0.8576125939917816,0.7409512230144495,0.5317535183358817,0.028861571352218066,0.7245668729528656,0.37671422215254186,0.4,LEDB4,PCF_sigma_0.40
D06,D06_TPA_BTD_T_RAA,TPA,BTD,T,RAA,5.0340885,3.32617836,4.97840067,3.47259303,5.01108562,3.58295044,4.22549685,-4.22549685,0.75290382,0.6640954484730865,11.85730710554764,1.50580764,0.10890432,0.27493269,0.38383701,74.75,22.03,0.065,0.5090548317371103,0.4922841618263432,541.5348948718137,67.1708215313322,1,False,1,False,0.7263428688099709,0.9142322097378279,0.8946486902448308,0.8450745895975432,0.30552125583131257,0.20203099946552647,0.7422297347305292,0.47213036709802786,0.4,LEDB4,PCF_sigma_0.40
D07,D07_TPA_BTD_TT_CAA,TPA,BTD,TT,CAA,5.03634786,3.37466741,4.98133297,3.50388204,4.99894934,3.61549526,4.2426075050000005,-4.2426075050000005,0.7387254650000001,0.6768414298537819,12.182955166898386,1.4774509300000005,0.10810485,0.25150777,0.35961262,73.75,14.52,0.046,0.3952570232230634,0.5106253508891135,544.0322563012631,67.5091481590817,1,False,1,False,0.7929672455880741,0.7893882646691636,0.9749786892161829,0.8524447331578068,0.2963881415505612,0.001336183858898956,0.49537157771453433,0.24835388078671664,0.4,LEDB4,PCF_sigma_0.40
D08,D08_TPA_BTD_TT_RAA,TPA,BTD,TT,RAA,5.02517269,3.32108819,4.96767394,3.44502926,4.98621442,3.55758943,4.2063516,-4.2063516,0.76132234,0.656752040141105,11.620172463888656,1.52264468,0.11340182,0.23866535,0.35206717,74.758,21.66,0.05156,0.4121693902561036,0.5676199086543913,546.151363943528,67.88628814998465,0,True,0,True,1.0,0.9152309612983767,1.0,0.9717436537661256,0.08476903870162333,0.19214323890967394,0.5320590659102234,0.36210115240994867,0.4,LEDB4,PCF_sigma_0.40
D09,D09_PTZ_NONE_T_CAA,PTZ,NONE,T,CAA,5.06368877,3.13684561,4.86635098,3.28042295,4.89366849,3.40177703,4.073386965,-4.073386965,0.7929640149999999,0.6305456370551696,10.462316733648947,1.5859280299999998,0.35212813,0.28186044,0.63398857,70.744,36.98,0.2035,0.4188660044651044,0.2923274413963958,521.3932250348352,63.76355284433576,7,False,7,False,0.0,0.41410736579275864,0.06512627265321569,0.1597445461486581,1.4890463608973261,0.6015499732763228,0.5465858293291957,0.5740679013027592,0.4,LEDB4,PCF_sigma_0.40
D10,D10_PTZ_NONE_T_RAA,PTZ,NONE,T,RAA,5.03526702,3.14132243,4.83802937,3.26284168,4.87483821,3.3668104,4.050435525,-4.050435525,0.787593845,0.6348449815526428,10.415284506306692,1.57518769,0.35003339,0.24278244,0.5928158299999999,70.257,50.84,0.19543,0.5379915504597523,0.3694117763030674,526.8184255264564,64.74516637105086,4,False,4,False,0.28000887810137765,0.3533083645443198,0.20165834474451516,0.27832519579673753,1.2545703190723294,0.9719401389631214,0.8050012867246953,0.8884707128439083,0.4,LEDB4,PCF_sigma_0.40
D11,D11_PTZ_NONE_TT_CAA,PTZ,NONE,TT,CAA,5.04212021,3.19515852,4.84919883,3.33140512,4.83423882,3.45483923,4.090301975,-4.090301975,0.7588968549999999,0.6588510634953153,11.022953999914062,1.51779371,0.34786791,0.26582531,0.61369322,68.96,36.43,0.14881,0.3718822119043091,0.351753944962902,523.4791314240315,64.12752317575516,7,False,7,False,0.2158667985303555,0.19138576779026076,0.1324272632921225,0.17989327653757958,1.4217609882318394,0.586851950828434,0.4446653038583727,0.5157586273434034,0.4,LEDB4,PCF_sigma_0.40
D12,D12_PTZ_NONE_TT_RAA,PTZ,NONE,TT,RAA,5.00510783,3.18605768,4.8186799,3.30676303,4.81151732,3.43462117,4.062721465,-4.062721465,0.7559584350000002,0.661412025913832,10.917072247610903,1.5119168700000003,0.34261367,0.23805473,0.5806684,67.638,50.4,0.13778,0.3351928448249243,0.4300290243487747,530.8372334247479,65.39757100116393,4,False,4,False,0.5002010564398381,0.026342072409487986,0.24194018628539893,0.25616110504490835,1.3313389595113336,0.9601817210048103,0.365076165389311,0.6626289431970607,0.4,LEDB4,PCF_sigma_0.40
D13,D13_PTZ_BTD_T_CAA,PTZ,BTD,T,CAA,5.01843596,3.38197938,4.81683714,3.53898963,4.83217076,3.64099233,4.177913385,-4.177913385,0.6389237549999998,0.7825659886444513,13.659658226795909,1.2778475099999995,0.36423747,0.28939064,0.65362811,75.109,15.4,0.06707,0.6278829540982833,0.397595096925991,537.5674423337808,66.76766780108213,2,False,2,False,0.38238480180041257,0.9590511860174777,0.0,0.4471453292726301,1.1760634925095206,0.024853019775521103,1.0,0.5124265098877605,0.4,LEDB4,PCF_sigma_0.40
D14,D14_PTZ_BTD_T_RAA,PTZ,BTD,T,RAA,5.01143583,3.33864008,4.80743969,3.47363958,4.82555839,3.5926649,4.140539635,-4.140539635,0.6669000549999999,0.74973753001115,12.853551548294543,1.33380011,0.36350004,0.25966248,0.6231625199999999,75.437,21.83,0.0697,0.6146302906601093,0.481807966580392,541.4836247778433,67.29564364784278,0,True,0,True,0.6882880852908372,1.0,0.10102631328845191,0.596438132859763,0.9514820057002681,0.19668626402993045,0.9712513965372447,0.5839688302835876,0.4,LEDB4,PCF_sigma_0.40
D15,D15_PTZ_BTD_TT_CAA,PTZ,BTD,TT,CAA,5.01602639,3.37544076,4.81053553,3.50912976,4.86109646,3.59944054,4.159832645,-4.159832645,0.6507028850000001,0.7683998511855376,13.296550571162516,1.30140577,0.37032084,0.25269772,0.62301856,74.688,14.47,0.05022,0.5715069108060646,0.4787062887481289,540.9543561253547,67.31603604378826,3,False,4,False,0.6770212392955333,0.906491885143571,0.1015036960688609,0.561672273502655,0.9593511638540468,0.0,0.8777051480279325,0.43885257401396627,0.4,LEDB4,PCF_sigma_0.40
D16,D16_PTZ_BTD_TT_RAA,PTZ,BTD,TT,RAA,5.00446101,3.32119105,4.80024282,3.44621948,4.80610225,3.56191604,4.1232311500000005,-4.1232311500000005,0.6770116700000002,0.738539706413037,12.555939483532333,1.3540233400000004,0.37124875,0.24034103,0.6115897800000001,75.203,21.35,0.05454,0.5720088908396997,0.5459150951726631,544.4589913151939,67.77931064513871,0,True,0,True,0.9211572561432018,0.9707865168539332,0.13940243719892864,0.6771154033986879,0.8646951896220646,0.18385889898450028,0.8787940781890673,0.5313264885867838,0.4,LEDB4,PCF_sigma_0.40
