system,ID,Donor,Aux,Bridge,Anchor,functional,state,symmetry,energy_eV,wavelength_nm,oscillator_strength,normal_termination,log_file,checkpoint_file,formatted_checkpoint_file
D01_TPA_NONE_T_CAA,D01,TPA,NONE,T,CAA,CAMB3LYP,1,Singlet-?Sym,2.7125,457.09,1.4245,True,04A_D01_TPA_NONE_T_CAA_TD_CAMB3LYP_30S.log,04A_D01_TPA_NONE_T_CAA_TD_CAMB3LYP_30S.chk,04A_D01_TPA_NONE_T_CAA_TD_CAMB3LYP_30S.fchk
D01_TPA_NONE_T_CAA,D01,TPA,NONE,T,CAA,CAMB3LYP,2,Singlet-?Sym,3.8486,322.15,0.0345,True,04A_D01_TPA_NONE_T_CAA_TD_CAMB3LYP_30S.log,04A_D01_TPA_NONE_T_CAA_TD_CAMB3LYP_30S.chk,04A_D01_TPA_NONE_T_CAA_TD_CAMB3LYP_30S.fchk
D01_TPA_NONE_T_CAA,D01,TPA,NONE,T,CAA,CAMB3LYP,3,Singlet-?Sym,4.1082,301.8,0.0362,True,04A_D01_TPA_NONE_T_CAA_TD_CAMB3LYP_30S.log,04A_D01_TPA_NONE_T_CAA_TD_CAMB3LYP_30S.chk,04A_D01_TPA_NONE_T_CAA_TD_CAMB3LYP_30S.fchk
D01_TPA_NONE_T_CAA,D01,TPA,NONE,T,CAA,CAMB3LYP,4,Singlet-?Sym,4.3527,284.84,0.1312,True,04A_D01_TPA_NONE_T_CAA_TD_CAMB3LYP_30S.log,04A_D01_TPA_NONE_T_CAA_TD_CAMB3LYP_30S.chk,04A_D01_TPA_NONE_T_CAA_TD_CAMB3LYP_30S.fchk
D01_TPA_NONE_T_CAA,D01,TPA,NONE,T,CAA,CAMB3LYP,5,Singlet-?Sym,4.3831,282.87,0.2431,True,04A_D01_TPA_NONE_T_CAA_TD_CAMB3LYP_30S.log,04A_D01_TPA_NONE_T_CAA_TD_CAMB3LYP_30S.chk,04A_D01_TPA_NONE_T_CAA_TD_CAMB3LYP_30S.fchk
D01_TPA_NONE_T_CAA,D01,TPA,NONE,T,CAA,CAMB3LYP,6,Singlet-?Sym,4.4723,277.23,0.085,True,04A_D01_TPA_NONE_T_CAA_TD_CAMB3LYP_30S.log,04A_D01_TPA_NONE_T_CAA_TD_CAMB3LYP_30S.chk,04A_D01_TPA_NONE_T_CAA_TD_CAMB3LYP_30S.fchk
D01_TPA_NONE_T_CAA,D01,TPA,NONE,T,CAA,CAMB3LYP,7,Singlet-?Sym,4.6836,264.72,0.0226,True,04A_D01_TPA_NONE_T_CAA_TD_CAMB3LYP_30S.log,04A_D01_TPA_NONE_T_CAA_TD_CAMB3LYP_30S.chk,04A_D01_TPA_NONE_T_CAA_TD_CAMB3LYP_30S.fchk
D01_TPA_NONE_T_CAA,D01,TPA,NONE,T,CAA,CAMB3LYP,8,Singlet-?Sym,4.9061,252.72,0.0161,True,04A_D01_TPA_NONE_T_CAA_TD_CAMB3LYP_30S.log,04A_D01_TPA_NONE_T_CAA_TD_CAMB3LYP_30S.chk,04A_D01_TPA_NONE_T_CAA_TD_CAMB3LYP_30S.fchk
D01_TPA_NONE_T_CAA,D01,TPA,NONE,T,CAA,CAMB3LYP,9,Singlet-?Sym,5.0178,247.09,0.0514,True,04A_D01_TPA_NONE_T_CAA_TD_CAMB3LYP_30S.log,04A_D01_TPA_NONE_T_CAA_TD_CAMB3LYP_30S.chk,04A_D01_TPA_NONE_T_CAA_TD_CAMB3LYP_30S.fchk
D01_TPA_NONE_T_CAA,D01,TPA,NONE,T,CAA,CAMB3LYP,10,Singlet-?Sym,5.0247,246.75,0.0323,True,04A_D01_TPA_NONE_T_CAA_TD_CAMB3LYP_30S.log,04A_D01_TPA_NONE_T_CAA_TD_CAMB3LYP_30S.chk,04A_D01_TPA_NONE_T_CAA_TD_CAMB3LYP_30S.fchk
D01_TPA_NONE_T_CAA,D01,TPA,NONE,T,CAA,CAMB3LYP,11,Singlet-?Sym,5.0664,244.72,0.0323,True,04A_D01_TPA_NONE_T_CAA_TD_CAMB3LYP_30S.log,04A_D01_TPA_NONE_T_CAA_TD_CAMB3LYP_30S.chk,04A_D01_TPA_NONE_T_CAA_TD_CAMB3LYP_30S.fchk
D01_TPA_NONE_T_CAA,D01,TPA,NONE,T,CAA,CAMB3LYP,12,Singlet-?Sym,5.1735,239.65,0.0092,True,04A_D01_TPA_NONE_T_CAA_TD_CAMB3LYP_30S.log,04A_D01_TPA_NONE_T_CAA_TD_CAMB3LYP_30S.chk,04A_D01_TPA_NONE_T_CAA_TD_CAMB3LYP_30S.fchk
D01_TPA_NONE_T_CAA,D01,TPA,NONE,T,CAA,CAMB3LYP,13,Singlet-?Sym,5.2678,235.36,0.0011,True,04A_D01_TPA_NONE_T_CAA_TD_CAMB3LYP_30S.log,04A_D01_TPA_NONE_T_CAA_TD_CAMB3LYP_30S.chk,04A_D01_TPA_NONE_T_CAA_TD_CAMB3LYP_30S.fchk
D01_TPA_NONE_T_CAA,D01,TPA,NONE,T,CAA,CAMB3LYP,14,Singlet-?Sym,5.3072,233.62,0.0105,True,04A_D01_TPA_NONE_T_CAA_TD_CAMB3LYP_30S.log,04A_D01_TPA_NONE_T_CAA_TD_CAMB3LYP_30S.chk,04A_D01_TPA_NONE_T_CAA_TD_CAMB3LYP_30S.fchk
D01_TPA_NONE_T_CAA,D01,TPA,NONE,T,CAA,CAMB3LYP,15,Singlet-?Sym,5.4926,225.73,0.0108,True,04A_D01_TPA_NONE_T_CAA_TD_CAMB3LYP_30S.log,04A_D01_TPA_NONE_T_CAA_TD_CAMB3LYP_30S.chk,04A_D01_TPA_NONE_T_CAA_TD_CAMB3LYP_30S.fchk
D01_TPA_NONE_T_CAA,D01,TPA,NONE,T,CAA,CAMB3LYP,16,Singlet-?Sym,5.547,223.52,0.0035,True,04A_D01_TPA_NONE_T_CAA_TD_CAMB3LYP_30S.log,04A_D01_TPA_NONE_T_CAA_TD_CAMB3LYP_30S.chk,04A_D01_TPA_NONE_T_CAA_TD_CAMB3LYP_30S.fchk
D01_TPA_NONE_T_CAA,D01,TPA,NONE,T,CAA,CAMB3LYP,17,Singlet-?Sym,5.5947,221.61,0.0511,True,04A_D01_TPA_NONE_T_CAA_TD_CAMB3LYP_30S.log,04A_D01_TPA_NONE_T_CAA_TD_CAMB3LYP_30S.chk,04A_D01_TPA_NONE_T_CAA_TD_CAMB3LYP_30S.fchk
D01_TPA_NONE_T_CAA,D01,TPA,NONE,T,CAA,CAMB3LYP,18,Singlet-?Sym,5.6615,219.0,0.002,True,04A_D01_TPA_NONE_T_CAA_TD_CAMB3LYP_30S.log,04A_D01_TPA_NONE_T_CAA_TD_CAMB3LYP_30S.chk,04A_D01_TPA_NONE_T_CAA_TD_CAMB3LYP_30S.fchk
D01_TPA_NONE_T_CAA,D01,TPA,NONE,T,CAA,CAMB3LYP,19,Singlet-?Sym,5.7577,215.34,0.0232,True,04A_D01_TPA_NONE_T_CAA_TD_CAMB3LYP_30S.log,04A_D01_TPA_NONE_T_CAA_TD_CAMB3LYP_30S.chk,04A_D01_TPA_NONE_T_CAA_TD_CAMB3LYP_30S.fchk
D01_TPA_NONE_T_CAA,D01,TPA,NONE,T,CAA,CAMB3LYP,20,Singlet-?Sym,5.7732,214.76,0.0125,True,04A_D01_TPA_NONE_T_CAA_TD_CAMB3LYP_30S.log,04A_D01_TPA_NONE_T_CAA_TD_CAMB3LYP_30S.chk,04A_D01_TPA_NONE_T_CAA_TD_CAMB3LYP_30S.fchk
D01_TPA_NONE_T_CAA,D01,TPA,NONE,T,CAA,CAMB3LYP,21,Singlet-?Sym,5.8583,211.64,0.008,True,04A_D01_TPA_NONE_T_CAA_TD_CAMB3LYP_30S.log,04A_D01_TPA_NONE_T_CAA_TD_CAMB3LYP_30S.chk,04A_D01_TPA_NONE_T_CAA_TD_CAMB3LYP_30S.fchk
D01_TPA_NONE_T_CAA,D01,TPA,NONE,T,CAA,CAMB3LYP,22,Singlet-?Sym,5.8764,210.99,0.009,True,04A_D01_TPA_NONE_T_CAA_TD_CAMB3LYP_30S.log,04A_D01_TPA_NONE_T_CAA_TD_CAMB3LYP_30S.chk,04A_D01_TPA_NONE_T_CAA_TD_CAMB3LYP_30S.fchk
D01_TPA_NONE_T_CAA,D01,TPA,NONE,T,CAA,CAMB3LYP,23,Singlet-?Sym,5.8905,210.48,0.0139,True,04A_D01_TPA_NONE_T_CAA_TD_CAMB3LYP_30S.log,04A_D01_TPA_NONE_T_CAA_TD_CAMB3LYP_30S.chk,04A_D01_TPA_NONE_T_CAA_TD_CAMB3LYP_30S.fchk
D01_TPA_NONE_T_CAA,D01,TPA,NONE,T,CAA,CAMB3LYP,24,Singlet-?Sym,5.9231,209.32,0.0092,True,04A_D01_TPA_NONE_T_CAA_TD_CAMB3LYP_30S.log,04A_D01_TPA_NONE_T_CAA_TD_CAMB3LYP_30S.chk,04A_D01_TPA_NONE_T_CAA_TD_CAMB3LYP_30S.fchk
D01_TPA_NONE_T_CAA,D01,TPA,NONE,T,CAA,CAMB3LYP,25,Singlet-?Sym,5.9575,208.12,0.0834,True,04A_D01_TPA_NONE_T_CAA_TD_CAMB3LYP_30S.log,04A_D01_TPA_NONE_T_CAA_TD_CAMB3LYP_30S.chk,04A_D01_TPA_NONE_T_CAA_TD_CAMB3LYP_30S.fchk
D01_TPA_NONE_T_CAA,D01,TPA,NONE,T,CAA,CAMB3LYP,26,Singlet-?Sym,5.9913,206.94,0.0353,True,04A_D01_TPA_NONE_T_CAA_TD_CAMB3LYP_30S.log,04A_D01_TPA_NONE_T_CAA_TD_CAMB3LYP_30S.chk,04A_D01_TPA_NONE_T_CAA_TD_CAMB3LYP_30S.fchk
D01_TPA_NONE_T_CAA,D01,TPA,NONE,T,CAA,CAMB3LYP,27,Singlet-?Sym,6.0521,204.86,0.0261,True,04A_D01_TPA_NONE_T_CAA_TD_CAMB3LYP_30S.log,04A_D01_TPA_NONE_T_CAA_TD_CAMB3LYP_30S.chk,04A_D01_TPA_NONE_T_CAA_TD_CAMB3LYP_30S.fchk
D01_TPA_NONE_T_CAA,D01,TPA,NONE,T,CAA,CAMB3LYP,28,Singlet-?Sym,6.06,204.6,0.0226,True,04A_D01_TPA_NONE_T_CAA_TD_CAMB3LYP_30S.log,04A_D01_TPA_NONE_T_CAA_TD_CAMB3LYP_30S.chk,04A_D01_TPA_NONE_T_CAA_TD_CAMB3LYP_30S.fchk
D01_TPA_NONE_T_CAA,D01,TPA,NONE,T,CAA,CAMB3LYP,29,Singlet-?Sym,6.1109,202.89,0.0186,True,04A_D01_TPA_NONE_T_CAA_TD_CAMB3LYP_30S.log,04A_D01_TPA_NONE_T_CAA_TD_CAMB3LYP_30S.chk,04A_D01_TPA_NONE_T_CAA_TD_CAMB3LYP_30S.fchk
D01_TPA_NONE_T_CAA,D01,TPA,NONE,T,CAA,CAMB3LYP,30,Singlet-?Sym,6.1743,200.81,0.0193,True,04A_D01_TPA_NONE_T_CAA_TD_CAMB3LYP_30S.log,04A_D01_TPA_NONE_T_CAA_TD_CAMB3LYP_30S.chk,04A_D01_TPA_NONE_T_CAA_TD_CAMB3LYP_30S.fchk
D02_TPA_NONE_T_RAA,D02,TPA,NONE,T,RAA,CAMB3LYP,1,Singlet-?Sym,2.6725,463.93,1.6795,True,04A_D02_TPA_NONE_T_RAA_TD_CAMB3LYP_30S.log,04A_D02_TPA_NONE_T_RAA_TD_CAMB3LYP_30S.chk,04A_D02_TPA_NONE_T_RAA_TD_CAMB3LYP_30S.fchk
D02_TPA_NONE_T_RAA,D02,TPA,NONE,T,RAA,CAMB3LYP,2,Singlet-?Sym,3.325,372.88,0.0002,True,04A_D02_TPA_NONE_T_RAA_TD_CAMB3LYP_30S.log,04A_D02_TPA_NONE_T_RAA_TD_CAMB3LYP_30S.chk,04A_D02_TPA_NONE_T_RAA_TD_CAMB3LYP_30S.fchk
D02_TPA_NONE_T_RAA,D02,TPA,NONE,T,RAA,CAMB3LYP,3,Singlet-?Sym,3.6309,341.47,0.012,True,04A_D02_TPA_NONE_T_RAA_TD_CAMB3LYP_30S.log,04A_D02_TPA_NONE_T_RAA_TD_CAMB3LYP_30S.chk,04A_D02_TPA_NONE_T_RAA_TD_CAMB3LYP_30S.fchk
D02_TPA_NONE_T_RAA,D02,TPA,NONE,T,RAA,CAMB3LYP,4,Singlet-?Sym,4.0711,304.54,0.1356,True,04A_D02_TPA_NONE_T_RAA_TD_CAMB3LYP_30S.log,04A_D02_TPA_NONE_T_RAA_TD_CAMB3LYP_30S.chk,04A_D02_TPA_NONE_T_RAA_TD_CAMB3LYP_30S.fchk
D02_TPA_NONE_T_RAA,D02,TPA,NONE,T,RAA,CAMB3LYP,5,Singlet-?Sym,4.116,301.23,0.1151,True,04A_D02_TPA_NONE_T_RAA_TD_CAMB3LYP_30S.log,04A_D02_TPA_NONE_T_RAA_TD_CAMB3LYP_30S.chk,04A_D02_TPA_NONE_T_RAA_TD_CAMB3LYP_30S.fchk
D02_TPA_NONE_T_RAA,D02,TPA,NONE,T,RAA,CAMB3LYP,6,Singlet-?Sym,4.3478,285.17,0.2422,True,04A_D02_TPA_NONE_T_RAA_TD_CAMB3LYP_30S.log,04A_D02_TPA_NONE_T_RAA_TD_CAMB3LYP_30S.chk,04A_D02_TPA_NONE_T_RAA_TD_CAMB3LYP_30S.fchk
D02_TPA_NONE_T_RAA,D02,TPA,NONE,T,RAA,CAMB3LYP,7,Singlet-?Sym,4.4376,279.39,0.0879,True,04A_D02_TPA_NONE_T_RAA_TD_CAMB3LYP_30S.log,04A_D02_TPA_NONE_T_RAA_TD_CAMB3LYP_30S.chk,04A_D02_TPA_NONE_T_RAA_TD_CAMB3LYP_30S.fchk
D02_TPA_NONE_T_RAA,D02,TPA,NONE,T,RAA,CAMB3LYP,8,Singlet-?Sym,4.5735,271.09,0.0182,True,04A_D02_TPA_NONE_T_RAA_TD_CAMB3LYP_30S.log,04A_D02_TPA_NONE_T_RAA_TD_CAMB3LYP_30S.chk,04A_D02_TPA_NONE_T_RAA_TD_CAMB3LYP_30S.fchk
D02_TPA_NONE_T_RAA,D02,TPA,NONE,T,RAA,CAMB3LYP,9,Singlet-?Sym,4.6648,265.78,0.0146,True,04A_D02_TPA_NONE_T_RAA_TD_CAMB3LYP_30S.log,04A_D02_TPA_NONE_T_RAA_TD_CAMB3LYP_30S.chk,04A_D02_TPA_NONE_T_RAA_TD_CAMB3LYP_30S.fchk
D02_TPA_NONE_T_RAA,D02,TPA,NONE,T,RAA,CAMB3LYP,10,Singlet-?Sym,4.6954,264.05,0.0416,True,04A_D02_TPA_NONE_T_RAA_TD_CAMB3LYP_30S.log,04A_D02_TPA_NONE_T_RAA_TD_CAMB3LYP_30S.chk,04A_D02_TPA_NONE_T_RAA_TD_CAMB3LYP_30S.fchk
D02_TPA_NONE_T_RAA,D02,TPA,NONE,T,RAA,CAMB3LYP,11,Singlet-?Sym,4.7555,260.72,0.1446,True,04A_D02_TPA_NONE_T_RAA_TD_CAMB3LYP_30S.log,04A_D02_TPA_NONE_T_RAA_TD_CAMB3LYP_30S.chk,04A_D02_TPA_NONE_T_RAA_TD_CAMB3LYP_30S.fchk
D02_TPA_NONE_T_RAA,D02,TPA,NONE,T,RAA,CAMB3LYP,12,Singlet-?Sym,4.786,259.05,0.0442,True,04A_D02_TPA_NONE_T_RAA_TD_CAMB3LYP_30S.log,04A_D02_TPA_NONE_T_RAA_TD_CAMB3LYP_30S.chk,04A_D02_TPA_NONE_T_RAA_TD_CAMB3LYP_30S.fchk
D02_TPA_NONE_T_RAA,D02,TPA,NONE,T,RAA,CAMB3LYP,13,Singlet-?Sym,4.8937,253.36,0.0293,True,04A_D02_TPA_NONE_T_RAA_TD_CAMB3LYP_30S.log,04A_D02_TPA_NONE_T_RAA_TD_CAMB3LYP_30S.chk,04A_D02_TPA_NONE_T_RAA_TD_CAMB3LYP_30S.fchk
D02_TPA_NONE_T_RAA,D02,TPA,NONE,T,RAA,CAMB3LYP,14,Singlet-?Sym,5.075,244.31,0.0668,True,04A_D02_TPA_NONE_T_RAA_TD_CAMB3LYP_30S.log,04A_D02_TPA_NONE_T_RAA_TD_CAMB3LYP_30S.chk,04A_D02_TPA_NONE_T_RAA_TD_CAMB3LYP_30S.fchk
D02_TPA_NONE_T_RAA,D02,TPA,NONE,T,RAA,CAMB3LYP,15,Singlet-?Sym,5.11,242.63,0.01,True,04A_D02_TPA_NONE_T_RAA_TD_CAMB3LYP_30S.log,04A_D02_TPA_NONE_T_RAA_TD_CAMB3LYP_30S.chk,04A_D02_TPA_NONE_T_RAA_TD_CAMB3LYP_30S.fchk
D02_TPA_NONE_T_RAA,D02,TPA,NONE,T,RAA,CAMB3LYP,16,Singlet-?Sym,5.1321,241.59,0.0026,True,04A_D02_TPA_NONE_T_RAA_TD_CAMB3LYP_30S.log,04A_D02_TPA_NONE_T_RAA_TD_CAMB3LYP_30S.chk,04A_D02_TPA_NONE_T_RAA_TD_CAMB3LYP_30S.fchk
D02_TPA_NONE_T_RAA,D02,TPA,NONE,T,RAA,CAMB3LYP,17,Singlet-?Sym,5.1526,240.63,0.0179,True,04A_D02_TPA_NONE_T_RAA_TD_CAMB3LYP_30S.log,04A_D02_TPA_NONE_T_RAA_TD_CAMB3LYP_30S.chk,04A_D02_TPA_NONE_T_RAA_TD_CAMB3LYP_30S.fchk
D02_TPA_NONE_T_RAA,D02,TPA,NONE,T,RAA,CAMB3LYP,18,Singlet-?Sym,5.2529,236.03,0.0014,True,04A_D02_TPA_NONE_T_RAA_TD_CAMB3LYP_30S.log,04A_D02_TPA_NONE_T_RAA_TD_CAMB3LYP_30S.chk,04A_D02_TPA_NONE_T_RAA_TD_CAMB3LYP_30S.fchk
D02_TPA_NONE_T_RAA,D02,TPA,NONE,T,RAA,CAMB3LYP,19,Singlet-?Sym,5.3114,233.43,0.0153,True,04A_D02_TPA_NONE_T_RAA_TD_CAMB3LYP_30S.log,04A_D02_TPA_NONE_T_RAA_TD_CAMB3LYP_30S.chk,04A_D02_TPA_NONE_T_RAA_TD_CAMB3LYP_30S.fchk
D02_TPA_NONE_T_RAA,D02,TPA,NONE,T,RAA,CAMB3LYP,20,Singlet-?Sym,5.3175,233.16,0.0019,True,04A_D02_TPA_NONE_T_RAA_TD_CAMB3LYP_30S.log,04A_D02_TPA_NONE_T_RAA_TD_CAMB3LYP_30S.chk,04A_D02_TPA_NONE_T_RAA_TD_CAMB3LYP_30S.fchk
D02_TPA_NONE_T_RAA,D02,TPA,NONE,T,RAA,CAMB3LYP,21,Singlet-?Sym,5.4656,226.84,0.003,True,04A_D02_TPA_NONE_T_RAA_TD_CAMB3LYP_30S.log,04A_D02_TPA_NONE_T_RAA_TD_CAMB3LYP_30S.chk,04A_D02_TPA_NONE_T_RAA_TD_CAMB3LYP_30S.fchk
D02_TPA_NONE_T_RAA,D02,TPA,NONE,T,RAA,CAMB3LYP,22,Singlet-?Sym,5.4761,226.41,0.0051,True,04A_D02_TPA_NONE_T_RAA_TD_CAMB3LYP_30S.log,04A_D02_TPA_NONE_T_RAA_TD_CAMB3LYP_30S.chk,04A_D02_TPA_NONE_T_RAA_TD_CAMB3LYP_30S.fchk
D02_TPA_NONE_T_RAA,D02,TPA,NONE,T,RAA,CAMB3LYP,23,Singlet-?Sym,5.5844,222.02,0.0183,True,04A_D02_TPA_NONE_T_RAA_TD_CAMB3LYP_30S.log,04A_D02_TPA_NONE_T_RAA_TD_CAMB3LYP_30S.chk,04A_D02_TPA_NONE_T_RAA_TD_CAMB3LYP_30S.fchk
D02_TPA_NONE_T_RAA,D02,TPA,NONE,T,RAA,CAMB3LYP,24,Singlet-?Sym,5.6573,219.16,0.0397,True,04A_D02_TPA_NONE_T_RAA_TD_CAMB3LYP_30S.log,04A_D02_TPA_NONE_T_RAA_TD_CAMB3LYP_30S.chk,04A_D02_TPA_NONE_T_RAA_TD_CAMB3LYP_30S.fchk
D02_TPA_NONE_T_RAA,D02,TPA,NONE,T,RAA,CAMB3LYP,25,Singlet-?Sym,5.7178,216.84,0.0054,True,04A_D02_TPA_NONE_T_RAA_TD_CAMB3LYP_30S.log,04A_D02_TPA_NONE_T_RAA_TD_CAMB3LYP_30S.chk,04A_D02_TPA_NONE_T_RAA_TD_CAMB3LYP_30S.fchk
D02_TPA_NONE_T_RAA,D02,TPA,NONE,T,RAA,CAMB3LYP,26,Singlet-?Sym,5.7315,216.32,0.0092,True,04A_D02_TPA_NONE_T_RAA_TD_CAMB3LYP_30S.log,04A_D02_TPA_NONE_T_RAA_TD_CAMB3LYP_30S.chk,04A_D02_TPA_NONE_T_RAA_TD_CAMB3LYP_30S.fchk
D02_TPA_NONE_T_RAA,D02,TPA,NONE,T,RAA,CAMB3LYP,27,Singlet-?Sym,5.7368,216.12,0.0075,True,04A_D02_TPA_NONE_T_RAA_TD_CAMB3LYP_30S.log,04A_D02_TPA_NONE_T_RAA_TD_CAMB3LYP_30S.chk,04A_D02_TPA_NONE_T_RAA_TD_CAMB3LYP_30S.fchk
D02_TPA_NONE_T_RAA,D02,TPA,NONE,T,RAA,CAMB3LYP,28,Singlet-?Sym,5.791,214.1,0.0296,True,04A_D02_TPA_NONE_T_RAA_TD_CAMB3LYP_30S.log,04A_D02_TPA_NONE_T_RAA_TD_CAMB3LYP_30S.chk,04A_D02_TPA_NONE_T_RAA_TD_CAMB3LYP_30S.fchk
D02_TPA_NONE_T_RAA,D02,TPA,NONE,T,RAA,CAMB3LYP,29,Singlet-?Sym,5.8396,212.32,0.0245,True,04A_D02_TPA_NONE_T_RAA_TD_CAMB3LYP_30S.log,04A_D02_TPA_NONE_T_RAA_TD_CAMB3LYP_30S.chk,04A_D02_TPA_NONE_T_RAA_TD_CAMB3LYP_30S.fchk
D02_TPA_NONE_T_RAA,D02,TPA,NONE,T,RAA,CAMB3LYP,30,Singlet-?Sym,5.8951,210.32,0.0086,True,04A_D02_TPA_NONE_T_RAA_TD_CAMB3LYP_30S.log,04A_D02_TPA_NONE_T_RAA_TD_CAMB3LYP_30S.chk,04A_D02_TPA_NONE_T_RAA_TD_CAMB3LYP_30S.fchk
D03_TPA_NONE_TT_CAA,D03,TPA,NONE,TT,CAA,CAMB3LYP,1,Singlet-?Sym,2.6783,462.93,1.7043,True,04A_D03_TPA_NONE_TT_CAA_TD_CAMB3LYP_30S.log,04A_D03_TPA_NONE_TT_CAA_TD_CAMB3LYP_30S.chk,04A_D03_TPA_NONE_TT_CAA_TD_CAMB3LYP_30S.fchk
D03_TPA_NONE_TT_CAA,D03,TPA,NONE,TT,CAA,CAMB3LYP,2,Singlet-?Sym,3.6651,338.28,0.0045,True,04A_D03_TPA_NONE_TT_CAA_TD_CAMB3LYP_30S.log,04A_D03_TPA_NONE_TT_CAA_TD_CAMB3LYP_30S.chk,04A_D03_TPA_NONE_TT_CAA_TD_CAMB3LYP_30S.fchk
D03_TPA_NONE_TT_CAA,D03,TPA,NONE,TT,CAA,CAMB3LYP,3,Singlet-?Sym,3.8672,320.61,0.0894,True,04A_D03_TPA_NONE_TT_CAA_TD_CAMB3LYP_30S.log,04A_D03_TPA_NONE_TT_CAA_TD_CAMB3LYP_30S.chk,04A_D03_TPA_NONE_TT_CAA_TD_CAMB3LYP_30S.fchk
D03_TPA_NONE_TT_CAA,D03,TPA,NONE,TT,CAA,CAMB3LYP,4,Singlet-?Sym,4.0915,303.03,0.038,True,04A_D03_TPA_NONE_TT_CAA_TD_CAMB3LYP_30S.log,04A_D03_TPA_NONE_TT_CAA_TD_CAMB3LYP_30S.chk,04A_D03_TPA_NONE_TT_CAA_TD_CAMB3LYP_30S.fchk
D03_TPA_NONE_TT_CAA,D03,TPA,NONE,TT,CAA,CAMB3LYP,5,Singlet-?Sym,4.1702,297.31,0.1891,True,04A_D03_TPA_NONE_TT_CAA_TD_CAMB3LYP_30S.log,04A_D03_TPA_NONE_TT_CAA_TD_CAMB3LYP_30S.chk,04A_D03_TPA_NONE_TT_CAA_TD_CAMB3LYP_30S.fchk
D03_TPA_NONE_TT_CAA,D03,TPA,NONE,TT,CAA,CAMB3LYP,6,Singlet-?Sym,4.357,284.56,0.2469,True,04A_D03_TPA_NONE_TT_CAA_TD_CAMB3LYP_30S.log,04A_D03_TPA_NONE_TT_CAA_TD_CAMB3LYP_30S.chk,04A_D03_TPA_NONE_TT_CAA_TD_CAMB3LYP_30S.fchk
D03_TPA_NONE_TT_CAA,D03,TPA,NONE,TT,CAA,CAMB3LYP,7,Singlet-?Sym,4.6916,264.27,0.0356,True,04A_D03_TPA_NONE_TT_CAA_TD_CAMB3LYP_30S.log,04A_D03_TPA_NONE_TT_CAA_TD_CAMB3LYP_30S.chk,04A_D03_TPA_NONE_TT_CAA_TD_CAMB3LYP_30S.fchk
D03_TPA_NONE_TT_CAA,D03,TPA,NONE,TT,CAA,CAMB3LYP,8,Singlet-?Sym,4.7921,258.73,0.014,True,04A_D03_TPA_NONE_TT_CAA_TD_CAMB3LYP_30S.log,04A_D03_TPA_NONE_TT_CAA_TD_CAMB3LYP_30S.chk,04A_D03_TPA_NONE_TT_CAA_TD_CAMB3LYP_30S.fchk
D03_TPA_NONE_TT_CAA,D03,TPA,NONE,TT,CAA,CAMB3LYP,9,Singlet-?Sym,4.9042,252.81,0.0309,True,04A_D03_TPA_NONE_TT_CAA_TD_CAMB3LYP_30S.log,04A_D03_TPA_NONE_TT_CAA_TD_CAMB3LYP_30S.chk,04A_D03_TPA_NONE_TT_CAA_TD_CAMB3LYP_30S.fchk
D03_TPA_NONE_TT_CAA,D03,TPA,NONE,TT,CAA,CAMB3LYP,10,Singlet-?Sym,4.9944,248.25,0.0,True,04A_D03_TPA_NONE_TT_CAA_TD_CAMB3LYP_30S.log,04A_D03_TPA_NONE_TT_CAA_TD_CAMB3LYP_30S.chk,04A_D03_TPA_NONE_TT_CAA_TD_CAMB3LYP_30S.fchk
D03_TPA_NONE_TT_CAA,D03,TPA,NONE,TT,CAA,CAMB3LYP,11,Singlet-?Sym,5.0555,245.25,0.0168,True,04A_D03_TPA_NONE_TT_CAA_TD_CAMB3LYP_30S.log,04A_D03_TPA_NONE_TT_CAA_TD_CAMB3LYP_30S.chk,04A_D03_TPA_NONE_TT_CAA_TD_CAMB3LYP_30S.fchk
D03_TPA_NONE_TT_CAA,D03,TPA,NONE,TT,CAA,CAMB3LYP,12,Singlet-?Sym,5.0731,244.39,0.0005,True,04A_D03_TPA_NONE_TT_CAA_TD_CAMB3LYP_30S.log,04A_D03_TPA_NONE_TT_CAA_TD_CAMB3LYP_30S.chk,04A_D03_TPA_NONE_TT_CAA_TD_CAMB3LYP_30S.fchk
D03_TPA_NONE_TT_CAA,D03,TPA,NONE,TT,CAA,CAMB3LYP,13,Singlet-?Sym,5.0991,243.15,0.0591,True,04A_D03_TPA_NONE_TT_CAA_TD_CAMB3LYP_30S.log,04A_D03_TPA_NONE_TT_CAA_TD_CAMB3LYP_30S.chk,04A_D03_TPA_NONE_TT_CAA_TD_CAMB3LYP_30S.fchk
D03_TPA_NONE_TT_CAA,D03,TPA,NONE,TT,CAA,CAMB3LYP,14,Singlet-?Sym,5.1899,238.9,0.0007,True,04A_D03_TPA_NONE_TT_CAA_TD_CAMB3LYP_30S.log,04A_D03_TPA_NONE_TT_CAA_TD_CAMB3LYP_30S.chk,04A_D03_TPA_NONE_TT_CAA_TD_CAMB3LYP_30S.fchk
D03_TPA_NONE_TT_CAA,D03,TPA,NONE,TT,CAA,CAMB3LYP,15,Singlet-?Sym,5.3201,233.05,0.0032,True,04A_D03_TPA_NONE_TT_CAA_TD_CAMB3LYP_30S.log,04A_D03_TPA_NONE_TT_CAA_TD_CAMB3LYP_30S.chk,04A_D03_TPA_NONE_TT_CAA_TD_CAMB3LYP_30S.fchk
D03_TPA_NONE_TT_CAA,D03,TPA,NONE,TT,CAA,CAMB3LYP,16,Singlet-?Sym,5.3592,231.35,0.0369,True,04A_D03_TPA_NONE_TT_CAA_TD_CAMB3LYP_30S.log,04A_D03_TPA_NONE_TT_CAA_TD_CAMB3LYP_30S.chk,04A_D03_TPA_NONE_TT_CAA_TD_CAMB3LYP_30S.fchk
D03_TPA_NONE_TT_CAA,D03,TPA,NONE,TT,CAA,CAMB3LYP,17,Singlet-?Sym,5.4595,227.1,0.0011,True,04A_D03_TPA_NONE_TT_CAA_TD_CAMB3LYP_30S.log,04A_D03_TPA_NONE_TT_CAA_TD_CAMB3LYP_30S.chk,04A_D03_TPA_NONE_TT_CAA_TD_CAMB3LYP_30S.fchk
D03_TPA_NONE_TT_CAA,D03,TPA,NONE,TT,CAA,CAMB3LYP,18,Singlet-?Sym,5.492,225.76,0.006,True,04A_D03_TPA_NONE_TT_CAA_TD_CAMB3LYP_30S.log,04A_D03_TPA_NONE_TT_CAA_TD_CAMB3LYP_30S.chk,04A_D03_TPA_NONE_TT_CAA_TD_CAMB3LYP_30S.fchk
D03_TPA_NONE_TT_CAA,D03,TPA,NONE,TT,CAA,CAMB3LYP,19,Singlet-?Sym,5.5203,224.6,0.0013,True,04A_D03_TPA_NONE_TT_CAA_TD_CAMB3LYP_30S.log,04A_D03_TPA_NONE_TT_CAA_TD_CAMB3LYP_30S.chk,04A_D03_TPA_NONE_TT_CAA_TD_CAMB3LYP_30S.fchk
D03_TPA_NONE_TT_CAA,D03,TPA,NONE,TT,CAA,CAMB3LYP,20,Singlet-?Sym,5.6269,220.34,0.021,True,04A_D03_TPA_NONE_TT_CAA_TD_CAMB3LYP_30S.log,04A_D03_TPA_NONE_TT_CAA_TD_CAMB3LYP_30S.chk,04A_D03_TPA_NONE_TT_CAA_TD_CAMB3LYP_30S.fchk
D03_TPA_NONE_TT_CAA,D03,TPA,NONE,TT,CAA,CAMB3LYP,21,Singlet-?Sym,5.6595,219.07,0.0434,True,04A_D03_TPA_NONE_TT_CAA_TD_CAMB3LYP_30S.log,04A_D03_TPA_NONE_TT_CAA_TD_CAMB3LYP_30S.chk,04A_D03_TPA_NONE_TT_CAA_TD_CAMB3LYP_30S.fchk
D03_TPA_NONE_TT_CAA,D03,TPA,NONE,TT,CAA,CAMB3LYP,22,Singlet-?Sym,5.7024,217.43,0.0118,True,04A_D03_TPA_NONE_TT_CAA_TD_CAMB3LYP_30S.log,04A_D03_TPA_NONE_TT_CAA_TD_CAMB3LYP_30S.chk,04A_D03_TPA_NONE_TT_CAA_TD_CAMB3LYP_30S.fchk
D03_TPA_NONE_TT_CAA,D03,TPA,NONE,TT,CAA,CAMB3LYP,23,Singlet-?Sym,5.7402,215.99,0.0155,True,04A_D03_TPA_NONE_TT_CAA_TD_CAMB3LYP_30S.log,04A_D03_TPA_NONE_TT_CAA_TD_CAMB3LYP_30S.chk,04A_D03_TPA_NONE_TT_CAA_TD_CAMB3LYP_30S.fchk
D03_TPA_NONE_TT_CAA,D03,TPA,NONE,TT,CAA,CAMB3LYP,24,Singlet-?Sym,5.7589,215.29,0.0355,True,04A_D03_TPA_NONE_TT_CAA_TD_CAMB3LYP_30S.log,04A_D03_TPA_NONE_TT_CAA_TD_CAMB3LYP_30S.chk,04A_D03_TPA_NONE_TT_CAA_TD_CAMB3LYP_30S.fchk
D03_TPA_NONE_TT_CAA,D03,TPA,NONE,TT,CAA,CAMB3LYP,25,Singlet-?Sym,5.7864,214.27,0.0403,True,04A_D03_TPA_NONE_TT_CAA_TD_CAMB3LYP_30S.log,04A_D03_TPA_NONE_TT_CAA_TD_CAMB3LYP_30S.chk,04A_D03_TPA_NONE_TT_CAA_TD_CAMB3LYP_30S.fchk
D03_TPA_NONE_TT_CAA,D03,TPA,NONE,TT,CAA,CAMB3LYP,26,Singlet-?Sym,5.8007,213.74,0.0025,True,04A_D03_TPA_NONE_TT_CAA_TD_CAMB3LYP_30S.log,04A_D03_TPA_NONE_TT_CAA_TD_CAMB3LYP_30S.chk,04A_D03_TPA_NONE_TT_CAA_TD_CAMB3LYP_30S.fchk
D03_TPA_NONE_TT_CAA,D03,TPA,NONE,TT,CAA,CAMB3LYP,27,Singlet-?Sym,5.8188,213.08,0.0314,True,04A_D03_TPA_NONE_TT_CAA_TD_CAMB3LYP_30S.log,04A_D03_TPA_NONE_TT_CAA_TD_CAMB3LYP_30S.chk,04A_D03_TPA_NONE_TT_CAA_TD_CAMB3LYP_30S.fchk
D03_TPA_NONE_TT_CAA,D03,TPA,NONE,TT,CAA,CAMB3LYP,28,Singlet-?Sym,5.8714,211.17,0.0084,True,04A_D03_TPA_NONE_TT_CAA_TD_CAMB3LYP_30S.log,04A_D03_TPA_NONE_TT_CAA_TD_CAMB3LYP_30S.chk,04A_D03_TPA_NONE_TT_CAA_TD_CAMB3LYP_30S.fchk
D03_TPA_NONE_TT_CAA,D03,TPA,NONE,TT,CAA,CAMB3LYP,29,Singlet-?Sym,5.8795,210.88,0.0022,True,04A_D03_TPA_NONE_TT_CAA_TD_CAMB3LYP_30S.log,04A_D03_TPA_NONE_TT_CAA_TD_CAMB3LYP_30S.chk,04A_D03_TPA_NONE_TT_CAA_TD_CAMB3LYP_30S.fchk
D03_TPA_NONE_TT_CAA,D03,TPA,NONE,TT,CAA,CAMB3LYP,30,Singlet-?Sym,5.8983,210.2,0.0061,True,04A_D03_TPA_NONE_TT_CAA_TD_CAMB3LYP_30S.log,04A_D03_TPA_NONE_TT_CAA_TD_CAMB3LYP_30S.chk,04A_D03_TPA_NONE_TT_CAA_TD_CAMB3LYP_30S.fchk
D04_TPA_NONE_TT_RAA,D04,TPA,NONE,TT,RAA,CAMB3LYP,1,Singlet-?Sym,2.6357,470.4,1.878,True,04B_D04_TPA_NONE_TT_RAA_TD_CAMB3LYP_30S.log,04B_D04_TPA_NONE_TT_RAA_TD_CAMB3LYP_30S.chk,04B_D04_TPA_NONE_TT_RAA_TD_CAMB3LYP_30S.fchk
D04_TPA_NONE_TT_RAA,D04,TPA,NONE,TT,RAA,CAMB3LYP,2,Singlet-?Sym,3.3083,374.77,0.0001,True,04B_D04_TPA_NONE_TT_RAA_TD_CAMB3LYP_30S.log,04B_D04_TPA_NONE_TT_RAA_TD_CAMB3LYP_30S.chk,04B_D04_TPA_NONE_TT_RAA_TD_CAMB3LYP_30S.fchk
D04_TPA_NONE_TT_RAA,D04,TPA,NONE,TT,RAA,CAMB3LYP,3,Singlet-?Sym,3.5379,350.44,0.0768,True,04B_D04_TPA_NONE_TT_RAA_TD_CAMB3LYP_30S.log,04B_D04_TPA_NONE_TT_RAA_TD_CAMB3LYP_30S.chk,04B_D04_TPA_NONE_TT_RAA_TD_CAMB3LYP_30S.fchk
D04_TPA_NONE_TT_RAA,D04,TPA,NONE,TT,RAA,CAMB3LYP,4,Singlet-?Sym,3.9373,314.89,0.0892,True,04B_D04_TPA_NONE_TT_RAA_TD_CAMB3LYP_30S.log,04B_D04_TPA_NONE_TT_RAA_TD_CAMB3LYP_30S.chk,04B_D04_TPA_NONE_TT_RAA_TD_CAMB3LYP_30S.fchk
D04_TPA_NONE_TT_RAA,D04,TPA,NONE,TT,RAA,CAMB3LYP,5,Singlet-?Sym,3.9787,311.62,0.2602,True,04B_D04_TPA_NONE_TT_RAA_TD_CAMB3LYP_30S.log,04B_D04_TPA_NONE_TT_RAA_TD_CAMB3LYP_30S.chk,04B_D04_TPA_NONE_TT_RAA_TD_CAMB3LYP_30S.fchk
D04_TPA_NONE_TT_RAA,D04,TPA,NONE,TT,RAA,CAMB3LYP,6,Singlet-?Sym,4.0797,303.9,0.0244,True,04B_D04_TPA_NONE_TT_RAA_TD_CAMB3LYP_30S.log,04B_D04_TPA_NONE_TT_RAA_TD_CAMB3LYP_30S.chk,04B_D04_TPA_NONE_TT_RAA_TD_CAMB3LYP_30S.fchk
D04_TPA_NONE_TT_RAA,D04,TPA,NONE,TT,RAA,CAMB3LYP,7,Singlet-?Sym,4.3264,286.57,0.0952,True,04B_D04_TPA_NONE_TT_RAA_TD_CAMB3LYP_30S.log,04B_D04_TPA_NONE_TT_RAA_TD_CAMB3LYP_30S.chk,04B_D04_TPA_NONE_TT_RAA_TD_CAMB3LYP_30S.fchk
D04_TPA_NONE_TT_RAA,D04,TPA,NONE,TT,RAA,CAMB3LYP,8,Singlet-?Sym,4.3324,286.18,0.1993,True,04B_D04_TPA_NONE_TT_RAA_TD_CAMB3LYP_30S.log,04B_D04_TPA_NONE_TT_RAA_TD_CAMB3LYP_30S.chk,04B_D04_TPA_NONE_TT_RAA_TD_CAMB3LYP_30S.fchk
D04_TPA_NONE_TT_RAA,D04,TPA,NONE,TT,RAA,CAMB3LYP,9,Singlet-?Sym,4.6242,268.12,0.0132,True,04B_D04_TPA_NONE_TT_RAA_TD_CAMB3LYP_30S.log,04B_D04_TPA_NONE_TT_RAA_TD_CAMB3LYP_30S.chk,04B_D04_TPA_NONE_TT_RAA_TD_CAMB3LYP_30S.fchk
D04_TPA_NONE_TT_RAA,D04,TPA,NONE,TT,RAA,CAMB3LYP,10,Singlet-?Sym,4.6453,266.9,0.0111,True,04B_D04_TPA_NONE_TT_RAA_TD_CAMB3LYP_30S.log,04B_D04_TPA_NONE_TT_RAA_TD_CAMB3LYP_30S.chk,04B_D04_TPA_NONE_TT_RAA_TD_CAMB3LYP_30S.fchk
D04_TPA_NONE_TT_RAA,D04,TPA,NONE,TT,RAA,CAMB3LYP,11,Singlet-?Sym,4.6932,264.18,0.0422,True,04B_D04_TPA_NONE_TT_RAA_TD_CAMB3LYP_30S.log,04B_D04_TPA_NONE_TT_RAA_TD_CAMB3LYP_30S.chk,04B_D04_TPA_NONE_TT_RAA_TD_CAMB3LYP_30S.fchk
D04_TPA_NONE_TT_RAA,D04,TPA,NONE,TT,RAA,CAMB3LYP,12,Singlet-?Sym,4.7344,261.88,0.1722,True,04B_D04_TPA_NONE_TT_RAA_TD_CAMB3LYP_30S.log,04B_D04_TPA_NONE_TT_RAA_TD_CAMB3LYP_30S.chk,04B_D04_TPA_NONE_TT_RAA_TD_CAMB3LYP_30S.fchk
D04_TPA_NONE_TT_RAA,D04,TPA,NONE,TT,RAA,CAMB3LYP,13,Singlet-?Sym,4.8715,254.51,0.0194,True,04B_D04_TPA_NONE_TT_RAA_TD_CAMB3LYP_30S.log,04B_D04_TPA_NONE_TT_RAA_TD_CAMB3LYP_30S.chk,04B_D04_TPA_NONE_TT_RAA_TD_CAMB3LYP_30S.fchk
D04_TPA_NONE_TT_RAA,D04,TPA,NONE,TT,RAA,CAMB3LYP,14,Singlet-?Sym,4.9357,251.2,0.0091,True,04B_D04_TPA_NONE_TT_RAA_TD_CAMB3LYP_30S.log,04B_D04_TPA_NONE_TT_RAA_TD_CAMB3LYP_30S.chk,04B_D04_TPA_NONE_TT_RAA_TD_CAMB3LYP_30S.fchk
D04_TPA_NONE_TT_RAA,D04,TPA,NONE,TT,RAA,CAMB3LYP,15,Singlet-?Sym,5.0367,246.16,0.001,True,04B_D04_TPA_NONE_TT_RAA_TD_CAMB3LYP_30S.log,04B_D04_TPA_NONE_TT_RAA_TD_CAMB3LYP_30S.chk,04B_D04_TPA_NONE_TT_RAA_TD_CAMB3LYP_30S.fchk
D04_TPA_NONE_TT_RAA,D04,TPA,NONE,TT,RAA,CAMB3LYP,16,Singlet-?Sym,5.1112,242.57,0.0092,True,04B_D04_TPA_NONE_TT_RAA_TD_CAMB3LYP_30S.log,04B_D04_TPA_NONE_TT_RAA_TD_CAMB3LYP_30S.chk,04B_D04_TPA_NONE_TT_RAA_TD_CAMB3LYP_30S.fchk
D04_TPA_NONE_TT_RAA,D04,TPA,NONE,TT,RAA,CAMB3LYP,17,Singlet-?Sym,5.1263,241.86,0.0001,True,04B_D04_TPA_NONE_TT_RAA_TD_CAMB3LYP_30S.log,04B_D04_TPA_NONE_TT_RAA_TD_CAMB3LYP_30S.chk,04B_D04_TPA_NONE_TT_RAA_TD_CAMB3LYP_30S.fchk
D04_TPA_NONE_TT_RAA,D04,TPA,NONE,TT,RAA,CAMB3LYP,18,Singlet-?Sym,5.1464,240.91,0.0224,True,04B_D04_TPA_NONE_TT_RAA_TD_CAMB3LYP_30S.log,04B_D04_TPA_NONE_TT_RAA_TD_CAMB3LYP_30S.chk,04B_D04_TPA_NONE_TT_RAA_TD_CAMB3LYP_30S.fchk
D04_TPA_NONE_TT_RAA,D04,TPA,NONE,TT,RAA,CAMB3LYP,19,Singlet-?Sym,5.1721,239.72,0.0164,True,04B_D04_TPA_NONE_TT_RAA_TD_CAMB3LYP_30S.log,04B_D04_TPA_NONE_TT_RAA_TD_CAMB3LYP_30S.chk,04B_D04_TPA_NONE_TT_RAA_TD_CAMB3LYP_30S.fchk
D04_TPA_NONE_TT_RAA,D04,TPA,NONE,TT,RAA,CAMB3LYP,20,Singlet-?Sym,5.2424,236.5,0.0058,True,04B_D04_TPA_NONE_TT_RAA_TD_CAMB3LYP_30S.log,04B_D04_TPA_NONE_TT_RAA_TD_CAMB3LYP_30S.chk,04B_D04_TPA_NONE_TT_RAA_TD_CAMB3LYP_30S.fchk
D04_TPA_NONE_TT_RAA,D04,TPA,NONE,TT,RAA,CAMB3LYP,21,Singlet-?Sym,5.2679,235.36,0.0019,True,04B_D04_TPA_NONE_TT_RAA_TD_CAMB3LYP_30S.log,04B_D04_TPA_NONE_TT_RAA_TD_CAMB3LYP_30S.chk,04B_D04_TPA_NONE_TT_RAA_TD_CAMB3LYP_30S.fchk
D04_TPA_NONE_TT_RAA,D04,TPA,NONE,TT,RAA,CAMB3LYP,22,Singlet-?Sym,5.2796,234.84,0.0444,True,04B_D04_TPA_NONE_TT_RAA_TD_CAMB3LYP_30S.log,04B_D04_TPA_NONE_TT_RAA_TD_CAMB3LYP_30S.chk,04B_D04_TPA_NONE_TT_RAA_TD_CAMB3LYP_30S.fchk
D04_TPA_NONE_TT_RAA,D04,TPA,NONE,TT,RAA,CAMB3LYP,23,Singlet-?Sym,5.4015,229.54,0.0425,True,04B_D04_TPA_NONE_TT_RAA_TD_CAMB3LYP_30S.log,04B_D04_TPA_NONE_TT_RAA_TD_CAMB3LYP_30S.chk,04B_D04_TPA_NONE_TT_RAA_TD_CAMB3LYP_30S.fchk
D04_TPA_NONE_TT_RAA,D04,TPA,NONE,TT,RAA,CAMB3LYP,24,Singlet-?Sym,5.4304,228.32,0.007,True,04B_D04_TPA_NONE_TT_RAA_TD_CAMB3LYP_30S.log,04B_D04_TPA_NONE_TT_RAA_TD_CAMB3LYP_30S.chk,04B_D04_TPA_NONE_TT_RAA_TD_CAMB3LYP_30S.fchk
D04_TPA_NONE_TT_RAA,D04,TPA,NONE,TT,RAA,CAMB3LYP,25,Singlet-?Sym,5.5234,224.47,0.0084,True,04B_D04_TPA_NONE_TT_RAA_TD_CAMB3LYP_30S.log,04B_D04_TPA_NONE_TT_RAA_TD_CAMB3LYP_30S.chk,04B_D04_TPA_NONE_TT_RAA_TD_CAMB3LYP_30S.fchk
D04_TPA_NONE_TT_RAA,D04,TPA,NONE,TT,RAA,CAMB3LYP,26,Singlet-?Sym,5.5973,221.51,0.0049,True,04B_D04_TPA_NONE_TT_RAA_TD_CAMB3LYP_30S.log,04B_D04_TPA_NONE_TT_RAA_TD_CAMB3LYP_30S.chk,04B_D04_TPA_NONE_TT_RAA_TD_CAMB3LYP_30S.fchk
D04_TPA_NONE_TT_RAA,D04,TPA,NONE,TT,RAA,CAMB3LYP,27,Singlet-?Sym,5.65,219.44,0.0214,True,04B_D04_TPA_NONE_TT_RAA_TD_CAMB3LYP_30S.log,04B_D04_TPA_NONE_TT_RAA_TD_CAMB3LYP_30S.chk,04B_D04_TPA_NONE_TT_RAA_TD_CAMB3LYP_30S.fchk
D04_TPA_NONE_TT_RAA,D04,TPA,NONE,TT,RAA,CAMB3LYP,28,Singlet-?Sym,5.6645,218.88,0.0003,True,04B_D04_TPA_NONE_TT_RAA_TD_CAMB3LYP_30S.log,04B_D04_TPA_NONE_TT_RAA_TD_CAMB3LYP_30S.chk,04B_D04_TPA_NONE_TT_RAA_TD_CAMB3LYP_30S.fchk
D04_TPA_NONE_TT_RAA,D04,TPA,NONE,TT,RAA,CAMB3LYP,29,Singlet-?Sym,5.6904,217.88,0.0261,True,04B_D04_TPA_NONE_TT_RAA_TD_CAMB3LYP_30S.log,04B_D04_TPA_NONE_TT_RAA_TD_CAMB3LYP_30S.chk,04B_D04_TPA_NONE_TT_RAA_TD_CAMB3LYP_30S.fchk
D04_TPA_NONE_TT_RAA,D04,TPA,NONE,TT,RAA,CAMB3LYP,30,Singlet-?Sym,5.6991,217.55,0.0222,True,04B_D04_TPA_NONE_TT_RAA_TD_CAMB3LYP_30S.log,04B_D04_TPA_NONE_TT_RAA_TD_CAMB3LYP_30S.chk,04B_D04_TPA_NONE_TT_RAA_TD_CAMB3LYP_30S.fchk
D05_TPA_BTD_T_CAA,D05,TPA,BTD,T,CAA,CAMB3LYP,1,Singlet-?Sym,2.5247,491.08,1.3603,True,04A_D05_TPA_BTD_T_CAA_TD_CAMB3LYP_30S.log,04A_D05_TPA_BTD_T_CAA_TD_CAMB3LYP_30S.chk,04A_D05_TPA_BTD_T_CAA_TD_CAMB3LYP_30S.fchk
D05_TPA_BTD_T_CAA,D05,TPA,BTD,T,CAA,CAMB3LYP,2,Singlet-?Sym,3.2598,380.34,0.2602,True,04A_D05_TPA_BTD_T_CAA_TD_CAMB3LYP_30S.log,04A_D05_TPA_BTD_T_CAA_TD_CAMB3LYP_30S.chk,04A_D05_TPA_BTD_T_CAA_TD_CAMB3LYP_30S.fchk
D05_TPA_BTD_T_CAA,D05,TPA,BTD,T,CAA,CAMB3LYP,3,Singlet-?Sym,3.5182,352.41,0.0367,True,04A_D05_TPA_BTD_T_CAA_TD_CAMB3LYP_30S.log,04A_D05_TPA_BTD_T_CAA_TD_CAMB3LYP_30S.chk,04A_D05_TPA_BTD_T_CAA_TD_CAMB3LYP_30S.fchk
D05_TPA_BTD_T_CAA,D05,TPA,BTD,T,CAA,CAMB3LYP,4,Singlet-?Sym,4.1277,300.37,0.0424,True,04A_D05_TPA_BTD_T_CAA_TD_CAMB3LYP_30S.log,04A_D05_TPA_BTD_T_CAA_TD_CAMB3LYP_30S.chk,04A_D05_TPA_BTD_T_CAA_TD_CAMB3LYP_30S.fchk
D05_TPA_BTD_T_CAA,D05,TPA,BTD,T,CAA,CAMB3LYP,5,Singlet-?Sym,4.1471,298.97,0.2725,True,04A_D05_TPA_BTD_T_CAA_TD_CAMB3LYP_30S.log,04A_D05_TPA_BTD_T_CAA_TD_CAMB3LYP_30S.chk,04A_D05_TPA_BTD_T_CAA_TD_CAMB3LYP_30S.fchk
D05_TPA_BTD_T_CAA,D05,TPA,BTD,T,CAA,CAMB3LYP,6,Singlet-?Sym,4.1901,295.9,0.1588,True,04A_D05_TPA_BTD_T_CAA_TD_CAMB3LYP_30S.log,04A_D05_TPA_BTD_T_CAA_TD_CAMB3LYP_30S.chk,04A_D05_TPA_BTD_T_CAA_TD_CAMB3LYP_30S.fchk
D05_TPA_BTD_T_CAA,D05,TPA,BTD,T,CAA,CAMB3LYP,7,Singlet-?Sym,4.3226,286.83,0.0493,True,04A_D05_TPA_BTD_T_CAA_TD_CAMB3LYP_30S.log,04A_D05_TPA_BTD_T_CAA_TD_CAMB3LYP_30S.chk,04A_D05_TPA_BTD_T_CAA_TD_CAMB3LYP_30S.fchk
D05_TPA_BTD_T_CAA,D05,TPA,BTD,T,CAA,CAMB3LYP,8,Singlet-?Sym,4.3345,286.04,0.2682,True,04A_D05_TPA_BTD_T_CAA_TD_CAMB3LYP_30S.log,04A_D05_TPA_BTD_T_CAA_TD_CAMB3LYP_30S.chk,04A_D05_TPA_BTD_T_CAA_TD_CAMB3LYP_30S.fchk
D05_TPA_BTD_T_CAA,D05,TPA,BTD,T,CAA,CAMB3LYP,9,Singlet-?Sym,4.4196,280.54,0.176,True,04A_D05_TPA_BTD_T_CAA_TD_CAMB3LYP_30S.log,04A_D05_TPA_BTD_T_CAA_TD_CAMB3LYP_30S.chk,04A_D05_TPA_BTD_T_CAA_TD_CAMB3LYP_30S.fchk
D05_TPA_BTD_T_CAA,D05,TPA,BTD,T,CAA,CAMB3LYP,10,Singlet-?Sym,4.4948,275.84,0.0195,True,04A_D05_TPA_BTD_T_CAA_TD_CAMB3LYP_30S.log,04A_D05_TPA_BTD_T_CAA_TD_CAMB3LYP_30S.chk,04A_D05_TPA_BTD_T_CAA_TD_CAMB3LYP_30S.fchk
D05_TPA_BTD_T_CAA,D05,TPA,BTD,T,CAA,CAMB3LYP,11,Singlet-?Sym,4.5586,271.98,0.0125,True,04A_D05_TPA_BTD_T_CAA_TD_CAMB3LYP_30S.log,04A_D05_TPA_BTD_T_CAA_TD_CAMB3LYP_30S.chk,04A_D05_TPA_BTD_T_CAA_TD_CAMB3LYP_30S.fchk
D05_TPA_BTD_T_CAA,D05,TPA,BTD,T,CAA,CAMB3LYP,12,Singlet-?Sym,4.8083,257.85,0.0184,True,04A_D05_TPA_BTD_T_CAA_TD_CAMB3LYP_30S.log,04A_D05_TPA_BTD_T_CAA_TD_CAMB3LYP_30S.chk,04A_D05_TPA_BTD_T_CAA_TD_CAMB3LYP_30S.fchk
D05_TPA_BTD_T_CAA,D05,TPA,BTD,T,CAA,CAMB3LYP,13,Singlet-?Sym,4.8775,254.2,0.0434,True,04A_D05_TPA_BTD_T_CAA_TD_CAMB3LYP_30S.log,04A_D05_TPA_BTD_T_CAA_TD_CAMB3LYP_30S.chk,04A_D05_TPA_BTD_T_CAA_TD_CAMB3LYP_30S.fchk
D05_TPA_BTD_T_CAA,D05,TPA,BTD,T,CAA,CAMB3LYP,14,Singlet-?Sym,4.9152,252.25,0.0305,True,04A_D05_TPA_BTD_T_CAA_TD_CAMB3LYP_30S.log,04A_D05_TPA_BTD_T_CAA_TD_CAMB3LYP_30S.chk,04A_D05_TPA_BTD_T_CAA_TD_CAMB3LYP_30S.fchk
D05_TPA_BTD_T_CAA,D05,TPA,BTD,T,CAA,CAMB3LYP,15,Singlet-?Sym,4.9586,250.04,0.0017,True,04A_D05_TPA_BTD_T_CAA_TD_CAMB3LYP_30S.log,04A_D05_TPA_BTD_T_CAA_TD_CAMB3LYP_30S.chk,04A_D05_TPA_BTD_T_CAA_TD_CAMB3LYP_30S.fchk
D05_TPA_BTD_T_CAA,D05,TPA,BTD,T,CAA,CAMB3LYP,16,Singlet-?Sym,4.9637,249.78,0.0038,True,04A_D05_TPA_BTD_T_CAA_TD_CAMB3LYP_30S.log,04A_D05_TPA_BTD_T_CAA_TD_CAMB3LYP_30S.chk,04A_D05_TPA_BTD_T_CAA_TD_CAMB3LYP_30S.fchk
D05_TPA_BTD_T_CAA,D05,TPA,BTD,T,CAA,CAMB3LYP,17,Singlet-?Sym,5.1021,243.01,0.0215,True,04A_D05_TPA_BTD_T_CAA_TD_CAMB3LYP_30S.log,04A_D05_TPA_BTD_T_CAA_TD_CAMB3LYP_30S.chk,04A_D05_TPA_BTD_T_CAA_TD_CAMB3LYP_30S.fchk
D05_TPA_BTD_T_CAA,D05,TPA,BTD,T,CAA,CAMB3LYP,18,Singlet-?Sym,5.1555,240.49,0.01,True,04A_D05_TPA_BTD_T_CAA_TD_CAMB3LYP_30S.log,04A_D05_TPA_BTD_T_CAA_TD_CAMB3LYP_30S.chk,04A_D05_TPA_BTD_T_CAA_TD_CAMB3LYP_30S.fchk
D05_TPA_BTD_T_CAA,D05,TPA,BTD,T,CAA,CAMB3LYP,19,Singlet-?Sym,5.2426,236.49,0.0899,True,04A_D05_TPA_BTD_T_CAA_TD_CAMB3LYP_30S.log,04A_D05_TPA_BTD_T_CAA_TD_CAMB3LYP_30S.chk,04A_D05_TPA_BTD_T_CAA_TD_CAMB3LYP_30S.fchk
D05_TPA_BTD_T_CAA,D05,TPA,BTD,T,CAA,CAMB3LYP,20,Singlet-?Sym,5.3375,232.29,0.1032,True,04A_D05_TPA_BTD_T_CAA_TD_CAMB3LYP_30S.log,04A_D05_TPA_BTD_T_CAA_TD_CAMB3LYP_30S.chk,04A_D05_TPA_BTD_T_CAA_TD_CAMB3LYP_30S.fchk
D05_TPA_BTD_T_CAA,D05,TPA,BTD,T,CAA,CAMB3LYP,21,Singlet-?Sym,5.3645,231.12,0.0188,True,04A_D05_TPA_BTD_T_CAA_TD_CAMB3LYP_30S.log,04A_D05_TPA_BTD_T_CAA_TD_CAMB3LYP_30S.chk,04A_D05_TPA_BTD_T_CAA_TD_CAMB3LYP_30S.fchk
D05_TPA_BTD_T_CAA,D05,TPA,BTD,T,CAA,CAMB3LYP,22,Singlet-?Sym,5.4475,227.6,0.0086,True,04A_D05_TPA_BTD_T_CAA_TD_CAMB3LYP_30S.log,04A_D05_TPA_BTD_T_CAA_TD_CAMB3LYP_30S.chk,04A_D05_TPA_BTD_T_CAA_TD_CAMB3LYP_30S.fchk
D05_TPA_BTD_T_CAA,D05,TPA,BTD,T,CAA,CAMB3LYP,23,Singlet-?Sym,5.4644,226.89,0.0148,True,04A_D05_TPA_BTD_T_CAA_TD_CAMB3LYP_30S.log,04A_D05_TPA_BTD_T_CAA_TD_CAMB3LYP_30S.chk,04A_D05_TPA_BTD_T_CAA_TD_CAMB3LYP_30S.fchk
D05_TPA_BTD_T_CAA,D05,TPA,BTD,T,CAA,CAMB3LYP,24,Singlet-?Sym,5.4845,226.06,0.035,True,04A_D05_TPA_BTD_T_CAA_TD_CAMB3LYP_30S.log,04A_D05_TPA_BTD_T_CAA_TD_CAMB3LYP_30S.chk,04A_D05_TPA_BTD_T_CAA_TD_CAMB3LYP_30S.fchk
D05_TPA_BTD_T_CAA,D05,TPA,BTD,T,CAA,CAMB3LYP,25,Singlet-?Sym,5.4873,225.95,0.0024,True,04A_D05_TPA_BTD_T_CAA_TD_CAMB3LYP_30S.log,04A_D05_TPA_BTD_T_CAA_TD_CAMB3LYP_30S.chk,04A_D05_TPA_BTD_T_CAA_TD_CAMB3LYP_30S.fchk
D05_TPA_BTD_T_CAA,D05,TPA,BTD,T,CAA,CAMB3LYP,26,Singlet-?Sym,5.5287,224.25,0.0022,True,04A_D05_TPA_BTD_T_CAA_TD_CAMB3LYP_30S.log,04A_D05_TPA_BTD_T_CAA_TD_CAMB3LYP_30S.chk,04A_D05_TPA_BTD_T_CAA_TD_CAMB3LYP_30S.fchk
D05_TPA_BTD_T_CAA,D05,TPA,BTD,T,CAA,CAMB3LYP,27,Singlet-?Sym,5.5382,223.87,0.0585,True,04A_D05_TPA_BTD_T_CAA_TD_CAMB3LYP_30S.log,04A_D05_TPA_BTD_T_CAA_TD_CAMB3LYP_30S.chk,04A_D05_TPA_BTD_T_CAA_TD_CAMB3LYP_30S.fchk
D05_TPA_BTD_T_CAA,D05,TPA,BTD,T,CAA,CAMB3LYP,28,Singlet-?Sym,5.601,221.36,0.0275,True,04A_D05_TPA_BTD_T_CAA_TD_CAMB3LYP_30S.log,04A_D05_TPA_BTD_T_CAA_TD_CAMB3LYP_30S.chk,04A_D05_TPA_BTD_T_CAA_TD_CAMB3LYP_30S.fchk
D05_TPA_BTD_T_CAA,D05,TPA,BTD,T,CAA,CAMB3LYP,29,Singlet-?Sym,5.6362,219.98,0.0055,True,04A_D05_TPA_BTD_T_CAA_TD_CAMB3LYP_30S.log,04A_D05_TPA_BTD_T_CAA_TD_CAMB3LYP_30S.chk,04A_D05_TPA_BTD_T_CAA_TD_CAMB3LYP_30S.fchk
D05_TPA_BTD_T_CAA,D05,TPA,BTD,T,CAA,CAMB3LYP,30,Singlet-?Sym,5.6571,219.17,0.0128,True,04A_D05_TPA_BTD_T_CAA_TD_CAMB3LYP_30S.log,04A_D05_TPA_BTD_T_CAA_TD_CAMB3LYP_30S.chk,04A_D05_TPA_BTD_T_CAA_TD_CAMB3LYP_30S.fchk
D06_TPA_BTD_T_RAA,D06,TPA,BTD,T,RAA,CAMB3LYP,1,Singlet-?Sym,2.5257,490.9,1.6382,True,04B_D06_TPA_BTD_T_RAA_TD_CAMB3LYP_30S.log,04B_D06_TPA_BTD_T_RAA_TD_CAMB3LYP_30S.chk,04B_D06_TPA_BTD_T_RAA_TD_CAMB3LYP_30S.fchk
D06_TPA_BTD_T_RAA,D06,TPA,BTD,T,RAA,CAMB3LYP,2,Singlet-?Sym,3.1218,397.16,0.2477,True,04B_D06_TPA_BTD_T_RAA_TD_CAMB3LYP_30S.log,04B_D06_TPA_BTD_T_RAA_TD_CAMB3LYP_30S.chk,04B_D06_TPA_BTD_T_RAA_TD_CAMB3LYP_30S.fchk
D06_TPA_BTD_T_RAA,D06,TPA,BTD,T,RAA,CAMB3LYP,3,Singlet-?Sym,3.2964,376.12,0.0003,True,04B_D06_TPA_BTD_T_RAA_TD_CAMB3LYP_30S.log,04B_D06_TPA_BTD_T_RAA_TD_CAMB3LYP_30S.chk,04B_D06_TPA_BTD_T_RAA_TD_CAMB3LYP_30S.fchk
D06_TPA_BTD_T_RAA,D06,TPA,BTD,T,RAA,CAMB3LYP,4,Singlet-?Sym,3.4645,357.87,0.0209,True,04B_D06_TPA_BTD_T_RAA_TD_CAMB3LYP_30S.log,04B_D06_TPA_BTD_T_RAA_TD_CAMB3LYP_30S.chk,04B_D06_TPA_BTD_T_RAA_TD_CAMB3LYP_30S.fchk
D06_TPA_BTD_T_RAA,D06,TPA,BTD,T,RAA,CAMB3LYP,5,Singlet-?Sym,3.9317,315.34,0.0658,True,04B_D06_TPA_BTD_T_RAA_TD_CAMB3LYP_30S.log,04B_D06_TPA_BTD_T_RAA_TD_CAMB3LYP_30S.chk,04B_D06_TPA_BTD_T_RAA_TD_CAMB3LYP_30S.fchk
D06_TPA_BTD_T_RAA,D06,TPA,BTD,T,RAA,CAMB3LYP,6,Singlet-?Sym,4.122,300.79,0.0255,True,04B_D06_TPA_BTD_T_RAA_TD_CAMB3LYP_30S.log,04B_D06_TPA_BTD_T_RAA_TD_CAMB3LYP_30S.chk,04B_D06_TPA_BTD_T_RAA_TD_CAMB3LYP_30S.fchk
D06_TPA_BTD_T_RAA,D06,TPA,BTD,T,RAA,CAMB3LYP,7,Singlet-?Sym,4.1499,298.76,0.4277,True,04B_D06_TPA_BTD_T_RAA_TD_CAMB3LYP_30S.log,04B_D06_TPA_BTD_T_RAA_TD_CAMB3LYP_30S.chk,04B_D06_TPA_BTD_T_RAA_TD_CAMB3LYP_30S.fchk
D06_TPA_BTD_T_RAA,D06,TPA,BTD,T,RAA,CAMB3LYP,8,Singlet-?Sym,4.277,289.88,0.0081,True,04B_D06_TPA_BTD_T_RAA_TD_CAMB3LYP_30S.log,04B_D06_TPA_BTD_T_RAA_TD_CAMB3LYP_30S.chk,04B_D06_TPA_BTD_T_RAA_TD_CAMB3LYP_30S.fchk
D06_TPA_BTD_T_RAA,D06,TPA,BTD,T,RAA,CAMB3LYP,9,Singlet-?Sym,4.3244,286.71,0.2555,True,04B_D06_TPA_BTD_T_RAA_TD_CAMB3LYP_30S.log,04B_D06_TPA_BTD_T_RAA_TD_CAMB3LYP_30S.chk,04B_D06_TPA_BTD_T_RAA_TD_CAMB3LYP_30S.fchk
D06_TPA_BTD_T_RAA,D06,TPA,BTD,T,RAA,CAMB3LYP,10,Singlet-?Sym,4.3696,283.74,0.1435,True,04B_D06_TPA_BTD_T_RAA_TD_CAMB3LYP_30S.log,04B_D06_TPA_BTD_T_RAA_TD_CAMB3LYP_30S.chk,04B_D06_TPA_BTD_T_RAA_TD_CAMB3LYP_30S.fchk
D06_TPA_BTD_T_RAA,D06,TPA,BTD,T,RAA,CAMB3LYP,11,Singlet-?Sym,4.4495,278.65,0.0674,True,04B_D06_TPA_BTD_T_RAA_TD_CAMB3LYP_30S.log,04B_D06_TPA_BTD_T_RAA_TD_CAMB3LYP_30S.chk,04B_D06_TPA_BTD_T_RAA_TD_CAMB3LYP_30S.fchk
D06_TPA_BTD_T_RAA,D06,TPA,BTD,T,RAA,CAMB3LYP,12,Singlet-?Sym,4.5054,275.19,0.0296,True,04B_D06_TPA_BTD_T_RAA_TD_CAMB3LYP_30S.log,04B_D06_TPA_BTD_T_RAA_TD_CAMB3LYP_30S.chk,04B_D06_TPA_BTD_T_RAA_TD_CAMB3LYP_30S.fchk
D06_TPA_BTD_T_RAA,D06,TPA,BTD,T,RAA,CAMB3LYP,13,Singlet-?Sym,4.5973,269.69,0.0204,True,04B_D06_TPA_BTD_T_RAA_TD_CAMB3LYP_30S.log,04B_D06_TPA_BTD_T_RAA_TD_CAMB3LYP_30S.chk,04B_D06_TPA_BTD_T_RAA_TD_CAMB3LYP_30S.fchk
D06_TPA_BTD_T_RAA,D06,TPA,BTD,T,RAA,CAMB3LYP,14,Singlet-?Sym,4.6293,267.82,0.0132,True,04B_D06_TPA_BTD_T_RAA_TD_CAMB3LYP_30S.log,04B_D06_TPA_BTD_T_RAA_TD_CAMB3LYP_30S.chk,04B_D06_TPA_BTD_T_RAA_TD_CAMB3LYP_30S.fchk
D06_TPA_BTD_T_RAA,D06,TPA,BTD,T,RAA,CAMB3LYP,15,Singlet-?Sym,4.7161,262.89,0.2642,True,04B_D06_TPA_BTD_T_RAA_TD_CAMB3LYP_30S.log,04B_D06_TPA_BTD_T_RAA_TD_CAMB3LYP_30S.chk,04B_D06_TPA_BTD_T_RAA_TD_CAMB3LYP_30S.fchk
D06_TPA_BTD_T_RAA,D06,TPA,BTD,T,RAA,CAMB3LYP,16,Singlet-?Sym,4.7385,261.65,0.0197,True,04B_D06_TPA_BTD_T_RAA_TD_CAMB3LYP_30S.log,04B_D06_TPA_BTD_T_RAA_TD_CAMB3LYP_30S.chk,04B_D06_TPA_BTD_T_RAA_TD_CAMB3LYP_30S.fchk
D06_TPA_BTD_T_RAA,D06,TPA,BTD,T,RAA,CAMB3LYP,17,Singlet-?Sym,4.8108,257.72,0.0291,True,04B_D06_TPA_BTD_T_RAA_TD_CAMB3LYP_30S.log,04B_D06_TPA_BTD_T_RAA_TD_CAMB3LYP_30S.chk,04B_D06_TPA_BTD_T_RAA_TD_CAMB3LYP_30S.fchk
D06_TPA_BTD_T_RAA,D06,TPA,BTD,T,RAA,CAMB3LYP,18,Singlet-?Sym,4.8807,254.03,0.0309,True,04B_D06_TPA_BTD_T_RAA_TD_CAMB3LYP_30S.log,04B_D06_TPA_BTD_T_RAA_TD_CAMB3LYP_30S.chk,04B_D06_TPA_BTD_T_RAA_TD_CAMB3LYP_30S.fchk
D06_TPA_BTD_T_RAA,D06,TPA,BTD,T,RAA,CAMB3LYP,19,Singlet-?Sym,4.9302,251.48,0.0316,True,04B_D06_TPA_BTD_T_RAA_TD_CAMB3LYP_30S.log,04B_D06_TPA_BTD_T_RAA_TD_CAMB3LYP_30S.chk,04B_D06_TPA_BTD_T_RAA_TD_CAMB3LYP_30S.fchk
D06_TPA_BTD_T_RAA,D06,TPA,BTD,T,RAA,CAMB3LYP,20,Singlet-?Sym,5.0266,246.66,0.0141,True,04B_D06_TPA_BTD_T_RAA_TD_CAMB3LYP_30S.log,04B_D06_TPA_BTD_T_RAA_TD_CAMB3LYP_30S.chk,04B_D06_TPA_BTD_T_RAA_TD_CAMB3LYP_30S.fchk
D06_TPA_BTD_T_RAA,D06,TPA,BTD,T,RAA,CAMB3LYP,21,Singlet-?Sym,5.1569,240.43,0.0179,True,04B_D06_TPA_BTD_T_RAA_TD_CAMB3LYP_30S.log,04B_D06_TPA_BTD_T_RAA_TD_CAMB3LYP_30S.chk,04B_D06_TPA_BTD_T_RAA_TD_CAMB3LYP_30S.fchk
D06_TPA_BTD_T_RAA,D06,TPA,BTD,T,RAA,CAMB3LYP,22,Singlet-?Sym,5.1681,239.9,0.0138,True,04B_D06_TPA_BTD_T_RAA_TD_CAMB3LYP_30S.log,04B_D06_TPA_BTD_T_RAA_TD_CAMB3LYP_30S.chk,04B_D06_TPA_BTD_T_RAA_TD_CAMB3LYP_30S.fchk
D06_TPA_BTD_T_RAA,D06,TPA,BTD,T,RAA,CAMB3LYP,23,Singlet-?Sym,5.1702,239.81,0.0021,True,04B_D06_TPA_BTD_T_RAA_TD_CAMB3LYP_30S.log,04B_D06_TPA_BTD_T_RAA_TD_CAMB3LYP_30S.chk,04B_D06_TPA_BTD_T_RAA_TD_CAMB3LYP_30S.fchk
D06_TPA_BTD_T_RAA,D06,TPA,BTD,T,RAA,CAMB3LYP,24,Singlet-?Sym,5.2061,238.15,0.0006,True,04B_D06_TPA_BTD_T_RAA_TD_CAMB3LYP_30S.log,04B_D06_TPA_BTD_T_RAA_TD_CAMB3LYP_30S.chk,04B_D06_TPA_BTD_T_RAA_TD_CAMB3LYP_30S.fchk
D06_TPA_BTD_T_RAA,D06,TPA,BTD,T,RAA,CAMB3LYP,25,Singlet-?Sym,5.271,235.22,0.0627,True,04B_D06_TPA_BTD_T_RAA_TD_CAMB3LYP_30S.log,04B_D06_TPA_BTD_T_RAA_TD_CAMB3LYP_30S.chk,04B_D06_TPA_BTD_T_RAA_TD_CAMB3LYP_30S.fchk
D06_TPA_BTD_T_RAA,D06,TPA,BTD,T,RAA,CAMB3LYP,26,Singlet-?Sym,5.2967,234.08,0.0701,True,04B_D06_TPA_BTD_T_RAA_TD_CAMB3LYP_30S.log,04B_D06_TPA_BTD_T_RAA_TD_CAMB3LYP_30S.chk,04B_D06_TPA_BTD_T_RAA_TD_CAMB3LYP_30S.fchk
D06_TPA_BTD_T_RAA,D06,TPA,BTD,T,RAA,CAMB3LYP,27,Singlet-?Sym,5.3635,231.16,0.017,True,04B_D06_TPA_BTD_T_RAA_TD_CAMB3LYP_30S.log,04B_D06_TPA_BTD_T_RAA_TD_CAMB3LYP_30S.chk,04B_D06_TPA_BTD_T_RAA_TD_CAMB3LYP_30S.fchk
D06_TPA_BTD_T_RAA,D06,TPA,BTD,T,RAA,CAMB3LYP,28,Singlet-?Sym,5.3972,229.72,0.0024,True,04B_D06_TPA_BTD_T_RAA_TD_CAMB3LYP_30S.log,04B_D06_TPA_BTD_T_RAA_TD_CAMB3LYP_30S.chk,04B_D06_TPA_BTD_T_RAA_TD_CAMB3LYP_30S.fchk
D06_TPA_BTD_T_RAA,D06,TPA,BTD,T,RAA,CAMB3LYP,29,Singlet-?Sym,5.4327,228.22,0.017,True,04B_D06_TPA_BTD_T_RAA_TD_CAMB3LYP_30S.log,04B_D06_TPA_BTD_T_RAA_TD_CAMB3LYP_30S.chk,04B_D06_TPA_BTD_T_RAA_TD_CAMB3LYP_30S.fchk
D06_TPA_BTD_T_RAA,D06,TPA,BTD,T,RAA,CAMB3LYP,30,Singlet-?Sym,5.4478,227.58,0.0013,True,04B_D06_TPA_BTD_T_RAA_TD_CAMB3LYP_30S.log,04B_D06_TPA_BTD_T_RAA_TD_CAMB3LYP_30S.chk,04B_D06_TPA_BTD_T_RAA_TD_CAMB3LYP_30S.fchk
D07_TPA_BTD_TT_CAA,D07,TPA,BTD,TT,CAA,CAMB3LYP,1,Singlet-?Sym,2.4963,496.66,1.6574,True,04B_D07_TPA_BTD_TT_CAA_TD_CAMB3LYP_30S.log,04B_D07_TPA_BTD_TT_CAA_TD_CAMB3LYP_30S.chk,04B_D07_TPA_BTD_TT_CAA_TD_CAMB3LYP_30S.fchk
D07_TPA_BTD_TT_CAA,D07,TPA,BTD,TT,CAA,CAMB3LYP,2,Singlet-?Sym,3.1264,396.57,0.2685,True,04B_D07_TPA_BTD_TT_CAA_TD_CAMB3LYP_30S.log,04B_D07_TPA_BTD_TT_CAA_TD_CAMB3LYP_30S.chk,04B_D07_TPA_BTD_TT_CAA_TD_CAMB3LYP_30S.fchk
D07_TPA_BTD_TT_CAA,D07,TPA,BTD,TT,CAA,CAMB3LYP,3,Singlet-?Sym,3.4486,359.52,0.0349,True,04B_D07_TPA_BTD_TT_CAA_TD_CAMB3LYP_30S.log,04B_D07_TPA_BTD_TT_CAA_TD_CAMB3LYP_30S.chk,04B_D07_TPA_BTD_TT_CAA_TD_CAMB3LYP_30S.fchk
D07_TPA_BTD_TT_CAA,D07,TPA,BTD,TT,CAA,CAMB3LYP,4,Singlet-?Sym,3.7562,330.08,0.0535,True,04B_D07_TPA_BTD_TT_CAA_TD_CAMB3LYP_30S.log,04B_D07_TPA_BTD_TT_CAA_TD_CAMB3LYP_30S.chk,04B_D07_TPA_BTD_TT_CAA_TD_CAMB3LYP_30S.fchk
D07_TPA_BTD_TT_CAA,D07,TPA,BTD,TT,CAA,CAMB3LYP,5,Singlet-?Sym,4.0209,308.35,0.0501,True,04B_D07_TPA_BTD_TT_CAA_TD_CAMB3LYP_30S.log,04B_D07_TPA_BTD_TT_CAA_TD_CAMB3LYP_30S.chk,04B_D07_TPA_BTD_TT_CAA_TD_CAMB3LYP_30S.fchk
D07_TPA_BTD_TT_CAA,D07,TPA,BTD,TT,CAA,CAMB3LYP,6,Singlet-?Sym,4.1248,300.58,0.0249,True,04B_D07_TPA_BTD_TT_CAA_TD_CAMB3LYP_30S.log,04B_D07_TPA_BTD_TT_CAA_TD_CAMB3LYP_30S.chk,04B_D07_TPA_BTD_TT_CAA_TD_CAMB3LYP_30S.fchk
D07_TPA_BTD_TT_CAA,D07,TPA,BTD,TT,CAA,CAMB3LYP,7,Singlet-?Sym,4.1554,298.37,0.4176,True,04B_D07_TPA_BTD_TT_CAA_TD_CAMB3LYP_30S.log,04B_D07_TPA_BTD_TT_CAA_TD_CAMB3LYP_30S.chk,04B_D07_TPA_BTD_TT_CAA_TD_CAMB3LYP_30S.fchk
D07_TPA_BTD_TT_CAA,D07,TPA,BTD,TT,CAA,CAMB3LYP,8,Singlet-?Sym,4.3242,286.72,0.2369,True,04B_D07_TPA_BTD_TT_CAA_TD_CAMB3LYP_30S.log,04B_D07_TPA_BTD_TT_CAA_TD_CAMB3LYP_30S.chk,04B_D07_TPA_BTD_TT_CAA_TD_CAMB3LYP_30S.fchk
D07_TPA_BTD_TT_CAA,D07,TPA,BTD,TT,CAA,CAMB3LYP,9,Singlet-?Sym,4.3482,285.14,0.0173,True,04B_D07_TPA_BTD_TT_CAA_TD_CAMB3LYP_30S.log,04B_D07_TPA_BTD_TT_CAA_TD_CAMB3LYP_30S.chk,04B_D07_TPA_BTD_TT_CAA_TD_CAMB3LYP_30S.fchk
D07_TPA_BTD_TT_CAA,D07,TPA,BTD,TT,CAA,CAMB3LYP,10,Singlet-?Sym,4.3779,283.21,0.2169,True,04B_D07_TPA_BTD_TT_CAA_TD_CAMB3LYP_30S.log,04B_D07_TPA_BTD_TT_CAA_TD_CAMB3LYP_30S.chk,04B_D07_TPA_BTD_TT_CAA_TD_CAMB3LYP_30S.fchk
D07_TPA_BTD_TT_CAA,D07,TPA,BTD,TT,CAA,CAMB3LYP,11,Singlet-?Sym,4.5743,271.05,0.0085,True,04B_D07_TPA_BTD_TT_CAA_TD_CAMB3LYP_30S.log,04B_D07_TPA_BTD_TT_CAA_TD_CAMB3LYP_30S.chk,04B_D07_TPA_BTD_TT_CAA_TD_CAMB3LYP_30S.fchk
D07_TPA_BTD_TT_CAA,D07,TPA,BTD,TT,CAA,CAMB3LYP,12,Singlet-?Sym,4.6662,265.71,0.0352,True,04B_D07_TPA_BTD_TT_CAA_TD_CAMB3LYP_30S.log,04B_D07_TPA_BTD_TT_CAA_TD_CAMB3LYP_30S.chk,04B_D07_TPA_BTD_TT_CAA_TD_CAMB3LYP_30S.fchk
D07_TPA_BTD_TT_CAA,D07,TPA,BTD,TT,CAA,CAMB3LYP,13,Singlet-?Sym,4.6867,264.54,0.0026,True,04B_D07_TPA_BTD_TT_CAA_TD_CAMB3LYP_30S.log,04B_D07_TPA_BTD_TT_CAA_TD_CAMB3LYP_30S.chk,04B_D07_TPA_BTD_TT_CAA_TD_CAMB3LYP_30S.fchk
D07_TPA_BTD_TT_CAA,D07,TPA,BTD,TT,CAA,CAMB3LYP,14,Singlet-?Sym,4.8107,257.73,0.0174,True,04B_D07_TPA_BTD_TT_CAA_TD_CAMB3LYP_30S.log,04B_D07_TPA_BTD_TT_CAA_TD_CAMB3LYP_30S.chk,04B_D07_TPA_BTD_TT_CAA_TD_CAMB3LYP_30S.fchk
D07_TPA_BTD_TT_CAA,D07,TPA,BTD,TT,CAA,CAMB3LYP,15,Singlet-?Sym,4.8777,254.19,0.0519,True,04B_D07_TPA_BTD_TT_CAA_TD_CAMB3LYP_30S.log,04B_D07_TPA_BTD_TT_CAA_TD_CAMB3LYP_30S.chk,04B_D07_TPA_BTD_TT_CAA_TD_CAMB3LYP_30S.fchk
D07_TPA_BTD_TT_CAA,D07,TPA,BTD,TT,CAA,CAMB3LYP,16,Singlet-?Sym,4.9198,252.01,0.0283,True,04B_D07_TPA_BTD_TT_CAA_TD_CAMB3LYP_30S.log,04B_D07_TPA_BTD_TT_CAA_TD_CAMB3LYP_30S.chk,04B_D07_TPA_BTD_TT_CAA_TD_CAMB3LYP_30S.fchk
D07_TPA_BTD_TT_CAA,D07,TPA,BTD,TT,CAA,CAMB3LYP,17,Singlet-?Sym,4.9557,250.19,0.0001,True,04B_D07_TPA_BTD_TT_CAA_TD_CAMB3LYP_30S.log,04B_D07_TPA_BTD_TT_CAA_TD_CAMB3LYP_30S.chk,04B_D07_TPA_BTD_TT_CAA_TD_CAMB3LYP_30S.fchk
D07_TPA_BTD_TT_CAA,D07,TPA,BTD,TT,CAA,CAMB3LYP,18,Singlet-?Sym,5.0088,247.53,0.04,True,04B_D07_TPA_BTD_TT_CAA_TD_CAMB3LYP_30S.log,04B_D07_TPA_BTD_TT_CAA_TD_CAMB3LYP_30S.chk,04B_D07_TPA_BTD_TT_CAA_TD_CAMB3LYP_30S.fchk
D07_TPA_BTD_TT_CAA,D07,TPA,BTD,TT,CAA,CAMB3LYP,19,Singlet-?Sym,5.1451,240.98,0.0106,True,04B_D07_TPA_BTD_TT_CAA_TD_CAMB3LYP_30S.log,04B_D07_TPA_BTD_TT_CAA_TD_CAMB3LYP_30S.chk,04B_D07_TPA_BTD_TT_CAA_TD_CAMB3LYP_30S.fchk
D07_TPA_BTD_TT_CAA,D07,TPA,BTD,TT,CAA,CAMB3LYP,20,Singlet-?Sym,5.1643,240.08,0.0108,True,04B_D07_TPA_BTD_TT_CAA_TD_CAMB3LYP_30S.log,04B_D07_TPA_BTD_TT_CAA_TD_CAMB3LYP_30S.chk,04B_D07_TPA_BTD_TT_CAA_TD_CAMB3LYP_30S.fchk
D07_TPA_BTD_TT_CAA,D07,TPA,BTD,TT,CAA,CAMB3LYP,21,Singlet-?Sym,5.2787,234.88,0.0002,True,04B_D07_TPA_BTD_TT_CAA_TD_CAMB3LYP_30S.log,04B_D07_TPA_BTD_TT_CAA_TD_CAMB3LYP_30S.chk,04B_D07_TPA_BTD_TT_CAA_TD_CAMB3LYP_30S.fchk
D07_TPA_BTD_TT_CAA,D07,TPA,BTD,TT,CAA,CAMB3LYP,22,Singlet-?Sym,5.3507,231.72,0.101,True,04B_D07_TPA_BTD_TT_CAA_TD_CAMB3LYP_30S.log,04B_D07_TPA_BTD_TT_CAA_TD_CAMB3LYP_30S.chk,04B_D07_TPA_BTD_TT_CAA_TD_CAMB3LYP_30S.fchk
D07_TPA_BTD_TT_CAA,D07,TPA,BTD,TT,CAA,CAMB3LYP,23,Singlet-?Sym,5.3769,230.59,0.0095,True,04B_D07_TPA_BTD_TT_CAA_TD_CAMB3LYP_30S.log,04B_D07_TPA_BTD_TT_CAA_TD_CAMB3LYP_30S.chk,04B_D07_TPA_BTD_TT_CAA_TD_CAMB3LYP_30S.fchk
D07_TPA_BTD_TT_CAA,D07,TPA,BTD,TT,CAA,CAMB3LYP,24,Singlet-?Sym,5.4008,229.57,0.009,True,04B_D07_TPA_BTD_TT_CAA_TD_CAMB3LYP_30S.log,04B_D07_TPA_BTD_TT_CAA_TD_CAMB3LYP_30S.chk,04B_D07_TPA_BTD_TT_CAA_TD_CAMB3LYP_30S.fchk
D07_TPA_BTD_TT_CAA,D07,TPA,BTD,TT,CAA,CAMB3LYP,25,Singlet-?Sym,5.4284,228.4,0.0256,True,04B_D07_TPA_BTD_TT_CAA_TD_CAMB3LYP_30S.log,04B_D07_TPA_BTD_TT_CAA_TD_CAMB3LYP_30S.chk,04B_D07_TPA_BTD_TT_CAA_TD_CAMB3LYP_30S.fchk
D07_TPA_BTD_TT_CAA,D07,TPA,BTD,TT,CAA,CAMB3LYP,26,Singlet-?Sym,5.4671,226.78,0.0263,True,04B_D07_TPA_BTD_TT_CAA_TD_CAMB3LYP_30S.log,04B_D07_TPA_BTD_TT_CAA_TD_CAMB3LYP_30S.chk,04B_D07_TPA_BTD_TT_CAA_TD_CAMB3LYP_30S.fchk
D07_TPA_BTD_TT_CAA,D07,TPA,BTD,TT,CAA,CAMB3LYP,27,Singlet-?Sym,5.4837,226.09,0.0224,True,04B_D07_TPA_BTD_TT_CAA_TD_CAMB3LYP_30S.log,04B_D07_TPA_BTD_TT_CAA_TD_CAMB3LYP_30S.chk,04B_D07_TPA_BTD_TT_CAA_TD_CAMB3LYP_30S.fchk
D07_TPA_BTD_TT_CAA,D07,TPA,BTD,TT,CAA,CAMB3LYP,28,Singlet-?Sym,5.4932,225.71,0.0193,True,04B_D07_TPA_BTD_TT_CAA_TD_CAMB3LYP_30S.log,04B_D07_TPA_BTD_TT_CAA_TD_CAMB3LYP_30S.chk,04B_D07_TPA_BTD_TT_CAA_TD_CAMB3LYP_30S.fchk
D07_TPA_BTD_TT_CAA,D07,TPA,BTD,TT,CAA,CAMB3LYP,29,Singlet-?Sym,5.5055,225.2,0.0002,True,04B_D07_TPA_BTD_TT_CAA_TD_CAMB3LYP_30S.log,04B_D07_TPA_BTD_TT_CAA_TD_CAMB3LYP_30S.chk,04B_D07_TPA_BTD_TT_CAA_TD_CAMB3LYP_30S.fchk
D07_TPA_BTD_TT_CAA,D07,TPA,BTD,TT,CAA,CAMB3LYP,30,Singlet-?Sym,5.5401,223.79,0.0272,True,04B_D07_TPA_BTD_TT_CAA_TD_CAMB3LYP_30S.log,04B_D07_TPA_BTD_TT_CAA_TD_CAMB3LYP_30S.chk,04B_D07_TPA_BTD_TT_CAA_TD_CAMB3LYP_30S.fchk
D08_TPA_BTD_TT_RAA,D08,TPA,BTD,TT,RAA,CAMB3LYP,1,Singlet-?Sym,2.4814,499.66,1.9149,True,04A_D08_TPA_BTD_TT_RAA_TD_CAMB3LYP_30S.log,04A_D08_TPA_BTD_TT_RAA_TD_CAMB3LYP_30S.chk,04A_D08_TPA_BTD_TT_RAA_TD_CAMB3LYP_30S.fchk
D08_TPA_BTD_TT_RAA,D08,TPA,BTD,TT,RAA,CAMB3LYP,2,Singlet-?Sym,3.0161,411.08,0.2615,True,04A_D08_TPA_BTD_TT_RAA_TD_CAMB3LYP_30S.log,04A_D08_TPA_BTD_TT_RAA_TD_CAMB3LYP_30S.chk,04A_D08_TPA_BTD_TT_RAA_TD_CAMB3LYP_30S.fchk
D08_TPA_BTD_TT_RAA,D08,TPA,BTD,TT,RAA,CAMB3LYP,3,Singlet-?Sym,3.2911,376.73,0.0001,True,04A_D08_TPA_BTD_TT_RAA_TD_CAMB3LYP_30S.log,04A_D08_TPA_BTD_TT_RAA_TD_CAMB3LYP_30S.chk,04A_D08_TPA_BTD_TT_RAA_TD_CAMB3LYP_30S.fchk
D08_TPA_BTD_TT_RAA,D08,TPA,BTD,TT,RAA,CAMB3LYP,4,Singlet-?Sym,3.4177,362.77,0.0223,True,04A_D08_TPA_BTD_TT_RAA_TD_CAMB3LYP_30S.log,04A_D08_TPA_BTD_TT_RAA_TD_CAMB3LYP_30S.chk,04A_D08_TPA_BTD_TT_RAA_TD_CAMB3LYP_30S.fchk
D08_TPA_BTD_TT_RAA,D08,TPA,BTD,TT,RAA,CAMB3LYP,5,Singlet-?Sym,3.8392,322.95,0.091,True,04A_D08_TPA_BTD_TT_RAA_TD_CAMB3LYP_30S.log,04A_D08_TPA_BTD_TT_RAA_TD_CAMB3LYP_30S.chk,04A_D08_TPA_BTD_TT_RAA_TD_CAMB3LYP_30S.fchk
D08_TPA_BTD_TT_RAA,D08,TPA,BTD,TT,RAA,CAMB3LYP,6,Singlet-?Sym,3.8738,320.06,0.006,True,04A_D08_TPA_BTD_TT_RAA_TD_CAMB3LYP_30S.log,04A_D08_TPA_BTD_TT_RAA_TD_CAMB3LYP_30S.chk,04A_D08_TPA_BTD_TT_RAA_TD_CAMB3LYP_30S.fchk
D08_TPA_BTD_TT_RAA,D08,TPA,BTD,TT,RAA,CAMB3LYP,7,Singlet-?Sym,4.1003,302.38,0.4916,True,04A_D08_TPA_BTD_TT_RAA_TD_CAMB3LYP_30S.log,04A_D08_TPA_BTD_TT_RAA_TD_CAMB3LYP_30S.chk,04A_D08_TPA_BTD_TT_RAA_TD_CAMB3LYP_30S.fchk
D08_TPA_BTD_TT_RAA,D08,TPA,BTD,TT,RAA,CAMB3LYP,8,Singlet-?Sym,4.1232,300.7,0.0263,True,04A_D08_TPA_BTD_TT_RAA_TD_CAMB3LYP_30S.log,04A_D08_TPA_BTD_TT_RAA_TD_CAMB3LYP_30S.chk,04A_D08_TPA_BTD_TT_RAA_TD_CAMB3LYP_30S.fchk
D08_TPA_BTD_TT_RAA,D08,TPA,BTD,TT,RAA,CAMB3LYP,9,Singlet-?Sym,4.2051,294.84,0.0223,True,04A_D08_TPA_BTD_TT_RAA_TD_CAMB3LYP_30S.log,04A_D08_TPA_BTD_TT_RAA_TD_CAMB3LYP_30S.chk,04A_D08_TPA_BTD_TT_RAA_TD_CAMB3LYP_30S.fchk
D08_TPA_BTD_TT_RAA,D08,TPA,BTD,TT,RAA,CAMB3LYP,10,Singlet-?Sym,4.3216,286.9,0.2502,True,04A_D08_TPA_BTD_TT_RAA_TD_CAMB3LYP_30S.log,04A_D08_TPA_BTD_TT_RAA_TD_CAMB3LYP_30S.chk,04A_D08_TPA_BTD_TT_RAA_TD_CAMB3LYP_30S.fchk
D08_TPA_BTD_TT_RAA,D08,TPA,BTD,TT,RAA,CAMB3LYP,11,Singlet-?Sym,4.3377,285.83,0.0254,True,04A_D08_TPA_BTD_TT_RAA_TD_CAMB3LYP_30S.log,04A_D08_TPA_BTD_TT_RAA_TD_CAMB3LYP_30S.chk,04A_D08_TPA_BTD_TT_RAA_TD_CAMB3LYP_30S.fchk
D08_TPA_BTD_TT_RAA,D08,TPA,BTD,TT,RAA,CAMB3LYP,12,Singlet-?Sym,4.3994,281.82,0.2376,True,04A_D08_TPA_BTD_TT_RAA_TD_CAMB3LYP_30S.log,04A_D08_TPA_BTD_TT_RAA_TD_CAMB3LYP_30S.chk,04A_D08_TPA_BTD_TT_RAA_TD_CAMB3LYP_30S.fchk
D08_TPA_BTD_TT_RAA,D08,TPA,BTD,TT,RAA,CAMB3LYP,13,Singlet-?Sym,4.5596,271.92,0.0178,True,04A_D08_TPA_BTD_TT_RAA_TD_CAMB3LYP_30S.log,04A_D08_TPA_BTD_TT_RAA_TD_CAMB3LYP_30S.chk,04A_D08_TPA_BTD_TT_RAA_TD_CAMB3LYP_30S.fchk
D08_TPA_BTD_TT_RAA,D08,TPA,BTD,TT,RAA,CAMB3LYP,14,Singlet-?Sym,4.6131,268.76,0.0177,True,04A_D08_TPA_BTD_TT_RAA_TD_CAMB3LYP_30S.log,04A_D08_TPA_BTD_TT_RAA_TD_CAMB3LYP_30S.chk,04A_D08_TPA_BTD_TT_RAA_TD_CAMB3LYP_30S.fchk
D08_TPA_BTD_TT_RAA,D08,TPA,BTD,TT,RAA,CAMB3LYP,15,Singlet-?Sym,4.6245,268.1,0.0078,True,04A_D08_TPA_BTD_TT_RAA_TD_CAMB3LYP_30S.log,04A_D08_TPA_BTD_TT_RAA_TD_CAMB3LYP_30S.chk,04A_D08_TPA_BTD_TT_RAA_TD_CAMB3LYP_30S.fchk
D08_TPA_BTD_TT_RAA,D08,TPA,BTD,TT,RAA,CAMB3LYP,16,Singlet-?Sym,4.6548,266.36,0.0238,True,04A_D08_TPA_BTD_TT_RAA_TD_CAMB3LYP_30S.log,04A_D08_TPA_BTD_TT_RAA_TD_CAMB3LYP_30S.chk,04A_D08_TPA_BTD_TT_RAA_TD_CAMB3LYP_30S.fchk
D08_TPA_BTD_TT_RAA,D08,TPA,BTD,TT,RAA,CAMB3LYP,17,Singlet-?Sym,4.7112,263.17,0.1715,True,04A_D08_TPA_BTD_TT_RAA_TD_CAMB3LYP_30S.log,04A_D08_TPA_BTD_TT_RAA_TD_CAMB3LYP_30S.chk,04A_D08_TPA_BTD_TT_RAA_TD_CAMB3LYP_30S.fchk
D08_TPA_BTD_TT_RAA,D08,TPA,BTD,TT,RAA,CAMB3LYP,18,Singlet-?Sym,4.8164,257.42,0.0181,True,04A_D08_TPA_BTD_TT_RAA_TD_CAMB3LYP_30S.log,04A_D08_TPA_BTD_TT_RAA_TD_CAMB3LYP_30S.chk,04A_D08_TPA_BTD_TT_RAA_TD_CAMB3LYP_30S.fchk
D08_TPA_BTD_TT_RAA,D08,TPA,BTD,TT,RAA,CAMB3LYP,19,Singlet-?Sym,4.8383,256.26,0.0104,True,04A_D08_TPA_BTD_TT_RAA_TD_CAMB3LYP_30S.log,04A_D08_TPA_BTD_TT_RAA_TD_CAMB3LYP_30S.chk,04A_D08_TPA_BTD_TT_RAA_TD_CAMB3LYP_30S.fchk
D08_TPA_BTD_TT_RAA,D08,TPA,BTD,TT,RAA,CAMB3LYP,20,Singlet-?Sym,4.8847,253.82,0.0291,True,04A_D08_TPA_BTD_TT_RAA_TD_CAMB3LYP_30S.log,04A_D08_TPA_BTD_TT_RAA_TD_CAMB3LYP_30S.chk,04A_D08_TPA_BTD_TT_RAA_TD_CAMB3LYP_30S.fchk
D08_TPA_BTD_TT_RAA,D08,TPA,BTD,TT,RAA,CAMB3LYP,21,Singlet-?Sym,4.9372,251.12,0.0267,True,04A_D08_TPA_BTD_TT_RAA_TD_CAMB3LYP_30S.log,04A_D08_TPA_BTD_TT_RAA_TD_CAMB3LYP_30S.chk,04A_D08_TPA_BTD_TT_RAA_TD_CAMB3LYP_30S.fchk
D08_TPA_BTD_TT_RAA,D08,TPA,BTD,TT,RAA,CAMB3LYP,22,Singlet-?Sym,5.111,242.58,0.0104,True,04A_D08_TPA_BTD_TT_RAA_TD_CAMB3LYP_30S.log,04A_D08_TPA_BTD_TT_RAA_TD_CAMB3LYP_30S.chk,04A_D08_TPA_BTD_TT_RAA_TD_CAMB3LYP_30S.fchk
D08_TPA_BTD_TT_RAA,D08,TPA,BTD,TT,RAA,CAMB3LYP,23,Singlet-?Sym,5.1324,241.57,0.0121,True,04A_D08_TPA_BTD_TT_RAA_TD_CAMB3LYP_30S.log,04A_D08_TPA_BTD_TT_RAA_TD_CAMB3LYP_30S.chk,04A_D08_TPA_BTD_TT_RAA_TD_CAMB3LYP_30S.fchk
D08_TPA_BTD_TT_RAA,D08,TPA,BTD,TT,RAA,CAMB3LYP,24,Singlet-?Sym,5.167,239.95,0.0065,True,04A_D08_TPA_BTD_TT_RAA_TD_CAMB3LYP_30S.log,04A_D08_TPA_BTD_TT_RAA_TD_CAMB3LYP_30S.chk,04A_D08_TPA_BTD_TT_RAA_TD_CAMB3LYP_30S.fchk
D08_TPA_BTD_TT_RAA,D08,TPA,BTD,TT,RAA,CAMB3LYP,25,Singlet-?Sym,5.1703,239.8,0.0043,True,04A_D08_TPA_BTD_TT_RAA_TD_CAMB3LYP_30S.log,04A_D08_TPA_BTD_TT_RAA_TD_CAMB3LYP_30S.chk,04A_D08_TPA_BTD_TT_RAA_TD_CAMB3LYP_30S.fchk
D08_TPA_BTD_TT_RAA,D08,TPA,BTD,TT,RAA,CAMB3LYP,26,Singlet-?Sym,5.1772,239.48,0.0049,True,04A_D08_TPA_BTD_TT_RAA_TD_CAMB3LYP_30S.log,04A_D08_TPA_BTD_TT_RAA_TD_CAMB3LYP_30S.chk,04A_D08_TPA_BTD_TT_RAA_TD_CAMB3LYP_30S.fchk
D08_TPA_BTD_TT_RAA,D08,TPA,BTD,TT,RAA,CAMB3LYP,27,Singlet-?Sym,5.2355,236.81,0.0344,True,04A_D08_TPA_BTD_TT_RAA_TD_CAMB3LYP_30S.log,04A_D08_TPA_BTD_TT_RAA_TD_CAMB3LYP_30S.chk,04A_D08_TPA_BTD_TT_RAA_TD_CAMB3LYP_30S.fchk
D08_TPA_BTD_TT_RAA,D08,TPA,BTD,TT,RAA,CAMB3LYP,28,Singlet-?Sym,5.246,236.34,0.008,True,04A_D08_TPA_BTD_TT_RAA_TD_CAMB3LYP_30S.log,04A_D08_TPA_BTD_TT_RAA_TD_CAMB3LYP_30S.chk,04A_D08_TPA_BTD_TT_RAA_TD_CAMB3LYP_30S.fchk
D08_TPA_BTD_TT_RAA,D08,TPA,BTD,TT,RAA,CAMB3LYP,29,Singlet-?Sym,5.2598,235.72,0.0034,True,04A_D08_TPA_BTD_TT_RAA_TD_CAMB3LYP_30S.log,04A_D08_TPA_BTD_TT_RAA_TD_CAMB3LYP_30S.chk,04A_D08_TPA_BTD_TT_RAA_TD_CAMB3LYP_30S.fchk
D08_TPA_BTD_TT_RAA,D08,TPA,BTD,TT,RAA,CAMB3LYP,30,Singlet-?Sym,5.3832,230.32,0.0536,True,04A_D08_TPA_BTD_TT_RAA_TD_CAMB3LYP_30S.log,04A_D08_TPA_BTD_TT_RAA_TD_CAMB3LYP_30S.chk,04A_D08_TPA_BTD_TT_RAA_TD_CAMB3LYP_30S.fchk
D09_PTZ_NONE_T_CAA,D09,PTZ,NONE,T,CAA,CAMB3LYP,1,Singlet-?Sym,2.724,455.16,1.1799,True,04A_D09_PTZ_NONE_T_CAA_TD_CAMB3LYP_30S.log,04A_D09_PTZ_NONE_T_CAA_TD_CAMB3LYP_30S.chk,04A_D09_PTZ_NONE_T_CAA_TD_CAMB3LYP_30S.fchk
D09_PTZ_NONE_T_CAA,D09,PTZ,NONE,T,CAA,CAMB3LYP,2,Singlet-?Sym,3.6076,343.68,0.2247,True,04A_D09_PTZ_NONE_T_CAA_TD_CAMB3LYP_30S.log,04A_D09_PTZ_NONE_T_CAA_TD_CAMB3LYP_30S.chk,04A_D09_PTZ_NONE_T_CAA_TD_CAMB3LYP_30S.fchk
D09_PTZ_NONE_T_CAA,D09,PTZ,NONE,T,CAA,CAMB3LYP,3,Singlet-?Sym,3.894,318.4,0.018,True,04A_D09_PTZ_NONE_T_CAA_TD_CAMB3LYP_30S.log,04A_D09_PTZ_NONE_T_CAA_TD_CAMB3LYP_30S.chk,04A_D09_PTZ_NONE_T_CAA_TD_CAMB3LYP_30S.fchk
D09_PTZ_NONE_T_CAA,D09,PTZ,NONE,T,CAA,CAMB3LYP,4,Singlet-?Sym,4.2926,288.83,0.0202,True,04A_D09_PTZ_NONE_T_CAA_TD_CAMB3LYP_30S.log,04A_D09_PTZ_NONE_T_CAA_TD_CAMB3LYP_30S.chk,04A_D09_PTZ_NONE_T_CAA_TD_CAMB3LYP_30S.fchk
D09_PTZ_NONE_T_CAA,D09,PTZ,NONE,T,CAA,CAMB3LYP,5,Singlet-?Sym,4.3915,282.33,0.0229,True,04A_D09_PTZ_NONE_T_CAA_TD_CAMB3LYP_30S.log,04A_D09_PTZ_NONE_T_CAA_TD_CAMB3LYP_30S.chk,04A_D09_PTZ_NONE_T_CAA_TD_CAMB3LYP_30S.fchk
D09_PTZ_NONE_T_CAA,D09,PTZ,NONE,T,CAA,CAMB3LYP,6,Singlet-?Sym,4.4746,277.09,0.0369,True,04A_D09_PTZ_NONE_T_CAA_TD_CAMB3LYP_30S.log,04A_D09_PTZ_NONE_T_CAA_TD_CAMB3LYP_30S.chk,04A_D09_PTZ_NONE_T_CAA_TD_CAMB3LYP_30S.fchk
D09_PTZ_NONE_T_CAA,D09,PTZ,NONE,T,CAA,CAMB3LYP,7,Singlet-?Sym,4.6221,268.24,0.303,True,04A_D09_PTZ_NONE_T_CAA_TD_CAMB3LYP_30S.log,04A_D09_PTZ_NONE_T_CAA_TD_CAMB3LYP_30S.chk,04A_D09_PTZ_NONE_T_CAA_TD_CAMB3LYP_30S.fchk
D09_PTZ_NONE_T_CAA,D09,PTZ,NONE,T,CAA,CAMB3LYP,8,Singlet-?Sym,4.8471,255.79,0.0391,True,04A_D09_PTZ_NONE_T_CAA_TD_CAMB3LYP_30S.log,04A_D09_PTZ_NONE_T_CAA_TD_CAMB3LYP_30S.chk,04A_D09_PTZ_NONE_T_CAA_TD_CAMB3LYP_30S.fchk
D09_PTZ_NONE_T_CAA,D09,PTZ,NONE,T,CAA,CAMB3LYP,9,Singlet-?Sym,4.9721,249.36,0.0209,True,04A_D09_PTZ_NONE_T_CAA_TD_CAMB3LYP_30S.log,04A_D09_PTZ_NONE_T_CAA_TD_CAMB3LYP_30S.chk,04A_D09_PTZ_NONE_T_CAA_TD_CAMB3LYP_30S.fchk
D09_PTZ_NONE_T_CAA,D09,PTZ,NONE,T,CAA,CAMB3LYP,10,Singlet-?Sym,5.0164,247.16,0.0002,True,04A_D09_PTZ_NONE_T_CAA_TD_CAMB3LYP_30S.log,04A_D09_PTZ_NONE_T_CAA_TD_CAMB3LYP_30S.chk,04A_D09_PTZ_NONE_T_CAA_TD_CAMB3LYP_30S.fchk
D09_PTZ_NONE_T_CAA,D09,PTZ,NONE,T,CAA,CAMB3LYP,11,Singlet-?Sym,5.1217,242.08,0.0852,True,04A_D09_PTZ_NONE_T_CAA_TD_CAMB3LYP_30S.log,04A_D09_PTZ_NONE_T_CAA_TD_CAMB3LYP_30S.chk,04A_D09_PTZ_NONE_T_CAA_TD_CAMB3LYP_30S.fchk
D09_PTZ_NONE_T_CAA,D09,PTZ,NONE,T,CAA,CAMB3LYP,12,Singlet-?Sym,5.227,237.2,0.0201,True,04A_D09_PTZ_NONE_T_CAA_TD_CAMB3LYP_30S.log,04A_D09_PTZ_NONE_T_CAA_TD_CAMB3LYP_30S.chk,04A_D09_PTZ_NONE_T_CAA_TD_CAMB3LYP_30S.fchk
D09_PTZ_NONE_T_CAA,D09,PTZ,NONE,T,CAA,CAMB3LYP,13,Singlet-?Sym,5.2909,234.33,0.0371,True,04A_D09_PTZ_NONE_T_CAA_TD_CAMB3LYP_30S.log,04A_D09_PTZ_NONE_T_CAA_TD_CAMB3LYP_30S.chk,04A_D09_PTZ_NONE_T_CAA_TD_CAMB3LYP_30S.fchk
D09_PTZ_NONE_T_CAA,D09,PTZ,NONE,T,CAA,CAMB3LYP,14,Singlet-?Sym,5.3508,231.71,0.0358,True,04A_D09_PTZ_NONE_T_CAA_TD_CAMB3LYP_30S.log,04A_D09_PTZ_NONE_T_CAA_TD_CAMB3LYP_30S.chk,04A_D09_PTZ_NONE_T_CAA_TD_CAMB3LYP_30S.fchk
D09_PTZ_NONE_T_CAA,D09,PTZ,NONE,T,CAA,CAMB3LYP,15,Singlet-?Sym,5.3724,230.78,0.3278,True,04A_D09_PTZ_NONE_T_CAA_TD_CAMB3LYP_30S.log,04A_D09_PTZ_NONE_T_CAA_TD_CAMB3LYP_30S.chk,04A_D09_PTZ_NONE_T_CAA_TD_CAMB3LYP_30S.fchk
D09_PTZ_NONE_T_CAA,D09,PTZ,NONE,T,CAA,CAMB3LYP,16,Singlet-?Sym,5.5623,222.9,0.0083,True,04A_D09_PTZ_NONE_T_CAA_TD_CAMB3LYP_30S.log,04A_D09_PTZ_NONE_T_CAA_TD_CAMB3LYP_30S.chk,04A_D09_PTZ_NONE_T_CAA_TD_CAMB3LYP_30S.fchk
D09_PTZ_NONE_T_CAA,D09,PTZ,NONE,T,CAA,CAMB3LYP,17,Singlet-?Sym,5.5875,221.89,0.0446,True,04A_D09_PTZ_NONE_T_CAA_TD_CAMB3LYP_30S.log,04A_D09_PTZ_NONE_T_CAA_TD_CAMB3LYP_30S.chk,04A_D09_PTZ_NONE_T_CAA_TD_CAMB3LYP_30S.fchk
D09_PTZ_NONE_T_CAA,D09,PTZ,NONE,T,CAA,CAMB3LYP,18,Singlet-?Sym,5.6374,219.93,0.1104,True,04A_D09_PTZ_NONE_T_CAA_TD_CAMB3LYP_30S.log,04A_D09_PTZ_NONE_T_CAA_TD_CAMB3LYP_30S.chk,04A_D09_PTZ_NONE_T_CAA_TD_CAMB3LYP_30S.fchk
D09_PTZ_NONE_T_CAA,D09,PTZ,NONE,T,CAA,CAMB3LYP,19,Singlet-?Sym,5.6842,218.12,0.1127,True,04A_D09_PTZ_NONE_T_CAA_TD_CAMB3LYP_30S.log,04A_D09_PTZ_NONE_T_CAA_TD_CAMB3LYP_30S.chk,04A_D09_PTZ_NONE_T_CAA_TD_CAMB3LYP_30S.fchk
D09_PTZ_NONE_T_CAA,D09,PTZ,NONE,T,CAA,CAMB3LYP,20,Singlet-?Sym,5.8237,212.9,0.0025,True,04A_D09_PTZ_NONE_T_CAA_TD_CAMB3LYP_30S.log,04A_D09_PTZ_NONE_T_CAA_TD_CAMB3LYP_30S.chk,04A_D09_PTZ_NONE_T_CAA_TD_CAMB3LYP_30S.fchk
D09_PTZ_NONE_T_CAA,D09,PTZ,NONE,T,CAA,CAMB3LYP,21,Singlet-?Sym,5.8784,210.92,0.0013,True,04A_D09_PTZ_NONE_T_CAA_TD_CAMB3LYP_30S.log,04A_D09_PTZ_NONE_T_CAA_TD_CAMB3LYP_30S.chk,04A_D09_PTZ_NONE_T_CAA_TD_CAMB3LYP_30S.fchk
D09_PTZ_NONE_T_CAA,D09,PTZ,NONE,T,CAA,CAMB3LYP,22,Singlet-?Sym,5.8998,210.15,0.013,True,04A_D09_PTZ_NONE_T_CAA_TD_CAMB3LYP_30S.log,04A_D09_PTZ_NONE_T_CAA_TD_CAMB3LYP_30S.chk,04A_D09_PTZ_NONE_T_CAA_TD_CAMB3LYP_30S.fchk
D09_PTZ_NONE_T_CAA,D09,PTZ,NONE,T,CAA,CAMB3LYP,23,Singlet-?Sym,5.9147,209.62,0.0352,True,04A_D09_PTZ_NONE_T_CAA_TD_CAMB3LYP_30S.log,04A_D09_PTZ_NONE_T_CAA_TD_CAMB3LYP_30S.chk,04A_D09_PTZ_NONE_T_CAA_TD_CAMB3LYP_30S.fchk
D09_PTZ_NONE_T_CAA,D09,PTZ,NONE,T,CAA,CAMB3LYP,24,Singlet-?Sym,5.9598,208.03,0.0177,True,04A_D09_PTZ_NONE_T_CAA_TD_CAMB3LYP_30S.log,04A_D09_PTZ_NONE_T_CAA_TD_CAMB3LYP_30S.chk,04A_D09_PTZ_NONE_T_CAA_TD_CAMB3LYP_30S.fchk
D09_PTZ_NONE_T_CAA,D09,PTZ,NONE,T,CAA,CAMB3LYP,25,Singlet-?Sym,6.0243,205.81,0.0719,True,04A_D09_PTZ_NONE_T_CAA_TD_CAMB3LYP_30S.log,04A_D09_PTZ_NONE_T_CAA_TD_CAMB3LYP_30S.chk,04A_D09_PTZ_NONE_T_CAA_TD_CAMB3LYP_30S.fchk
D09_PTZ_NONE_T_CAA,D09,PTZ,NONE,T,CAA,CAMB3LYP,26,Singlet-?Sym,6.0377,205.35,0.0187,True,04A_D09_PTZ_NONE_T_CAA_TD_CAMB3LYP_30S.log,04A_D09_PTZ_NONE_T_CAA_TD_CAMB3LYP_30S.chk,04A_D09_PTZ_NONE_T_CAA_TD_CAMB3LYP_30S.fchk
D09_PTZ_NONE_T_CAA,D09,PTZ,NONE,T,CAA,CAMB3LYP,27,Singlet-?Sym,6.1199,202.59,0.0614,True,04A_D09_PTZ_NONE_T_CAA_TD_CAMB3LYP_30S.log,04A_D09_PTZ_NONE_T_CAA_TD_CAMB3LYP_30S.chk,04A_D09_PTZ_NONE_T_CAA_TD_CAMB3LYP_30S.fchk
D09_PTZ_NONE_T_CAA,D09,PTZ,NONE,T,CAA,CAMB3LYP,28,Singlet-?Sym,6.1648,201.11,0.0308,True,04A_D09_PTZ_NONE_T_CAA_TD_CAMB3LYP_30S.log,04A_D09_PTZ_NONE_T_CAA_TD_CAMB3LYP_30S.chk,04A_D09_PTZ_NONE_T_CAA_TD_CAMB3LYP_30S.fchk
D09_PTZ_NONE_T_CAA,D09,PTZ,NONE,T,CAA,CAMB3LYP,29,Singlet-?Sym,6.1722,200.87,0.0662,True,04A_D09_PTZ_NONE_T_CAA_TD_CAMB3LYP_30S.log,04A_D09_PTZ_NONE_T_CAA_TD_CAMB3LYP_30S.chk,04A_D09_PTZ_NONE_T_CAA_TD_CAMB3LYP_30S.fchk
D09_PTZ_NONE_T_CAA,D09,PTZ,NONE,T,CAA,CAMB3LYP,30,Singlet-?Sym,6.1981,200.04,0.0007,True,04A_D09_PTZ_NONE_T_CAA_TD_CAMB3LYP_30S.log,04A_D09_PTZ_NONE_T_CAA_TD_CAMB3LYP_30S.chk,04A_D09_PTZ_NONE_T_CAA_TD_CAMB3LYP_30S.fchk
D10_PTZ_NONE_T_RAA,D10,PTZ,NONE,T,RAA,CAMB3LYP,1,Singlet-?Sym,2.6863,461.54,1.4929,True,04B_D10_PTZ_NONE_T_RAA_TD_CAMB3LYP_30S.log,04B_D10_PTZ_NONE_T_RAA_TD_CAMB3LYP_30S.chk,04B_D10_PTZ_NONE_T_RAA_TD_CAMB3LYP_30S.fchk
D10_PTZ_NONE_T_RAA,D10,PTZ,NONE,T,RAA,CAMB3LYP,2,Singlet-?Sym,3.3196,373.49,0.0002,True,04B_D10_PTZ_NONE_T_RAA_TD_CAMB3LYP_30S.log,04B_D10_PTZ_NONE_T_RAA_TD_CAMB3LYP_30S.chk,04B_D10_PTZ_NONE_T_RAA_TD_CAMB3LYP_30S.fchk
D10_PTZ_NONE_T_RAA,D10,PTZ,NONE,T,RAA,CAMB3LYP,3,Singlet-?Sym,3.4673,357.58,0.1322,True,04B_D10_PTZ_NONE_T_RAA_TD_CAMB3LYP_30S.log,04B_D10_PTZ_NONE_T_RAA_TD_CAMB3LYP_30S.chk,04B_D10_PTZ_NONE_T_RAA_TD_CAMB3LYP_30S.fchk
D10_PTZ_NONE_T_RAA,D10,PTZ,NONE,T,RAA,CAMB3LYP,4,Singlet-?Sym,3.9358,315.02,0.035,True,04B_D10_PTZ_NONE_T_RAA_TD_CAMB3LYP_30S.log,04B_D10_PTZ_NONE_T_RAA_TD_CAMB3LYP_30S.chk,04B_D10_PTZ_NONE_T_RAA_TD_CAMB3LYP_30S.fchk
D10_PTZ_NONE_T_RAA,D10,PTZ,NONE,T,RAA,CAMB3LYP,5,Singlet-?Sym,4.143,299.26,0.0471,True,04B_D10_PTZ_NONE_T_RAA_TD_CAMB3LYP_30S.log,04B_D10_PTZ_NONE_T_RAA_TD_CAMB3LYP_30S.chk,04B_D10_PTZ_NONE_T_RAA_TD_CAMB3LYP_30S.fchk
D10_PTZ_NONE_T_RAA,D10,PTZ,NONE,T,RAA,CAMB3LYP,6,Singlet-?Sym,4.2368,292.64,0.157,True,04B_D10_PTZ_NONE_T_RAA_TD_CAMB3LYP_30S.log,04B_D10_PTZ_NONE_T_RAA_TD_CAMB3LYP_30S.chk,04B_D10_PTZ_NONE_T_RAA_TD_CAMB3LYP_30S.fchk
D10_PTZ_NONE_T_RAA,D10,PTZ,NONE,T,RAA,CAMB3LYP,7,Singlet-?Sym,4.4131,280.94,0.0792,True,04B_D10_PTZ_NONE_T_RAA_TD_CAMB3LYP_30S.log,04B_D10_PTZ_NONE_T_RAA_TD_CAMB3LYP_30S.chk,04B_D10_PTZ_NONE_T_RAA_TD_CAMB3LYP_30S.fchk
D10_PTZ_NONE_T_RAA,D10,PTZ,NONE,T,RAA,CAMB3LYP,8,Singlet-?Sym,4.5775,270.85,0.0499,True,04B_D10_PTZ_NONE_T_RAA_TD_CAMB3LYP_30S.log,04B_D10_PTZ_NONE_T_RAA_TD_CAMB3LYP_30S.chk,04B_D10_PTZ_NONE_T_RAA_TD_CAMB3LYP_30S.fchk
D10_PTZ_NONE_T_RAA,D10,PTZ,NONE,T,RAA,CAMB3LYP,9,Singlet-?Sym,4.6436,267.0,0.0695,True,04B_D10_PTZ_NONE_T_RAA_TD_CAMB3LYP_30S.log,04B_D10_PTZ_NONE_T_RAA_TD_CAMB3LYP_30S.chk,04B_D10_PTZ_NONE_T_RAA_TD_CAMB3LYP_30S.fchk
D10_PTZ_NONE_T_RAA,D10,PTZ,NONE,T,RAA,CAMB3LYP,10,Singlet-?Sym,4.6579,266.18,0.033,True,04B_D10_PTZ_NONE_T_RAA_TD_CAMB3LYP_30S.log,04B_D10_PTZ_NONE_T_RAA_TD_CAMB3LYP_30S.chk,04B_D10_PTZ_NONE_T_RAA_TD_CAMB3LYP_30S.fchk
D10_PTZ_NONE_T_RAA,D10,PTZ,NONE,T,RAA,CAMB3LYP,11,Singlet-?Sym,4.7097,263.25,0.1741,True,04B_D10_PTZ_NONE_T_RAA_TD_CAMB3LYP_30S.log,04B_D10_PTZ_NONE_T_RAA_TD_CAMB3LYP_30S.chk,04B_D10_PTZ_NONE_T_RAA_TD_CAMB3LYP_30S.fchk
D10_PTZ_NONE_T_RAA,D10,PTZ,NONE,T,RAA,CAMB3LYP,12,Singlet-?Sym,4.7715,259.85,0.134,True,04B_D10_PTZ_NONE_T_RAA_TD_CAMB3LYP_30S.log,04B_D10_PTZ_NONE_T_RAA_TD_CAMB3LYP_30S.chk,04B_D10_PTZ_NONE_T_RAA_TD_CAMB3LYP_30S.fchk
D10_PTZ_NONE_T_RAA,D10,PTZ,NONE,T,RAA,CAMB3LYP,13,Singlet-?Sym,4.9185,252.08,0.0139,True,04B_D10_PTZ_NONE_T_RAA_TD_CAMB3LYP_30S.log,04B_D10_PTZ_NONE_T_RAA_TD_CAMB3LYP_30S.chk,04B_D10_PTZ_NONE_T_RAA_TD_CAMB3LYP_30S.fchk
D10_PTZ_NONE_T_RAA,D10,PTZ,NONE,T,RAA,CAMB3LYP,14,Singlet-?Sym,5.0376,246.12,0.0295,True,04B_D10_PTZ_NONE_T_RAA_TD_CAMB3LYP_30S.log,04B_D10_PTZ_NONE_T_RAA_TD_CAMB3LYP_30S.chk,04B_D10_PTZ_NONE_T_RAA_TD_CAMB3LYP_30S.fchk
D10_PTZ_NONE_T_RAA,D10,PTZ,NONE,T,RAA,CAMB3LYP,15,Singlet-?Sym,5.1394,241.24,0.0794,True,04B_D10_PTZ_NONE_T_RAA_TD_CAMB3LYP_30S.log,04B_D10_PTZ_NONE_T_RAA_TD_CAMB3LYP_30S.chk,04B_D10_PTZ_NONE_T_RAA_TD_CAMB3LYP_30S.fchk
D10_PTZ_NONE_T_RAA,D10,PTZ,NONE,T,RAA,CAMB3LYP,16,Singlet-?Sym,5.1501,240.74,0.0083,True,04B_D10_PTZ_NONE_T_RAA_TD_CAMB3LYP_30S.log,04B_D10_PTZ_NONE_T_RAA_TD_CAMB3LYP_30S.chk,04B_D10_PTZ_NONE_T_RAA_TD_CAMB3LYP_30S.fchk
D10_PTZ_NONE_T_RAA,D10,PTZ,NONE,T,RAA,CAMB3LYP,17,Singlet-?Sym,5.164,240.1,0.0471,True,04B_D10_PTZ_NONE_T_RAA_TD_CAMB3LYP_30S.log,04B_D10_PTZ_NONE_T_RAA_TD_CAMB3LYP_30S.chk,04B_D10_PTZ_NONE_T_RAA_TD_CAMB3LYP_30S.fchk
D10_PTZ_NONE_T_RAA,D10,PTZ,NONE,T,RAA,CAMB3LYP,18,Singlet-?Sym,5.2523,236.06,0.002,True,04B_D10_PTZ_NONE_T_RAA_TD_CAMB3LYP_30S.log,04B_D10_PTZ_NONE_T_RAA_TD_CAMB3LYP_30S.chk,04B_D10_PTZ_NONE_T_RAA_TD_CAMB3LYP_30S.fchk
D10_PTZ_NONE_T_RAA,D10,PTZ,NONE,T,RAA,CAMB3LYP,19,Singlet-?Sym,5.3108,233.46,0.0005,True,04B_D10_PTZ_NONE_T_RAA_TD_CAMB3LYP_30S.log,04B_D10_PTZ_NONE_T_RAA_TD_CAMB3LYP_30S.chk,04B_D10_PTZ_NONE_T_RAA_TD_CAMB3LYP_30S.fchk
D10_PTZ_NONE_T_RAA,D10,PTZ,NONE,T,RAA,CAMB3LYP,20,Singlet-?Sym,5.3768,230.59,0.0378,True,04B_D10_PTZ_NONE_T_RAA_TD_CAMB3LYP_30S.log,04B_D10_PTZ_NONE_T_RAA_TD_CAMB3LYP_30S.chk,04B_D10_PTZ_NONE_T_RAA_TD_CAMB3LYP_30S.fchk
D10_PTZ_NONE_T_RAA,D10,PTZ,NONE,T,RAA,CAMB3LYP,21,Singlet-?Sym,5.4008,229.56,0.1329,True,04B_D10_PTZ_NONE_T_RAA_TD_CAMB3LYP_30S.log,04B_D10_PTZ_NONE_T_RAA_TD_CAMB3LYP_30S.chk,04B_D10_PTZ_NONE_T_RAA_TD_CAMB3LYP_30S.fchk
D10_PTZ_NONE_T_RAA,D10,PTZ,NONE,T,RAA,CAMB3LYP,22,Singlet-?Sym,5.4705,226.64,0.0968,True,04B_D10_PTZ_NONE_T_RAA_TD_CAMB3LYP_30S.log,04B_D10_PTZ_NONE_T_RAA_TD_CAMB3LYP_30S.chk,04B_D10_PTZ_NONE_T_RAA_TD_CAMB3LYP_30S.fchk
D10_PTZ_NONE_T_RAA,D10,PTZ,NONE,T,RAA,CAMB3LYP,23,Singlet-?Sym,5.5248,224.41,0.1241,True,04B_D10_PTZ_NONE_T_RAA_TD_CAMB3LYP_30S.log,04B_D10_PTZ_NONE_T_RAA_TD_CAMB3LYP_30S.chk,04B_D10_PTZ_NONE_T_RAA_TD_CAMB3LYP_30S.fchk
D10_PTZ_NONE_T_RAA,D10,PTZ,NONE,T,RAA,CAMB3LYP,24,Singlet-?Sym,5.5768,222.32,0.0878,True,04B_D10_PTZ_NONE_T_RAA_TD_CAMB3LYP_30S.log,04B_D10_PTZ_NONE_T_RAA_TD_CAMB3LYP_30S.chk,04B_D10_PTZ_NONE_T_RAA_TD_CAMB3LYP_30S.fchk
D10_PTZ_NONE_T_RAA,D10,PTZ,NONE,T,RAA,CAMB3LYP,25,Singlet-?Sym,5.616,220.77,0.0221,True,04B_D10_PTZ_NONE_T_RAA_TD_CAMB3LYP_30S.log,04B_D10_PTZ_NONE_T_RAA_TD_CAMB3LYP_30S.chk,04B_D10_PTZ_NONE_T_RAA_TD_CAMB3LYP_30S.fchk
D10_PTZ_NONE_T_RAA,D10,PTZ,NONE,T,RAA,CAMB3LYP,26,Singlet-?Sym,5.7276,216.47,0.0152,True,04B_D10_PTZ_NONE_T_RAA_TD_CAMB3LYP_30S.log,04B_D10_PTZ_NONE_T_RAA_TD_CAMB3LYP_30S.chk,04B_D10_PTZ_NONE_T_RAA_TD_CAMB3LYP_30S.fchk
D10_PTZ_NONE_T_RAA,D10,PTZ,NONE,T,RAA,CAMB3LYP,27,Singlet-?Sym,5.773,214.76,0.0136,True,04B_D10_PTZ_NONE_T_RAA_TD_CAMB3LYP_30S.log,04B_D10_PTZ_NONE_T_RAA_TD_CAMB3LYP_30S.chk,04B_D10_PTZ_NONE_T_RAA_TD_CAMB3LYP_30S.fchk
D10_PTZ_NONE_T_RAA,D10,PTZ,NONE,T,RAA,CAMB3LYP,28,Singlet-?Sym,5.8055,213.56,0.0182,True,04B_D10_PTZ_NONE_T_RAA_TD_CAMB3LYP_30S.log,04B_D10_PTZ_NONE_T_RAA_TD_CAMB3LYP_30S.chk,04B_D10_PTZ_NONE_T_RAA_TD_CAMB3LYP_30S.fchk
D10_PTZ_NONE_T_RAA,D10,PTZ,NONE,T,RAA,CAMB3LYP,29,Singlet-?Sym,5.8776,210.94,0.032,True,04B_D10_PTZ_NONE_T_RAA_TD_CAMB3LYP_30S.log,04B_D10_PTZ_NONE_T_RAA_TD_CAMB3LYP_30S.chk,04B_D10_PTZ_NONE_T_RAA_TD_CAMB3LYP_30S.fchk
D10_PTZ_NONE_T_RAA,D10,PTZ,NONE,T,RAA,CAMB3LYP,30,Singlet-?Sym,5.9208,209.41,0.0346,True,04B_D10_PTZ_NONE_T_RAA_TD_CAMB3LYP_30S.log,04B_D10_PTZ_NONE_T_RAA_TD_CAMB3LYP_30S.chk,04B_D10_PTZ_NONE_T_RAA_TD_CAMB3LYP_30S.fchk
D11_PTZ_NONE_TT_CAA,D11,PTZ,NONE,TT,CAA,CAMB3LYP,1,Singlet-?Sym,2.7209,455.67,1.5065,True,04B_D11_PTZ_NONE_TT_CAA_TD_CAMB3LYP_30S.log,04B_D11_PTZ_NONE_TT_CAA_TD_CAMB3LYP_30S.chk,04B_D11_PTZ_NONE_TT_CAA_TD_CAMB3LYP_30S.fchk
D11_PTZ_NONE_TT_CAA,D11,PTZ,NONE,TT,CAA,CAMB3LYP,2,Singlet-?Sym,3.4786,356.42,0.1059,True,04B_D11_PTZ_NONE_TT_CAA_TD_CAMB3LYP_30S.log,04B_D11_PTZ_NONE_TT_CAA_TD_CAMB3LYP_30S.chk,04B_D11_PTZ_NONE_TT_CAA_TD_CAMB3LYP_30S.fchk
D11_PTZ_NONE_TT_CAA,D11,PTZ,NONE,TT,CAA,CAMB3LYP,3,Singlet-?Sym,3.8605,321.16,0.0653,True,04B_D11_PTZ_NONE_TT_CAA_TD_CAMB3LYP_30S.log,04B_D11_PTZ_NONE_TT_CAA_TD_CAMB3LYP_30S.chk,04B_D11_PTZ_NONE_TT_CAA_TD_CAMB3LYP_30S.fchk
D11_PTZ_NONE_TT_CAA,D11,PTZ,NONE,TT,CAA,CAMB3LYP,4,Singlet-?Sym,3.9386,314.8,0.0366,True,04B_D11_PTZ_NONE_TT_CAA_TD_CAMB3LYP_30S.log,04B_D11_PTZ_NONE_TT_CAA_TD_CAMB3LYP_30S.chk,04B_D11_PTZ_NONE_TT_CAA_TD_CAMB3LYP_30S.fchk
D11_PTZ_NONE_TT_CAA,D11,PTZ,NONE,TT,CAA,CAMB3LYP,5,Singlet-?Sym,4.1825,296.43,0.0552,True,04B_D11_PTZ_NONE_TT_CAA_TD_CAMB3LYP_30S.log,04B_D11_PTZ_NONE_TT_CAA_TD_CAMB3LYP_30S.chk,04B_D11_PTZ_NONE_TT_CAA_TD_CAMB3LYP_30S.fchk
D11_PTZ_NONE_TT_CAA,D11,PTZ,NONE,TT,CAA,CAMB3LYP,6,Singlet-?Sym,4.4178,280.65,0.0083,True,04B_D11_PTZ_NONE_TT_CAA_TD_CAMB3LYP_30S.log,04B_D11_PTZ_NONE_TT_CAA_TD_CAMB3LYP_30S.chk,04B_D11_PTZ_NONE_TT_CAA_TD_CAMB3LYP_30S.fchk
D11_PTZ_NONE_TT_CAA,D11,PTZ,NONE,TT,CAA,CAMB3LYP,7,Singlet-?Sym,4.432,279.75,0.2989,True,04B_D11_PTZ_NONE_TT_CAA_TD_CAMB3LYP_30S.log,04B_D11_PTZ_NONE_TT_CAA_TD_CAMB3LYP_30S.chk,04B_D11_PTZ_NONE_TT_CAA_TD_CAMB3LYP_30S.fchk
D11_PTZ_NONE_TT_CAA,D11,PTZ,NONE,TT,CAA,CAMB3LYP,8,Singlet-?Sym,4.7626,260.33,0.0667,True,04B_D11_PTZ_NONE_TT_CAA_TD_CAMB3LYP_30S.log,04B_D11_PTZ_NONE_TT_CAA_TD_CAMB3LYP_30S.chk,04B_D11_PTZ_NONE_TT_CAA_TD_CAMB3LYP_30S.fchk
D11_PTZ_NONE_TT_CAA,D11,PTZ,NONE,TT,CAA,CAMB3LYP,9,Singlet-?Sym,4.9335,251.31,0.0057,True,04B_D11_PTZ_NONE_TT_CAA_TD_CAMB3LYP_30S.log,04B_D11_PTZ_NONE_TT_CAA_TD_CAMB3LYP_30S.chk,04B_D11_PTZ_NONE_TT_CAA_TD_CAMB3LYP_30S.fchk
D11_PTZ_NONE_TT_CAA,D11,PTZ,NONE,TT,CAA,CAMB3LYP,10,Singlet-?Sym,4.9903,248.45,0.0005,True,04B_D11_PTZ_NONE_TT_CAA_TD_CAMB3LYP_30S.log,04B_D11_PTZ_NONE_TT_CAA_TD_CAMB3LYP_30S.chk,04B_D11_PTZ_NONE_TT_CAA_TD_CAMB3LYP_30S.fchk
D11_PTZ_NONE_TT_CAA,D11,PTZ,NONE,TT,CAA,CAMB3LYP,11,Singlet-?Sym,5.0096,247.5,0.1537,True,04B_D11_PTZ_NONE_TT_CAA_TD_CAMB3LYP_30S.log,04B_D11_PTZ_NONE_TT_CAA_TD_CAMB3LYP_30S.chk,04B_D11_PTZ_NONE_TT_CAA_TD_CAMB3LYP_30S.fchk
D11_PTZ_NONE_TT_CAA,D11,PTZ,NONE,TT,CAA,CAMB3LYP,12,Singlet-?Sym,5.1219,242.07,0.0039,True,04B_D11_PTZ_NONE_TT_CAA_TD_CAMB3LYP_30S.log,04B_D11_PTZ_NONE_TT_CAA_TD_CAMB3LYP_30S.chk,04B_D11_PTZ_NONE_TT_CAA_TD_CAMB3LYP_30S.fchk
D11_PTZ_NONE_TT_CAA,D11,PTZ,NONE,TT,CAA,CAMB3LYP,13,Singlet-?Sym,5.1983,238.51,0.0005,True,04B_D11_PTZ_NONE_TT_CAA_TD_CAMB3LYP_30S.log,04B_D11_PTZ_NONE_TT_CAA_TD_CAMB3LYP_30S.chk,04B_D11_PTZ_NONE_TT_CAA_TD_CAMB3LYP_30S.fchk
D11_PTZ_NONE_TT_CAA,D11,PTZ,NONE,TT,CAA,CAMB3LYP,14,Singlet-?Sym,5.2532,236.01,0.1343,True,04B_D11_PTZ_NONE_TT_CAA_TD_CAMB3LYP_30S.log,04B_D11_PTZ_NONE_TT_CAA_TD_CAMB3LYP_30S.chk,04B_D11_PTZ_NONE_TT_CAA_TD_CAMB3LYP_30S.fchk
D11_PTZ_NONE_TT_CAA,D11,PTZ,NONE,TT,CAA,CAMB3LYP,15,Singlet-?Sym,5.3032,233.79,0.0061,True,04B_D11_PTZ_NONE_TT_CAA_TD_CAMB3LYP_30S.log,04B_D11_PTZ_NONE_TT_CAA_TD_CAMB3LYP_30S.chk,04B_D11_PTZ_NONE_TT_CAA_TD_CAMB3LYP_30S.fchk
D11_PTZ_NONE_TT_CAA,D11,PTZ,NONE,TT,CAA,CAMB3LYP,16,Singlet-?Sym,5.355,231.53,0.0139,True,04B_D11_PTZ_NONE_TT_CAA_TD_CAMB3LYP_30S.log,04B_D11_PTZ_NONE_TT_CAA_TD_CAMB3LYP_30S.chk,04B_D11_PTZ_NONE_TT_CAA_TD_CAMB3LYP_30S.fchk
D11_PTZ_NONE_TT_CAA,D11,PTZ,NONE,TT,CAA,CAMB3LYP,17,Singlet-?Sym,5.422,228.67,0.0079,True,04B_D11_PTZ_NONE_TT_CAA_TD_CAMB3LYP_30S.log,04B_D11_PTZ_NONE_TT_CAA_TD_CAMB3LYP_30S.chk,04B_D11_PTZ_NONE_TT_CAA_TD_CAMB3LYP_30S.fchk
D11_PTZ_NONE_TT_CAA,D11,PTZ,NONE,TT,CAA,CAMB3LYP,18,Singlet-?Sym,5.4335,228.18,0.1665,True,04B_D11_PTZ_NONE_TT_CAA_TD_CAMB3LYP_30S.log,04B_D11_PTZ_NONE_TT_CAA_TD_CAMB3LYP_30S.chk,04B_D11_PTZ_NONE_TT_CAA_TD_CAMB3LYP_30S.fchk
D11_PTZ_NONE_TT_CAA,D11,PTZ,NONE,TT,CAA,CAMB3LYP,19,Singlet-?Sym,5.5102,225.01,0.0922,True,04B_D11_PTZ_NONE_TT_CAA_TD_CAMB3LYP_30S.log,04B_D11_PTZ_NONE_TT_CAA_TD_CAMB3LYP_30S.chk,04B_D11_PTZ_NONE_TT_CAA_TD_CAMB3LYP_30S.fchk
D11_PTZ_NONE_TT_CAA,D11,PTZ,NONE,TT,CAA,CAMB3LYP,20,Singlet-?Sym,5.531,224.16,0.1403,True,04B_D11_PTZ_NONE_TT_CAA_TD_CAMB3LYP_30S.log,04B_D11_PTZ_NONE_TT_CAA_TD_CAMB3LYP_30S.chk,04B_D11_PTZ_NONE_TT_CAA_TD_CAMB3LYP_30S.fchk
D11_PTZ_NONE_TT_CAA,D11,PTZ,NONE,TT,CAA,CAMB3LYP,21,Singlet-?Sym,5.5877,221.89,0.0292,True,04B_D11_PTZ_NONE_TT_CAA_TD_CAMB3LYP_30S.log,04B_D11_PTZ_NONE_TT_CAA_TD_CAMB3LYP_30S.chk,04B_D11_PTZ_NONE_TT_CAA_TD_CAMB3LYP_30S.fchk
D11_PTZ_NONE_TT_CAA,D11,PTZ,NONE,TT,CAA,CAMB3LYP,22,Singlet-?Sym,5.7198,216.76,0.0156,True,04B_D11_PTZ_NONE_TT_CAA_TD_CAMB3LYP_30S.log,04B_D11_PTZ_NONE_TT_CAA_TD_CAMB3LYP_30S.chk,04B_D11_PTZ_NONE_TT_CAA_TD_CAMB3LYP_30S.fchk
D11_PTZ_NONE_TT_CAA,D11,PTZ,NONE,TT,CAA,CAMB3LYP,23,Singlet-?Sym,5.7522,215.54,0.0292,True,04B_D11_PTZ_NONE_TT_CAA_TD_CAMB3LYP_30S.log,04B_D11_PTZ_NONE_TT_CAA_TD_CAMB3LYP_30S.chk,04B_D11_PTZ_NONE_TT_CAA_TD_CAMB3LYP_30S.fchk
D11_PTZ_NONE_TT_CAA,D11,PTZ,NONE,TT,CAA,CAMB3LYP,24,Singlet-?Sym,5.7784,214.56,0.0457,True,04B_D11_PTZ_NONE_TT_CAA_TD_CAMB3LYP_30S.log,04B_D11_PTZ_NONE_TT_CAA_TD_CAMB3LYP_30S.chk,04B_D11_PTZ_NONE_TT_CAA_TD_CAMB3LYP_30S.fchk
D11_PTZ_NONE_TT_CAA,D11,PTZ,NONE,TT,CAA,CAMB3LYP,25,Singlet-?Sym,5.7984,213.83,0.0213,True,04B_D11_PTZ_NONE_TT_CAA_TD_CAMB3LYP_30S.log,04B_D11_PTZ_NONE_TT_CAA_TD_CAMB3LYP_30S.chk,04B_D11_PTZ_NONE_TT_CAA_TD_CAMB3LYP_30S.fchk
D11_PTZ_NONE_TT_CAA,D11,PTZ,NONE,TT,CAA,CAMB3LYP,26,Singlet-?Sym,5.8282,212.73,0.0312,True,04B_D11_PTZ_NONE_TT_CAA_TD_CAMB3LYP_30S.log,04B_D11_PTZ_NONE_TT_CAA_TD_CAMB3LYP_30S.chk,04B_D11_PTZ_NONE_TT_CAA_TD_CAMB3LYP_30S.fchk
D11_PTZ_NONE_TT_CAA,D11,PTZ,NONE,TT,CAA,CAMB3LYP,27,Singlet-?Sym,5.8379,212.38,0.0053,True,04B_D11_PTZ_NONE_TT_CAA_TD_CAMB3LYP_30S.log,04B_D11_PTZ_NONE_TT_CAA_TD_CAMB3LYP_30S.chk,04B_D11_PTZ_NONE_TT_CAA_TD_CAMB3LYP_30S.fchk
D11_PTZ_NONE_TT_CAA,D11,PTZ,NONE,TT,CAA,CAMB3LYP,28,Singlet-?Sym,5.8734,211.09,0.0126,True,04B_D11_PTZ_NONE_TT_CAA_TD_CAMB3LYP_30S.log,04B_D11_PTZ_NONE_TT_CAA_TD_CAMB3LYP_30S.chk,04B_D11_PTZ_NONE_TT_CAA_TD_CAMB3LYP_30S.fchk
D11_PTZ_NONE_TT_CAA,D11,PTZ,NONE,TT,CAA,CAMB3LYP,29,Singlet-?Sym,5.9151,209.61,0.016,True,04B_D11_PTZ_NONE_TT_CAA_TD_CAMB3LYP_30S.log,04B_D11_PTZ_NONE_TT_CAA_TD_CAMB3LYP_30S.chk,04B_D11_PTZ_NONE_TT_CAA_TD_CAMB3LYP_30S.fchk
D11_PTZ_NONE_TT_CAA,D11,PTZ,NONE,TT,CAA,CAMB3LYP,30,Singlet-?Sym,5.9233,209.32,0.016,True,04B_D11_PTZ_NONE_TT_CAA_TD_CAMB3LYP_30S.log,04B_D11_PTZ_NONE_TT_CAA_TD_CAMB3LYP_30S.chk,04B_D11_PTZ_NONE_TT_CAA_TD_CAMB3LYP_30S.fchk
D12_PTZ_NONE_TT_RAA,D12,PTZ,NONE,TT,RAA,CAMB3LYP,1,Singlet-?Sym,2.6595,466.19,1.7632,True,04B_D12_PTZ_NONE_TT_RAA_TD_CAMB3LYP_30S.log,04B_D12_PTZ_NONE_TT_RAA_TD_CAMB3LYP_30S.chk,04B_D12_PTZ_NONE_TT_RAA_TD_CAMB3LYP_30S.fchk
D12_PTZ_NONE_TT_RAA,D12,PTZ,NONE,TT,RAA,CAMB3LYP,2,Singlet-?Sym,3.306,375.03,0.0001,True,04B_D12_PTZ_NONE_TT_RAA_TD_CAMB3LYP_30S.log,04B_D12_PTZ_NONE_TT_RAA_TD_CAMB3LYP_30S.chk,04B_D12_PTZ_NONE_TT_RAA_TD_CAMB3LYP_30S.fchk
D12_PTZ_NONE_TT_RAA,D12,PTZ,NONE,TT,RAA,CAMB3LYP,3,Singlet-?Sym,3.4303,361.44,0.0496,True,04B_D12_PTZ_NONE_TT_RAA_TD_CAMB3LYP_30S.log,04B_D12_PTZ_NONE_TT_RAA_TD_CAMB3LYP_30S.chk,04B_D12_PTZ_NONE_TT_RAA_TD_CAMB3LYP_30S.fchk
D12_PTZ_NONE_TT_RAA,D12,PTZ,NONE,TT,RAA,CAMB3LYP,4,Singlet-?Sym,3.8566,321.49,0.0486,True,04B_D12_PTZ_NONE_TT_RAA_TD_CAMB3LYP_30S.log,04B_D12_PTZ_NONE_TT_RAA_TD_CAMB3LYP_30S.chk,04B_D12_PTZ_NONE_TT_RAA_TD_CAMB3LYP_30S.fchk
D12_PTZ_NONE_TT_RAA,D12,PTZ,NONE,TT,RAA,CAMB3LYP,5,Singlet-?Sym,3.9303,315.46,0.1143,True,04B_D12_PTZ_NONE_TT_RAA_TD_CAMB3LYP_30S.log,04B_D12_PTZ_NONE_TT_RAA_TD_CAMB3LYP_30S.chk,04B_D12_PTZ_NONE_TT_RAA_TD_CAMB3LYP_30S.fchk
D12_PTZ_NONE_TT_RAA,D12,PTZ,NONE,TT,RAA,CAMB3LYP,6,Singlet-?Sym,4.1062,301.95,0.1404,True,04B_D12_PTZ_NONE_TT_RAA_TD_CAMB3LYP_30S.log,04B_D12_PTZ_NONE_TT_RAA_TD_CAMB3LYP_30S.chk,04B_D12_PTZ_NONE_TT_RAA_TD_CAMB3LYP_30S.fchk
D12_PTZ_NONE_TT_RAA,D12,PTZ,NONE,TT,RAA,CAMB3LYP,7,Singlet-?Sym,4.1789,296.69,0.1227,True,04B_D12_PTZ_NONE_TT_RAA_TD_CAMB3LYP_30S.log,04B_D12_PTZ_NONE_TT_RAA_TD_CAMB3LYP_30S.chk,04B_D12_PTZ_NONE_TT_RAA_TD_CAMB3LYP_30S.fchk
D12_PTZ_NONE_TT_RAA,D12,PTZ,NONE,TT,RAA,CAMB3LYP,8,Singlet-?Sym,4.3953,282.08,0.0644,True,04B_D12_PTZ_NONE_TT_RAA_TD_CAMB3LYP_30S.log,04B_D12_PTZ_NONE_TT_RAA_TD_CAMB3LYP_30S.chk,04B_D12_PTZ_NONE_TT_RAA_TD_CAMB3LYP_30S.fchk
D12_PTZ_NONE_TT_RAA,D12,PTZ,NONE,TT,RAA,CAMB3LYP,9,Singlet-?Sym,4.5448,272.81,0.0083,True,04B_D12_PTZ_NONE_TT_RAA_TD_CAMB3LYP_30S.log,04B_D12_PTZ_NONE_TT_RAA_TD_CAMB3LYP_30S.chk,04B_D12_PTZ_NONE_TT_RAA_TD_CAMB3LYP_30S.fchk
D12_PTZ_NONE_TT_RAA,D12,PTZ,NONE,TT,RAA,CAMB3LYP,10,Singlet-?Sym,4.6394,267.24,0.0995,True,04B_D12_PTZ_NONE_TT_RAA_TD_CAMB3LYP_30S.log,04B_D12_PTZ_NONE_TT_RAA_TD_CAMB3LYP_30S.chk,04B_D12_PTZ_NONE_TT_RAA_TD_CAMB3LYP_30S.fchk
D12_PTZ_NONE_TT_RAA,D12,PTZ,NONE,TT,RAA,CAMB3LYP,11,Singlet-?Sym,4.6469,266.81,0.0999,True,04B_D12_PTZ_NONE_TT_RAA_TD_CAMB3LYP_30S.log,04B_D12_PTZ_NONE_TT_RAA_TD_CAMB3LYP_30S.chk,04B_D12_PTZ_NONE_TT_RAA_TD_CAMB3LYP_30S.fchk
D12_PTZ_NONE_TT_RAA,D12,PTZ,NONE,TT,RAA,CAMB3LYP,12,Singlet-?Sym,4.7355,261.82,0.1571,True,04B_D12_PTZ_NONE_TT_RAA_TD_CAMB3LYP_30S.log,04B_D12_PTZ_NONE_TT_RAA_TD_CAMB3LYP_30S.chk,04B_D12_PTZ_NONE_TT_RAA_TD_CAMB3LYP_30S.fchk
D12_PTZ_NONE_TT_RAA,D12,PTZ,NONE,TT,RAA,CAMB3LYP,13,Singlet-?Sym,4.875,254.33,0.057,True,04B_D12_PTZ_NONE_TT_RAA_TD_CAMB3LYP_30S.log,04B_D12_PTZ_NONE_TT_RAA_TD_CAMB3LYP_30S.chk,04B_D12_PTZ_NONE_TT_RAA_TD_CAMB3LYP_30S.fchk
D12_PTZ_NONE_TT_RAA,D12,PTZ,NONE,TT,RAA,CAMB3LYP,14,Singlet-?Sym,4.9198,252.01,0.0082,True,04B_D12_PTZ_NONE_TT_RAA_TD_CAMB3LYP_30S.log,04B_D12_PTZ_NONE_TT_RAA_TD_CAMB3LYP_30S.chk,04B_D12_PTZ_NONE_TT_RAA_TD_CAMB3LYP_30S.fchk
D12_PTZ_NONE_TT_RAA,D12,PTZ,NONE,TT,RAA,CAMB3LYP,15,Singlet-?Sym,5.0164,247.16,0.0024,True,04B_D12_PTZ_NONE_TT_RAA_TD_CAMB3LYP_30S.log,04B_D12_PTZ_NONE_TT_RAA_TD_CAMB3LYP_30S.chk,04B_D12_PTZ_NONE_TT_RAA_TD_CAMB3LYP_30S.fchk
D12_PTZ_NONE_TT_RAA,D12,PTZ,NONE,TT,RAA,CAMB3LYP,16,Singlet-?Sym,5.0916,243.51,0.0778,True,04B_D12_PTZ_NONE_TT_RAA_TD_CAMB3LYP_30S.log,04B_D12_PTZ_NONE_TT_RAA_TD_CAMB3LYP_30S.chk,04B_D12_PTZ_NONE_TT_RAA_TD_CAMB3LYP_30S.fchk
D12_PTZ_NONE_TT_RAA,D12,PTZ,NONE,TT,RAA,CAMB3LYP,17,Singlet-?Sym,5.1327,241.56,0.0096,True,04B_D12_PTZ_NONE_TT_RAA_TD_CAMB3LYP_30S.log,04B_D12_PTZ_NONE_TT_RAA_TD_CAMB3LYP_30S.chk,04B_D12_PTZ_NONE_TT_RAA_TD_CAMB3LYP_30S.fchk
D12_PTZ_NONE_TT_RAA,D12,PTZ,NONE,TT,RAA,CAMB3LYP,18,Singlet-?Sym,5.1691,239.86,0.0004,True,04B_D12_PTZ_NONE_TT_RAA_TD_CAMB3LYP_30S.log,04B_D12_PTZ_NONE_TT_RAA_TD_CAMB3LYP_30S.chk,04B_D12_PTZ_NONE_TT_RAA_TD_CAMB3LYP_30S.fchk
D12_PTZ_NONE_TT_RAA,D12,PTZ,NONE,TT,RAA,CAMB3LYP,19,Singlet-?Sym,5.1795,239.37,0.042,True,04B_D12_PTZ_NONE_TT_RAA_TD_CAMB3LYP_30S.log,04B_D12_PTZ_NONE_TT_RAA_TD_CAMB3LYP_30S.chk,04B_D12_PTZ_NONE_TT_RAA_TD_CAMB3LYP_30S.fchk
D12_PTZ_NONE_TT_RAA,D12,PTZ,NONE,TT,RAA,CAMB3LYP,20,Singlet-?Sym,5.2296,237.08,0.0433,True,04B_D12_PTZ_NONE_TT_RAA_TD_CAMB3LYP_30S.log,04B_D12_PTZ_NONE_TT_RAA_TD_CAMB3LYP_30S.chk,04B_D12_PTZ_NONE_TT_RAA_TD_CAMB3LYP_30S.fchk
D12_PTZ_NONE_TT_RAA,D12,PTZ,NONE,TT,RAA,CAMB3LYP,21,Singlet-?Sym,5.267,235.4,0.0004,True,04B_D12_PTZ_NONE_TT_RAA_TD_CAMB3LYP_30S.log,04B_D12_PTZ_NONE_TT_RAA_TD_CAMB3LYP_30S.chk,04B_D12_PTZ_NONE_TT_RAA_TD_CAMB3LYP_30S.fchk
D12_PTZ_NONE_TT_RAA,D12,PTZ,NONE,TT,RAA,CAMB3LYP,22,Singlet-?Sym,5.3554,231.51,0.1087,True,04B_D12_PTZ_NONE_TT_RAA_TD_CAMB3LYP_30S.log,04B_D12_PTZ_NONE_TT_RAA_TD_CAMB3LYP_30S.chk,04B_D12_PTZ_NONE_TT_RAA_TD_CAMB3LYP_30S.fchk
D12_PTZ_NONE_TT_RAA,D12,PTZ,NONE,TT,RAA,CAMB3LYP,23,Singlet-?Sym,5.385,230.24,0.1156,True,04B_D12_PTZ_NONE_TT_RAA_TD_CAMB3LYP_30S.log,04B_D12_PTZ_NONE_TT_RAA_TD_CAMB3LYP_30S.chk,04B_D12_PTZ_NONE_TT_RAA_TD_CAMB3LYP_30S.fchk
D12_PTZ_NONE_TT_RAA,D12,PTZ,NONE,TT,RAA,CAMB3LYP,24,Singlet-?Sym,5.4163,228.91,0.0753,True,04B_D12_PTZ_NONE_TT_RAA_TD_CAMB3LYP_30S.log,04B_D12_PTZ_NONE_TT_RAA_TD_CAMB3LYP_30S.chk,04B_D12_PTZ_NONE_TT_RAA_TD_CAMB3LYP_30S.fchk
D12_PTZ_NONE_TT_RAA,D12,PTZ,NONE,TT,RAA,CAMB3LYP,25,Singlet-?Sym,5.4695,226.68,0.1449,True,04B_D12_PTZ_NONE_TT_RAA_TD_CAMB3LYP_30S.log,04B_D12_PTZ_NONE_TT_RAA_TD_CAMB3LYP_30S.chk,04B_D12_PTZ_NONE_TT_RAA_TD_CAMB3LYP_30S.fchk
D12_PTZ_NONE_TT_RAA,D12,PTZ,NONE,TT,RAA,CAMB3LYP,26,Singlet-?Sym,5.5232,224.48,0.0249,True,04B_D12_PTZ_NONE_TT_RAA_TD_CAMB3LYP_30S.log,04B_D12_PTZ_NONE_TT_RAA_TD_CAMB3LYP_30S.chk,04B_D12_PTZ_NONE_TT_RAA_TD_CAMB3LYP_30S.fchk
D12_PTZ_NONE_TT_RAA,D12,PTZ,NONE,TT,RAA,CAMB3LYP,27,Singlet-?Sym,5.5469,223.52,0.0075,True,04B_D12_PTZ_NONE_TT_RAA_TD_CAMB3LYP_30S.log,04B_D12_PTZ_NONE_TT_RAA_TD_CAMB3LYP_30S.chk,04B_D12_PTZ_NONE_TT_RAA_TD_CAMB3LYP_30S.fchk
D12_PTZ_NONE_TT_RAA,D12,PTZ,NONE,TT,RAA,CAMB3LYP,28,Singlet-?Sym,5.5766,222.33,0.0645,True,04B_D12_PTZ_NONE_TT_RAA_TD_CAMB3LYP_30S.log,04B_D12_PTZ_NONE_TT_RAA_TD_CAMB3LYP_30S.chk,04B_D12_PTZ_NONE_TT_RAA_TD_CAMB3LYP_30S.fchk
D12_PTZ_NONE_TT_RAA,D12,PTZ,NONE,TT,RAA,CAMB3LYP,29,Singlet-?Sym,5.6746,218.49,0.0412,True,04B_D12_PTZ_NONE_TT_RAA_TD_CAMB3LYP_30S.log,04B_D12_PTZ_NONE_TT_RAA_TD_CAMB3LYP_30S.chk,04B_D12_PTZ_NONE_TT_RAA_TD_CAMB3LYP_30S.fchk
D12_PTZ_NONE_TT_RAA,D12,PTZ,NONE,TT,RAA,CAMB3LYP,30,Singlet-?Sym,5.712,217.06,0.0147,True,04B_D12_PTZ_NONE_TT_RAA_TD_CAMB3LYP_30S.log,04B_D12_PTZ_NONE_TT_RAA_TD_CAMB3LYP_30S.chk,04B_D12_PTZ_NONE_TT_RAA_TD_CAMB3LYP_30S.fchk
D13_PTZ_BTD_T_CAA,D13,PTZ,BTD,T,CAA,CAMB3LYP,1,Singlet-?Sym,2.5415,487.84,1.2119,True,04B_D13_PTZ_BTD_T_CAA_TD_CAMB3LYP_30S.log,04B_D13_PTZ_BTD_T_CAA_TD_CAMB3LYP_30S.chk,04B_D13_PTZ_BTD_T_CAA_TD_CAMB3LYP_30S.fchk
D13_PTZ_BTD_T_CAA,D13,PTZ,BTD,T,CAA,CAMB3LYP,2,Singlet-?Sym,3.21,386.24,0.3466,True,04B_D13_PTZ_BTD_T_CAA_TD_CAMB3LYP_30S.log,04B_D13_PTZ_BTD_T_CAA_TD_CAMB3LYP_30S.chk,04B_D13_PTZ_BTD_T_CAA_TD_CAMB3LYP_30S.fchk
D13_PTZ_BTD_T_CAA,D13,PTZ,BTD,T,CAA,CAMB3LYP,3,Singlet-?Sym,3.4834,355.92,0.0426,True,04B_D13_PTZ_BTD_T_CAA_TD_CAMB3LYP_30S.log,04B_D13_PTZ_BTD_T_CAA_TD_CAMB3LYP_30S.chk,04B_D13_PTZ_BTD_T_CAA_TD_CAMB3LYP_30S.fchk
D13_PTZ_BTD_T_CAA,D13,PTZ,BTD,T,CAA,CAMB3LYP,4,Singlet-?Sym,3.8292,323.79,0.0327,True,04B_D13_PTZ_BTD_T_CAA_TD_CAMB3LYP_30S.log,04B_D13_PTZ_BTD_T_CAA_TD_CAMB3LYP_30S.chk,04B_D13_PTZ_BTD_T_CAA_TD_CAMB3LYP_30S.fchk
D13_PTZ_BTD_T_CAA,D13,PTZ,BTD,T,CAA,CAMB3LYP,5,Singlet-?Sym,4.0379,307.05,0.0089,True,04B_D13_PTZ_BTD_T_CAA_TD_CAMB3LYP_30S.log,04B_D13_PTZ_BTD_T_CAA_TD_CAMB3LYP_30S.chk,04B_D13_PTZ_BTD_T_CAA_TD_CAMB3LYP_30S.fchk
D13_PTZ_BTD_T_CAA,D13,PTZ,BTD,T,CAA,CAMB3LYP,6,Singlet-?Sym,4.1816,296.5,0.0219,True,04B_D13_PTZ_BTD_T_CAA_TD_CAMB3LYP_30S.log,04B_D13_PTZ_BTD_T_CAA_TD_CAMB3LYP_30S.chk,04B_D13_PTZ_BTD_T_CAA_TD_CAMB3LYP_30S.fchk
D13_PTZ_BTD_T_CAA,D13,PTZ,BTD,T,CAA,CAMB3LYP,7,Singlet-?Sym,4.3028,288.15,0.0912,True,04B_D13_PTZ_BTD_T_CAA_TD_CAMB3LYP_30S.log,04B_D13_PTZ_BTD_T_CAA_TD_CAMB3LYP_30S.chk,04B_D13_PTZ_BTD_T_CAA_TD_CAMB3LYP_30S.fchk
D13_PTZ_BTD_T_CAA,D13,PTZ,BTD,T,CAA,CAMB3LYP,8,Singlet-?Sym,4.3239,286.74,0.0132,True,04B_D13_PTZ_BTD_T_CAA_TD_CAMB3LYP_30S.log,04B_D13_PTZ_BTD_T_CAA_TD_CAMB3LYP_30S.chk,04B_D13_PTZ_BTD_T_CAA_TD_CAMB3LYP_30S.fchk
D13_PTZ_BTD_T_CAA,D13,PTZ,BTD,T,CAA,CAMB3LYP,9,Singlet-?Sym,4.4138,280.9,0.2319,True,04B_D13_PTZ_BTD_T_CAA_TD_CAMB3LYP_30S.log,04B_D13_PTZ_BTD_T_CAA_TD_CAMB3LYP_30S.chk,04B_D13_PTZ_BTD_T_CAA_TD_CAMB3LYP_30S.fchk
D13_PTZ_BTD_T_CAA,D13,PTZ,BTD,T,CAA,CAMB3LYP,10,Singlet-?Sym,4.4449,278.93,0.2417,True,04B_D13_PTZ_BTD_T_CAA_TD_CAMB3LYP_30S.log,04B_D13_PTZ_BTD_T_CAA_TD_CAMB3LYP_30S.chk,04B_D13_PTZ_BTD_T_CAA_TD_CAMB3LYP_30S.fchk
D13_PTZ_BTD_T_CAA,D13,PTZ,BTD,T,CAA,CAMB3LYP,11,Singlet-?Sym,4.5582,272.0,0.0486,True,04B_D13_PTZ_BTD_T_CAA_TD_CAMB3LYP_30S.log,04B_D13_PTZ_BTD_T_CAA_TD_CAMB3LYP_30S.chk,04B_D13_PTZ_BTD_T_CAA_TD_CAMB3LYP_30S.fchk
D13_PTZ_BTD_T_CAA,D13,PTZ,BTD,T,CAA,CAMB3LYP,12,Singlet-?Sym,4.8027,258.15,0.0222,True,04B_D13_PTZ_BTD_T_CAA_TD_CAMB3LYP_30S.log,04B_D13_PTZ_BTD_T_CAA_TD_CAMB3LYP_30S.chk,04B_D13_PTZ_BTD_T_CAA_TD_CAMB3LYP_30S.fchk
D13_PTZ_BTD_T_CAA,D13,PTZ,BTD,T,CAA,CAMB3LYP,13,Singlet-?Sym,4.8131,257.6,0.1723,True,04B_D13_PTZ_BTD_T_CAA_TD_CAMB3LYP_30S.log,04B_D13_PTZ_BTD_T_CAA_TD_CAMB3LYP_30S.chk,04B_D13_PTZ_BTD_T_CAA_TD_CAMB3LYP_30S.fchk
D13_PTZ_BTD_T_CAA,D13,PTZ,BTD,T,CAA,CAMB3LYP,14,Singlet-?Sym,4.9211,251.95,0.0071,True,04B_D13_PTZ_BTD_T_CAA_TD_CAMB3LYP_30S.log,04B_D13_PTZ_BTD_T_CAA_TD_CAMB3LYP_30S.chk,04B_D13_PTZ_BTD_T_CAA_TD_CAMB3LYP_30S.fchk
D13_PTZ_BTD_T_CAA,D13,PTZ,BTD,T,CAA,CAMB3LYP,15,Singlet-?Sym,4.9604,249.95,0.002,True,04B_D13_PTZ_BTD_T_CAA_TD_CAMB3LYP_30S.log,04B_D13_PTZ_BTD_T_CAA_TD_CAMB3LYP_30S.chk,04B_D13_PTZ_BTD_T_CAA_TD_CAMB3LYP_30S.fchk
D13_PTZ_BTD_T_CAA,D13,PTZ,BTD,T,CAA,CAMB3LYP,16,Singlet-?Sym,5.0228,246.84,0.1346,True,04B_D13_PTZ_BTD_T_CAA_TD_CAMB3LYP_30S.log,04B_D13_PTZ_BTD_T_CAA_TD_CAMB3LYP_30S.chk,04B_D13_PTZ_BTD_T_CAA_TD_CAMB3LYP_30S.fchk
D13_PTZ_BTD_T_CAA,D13,PTZ,BTD,T,CAA,CAMB3LYP,17,Singlet-?Sym,5.1231,242.01,0.0465,True,04B_D13_PTZ_BTD_T_CAA_TD_CAMB3LYP_30S.log,04B_D13_PTZ_BTD_T_CAA_TD_CAMB3LYP_30S.chk,04B_D13_PTZ_BTD_T_CAA_TD_CAMB3LYP_30S.fchk
D13_PTZ_BTD_T_CAA,D13,PTZ,BTD,T,CAA,CAMB3LYP,18,Singlet-?Sym,5.1629,240.14,0.006,True,04B_D13_PTZ_BTD_T_CAA_TD_CAMB3LYP_30S.log,04B_D13_PTZ_BTD_T_CAA_TD_CAMB3LYP_30S.chk,04B_D13_PTZ_BTD_T_CAA_TD_CAMB3LYP_30S.fchk
D13_PTZ_BTD_T_CAA,D13,PTZ,BTD,T,CAA,CAMB3LYP,19,Singlet-?Sym,5.2667,235.41,0.0824,True,04B_D13_PTZ_BTD_T_CAA_TD_CAMB3LYP_30S.log,04B_D13_PTZ_BTD_T_CAA_TD_CAMB3LYP_30S.chk,04B_D13_PTZ_BTD_T_CAA_TD_CAMB3LYP_30S.fchk
D13_PTZ_BTD_T_CAA,D13,PTZ,BTD,T,CAA,CAMB3LYP,20,Singlet-?Sym,5.3156,233.25,0.1205,True,04B_D13_PTZ_BTD_T_CAA_TD_CAMB3LYP_30S.log,04B_D13_PTZ_BTD_T_CAA_TD_CAMB3LYP_30S.chk,04B_D13_PTZ_BTD_T_CAA_TD_CAMB3LYP_30S.fchk
D13_PTZ_BTD_T_CAA,D13,PTZ,BTD,T,CAA,CAMB3LYP,21,Singlet-?Sym,5.3434,232.03,0.3651,True,04B_D13_PTZ_BTD_T_CAA_TD_CAMB3LYP_30S.log,04B_D13_PTZ_BTD_T_CAA_TD_CAMB3LYP_30S.chk,04B_D13_PTZ_BTD_T_CAA_TD_CAMB3LYP_30S.fchk
D13_PTZ_BTD_T_CAA,D13,PTZ,BTD,T,CAA,CAMB3LYP,22,Singlet-?Sym,5.3643,231.13,0.0546,True,04B_D13_PTZ_BTD_T_CAA_TD_CAMB3LYP_30S.log,04B_D13_PTZ_BTD_T_CAA_TD_CAMB3LYP_30S.chk,04B_D13_PTZ_BTD_T_CAA_TD_CAMB3LYP_30S.fchk
D13_PTZ_BTD_T_CAA,D13,PTZ,BTD,T,CAA,CAMB3LYP,23,Singlet-?Sym,5.4166,228.89,0.0935,True,04B_D13_PTZ_BTD_T_CAA_TD_CAMB3LYP_30S.log,04B_D13_PTZ_BTD_T_CAA_TD_CAMB3LYP_30S.chk,04B_D13_PTZ_BTD_T_CAA_TD_CAMB3LYP_30S.fchk
D13_PTZ_BTD_T_CAA,D13,PTZ,BTD,T,CAA,CAMB3LYP,24,Singlet-?Sym,5.4904,225.82,0.0203,True,04B_D13_PTZ_BTD_T_CAA_TD_CAMB3LYP_30S.log,04B_D13_PTZ_BTD_T_CAA_TD_CAMB3LYP_30S.chk,04B_D13_PTZ_BTD_T_CAA_TD_CAMB3LYP_30S.fchk
D13_PTZ_BTD_T_CAA,D13,PTZ,BTD,T,CAA,CAMB3LYP,25,Singlet-?Sym,5.5014,225.37,0.02,True,04B_D13_PTZ_BTD_T_CAA_TD_CAMB3LYP_30S.log,04B_D13_PTZ_BTD_T_CAA_TD_CAMB3LYP_30S.chk,04B_D13_PTZ_BTD_T_CAA_TD_CAMB3LYP_30S.fchk
D13_PTZ_BTD_T_CAA,D13,PTZ,BTD,T,CAA,CAMB3LYP,26,Singlet-?Sym,5.5086,225.07,0.0119,True,04B_D13_PTZ_BTD_T_CAA_TD_CAMB3LYP_30S.log,04B_D13_PTZ_BTD_T_CAA_TD_CAMB3LYP_30S.chk,04B_D13_PTZ_BTD_T_CAA_TD_CAMB3LYP_30S.fchk
D13_PTZ_BTD_T_CAA,D13,PTZ,BTD,T,CAA,CAMB3LYP,27,Singlet-?Sym,5.5196,224.63,0.0121,True,04B_D13_PTZ_BTD_T_CAA_TD_CAMB3LYP_30S.log,04B_D13_PTZ_BTD_T_CAA_TD_CAMB3LYP_30S.chk,04B_D13_PTZ_BTD_T_CAA_TD_CAMB3LYP_30S.fchk
D13_PTZ_BTD_T_CAA,D13,PTZ,BTD,T,CAA,CAMB3LYP,28,Singlet-?Sym,5.5414,223.74,0.0213,True,04B_D13_PTZ_BTD_T_CAA_TD_CAMB3LYP_30S.log,04B_D13_PTZ_BTD_T_CAA_TD_CAMB3LYP_30S.chk,04B_D13_PTZ_BTD_T_CAA_TD_CAMB3LYP_30S.fchk
D13_PTZ_BTD_T_CAA,D13,PTZ,BTD,T,CAA,CAMB3LYP,29,Singlet-?Sym,5.5879,221.88,0.0637,True,04B_D13_PTZ_BTD_T_CAA_TD_CAMB3LYP_30S.log,04B_D13_PTZ_BTD_T_CAA_TD_CAMB3LYP_30S.chk,04B_D13_PTZ_BTD_T_CAA_TD_CAMB3LYP_30S.fchk
D13_PTZ_BTD_T_CAA,D13,PTZ,BTD,T,CAA,CAMB3LYP,30,Singlet-?Sym,5.6315,220.16,0.084,True,04B_D13_PTZ_BTD_T_CAA_TD_CAMB3LYP_30S.log,04B_D13_PTZ_BTD_T_CAA_TD_CAMB3LYP_30S.chk,04B_D13_PTZ_BTD_T_CAA_TD_CAMB3LYP_30S.fchk
D14_PTZ_BTD_T_RAA,D14,PTZ,BTD,T,RAA,CAMB3LYP,1,Singlet-?Sym,2.5141,493.16,1.5267,True,04B_D14_PTZ_BTD_T_RAA_TD_CAMB3LYP_30S.log,04B_D14_PTZ_BTD_T_RAA_TD_CAMB3LYP_30S.chk,04B_D14_PTZ_BTD_T_RAA_TD_CAMB3LYP_30S.fchk
D14_PTZ_BTD_T_RAA,D14,PTZ,BTD,T,RAA,CAMB3LYP,2,Singlet-?Sym,3.0788,402.7,0.3211,True,04B_D14_PTZ_BTD_T_RAA_TD_CAMB3LYP_30S.log,04B_D14_PTZ_BTD_T_RAA_TD_CAMB3LYP_30S.chk,04B_D14_PTZ_BTD_T_RAA_TD_CAMB3LYP_30S.fchk
D14_PTZ_BTD_T_RAA,D14,PTZ,BTD,T,RAA,CAMB3LYP,3,Singlet-?Sym,3.2951,376.27,0.0001,True,04B_D14_PTZ_BTD_T_RAA_TD_CAMB3LYP_30S.log,04B_D14_PTZ_BTD_T_RAA_TD_CAMB3LYP_30S.chk,04B_D14_PTZ_BTD_T_RAA_TD_CAMB3LYP_30S.fchk
D14_PTZ_BTD_T_RAA,D14,PTZ,BTD,T,RAA,CAMB3LYP,4,Singlet-?Sym,3.3932,365.39,0.0193,True,04B_D14_PTZ_BTD_T_RAA_TD_CAMB3LYP_30S.log,04B_D14_PTZ_BTD_T_RAA_TD_CAMB3LYP_30S.chk,04B_D14_PTZ_BTD_T_RAA_TD_CAMB3LYP_30S.fchk
D14_PTZ_BTD_T_RAA,D14,PTZ,BTD,T,RAA,CAMB3LYP,5,Singlet-?Sym,3.8167,324.85,0.054,True,04B_D14_PTZ_BTD_T_RAA_TD_CAMB3LYP_30S.log,04B_D14_PTZ_BTD_T_RAA_TD_CAMB3LYP_30S.chk,04B_D14_PTZ_BTD_T_RAA_TD_CAMB3LYP_30S.fchk
D14_PTZ_BTD_T_RAA,D14,PTZ,BTD,T,RAA,CAMB3LYP,6,Singlet-?Sym,3.8926,318.51,0.0028,True,04B_D14_PTZ_BTD_T_RAA_TD_CAMB3LYP_30S.log,04B_D14_PTZ_BTD_T_RAA_TD_CAMB3LYP_30S.chk,04B_D14_PTZ_BTD_T_RAA_TD_CAMB3LYP_30S.fchk
D14_PTZ_BTD_T_RAA,D14,PTZ,BTD,T,RAA,CAMB3LYP,7,Singlet-?Sym,4.1244,300.61,0.0127,True,04B_D14_PTZ_BTD_T_RAA_TD_CAMB3LYP_30S.log,04B_D14_PTZ_BTD_T_RAA_TD_CAMB3LYP_30S.chk,04B_D14_PTZ_BTD_T_RAA_TD_CAMB3LYP_30S.fchk
D14_PTZ_BTD_T_RAA,D14,PTZ,BTD,T,RAA,CAMB3LYP,8,Singlet-?Sym,4.2323,292.95,0.0244,True,04B_D14_PTZ_BTD_T_RAA_TD_CAMB3LYP_30S.log,04B_D14_PTZ_BTD_T_RAA_TD_CAMB3LYP_30S.chk,04B_D14_PTZ_BTD_T_RAA_TD_CAMB3LYP_30S.fchk
D14_PTZ_BTD_T_RAA,D14,PTZ,BTD,T,RAA,CAMB3LYP,9,Singlet-?Sym,4.3449,285.35,0.0497,True,04B_D14_PTZ_BTD_T_RAA_TD_CAMB3LYP_30S.log,04B_D14_PTZ_BTD_T_RAA_TD_CAMB3LYP_30S.chk,04B_D14_PTZ_BTD_T_RAA_TD_CAMB3LYP_30S.fchk
D14_PTZ_BTD_T_RAA,D14,PTZ,BTD,T,RAA,CAMB3LYP,10,Singlet-?Sym,4.3571,284.56,0.1632,True,04B_D14_PTZ_BTD_T_RAA_TD_CAMB3LYP_30S.log,04B_D14_PTZ_BTD_T_RAA_TD_CAMB3LYP_30S.chk,04B_D14_PTZ_BTD_T_RAA_TD_CAMB3LYP_30S.fchk
D14_PTZ_BTD_T_RAA,D14,PTZ,BTD,T,RAA,CAMB3LYP,11,Singlet-?Sym,4.4384,279.35,0.1463,True,04B_D14_PTZ_BTD_T_RAA_TD_CAMB3LYP_30S.log,04B_D14_PTZ_BTD_T_RAA_TD_CAMB3LYP_30S.chk,04B_D14_PTZ_BTD_T_RAA_TD_CAMB3LYP_30S.fchk
D14_PTZ_BTD_T_RAA,D14,PTZ,BTD,T,RAA,CAMB3LYP,12,Singlet-?Sym,4.4643,277.72,0.3591,True,04B_D14_PTZ_BTD_T_RAA_TD_CAMB3LYP_30S.log,04B_D14_PTZ_BTD_T_RAA_TD_CAMB3LYP_30S.chk,04B_D14_PTZ_BTD_T_RAA_TD_CAMB3LYP_30S.fchk
D14_PTZ_BTD_T_RAA,D14,PTZ,BTD,T,RAA,CAMB3LYP,13,Singlet-?Sym,4.5046,275.24,0.0226,True,04B_D14_PTZ_BTD_T_RAA_TD_CAMB3LYP_30S.log,04B_D14_PTZ_BTD_T_RAA_TD_CAMB3LYP_30S.chk,04B_D14_PTZ_BTD_T_RAA_TD_CAMB3LYP_30S.fchk
D14_PTZ_BTD_T_RAA,D14,PTZ,BTD,T,RAA,CAMB3LYP,14,Singlet-?Sym,4.6271,267.95,0.0096,True,04B_D14_PTZ_BTD_T_RAA_TD_CAMB3LYP_30S.log,04B_D14_PTZ_BTD_T_RAA_TD_CAMB3LYP_30S.chk,04B_D14_PTZ_BTD_T_RAA_TD_CAMB3LYP_30S.fchk
D14_PTZ_BTD_T_RAA,D14,PTZ,BTD,T,RAA,CAMB3LYP,15,Singlet-?Sym,4.7141,263.01,0.249,True,04B_D14_PTZ_BTD_T_RAA_TD_CAMB3LYP_30S.log,04B_D14_PTZ_BTD_T_RAA_TD_CAMB3LYP_30S.chk,04B_D14_PTZ_BTD_T_RAA_TD_CAMB3LYP_30S.fchk
D14_PTZ_BTD_T_RAA,D14,PTZ,BTD,T,RAA,CAMB3LYP,16,Singlet-?Sym,4.7407,261.53,0.0522,True,04B_D14_PTZ_BTD_T_RAA_TD_CAMB3LYP_30S.log,04B_D14_PTZ_BTD_T_RAA_TD_CAMB3LYP_30S.chk,04B_D14_PTZ_BTD_T_RAA_TD_CAMB3LYP_30S.fchk
D14_PTZ_BTD_T_RAA,D14,PTZ,BTD,T,RAA,CAMB3LYP,17,Singlet-?Sym,4.8202,257.22,0.0062,True,04B_D14_PTZ_BTD_T_RAA_TD_CAMB3LYP_30S.log,04B_D14_PTZ_BTD_T_RAA_TD_CAMB3LYP_30S.chk,04B_D14_PTZ_BTD_T_RAA_TD_CAMB3LYP_30S.fchk
D14_PTZ_BTD_T_RAA,D14,PTZ,BTD,T,RAA,CAMB3LYP,18,Singlet-?Sym,4.8744,254.36,0.0453,True,04B_D14_PTZ_BTD_T_RAA_TD_CAMB3LYP_30S.log,04B_D14_PTZ_BTD_T_RAA_TD_CAMB3LYP_30S.chk,04B_D14_PTZ_BTD_T_RAA_TD_CAMB3LYP_30S.fchk
D14_PTZ_BTD_T_RAA,D14,PTZ,BTD,T,RAA,CAMB3LYP,19,Singlet-?Sym,4.9469,250.63,0.1064,True,04B_D14_PTZ_BTD_T_RAA_TD_CAMB3LYP_30S.log,04B_D14_PTZ_BTD_T_RAA_TD_CAMB3LYP_30S.chk,04B_D14_PTZ_BTD_T_RAA_TD_CAMB3LYP_30S.fchk
D14_PTZ_BTD_T_RAA,D14,PTZ,BTD,T,RAA,CAMB3LYP,20,Singlet-?Sym,5.0452,245.75,0.0478,True,04B_D14_PTZ_BTD_T_RAA_TD_CAMB3LYP_30S.log,04B_D14_PTZ_BTD_T_RAA_TD_CAMB3LYP_30S.chk,04B_D14_PTZ_BTD_T_RAA_TD_CAMB3LYP_30S.fchk
D14_PTZ_BTD_T_RAA,D14,PTZ,BTD,T,RAA,CAMB3LYP,21,Singlet-?Sym,5.1366,241.37,0.0132,True,04B_D14_PTZ_BTD_T_RAA_TD_CAMB3LYP_30S.log,04B_D14_PTZ_BTD_T_RAA_TD_CAMB3LYP_30S.chk,04B_D14_PTZ_BTD_T_RAA_TD_CAMB3LYP_30S.fchk
D14_PTZ_BTD_T_RAA,D14,PTZ,BTD,T,RAA,CAMB3LYP,22,Singlet-?Sym,5.1599,240.29,0.0007,True,04B_D14_PTZ_BTD_T_RAA_TD_CAMB3LYP_30S.log,04B_D14_PTZ_BTD_T_RAA_TD_CAMB3LYP_30S.chk,04B_D14_PTZ_BTD_T_RAA_TD_CAMB3LYP_30S.fchk
D14_PTZ_BTD_T_RAA,D14,PTZ,BTD,T,RAA,CAMB3LYP,23,Singlet-?Sym,5.2003,238.42,0.0408,True,04B_D14_PTZ_BTD_T_RAA_TD_CAMB3LYP_30S.log,04B_D14_PTZ_BTD_T_RAA_TD_CAMB3LYP_30S.chk,04B_D14_PTZ_BTD_T_RAA_TD_CAMB3LYP_30S.fchk
D14_PTZ_BTD_T_RAA,D14,PTZ,BTD,T,RAA,CAMB3LYP,24,Singlet-?Sym,5.2085,238.04,0.0039,True,04B_D14_PTZ_BTD_T_RAA_TD_CAMB3LYP_30S.log,04B_D14_PTZ_BTD_T_RAA_TD_CAMB3LYP_30S.chk,04B_D14_PTZ_BTD_T_RAA_TD_CAMB3LYP_30S.fchk
D14_PTZ_BTD_T_RAA,D14,PTZ,BTD,T,RAA,CAMB3LYP,25,Singlet-?Sym,5.2487,236.22,0.0497,True,04B_D14_PTZ_BTD_T_RAA_TD_CAMB3LYP_30S.log,04B_D14_PTZ_BTD_T_RAA_TD_CAMB3LYP_30S.chk,04B_D14_PTZ_BTD_T_RAA_TD_CAMB3LYP_30S.fchk
D14_PTZ_BTD_T_RAA,D14,PTZ,BTD,T,RAA,CAMB3LYP,26,Singlet-?Sym,5.2674,235.38,0.1225,True,04B_D14_PTZ_BTD_T_RAA_TD_CAMB3LYP_30S.log,04B_D14_PTZ_BTD_T_RAA_TD_CAMB3LYP_30S.chk,04B_D14_PTZ_BTD_T_RAA_TD_CAMB3LYP_30S.fchk
D14_PTZ_BTD_T_RAA,D14,PTZ,BTD,T,RAA,CAMB3LYP,27,Singlet-?Sym,5.3182,233.13,0.1581,True,04B_D14_PTZ_BTD_T_RAA_TD_CAMB3LYP_30S.log,04B_D14_PTZ_BTD_T_RAA_TD_CAMB3LYP_30S.chk,04B_D14_PTZ_BTD_T_RAA_TD_CAMB3LYP_30S.fchk
D14_PTZ_BTD_T_RAA,D14,PTZ,BTD,T,RAA,CAMB3LYP,28,Singlet-?Sym,5.3577,231.41,0.0699,True,04B_D14_PTZ_BTD_T_RAA_TD_CAMB3LYP_30S.log,04B_D14_PTZ_BTD_T_RAA_TD_CAMB3LYP_30S.chk,04B_D14_PTZ_BTD_T_RAA_TD_CAMB3LYP_30S.fchk
D14_PTZ_BTD_T_RAA,D14,PTZ,BTD,T,RAA,CAMB3LYP,29,Singlet-?Sym,5.3814,230.39,0.173,True,04B_D14_PTZ_BTD_T_RAA_TD_CAMB3LYP_30S.log,04B_D14_PTZ_BTD_T_RAA_TD_CAMB3LYP_30S.chk,04B_D14_PTZ_BTD_T_RAA_TD_CAMB3LYP_30S.fchk
D14_PTZ_BTD_T_RAA,D14,PTZ,BTD,T,RAA,CAMB3LYP,30,Singlet-?Sym,5.4116,229.11,0.0092,True,04B_D14_PTZ_BTD_T_RAA_TD_CAMB3LYP_30S.log,04B_D14_PTZ_BTD_T_RAA_TD_CAMB3LYP_30S.chk,04B_D14_PTZ_BTD_T_RAA_TD_CAMB3LYP_30S.fchk
D15_PTZ_BTD_TT_CAA,D15,PTZ,BTD,TT,CAA,CAMB3LYP,1,Singlet-?Sym,2.5162,492.75,1.5064,True,04B_D15_PTZ_BTD_TT_CAA_TD_CAMB3LYP_30S.log,04B_D15_PTZ_BTD_TT_CAA_TD_CAMB3LYP_30S.chk,04B_D15_PTZ_BTD_TT_CAA_TD_CAMB3LYP_30S.fchk
D15_PTZ_BTD_TT_CAA,D15,PTZ,BTD,TT,CAA,CAMB3LYP,2,Singlet-?Sym,3.0829,402.17,0.3549,True,04B_D15_PTZ_BTD_TT_CAA_TD_CAMB3LYP_30S.log,04B_D15_PTZ_BTD_TT_CAA_TD_CAMB3LYP_30S.chk,04B_D15_PTZ_BTD_TT_CAA_TD_CAMB3LYP_30S.fchk
D15_PTZ_BTD_TT_CAA,D15,PTZ,BTD,TT,CAA,CAMB3LYP,3,Singlet-?Sym,3.3935,365.36,0.0309,True,04B_D15_PTZ_BTD_TT_CAA_TD_CAMB3LYP_30S.log,04B_D15_PTZ_BTD_TT_CAA_TD_CAMB3LYP_30S.chk,04B_D15_PTZ_BTD_TT_CAA_TD_CAMB3LYP_30S.fchk
D15_PTZ_BTD_TT_CAA,D15,PTZ,BTD,TT,CAA,CAMB3LYP,4,Singlet-?Sym,3.756,330.09,0.052,True,04B_D15_PTZ_BTD_TT_CAA_TD_CAMB3LYP_30S.log,04B_D15_PTZ_BTD_TT_CAA_TD_CAMB3LYP_30S.chk,04B_D15_PTZ_BTD_TT_CAA_TD_CAMB3LYP_30S.fchk
D15_PTZ_BTD_TT_CAA,D15,PTZ,BTD,TT,CAA,CAMB3LYP,5,Singlet-?Sym,3.8292,323.78,0.0337,True,04B_D15_PTZ_BTD_TT_CAA_TD_CAMB3LYP_30S.log,04B_D15_PTZ_BTD_TT_CAA_TD_CAMB3LYP_30S.chk,04B_D15_PTZ_BTD_TT_CAA_TD_CAMB3LYP_30S.fchk
D15_PTZ_BTD_TT_CAA,D15,PTZ,BTD,TT,CAA,CAMB3LYP,6,Singlet-?Sym,3.9535,313.61,0.0167,True,04B_D15_PTZ_BTD_TT_CAA_TD_CAMB3LYP_30S.log,04B_D15_PTZ_BTD_TT_CAA_TD_CAMB3LYP_30S.chk,04B_D15_PTZ_BTD_TT_CAA_TD_CAMB3LYP_30S.fchk
D15_PTZ_BTD_TT_CAA,D15,PTZ,BTD,TT,CAA,CAMB3LYP,7,Singlet-?Sym,4.1293,300.25,0.013,True,04B_D15_PTZ_BTD_TT_CAA_TD_CAMB3LYP_30S.log,04B_D15_PTZ_BTD_TT_CAA_TD_CAMB3LYP_30S.chk,04B_D15_PTZ_BTD_TT_CAA_TD_CAMB3LYP_30S.fchk
D15_PTZ_BTD_TT_CAA,D15,PTZ,BTD,TT,CAA,CAMB3LYP,8,Singlet-?Sym,4.2869,289.22,0.0831,True,04B_D15_PTZ_BTD_TT_CAA_TD_CAMB3LYP_30S.log,04B_D15_PTZ_BTD_TT_CAA_TD_CAMB3LYP_30S.chk,04B_D15_PTZ_BTD_TT_CAA_TD_CAMB3LYP_30S.fchk
D15_PTZ_BTD_TT_CAA,D15,PTZ,BTD,TT,CAA,CAMB3LYP,9,Singlet-?Sym,4.3722,283.57,0.2319,True,04B_D15_PTZ_BTD_TT_CAA_TD_CAMB3LYP_30S.log,04B_D15_PTZ_BTD_TT_CAA_TD_CAMB3LYP_30S.chk,04B_D15_PTZ_BTD_TT_CAA_TD_CAMB3LYP_30S.fchk
D15_PTZ_BTD_TT_CAA,D15,PTZ,BTD,TT,CAA,CAMB3LYP,10,Singlet-?Sym,4.4041,281.52,0.128,True,04B_D15_PTZ_BTD_TT_CAA_TD_CAMB3LYP_30S.log,04B_D15_PTZ_BTD_TT_CAA_TD_CAMB3LYP_30S.chk,04B_D15_PTZ_BTD_TT_CAA_TD_CAMB3LYP_30S.fchk
D15_PTZ_BTD_TT_CAA,D15,PTZ,BTD,TT,CAA,CAMB3LYP,11,Singlet-?Sym,4.4905,276.1,0.2499,True,04B_D15_PTZ_BTD_TT_CAA_TD_CAMB3LYP_30S.log,04B_D15_PTZ_BTD_TT_CAA_TD_CAMB3LYP_30S.chk,04B_D15_PTZ_BTD_TT_CAA_TD_CAMB3LYP_30S.fchk
D15_PTZ_BTD_TT_CAA,D15,PTZ,BTD,TT,CAA,CAMB3LYP,12,Singlet-?Sym,4.6087,269.02,0.0334,True,04B_D15_PTZ_BTD_TT_CAA_TD_CAMB3LYP_30S.log,04B_D15_PTZ_BTD_TT_CAA_TD_CAMB3LYP_30S.chk,04B_D15_PTZ_BTD_TT_CAA_TD_CAMB3LYP_30S.fchk
D15_PTZ_BTD_TT_CAA,D15,PTZ,BTD,TT,CAA,CAMB3LYP,13,Singlet-?Sym,4.6703,265.47,0.0166,True,04B_D15_PTZ_BTD_TT_CAA_TD_CAMB3LYP_30S.log,04B_D15_PTZ_BTD_TT_CAA_TD_CAMB3LYP_30S.chk,04B_D15_PTZ_BTD_TT_CAA_TD_CAMB3LYP_30S.fchk
D15_PTZ_BTD_TT_CAA,D15,PTZ,BTD,TT,CAA,CAMB3LYP,14,Singlet-?Sym,4.818,257.34,0.0295,True,04B_D15_PTZ_BTD_TT_CAA_TD_CAMB3LYP_30S.log,04B_D15_PTZ_BTD_TT_CAA_TD_CAMB3LYP_30S.chk,04B_D15_PTZ_BTD_TT_CAA_TD_CAMB3LYP_30S.fchk
D15_PTZ_BTD_TT_CAA,D15,PTZ,BTD,TT,CAA,CAMB3LYP,15,Singlet-?Sym,4.8853,253.79,0.0772,True,04B_D15_PTZ_BTD_TT_CAA_TD_CAMB3LYP_30S.log,04B_D15_PTZ_BTD_TT_CAA_TD_CAMB3LYP_30S.chk,04B_D15_PTZ_BTD_TT_CAA_TD_CAMB3LYP_30S.fchk
D15_PTZ_BTD_TT_CAA,D15,PTZ,BTD,TT,CAA,CAMB3LYP,16,Singlet-?Sym,4.9506,250.44,0.1439,True,04B_D15_PTZ_BTD_TT_CAA_TD_CAMB3LYP_30S.log,04B_D15_PTZ_BTD_TT_CAA_TD_CAMB3LYP_30S.chk,04B_D15_PTZ_BTD_TT_CAA_TD_CAMB3LYP_30S.fchk
D15_PTZ_BTD_TT_CAA,D15,PTZ,BTD,TT,CAA,CAMB3LYP,17,Singlet-?Sym,4.9546,250.24,0.0108,True,04B_D15_PTZ_BTD_TT_CAA_TD_CAMB3LYP_30S.log,04B_D15_PTZ_BTD_TT_CAA_TD_CAMB3LYP_30S.chk,04B_D15_PTZ_BTD_TT_CAA_TD_CAMB3LYP_30S.fchk
D15_PTZ_BTD_TT_CAA,D15,PTZ,BTD,TT,CAA,CAMB3LYP,18,Singlet-?Sym,5.0572,245.16,0.0332,True,04B_D15_PTZ_BTD_TT_CAA_TD_CAMB3LYP_30S.log,04B_D15_PTZ_BTD_TT_CAA_TD_CAMB3LYP_30S.chk,04B_D15_PTZ_BTD_TT_CAA_TD_CAMB3LYP_30S.fchk
D15_PTZ_BTD_TT_CAA,D15,PTZ,BTD,TT,CAA,CAMB3LYP,19,Singlet-?Sym,5.168,239.91,0.0097,True,04B_D15_PTZ_BTD_TT_CAA_TD_CAMB3LYP_30S.log,04B_D15_PTZ_BTD_TT_CAA_TD_CAMB3LYP_30S.chk,04B_D15_PTZ_BTD_TT_CAA_TD_CAMB3LYP_30S.fchk
D15_PTZ_BTD_TT_CAA,D15,PTZ,BTD,TT,CAA,CAMB3LYP,20,Singlet-?Sym,5.248,236.25,0.0077,True,04B_D15_PTZ_BTD_TT_CAA_TD_CAMB3LYP_30S.log,04B_D15_PTZ_BTD_TT_CAA_TD_CAMB3LYP_30S.chk,04B_D15_PTZ_BTD_TT_CAA_TD_CAMB3LYP_30S.fchk
D15_PTZ_BTD_TT_CAA,D15,PTZ,BTD,TT,CAA,CAMB3LYP,21,Singlet-?Sym,5.2667,235.41,0.068,True,04B_D15_PTZ_BTD_TT_CAA_TD_CAMB3LYP_30S.log,04B_D15_PTZ_BTD_TT_CAA_TD_CAMB3LYP_30S.chk,04B_D15_PTZ_BTD_TT_CAA_TD_CAMB3LYP_30S.fchk
D15_PTZ_BTD_TT_CAA,D15,PTZ,BTD,TT,CAA,CAMB3LYP,22,Singlet-?Sym,5.2896,234.39,0.0129,True,04B_D15_PTZ_BTD_TT_CAA_TD_CAMB3LYP_30S.log,04B_D15_PTZ_BTD_TT_CAA_TD_CAMB3LYP_30S.chk,04B_D15_PTZ_BTD_TT_CAA_TD_CAMB3LYP_30S.fchk
D15_PTZ_BTD_TT_CAA,D15,PTZ,BTD,TT,CAA,CAMB3LYP,23,Singlet-?Sym,5.308,233.58,0.1411,True,04B_D15_PTZ_BTD_TT_CAA_TD_CAMB3LYP_30S.log,04B_D15_PTZ_BTD_TT_CAA_TD_CAMB3LYP_30S.chk,04B_D15_PTZ_BTD_TT_CAA_TD_CAMB3LYP_30S.fchk
D15_PTZ_BTD_TT_CAA,D15,PTZ,BTD,TT,CAA,CAMB3LYP,24,Singlet-?Sym,5.331,232.57,0.0929,True,04B_D15_PTZ_BTD_TT_CAA_TD_CAMB3LYP_30S.log,04B_D15_PTZ_BTD_TT_CAA_TD_CAMB3LYP_30S.chk,04B_D15_PTZ_BTD_TT_CAA_TD_CAMB3LYP_30S.fchk
D15_PTZ_BTD_TT_CAA,D15,PTZ,BTD,TT,CAA,CAMB3LYP,25,Singlet-?Sym,5.369,230.93,0.2386,True,04B_D15_PTZ_BTD_TT_CAA_TD_CAMB3LYP_30S.log,04B_D15_PTZ_BTD_TT_CAA_TD_CAMB3LYP_30S.chk,04B_D15_PTZ_BTD_TT_CAA_TD_CAMB3LYP_30S.fchk
D15_PTZ_BTD_TT_CAA,D15,PTZ,BTD,TT,CAA,CAMB3LYP,26,Singlet-?Sym,5.4472,227.61,0.0842,True,04B_D15_PTZ_BTD_TT_CAA_TD_CAMB3LYP_30S.log,04B_D15_PTZ_BTD_TT_CAA_TD_CAMB3LYP_30S.chk,04B_D15_PTZ_BTD_TT_CAA_TD_CAMB3LYP_30S.fchk
D15_PTZ_BTD_TT_CAA,D15,PTZ,BTD,TT,CAA,CAMB3LYP,27,Singlet-?Sym,5.4687,226.72,0.0442,True,04B_D15_PTZ_BTD_TT_CAA_TD_CAMB3LYP_30S.log,04B_D15_PTZ_BTD_TT_CAA_TD_CAMB3LYP_30S.chk,04B_D15_PTZ_BTD_TT_CAA_TD_CAMB3LYP_30S.fchk
D15_PTZ_BTD_TT_CAA,D15,PTZ,BTD,TT,CAA,CAMB3LYP,28,Singlet-?Sym,5.488,225.92,0.0153,True,04B_D15_PTZ_BTD_TT_CAA_TD_CAMB3LYP_30S.log,04B_D15_PTZ_BTD_TT_CAA_TD_CAMB3LYP_30S.chk,04B_D15_PTZ_BTD_TT_CAA_TD_CAMB3LYP_30S.fchk
D15_PTZ_BTD_TT_CAA,D15,PTZ,BTD,TT,CAA,CAMB3LYP,29,Singlet-?Sym,5.5135,224.87,0.0003,True,04B_D15_PTZ_BTD_TT_CAA_TD_CAMB3LYP_30S.log,04B_D15_PTZ_BTD_TT_CAA_TD_CAMB3LYP_30S.chk,04B_D15_PTZ_BTD_TT_CAA_TD_CAMB3LYP_30S.fchk
D15_PTZ_BTD_TT_CAA,D15,PTZ,BTD,TT,CAA,CAMB3LYP,30,Singlet-?Sym,5.5398,223.81,0.0505,True,04B_D15_PTZ_BTD_TT_CAA_TD_CAMB3LYP_30S.log,04B_D15_PTZ_BTD_TT_CAA_TD_CAMB3LYP_30S.chk,04B_D15_PTZ_BTD_TT_CAA_TD_CAMB3LYP_30S.fchk
D16_PTZ_BTD_TT_RAA,D16,PTZ,BTD,TT,RAA,CAMB3LYP,1,Singlet-?Sym,2.4897,497.99,1.7778,True,04A_D16_PTZ_BTD_TT_RAA_TD_CAMB3LYP_30S.log,04A_D16_PTZ_BTD_TT_RAA_TD_CAMB3LYP_30S.chk,04A_D16_PTZ_BTD_TT_RAA_TD_CAMB3LYP_30S.fchk
D16_PTZ_BTD_TT_RAA,D16,PTZ,BTD,TT,RAA,CAMB3LYP,2,Singlet-?Sym,2.9915,414.45,0.3435,True,04A_D16_PTZ_BTD_TT_RAA_TD_CAMB3LYP_30S.log,04A_D16_PTZ_BTD_TT_RAA_TD_CAMB3LYP_30S.chk,04A_D16_PTZ_BTD_TT_RAA_TD_CAMB3LYP_30S.fchk
D16_PTZ_BTD_TT_RAA,D16,PTZ,BTD,TT,RAA,CAMB3LYP,3,Singlet-?Sym,3.2908,376.77,0.0001,True,04A_D16_PTZ_BTD_TT_RAA_TD_CAMB3LYP_30S.log,04A_D16_PTZ_BTD_TT_RAA_TD_CAMB3LYP_30S.chk,04A_D16_PTZ_BTD_TT_RAA_TD_CAMB3LYP_30S.fchk
D16_PTZ_BTD_TT_RAA,D16,PTZ,BTD,TT,RAA,CAMB3LYP,4,Singlet-?Sym,3.3476,370.37,0.0082,True,04A_D16_PTZ_BTD_TT_RAA_TD_CAMB3LYP_30S.log,04A_D16_PTZ_BTD_TT_RAA_TD_CAMB3LYP_30S.chk,04A_D16_PTZ_BTD_TT_RAA_TD_CAMB3LYP_30S.fchk
D16_PTZ_BTD_TT_RAA,D16,PTZ,BTD,TT,RAA,CAMB3LYP,5,Singlet-?Sym,3.7922,326.95,0.025,True,04A_D16_PTZ_BTD_TT_RAA_TD_CAMB3LYP_30S.log,04A_D16_PTZ_BTD_TT_RAA_TD_CAMB3LYP_30S.chk,04A_D16_PTZ_BTD_TT_RAA_TD_CAMB3LYP_30S.fchk
D16_PTZ_BTD_TT_RAA,D16,PTZ,BTD,TT,RAA,CAMB3LYP,6,Singlet-?Sym,3.8439,322.55,0.1072,True,04A_D16_PTZ_BTD_TT_RAA_TD_CAMB3LYP_30S.log,04A_D16_PTZ_BTD_TT_RAA_TD_CAMB3LYP_30S.chk,04A_D16_PTZ_BTD_TT_RAA_TD_CAMB3LYP_30S.fchk
D16_PTZ_BTD_TT_RAA,D16,PTZ,BTD,TT,RAA,CAMB3LYP,7,Singlet-?Sym,3.8689,320.46,0.0174,True,04A_D16_PTZ_BTD_TT_RAA_TD_CAMB3LYP_30S.log,04A_D16_PTZ_BTD_TT_RAA_TD_CAMB3LYP_30S.chk,04A_D16_PTZ_BTD_TT_RAA_TD_CAMB3LYP_30S.fchk
D16_PTZ_BTD_TT_RAA,D16,PTZ,BTD,TT,RAA,CAMB3LYP,8,Singlet-?Sym,4.0893,303.19,0.0109,True,04A_D16_PTZ_BTD_TT_RAA_TD_CAMB3LYP_30S.log,04A_D16_PTZ_BTD_TT_RAA_TD_CAMB3LYP_30S.chk,04A_D16_PTZ_BTD_TT_RAA_TD_CAMB3LYP_30S.fchk
D16_PTZ_BTD_TT_RAA,D16,PTZ,BTD,TT,RAA,CAMB3LYP,9,Singlet-?Sym,4.1808,296.56,0.1268,True,04A_D16_PTZ_BTD_TT_RAA_TD_CAMB3LYP_30S.log,04A_D16_PTZ_BTD_TT_RAA_TD_CAMB3LYP_30S.chk,04A_D16_PTZ_BTD_TT_RAA_TD_CAMB3LYP_30S.fchk
D16_PTZ_BTD_TT_RAA,D16,PTZ,BTD,TT,RAA,CAMB3LYP,10,Singlet-?Sym,4.3014,288.24,0.0405,True,04A_D16_PTZ_BTD_TT_RAA_TD_CAMB3LYP_30S.log,04A_D16_PTZ_BTD_TT_RAA_TD_CAMB3LYP_30S.chk,04A_D16_PTZ_BTD_TT_RAA_TD_CAMB3LYP_30S.fchk
D16_PTZ_BTD_TT_RAA,D16,PTZ,BTD,TT,RAA,CAMB3LYP,11,Singlet-?Sym,4.3715,283.62,0.0687,True,04A_D16_PTZ_BTD_TT_RAA_TD_CAMB3LYP_30S.log,04A_D16_PTZ_BTD_TT_RAA_TD_CAMB3LYP_30S.chk,04A_D16_PTZ_BTD_TT_RAA_TD_CAMB3LYP_30S.fchk
D16_PTZ_BTD_TT_RAA,D16,PTZ,BTD,TT,RAA,CAMB3LYP,12,Singlet-?Sym,4.3899,282.43,0.3062,True,04A_D16_PTZ_BTD_TT_RAA_TD_CAMB3LYP_30S.log,04A_D16_PTZ_BTD_TT_RAA_TD_CAMB3LYP_30S.chk,04A_D16_PTZ_BTD_TT_RAA_TD_CAMB3LYP_30S.fchk
D16_PTZ_BTD_TT_RAA,D16,PTZ,BTD,TT,RAA,CAMB3LYP,13,Singlet-?Sym,4.4512,278.54,0.2348,True,04A_D16_PTZ_BTD_TT_RAA_TD_CAMB3LYP_30S.log,04A_D16_PTZ_BTD_TT_RAA_TD_CAMB3LYP_30S.chk,04A_D16_PTZ_BTD_TT_RAA_TD_CAMB3LYP_30S.fchk
D16_PTZ_BTD_TT_RAA,D16,PTZ,BTD,TT,RAA,CAMB3LYP,14,Singlet-?Sym,4.6047,269.25,0.0543,True,04A_D16_PTZ_BTD_TT_RAA_TD_CAMB3LYP_30S.log,04A_D16_PTZ_BTD_TT_RAA_TD_CAMB3LYP_30S.chk,04A_D16_PTZ_BTD_TT_RAA_TD_CAMB3LYP_30S.fchk
D16_PTZ_BTD_TT_RAA,D16,PTZ,BTD,TT,RAA,CAMB3LYP,15,Singlet-?Sym,4.6231,268.18,0.0081,True,04A_D16_PTZ_BTD_TT_RAA_TD_CAMB3LYP_30S.log,04A_D16_PTZ_BTD_TT_RAA_TD_CAMB3LYP_30S.chk,04A_D16_PTZ_BTD_TT_RAA_TD_CAMB3LYP_30S.fchk
D16_PTZ_BTD_TT_RAA,D16,PTZ,BTD,TT,RAA,CAMB3LYP,16,Singlet-?Sym,4.6536,266.43,0.0389,True,04A_D16_PTZ_BTD_TT_RAA_TD_CAMB3LYP_30S.log,04A_D16_PTZ_BTD_TT_RAA_TD_CAMB3LYP_30S.chk,04A_D16_PTZ_BTD_TT_RAA_TD_CAMB3LYP_30S.fchk
D16_PTZ_BTD_TT_RAA,D16,PTZ,BTD,TT,RAA,CAMB3LYP,17,Singlet-?Sym,4.7122,263.11,0.1544,True,04A_D16_PTZ_BTD_TT_RAA_TD_CAMB3LYP_30S.log,04A_D16_PTZ_BTD_TT_RAA_TD_CAMB3LYP_30S.chk,04A_D16_PTZ_BTD_TT_RAA_TD_CAMB3LYP_30S.fchk
D16_PTZ_BTD_TT_RAA,D16,PTZ,BTD,TT,RAA,CAMB3LYP,18,Singlet-?Sym,4.7716,259.84,0.0462,True,04A_D16_PTZ_BTD_TT_RAA_TD_CAMB3LYP_30S.log,04A_D16_PTZ_BTD_TT_RAA_TD_CAMB3LYP_30S.chk,04A_D16_PTZ_BTD_TT_RAA_TD_CAMB3LYP_30S.fchk
D16_PTZ_BTD_TT_RAA,D16,PTZ,BTD,TT,RAA,CAMB3LYP,19,Singlet-?Sym,4.8434,255.99,0.0027,True,04A_D16_PTZ_BTD_TT_RAA_TD_CAMB3LYP_30S.log,04A_D16_PTZ_BTD_TT_RAA_TD_CAMB3LYP_30S.chk,04A_D16_PTZ_BTD_TT_RAA_TD_CAMB3LYP_30S.fchk
D16_PTZ_BTD_TT_RAA,D16,PTZ,BTD,TT,RAA,CAMB3LYP,20,Singlet-?Sym,4.9035,252.85,0.0096,True,04A_D16_PTZ_BTD_TT_RAA_TD_CAMB3LYP_30S.log,04A_D16_PTZ_BTD_TT_RAA_TD_CAMB3LYP_30S.chk,04A_D16_PTZ_BTD_TT_RAA_TD_CAMB3LYP_30S.fchk
D16_PTZ_BTD_TT_RAA,D16,PTZ,BTD,TT,RAA,CAMB3LYP,21,Singlet-?Sym,4.9744,249.24,0.1505,True,04A_D16_PTZ_BTD_TT_RAA_TD_CAMB3LYP_30S.log,04A_D16_PTZ_BTD_TT_RAA_TD_CAMB3LYP_30S.chk,04A_D16_PTZ_BTD_TT_RAA_TD_CAMB3LYP_30S.fchk
D16_PTZ_BTD_TT_RAA,D16,PTZ,BTD,TT,RAA,CAMB3LYP,22,Singlet-?Sym,5.0728,244.41,0.019,True,04A_D16_PTZ_BTD_TT_RAA_TD_CAMB3LYP_30S.log,04A_D16_PTZ_BTD_TT_RAA_TD_CAMB3LYP_30S.chk,04A_D16_PTZ_BTD_TT_RAA_TD_CAMB3LYP_30S.fchk
D16_PTZ_BTD_TT_RAA,D16,PTZ,BTD,TT,RAA,CAMB3LYP,23,Singlet-?Sym,5.1492,240.78,0.0525,True,04A_D16_PTZ_BTD_TT_RAA_TD_CAMB3LYP_30S.log,04A_D16_PTZ_BTD_TT_RAA_TD_CAMB3LYP_30S.chk,04A_D16_PTZ_BTD_TT_RAA_TD_CAMB3LYP_30S.fchk
D16_PTZ_BTD_TT_RAA,D16,PTZ,BTD,TT,RAA,CAMB3LYP,24,Singlet-?Sym,5.1702,239.81,0.0009,True,04A_D16_PTZ_BTD_TT_RAA_TD_CAMB3LYP_30S.log,04A_D16_PTZ_BTD_TT_RAA_TD_CAMB3LYP_30S.chk,04A_D16_PTZ_BTD_TT_RAA_TD_CAMB3LYP_30S.fchk
D16_PTZ_BTD_TT_RAA,D16,PTZ,BTD,TT,RAA,CAMB3LYP,25,Singlet-?Sym,5.175,239.58,0.0003,True,04A_D16_PTZ_BTD_TT_RAA_TD_CAMB3LYP_30S.log,04A_D16_PTZ_BTD_TT_RAA_TD_CAMB3LYP_30S.chk,04A_D16_PTZ_BTD_TT_RAA_TD_CAMB3LYP_30S.fchk
D16_PTZ_BTD_TT_RAA,D16,PTZ,BTD,TT,RAA,CAMB3LYP,26,Singlet-?Sym,5.2078,238.07,0.0374,True,04A_D16_PTZ_BTD_TT_RAA_TD_CAMB3LYP_30S.log,04A_D16_PTZ_BTD_TT_RAA_TD_CAMB3LYP_30S.chk,04A_D16_PTZ_BTD_TT_RAA_TD_CAMB3LYP_30S.fchk
D16_PTZ_BTD_TT_RAA,D16,PTZ,BTD,TT,RAA,CAMB3LYP,27,Singlet-?Sym,5.2362,236.78,0.0467,True,04A_D16_PTZ_BTD_TT_RAA_TD_CAMB3LYP_30S.log,04A_D16_PTZ_BTD_TT_RAA_TD_CAMB3LYP_30S.chk,04A_D16_PTZ_BTD_TT_RAA_TD_CAMB3LYP_30S.fchk
D16_PTZ_BTD_TT_RAA,D16,PTZ,BTD,TT,RAA,CAMB3LYP,28,Singlet-?Sym,5.2466,236.31,0.0076,True,04A_D16_PTZ_BTD_TT_RAA_TD_CAMB3LYP_30S.log,04A_D16_PTZ_BTD_TT_RAA_TD_CAMB3LYP_30S.chk,04A_D16_PTZ_BTD_TT_RAA_TD_CAMB3LYP_30S.fchk
D16_PTZ_BTD_TT_RAA,D16,PTZ,BTD,TT,RAA,CAMB3LYP,29,Singlet-?Sym,5.2642,235.52,0.0118,True,04A_D16_PTZ_BTD_TT_RAA_TD_CAMB3LYP_30S.log,04A_D16_PTZ_BTD_TT_RAA_TD_CAMB3LYP_30S.chk,04A_D16_PTZ_BTD_TT_RAA_TD_CAMB3LYP_30S.fchk
D16_PTZ_BTD_TT_RAA,D16,PTZ,BTD,TT,RAA,CAMB3LYP,30,Singlet-?Sym,5.2983,234.01,0.0999,True,04A_D16_PTZ_BTD_TT_RAA_TD_CAMB3LYP_30S.log,04A_D16_PTZ_BTD_TT_RAA_TD_CAMB3LYP_30S.chk,04A_D16_PTZ_BTD_TT_RAA_TD_CAMB3LYP_30S.fchk
